job_id,task,target_column,horizon_windows,family,candidate_id,fold,status,failure,full_training_rows,sampled_training_rows,sampled_training_timestamps,validation_rows,training_origin_start,training_origin_end,maximum_training_target_timestamp,validation_origin_start,validation_origin_end,rows,accuracy,macro_precision,macro_recall,macro_f1,brier_score,log_loss,fit_seconds,prediction_seconds,training_weight_evidence_json,confusion_matrix_json,per_class_json,positive_rows,negative_rows,positive_rate,roc_auc,pr_auc
congestion_h1,congestion,target_congestion_h1,1,decision_tree,tree_balanced,1,success,,84750,2400,96,8400,2025-01-01T00:00:00+05:30,2025-03-12T14:30:00+05:30,2025-03-12T15:00:00+05:30,2025-03-12T17:00:00+05:30,2025-03-19T16:30:00+05:30,8400,0.7970238095,0.650787192,0.6589409096,0.6511368519,0.3179295308,2.9870632577,0.054761,0.039652,"{""balanced_class_weights"":{""Free-flow"":0.3973509934,""Heavy"":2.7027027027,""Moderate"":1.1090573013,""Severe"":4.7244094488},""class_counts"":{""Free-flow"":1510,""Heavy"":222,""Moderate"":541,""Severe"":127},""rows"":2400}","[[4723,584,10,6],[164,1318,308,22],[6,224,425,138],[0,42,201,229]]","{""Free-flow"":{""f1"":0.9246280345,""precision"":0.9652564889,""recall"":0.8872816081,""support"":5323},""Heavy"":{""f1"":0.4893494531,""precision"":0.4502118644,""recall"":0.5359394704,""support"":793},""Moderate"":{""f1"":0.6623115578,""precision"":0.6079335793,""recall"":0.7273730684,""support"":1812},""Severe"":{""f1"":0.5282583622,""precision"":0.5797468354,""recall"":0.4851694915,""support"":472}}",,,,,
congestion_h1,congestion,target_congestion_h1,1,decision_tree,tree_balanced,2,success,,93150,2400,96,8400,2025-01-01T00:00:00+05:30,2025-03-19T14:30:00+05:30,2025-03-19T15:00:00+05:30,2025-03-19T17:00:00+05:30,2025-03-26T16:30:00+05:30,8400,0.7745238095,0.615391188,0.6622433178,0.6317752493,0.3364221304,2.2320856726,0.039639,0.036961,"{""balanced_class_weights"":{""Free-flow"":0.3989361702,""Heavy"":2.5316455696,""Moderate"":1.0752688172,""Severe"":5.9405940594},""class_counts"":{""Free-flow"":1504,""Heavy"":237,""Moderate"":558,""Severe"":101},""rows"":2400}","[[4473,460,44,1],[246,1290,488,101],[3,121,497,243],[1,10,176,246]]","{""Free-flow"":{""f1"":0.9221729719,""precision"":0.9470675418,""recall"":0.898553636,""support"":4978},""Heavy"":{""f1"":0.4804253262,""precision"":0.4124481328,""recall"":0.5752314815,""support"":864},""Moderate"":{""f1"":0.6440339491,""precision"":0.6858054226,""recall"":0.6070588235,""support"":2125},""Severe"":{""f1"":0.48046875,""precision"":0.4162436548,""recall"":0.5681293303,""support"":433}}",,,,,
congestion_h1,congestion,target_congestion_h1,1,decision_tree,tree_balanced,3,success,,101550,2400,96,8400,2025-01-01T00:00:00+05:30,2025-03-26T14:30:00+05:30,2025-03-26T15:00:00+05:30,2025-03-26T17:00:00+05:30,2025-04-02T16:30:00+05:30,8400,0.7617857143,0.6021547268,0.6396654038,0.6075130126,0.3746182187,2.1546227786,0.040729,0.036028,"{""balanced_class_weights"":{""Free-flow"":0.4062288422,""Heavy"":3.2608695652,""Moderate"":1.1111111111,""Severe"":3.0150753769},""class_counts"":{""Free-flow"":1477,""Heavy"":184,""Moderate"":540,""Severe"":199},""rows"":2400}","[[4319,467,11,2],[273,1404,243,150],[1,179,346,489],[0,14,172,330]]","{""Free-flow"":{""f1"":0.9197189097,""precision"":0.9403440017,""recall"":0.8999791623,""support"":4799},""Heavy"":{""f1"":0.3872411863,""precision"":0.4481865285,""recall"":0.3408866995,""support"":1015},""Moderate"":{""f1"":0.679245283,""precision"":0.6802325581,""recall"":0.6782608696,""support"":2070},""Severe"":{""f1"":0.4438466711,""precision"":0.3398558187,""recall"":0.6395348837,""support"":516}}",,,,,
congestion_h1,congestion,target_congestion_h1,1,decision_tree,tree_balanced,4,success,,109950,2400,96,8400,2025-01-01T00:00:00+05:30,2025-04-02T14:30:00+05:30,2025-04-02T15:00:00+05:30,2025-04-02T17:00:00+05:30,2025-04-09T16:30:00+05:30,8400,0.7541666667,0.5326047627,0.6350776129,0.5635859378,0.3528836059,2.1525515303,0.036662,0.036787,"{""balanced_class_weights"":{""Free-flow"":0.4016064257,""Heavy"":2.5,""Moderate"":1.1131725417,""Severe"":4.7244094488},""class_counts"":{""Free-flow"":1494,""Heavy"":240,""Moderate"":539,""Severe"":127},""rows"":2400}","[[4581,1014,17,18],[151,1398,348,177],[1,121,245,131],[0,17,70,111]]","{""Free-flow"":{""f1"":0.8841069188,""precision"":0.9678850623,""recall"":0.8136767318,""support"":5630},""Heavy"":{""f1"":0.415959253,""precision"":0.3602941176,""recall"":0.4919678715,""support"":498},""Moderate"":{""f1"":0.6046712803,""precision"":0.5482352941,""recall"":0.6740597878,""support"":2074},""Severe"":{""f1"":0.3496062992,""precision"":0.2540045767,""recall"":0.5606060606,""support"":198}}",,,,,
congestion_h1,congestion,target_congestion_h1,1,decision_tree,tree_balanced,5,success,,118350,2400,96,8375,2025-01-01T00:00:00+05:30,2025-04-09T14:30:00+05:30,2025-04-09T15:00:00+05:30,2025-04-09T17:00:00+05:30,2025-04-16T16:00:00+05:30,8375,0.7628656716,0.5730937085,0.6202352981,0.5838398619,0.3443364627,2.3731124241,0.044071,0.041079,"{""balanced_class_weights"":{""Free-flow"":0.3836317136,""Heavy"":3.1746031746,""Moderate"":1.1278195489,""Severe"":5.2173913043},""class_counts"":{""Free-flow"":1564,""Heavy"":189,""Moderate"":532,""Severe"":115},""rows"":2400}","[[4591,454,3,59],[160,1226,222,502],[2,181,260,181],[0,21,201,312]]","{""Free-flow"":{""f1"":0.9312373225,""precision"":0.9659162634,""recall"":0.8989622087,""support"":5107},""Heavy"":{""f1"":0.3969465649,""precision"":0.3790087464,""recall"":0.4166666667,""support"":624},""Moderate"":{""f1"":0.6142284569,""precision"":0.651434644,""recall"":0.581042654,""support"":2110},""Severe"":{""f1"":0.3929471033,""precision"":0.2960151803,""recall"":0.5842696629,""support"":534}}",,,,,
congestion_h1,congestion,target_congestion_h1,1,decision_tree,tree_deep,1,success,,84750,2400,96,8400,2025-01-01T00:00:00+05:30,2025-03-12T14:30:00+05:30,2025-03-12T15:00:00+05:30,2025-03-12T17:00:00+05:30,2025-03-19T16:30:00+05:30,8400,0.7872619048,0.5923056165,0.6286762623,0.6063537864,0.3329144136,3.9247668177,0.044914,0.038832,"{""balanced_class_weights"":{""Free-flow"":0.3973509934,""Heavy"":2.7027027027,""Moderate"":1.1090573013,""Severe"":4.7244094488},""class_counts"":{""Free-flow"":1510,""Heavy"":222,""Moderate"":541,""Severe"":127},""rows"":2400}","[[4827,444,38,14],[210,1223,279,100],[5,175,303,310],[0,35,177,260]]","{""Free-flow"":{""f1"":0.9314037627,""precision"":0.9573581912,""recall"":0.9068194627,""support"":5323},""Heavy"":{""f1"":0.3811320755,""precision"":0.3801756587,""recall"":0.3820933165,""support"":793},""Moderate"":{""f1"":0.6630523177,""precision"":0.6515716569,""recall"":0.6749448124,""support"":1812},""Severe"":{""f1"":0.4498269896,""precision"":0.3801169591,""recall"":0.5508474576,""support"":472}}",,,,,
congestion_h1,congestion,target_congestion_h1,1,decision_tree,tree_deep,2,success,,93150,2400,96,8400,2025-01-01T00:00:00+05:30,2025-03-19T14:30:00+05:30,2025-03-19T15:00:00+05:30,2025-03-19T17:00:00+05:30,2025-03-26T16:30:00+05:30,8400,0.7694047619,0.610892711,0.6633366691,0.6286171167,0.3516482036,3.6887664414,0.041546,0.036986,"{""balanced_class_weights"":{""Free-flow"":0.3989361702,""Heavy"":2.5316455696,""Moderate"":1.0752688172,""Severe"":5.9405940594},""class_counts"":{""Free-flow"":1504,""Heavy"":237,""Moderate"":558,""Severe"":101},""rows"":2400}","[[4411,526,18,23],[300,1321,320,184],[9,124,471,260],[0,10,163,260]]","{""Free-flow"":{""f1"":0.9096720973,""precision"":0.9345338983,""recall"":0.8860988349,""support"":4978},""Heavy"":{""f1"":0.5130718954,""precision"":0.4845679012,""recall"":0.5451388889,""support"":864},""Moderate"":{""f1"":0.6434486118,""precision"":0.6668349319,""recall"":0.6216470588,""support"":2125},""Severe"":{""f1"":0.4482758621,""precision"":0.3576341128,""recall"":0.6004618938,""support"":433}}",,,,,
congestion_h1,congestion,target_congestion_h1,1,decision_tree,tree_deep,3,success,,101550,2400,96,8400,2025-01-01T00:00:00+05:30,2025-03-26T14:30:00+05:30,2025-03-26T15:00:00+05:30,2025-03-26T17:00:00+05:30,2025-04-02T16:30:00+05:30,8400,0.7155952381,0.5410926697,0.5629219131,0.5445169757,0.4203568928,5.2866552944,0.044162,0.044271,"{""balanced_class_weights"":{""Free-flow"":0.4062288422,""Heavy"":3.2608695652,""Moderate"":1.1111111111,""Severe"":3.0150753769},""class_counts"":{""Free-flow"":1477,""Heavy"":184,""Moderate"":540,""Severe"":199},""rows"":2400}","[[4064,710,23,2],[240,1400,214,216],[1,158,348,508],[0,13,304,199]]","{""Free-flow"":{""f1"":0.8927943761,""precision"":0.944018583,""recall"":0.8468430923,""support"":4799},""Heavy"":{""f1"":0.3655462185,""precision"":0.3914510686,""recall"":0.3428571429,""support"":1015},""Moderate"":{""f1"":0.6435302229,""precision"":0.6137658922,""recall"":0.6763285024,""support"":2070},""Severe"":{""f1"":0.2761970854,""precision"":0.2151351351,""recall"":0.3856589147,""support"":516}}",,,,,
congestion_h1,congestion,target_congestion_h1,1,decision_tree,tree_deep,4,success,,109950,2400,96,8400,2025-01-01T00:00:00+05:30,2025-04-02T14:30:00+05:30,2025-04-02T15:00:00+05:30,2025-04-02T17:00:00+05:30,2025-04-09T16:30:00+05:30,8400,0.7445238095,0.5138176473,0.6078221515,0.5411209386,0.3929019814,3.9129767686,0.039949,0.038485,"{""balanced_class_weights"":{""Free-flow"":0.4016064257,""Heavy"":2.5,""Moderate"":1.1131725417,""Severe"":4.7244094488},""class_counts"":{""Free-flow"":1494,""Heavy"":240,""Moderate"":539,""Severe"":127},""rows"":2400}","[[4626,881,110,13],[162,1267,511,134],[1,114,271,112],[0,11,97,90]]","{""Free-flow"":{""f1"":0.8879930895,""precision"":0.9659636667,""recall"":0.821669627,""support"":5630},""Heavy"":{""f1"":0.3644922663,""precision"":0.2740141557,""recall"":0.5441767068,""support"":498},""Moderate"":{""f1"":0.5829307568,""precision"":0.5574131104,""recall"":0.6108968177,""support"":2074},""Severe"":{""f1"":0.3290676417,""precision"":0.2578796562,""recall"":0.4545454545,""support"":198}}",,,,,
congestion_h1,congestion,target_congestion_h1,1,decision_tree,tree_deep,5,success,,118350,2400,96,8375,2025-01-01T00:00:00+05:30,2025-04-09T14:30:00+05:30,2025-04-09T15:00:00+05:30,2025-04-09T17:00:00+05:30,2025-04-16T16:00:00+05:30,8375,0.7579701493,0.5918024404,0.6246091961,0.6045273595,0.3710452004,4.1448857123,0.040797,0.038329,"{""balanced_class_weights"":{""Free-flow"":0.3836317136,""Heavy"":3.1746031746,""Moderate"":1.1278195489,""Severe"":5.2173913043},""class_counts"":{""Free-flow"":1564,""Heavy"":189,""Moderate"":532,""Severe"":115},""rows"":2400}","[[4514,537,56,0],[316,1254,432,108],[13,189,244,178],[0,38,160,336]]","{""Free-flow"":{""f1"":0.9073366834,""precision"":0.9320669007,""recall"":0.8838848639,""support"":5107},""Heavy"":{""f1"":0.3218997361,""precision"":0.2735426009,""recall"":0.391025641,""support"":624},""Moderate"":{""f1"":0.6075581395,""precision"":0.621407334,""recall"":0.5943127962,""support"":2110},""Severe"":{""f1"":0.5813148789,""precision"":0.540192926,""recall"":0.6292134831,""support"":534}}",,,,,
congestion_h1,congestion,target_congestion_h1,1,random_forest,forest_balanced,1,success,,84750,2400,96,8400,2025-01-01T00:00:00+05:30,2025-03-12T14:30:00+05:30,2025-03-12T15:00:00+05:30,2025-03-12T17:00:00+05:30,2025-03-19T16:30:00+05:30,8400,0.8433333333,0.694754776,0.7061013166,0.6995335726,0.2194977798,0.4060136742,0.075037,0.074777,"{""balanced_class_weights"":{""Free-flow"":0.3973509934,""Heavy"":2.7027027027,""Moderate"":1.1090573013,""Severe"":4.7244094488},""class_counts"":{""Free-flow"":1510,""Heavy"":222,""Moderate"":541,""Severe"":127},""rows"":2400}","[[4985,331,3,4],[191,1369,225,27],[6,134,483,170],[0,20,205,247]]","{""Free-flow"":{""f1"":0.9490718705,""precision"":0.96198379,""recall"":0.9365019726,""support"":5323},""Heavy"":{""f1"":0.5652428321,""precision"":0.5272925764,""recall"":0.6090794451,""support"":793},""Moderate"":{""f1"":0.746863066,""precision"":0.738403452,""recall"":0.7555187638,""support"":1812},""Severe"":{""f1"":0.5369565217,""precision"":0.5513392857,""recall"":0.5233050847,""support"":472}}",,,,,
congestion_h1,congestion,target_congestion_h1,1,random_forest,forest_balanced,2,success,,93150,2400,96,8400,2025-01-01T00:00:00+05:30,2025-03-19T14:30:00+05:30,2025-03-19T15:00:00+05:30,2025-03-19T17:00:00+05:30,2025-03-26T16:30:00+05:30,8400,0.8269047619,0.6934243665,0.7021147977,0.6974980275,0.2368576839,0.4282755104,0.076897,0.075524,"{""balanced_class_weights"":{""Free-flow"":0.3989361702,""Heavy"":2.5316455696,""Moderate"":1.0752688172,""Severe"":5.9405940594},""class_counts"":{""Free-flow"":1504,""Heavy"":237,""Moderate"":558,""Severe"":101},""rows"":2400}","[[4584,392,2,0],[233,1643,226,23],[0,218,474,172],[0,12,176,245]]","{""Free-flow"":{""f1"":0.9359877489,""precision"":0.951629645,""recall"":0.9208517477,""support"":4978},""Heavy"":{""f1"":0.5442020666,""precision"":0.5398633257,""recall"":0.5486111111,""support"":864},""Moderate"":{""f1"":0.7485193622,""precision"":0.7253863135,""recall"":0.7731764706,""support"":2125},""Severe"":{""f1"":0.5612829324,""precision"":0.5568181818,""recall"":0.5658198614,""support"":433}}",,,,,
congestion_h1,congestion,target_congestion_h1,1,random_forest,forest_balanced,3,success,,101550,2400,96,8400,2025-01-01T00:00:00+05:30,2025-03-26T14:30:00+05:30,2025-03-26T15:00:00+05:30,2025-03-26T17:00:00+05:30,2025-04-02T16:30:00+05:30,8400,0.7954761905,0.6619858391,0.6830222533,0.6697651069,0.2728551695,0.5198691606,0.077028,0.073598,"{""balanced_class_weights"":{""Free-flow"":0.4062288422,""Heavy"":3.2608695652,""Moderate"":1.1111111111,""Severe"":3.0150753769},""class_counts"":{""Free-flow"":1477,""Heavy"":184,""Moderate"":540,""Severe"":199},""rows"":2400}","[[4291,508,0,0],[215,1587,203,65],[3,219,511,282],[0,24,199,293]]","{""Free-flow"":{""f1"":0.9220025784,""precision"":0.9516522511,""recall"":0.8941446135,""support"":4799},""Heavy"":{""f1"":0.5300829876,""precision"":0.5596933187,""recall"":0.5034482759,""support"":1015},""Moderate"":{""f1"":0.7200544465,""precision"":0.6787852866,""recall"":0.7666666667,""support"":2070},""Severe"":{""f1"":0.5069204152,""precision"":0.4578125,""recall"":0.5678294574,""support"":516}}",,,,,
congestion_h1,congestion,target_congestion_h1,1,random_forest,forest_balanced,4,success,,109950,2400,96,8400,2025-01-01T00:00:00+05:30,2025-04-02T14:30:00+05:30,2025-04-02T15:00:00+05:30,2025-04-02T17:00:00+05:30,2025-04-09T16:30:00+05:30,8400,0.8392857143,0.6251017393,0.6619138351,0.64082317,0.2228848159,0.3951599569,0.076784,0.073457,"{""balanced_class_weights"":{""Free-flow"":0.4016064257,""Heavy"":2.5,""Moderate"":1.1131725417,""Severe"":4.7244094488},""class_counts"":{""Free-flow"":1494,""Heavy"":240,""Moderate"":539,""Severe"":127},""rows"":2400}","[[5146,481,3,0],[215,1531,256,72],[1,151,292,54],[0,13,104,81]]","{""Free-flow"":{""f1"":0.9363173217,""precision"":0.9597165237,""recall"":0.9140319716,""support"":5630},""Heavy"":{""f1"":0.5065047702,""precision"":0.4458015267,""recall"":0.5863453815,""support"":498},""Moderate"":{""f1"":0.7204705882,""precision"":0.7035845588,""recall"":0.7381870781,""support"":2074},""Severe"":{""f1"":0.4,""precision"":0.3913043478,""recall"":0.4090909091,""support"":198}}",,,,,
congestion_h1,congestion,target_congestion_h1,1,random_forest,forest_balanced,5,success,,118350,2400,96,8375,2025-01-01T00:00:00+05:30,2025-04-09T14:30:00+05:30,2025-04-09T15:00:00+05:30,2025-04-09T17:00:00+05:30,2025-04-16T16:00:00+05:30,8375,0.8304477612,0.6759872091,0.6565736777,0.662920054,0.237106678,0.4476793489,0.075637,0.074932,"{""balanced_class_weights"":{""Free-flow"":0.3836317136,""Heavy"":3.1746031746,""Moderate"":1.1278195489,""Severe"":5.2173913043},""class_counts"":{""Free-flow"":1564,""Heavy"":189,""Moderate"":532,""Severe"":115},""rows"":2400}","[[4741,366,0,0],[202,1701,158,49],[2,268,255,99],[0,42,234,258]]","{""Free-flow"":{""f1"":0.9432948667,""precision"":0.9587462083,""recall"":0.9283336597,""support"":5107},""Heavy"":{""f1"":0.4012588513,""precision"":0.3941267388,""recall"":0.4086538462,""support"":624},""Moderate"":{""f1"":0.7581903276,""precision"":0.7156079091,""recall"":0.8061611374,""support"":2110},""Severe"":{""f1"":0.5489361702,""precision"":0.6354679803,""recall"":0.4831460674,""support"":534}}",,,,,
congestion_h1,congestion,target_congestion_h1,1,random_forest,forest_deep,1,success,,84750,2400,96,8400,2025-01-01T00:00:00+05:30,2025-03-12T14:30:00+05:30,2025-03-12T15:00:00+05:30,2025-03-12T17:00:00+05:30,2025-03-19T16:30:00+05:30,8400,0.844047619,0.6947395474,0.6993836117,0.6963192679,0.2165235862,0.3976140093,0.124008,0.077788,"{""balanced_class_weights"":{""Free-flow"":0.3973509934,""Heavy"":2.7027027027,""Moderate"":1.1090573013,""Severe"":4.7244094488},""class_counts"":{""Free-flow"":1510,""Heavy"":222,""Moderate"":541,""Severe"":127},""rows"":2400}","[[5014,303,3,3],[212,1364,211,25],[6,146,473,168],[1,26,206,239]]","{""Free-flow"":{""f1"":0.9499810534,""precision"":0.9581502006,""recall"":0.9419500282,""support"":5323},""Heavy"":{""f1"":0.5610913405,""precision"":0.529675252,""recall"":0.5964691047,""support"":793},""Moderate"":{""f1"":0.74719255,""precision"":0.7417074497,""recall"":0.7527593819,""support"":1812},""Severe"":{""f1"":0.5270121279,""precision"":0.5494252874,""recall"":0.5063559322,""support"":472}}",,,,,
congestion_h1,congestion,target_congestion_h1,1,random_forest,forest_deep,2,success,,93150,2400,96,8400,2025-01-01T00:00:00+05:30,2025-03-19T14:30:00+05:30,2025-03-19T15:00:00+05:30,2025-03-19T17:00:00+05:30,2025-03-26T16:30:00+05:30,8400,0.8323809524,0.7103514524,0.6906917805,0.6974320978,0.2320693703,0.4385287788,0.121608,0.073674,"{""balanced_class_weights"":{""Free-flow"":0.3989361702,""Heavy"":2.5316455696,""Moderate"":1.0752688172,""Severe"":5.9405940594},""class_counts"":{""Free-flow"":1504,""Heavy"":237,""Moderate"":558,""Severe"":101},""rows"":2400}","[[4650,327,1,0],[271,1623,222,9],[0,231,517,116],[0,10,221,202]]","{""Free-flow"":{""f1"":0.9394888373,""precision"":0.9449298923,""recall"":0.9341100844,""support"":4978},""Heavy"":{""f1"":0.5665753425,""precision"":0.5379812695,""recall"":0.5983796296,""support"":864},""Moderate"":{""f1"":0.7520852641,""precision"":0.7407576449,""recall"":0.7637647059,""support"":2125},""Severe"":{""f1"":0.5315789474,""precision"":0.6177370031,""recall"":0.4665127021,""support"":433}}",,,,,
congestion_h1,congestion,target_congestion_h1,1,random_forest,forest_deep,3,success,,101550,2400,96,8400,2025-01-01T00:00:00+05:30,2025-03-26T14:30:00+05:30,2025-03-26T15:00:00+05:30,2025-03-26T17:00:00+05:30,2025-04-02T16:30:00+05:30,8400,0.7948809524,0.6635500213,0.6888325738,0.6691202957,0.2741629879,0.5369813249,0.134617,0.077062,"{""balanced_class_weights"":{""Free-flow"":0.4062288422,""Heavy"":3.2608695652,""Moderate"":1.1111111111,""Severe"":3.0150753769},""class_counts"":{""Free-flow"":1477,""Heavy"":184,""Moderate"":540,""Severe"":199},""rows"":2400}","[[4369,430,0,0],[281,1507,192,90],[2,233,457,323],[3,21,148,344]]","{""Free-flow"":{""f1"":0.9242648614,""precision"":0.9385606874,""recall"":0.9103979996,""support"":4799},""Heavy"":{""f1"":0.504415011,""precision"":0.5734002509,""recall"":0.4502463054,""support"":1015},""Moderate"":{""f1"":0.7073456935,""precision"":0.6878137837,""recall"":0.7280193237,""support"":2070},""Severe"":{""f1"":0.5404556167,""precision"":0.4544253633,""recall"":0.6666666667,""support"":516}}",,,,,
congestion_h1,congestion,target_congestion_h1,1,random_forest,forest_deep,4,success,,109950,2400,96,8400,2025-01-01T00:00:00+05:30,2025-04-02T14:30:00+05:30,2025-04-02T15:00:00+05:30,2025-04-02T17:00:00+05:30,2025-04-09T16:30:00+05:30,8400,0.8486904762,0.6847767312,0.6623705739,0.665350962,0.2173625961,0.384686636,0.119745,0.074237,"{""balanced_class_weights"":{""Free-flow"":0.4016064257,""Heavy"":2.5,""Moderate"":1.1131725417,""Severe"":4.7244094488},""class_counts"":{""Free-flow"":1494,""Heavy"":240,""Moderate"":539,""Severe"":127},""rows"":2400}","[[5155,474,1,0],[226,1613,217,18],[1,181,285,31],[0,14,108,76]]","{""Free-flow"":{""f1"":0.9362513622,""precision"":0.9578223709,""recall"":0.9156305506,""support"":5630},""Heavy"":{""f1"":0.5139765555,""precision"":0.4664484452,""recall"":0.5722891566,""support"":498},""Moderate"":{""f1"":0.7405876951,""precision"":0.7068361087,""recall"":0.7777242044,""support"":2074},""Severe"":{""f1"":0.4705882353,""precision"":0.608,""recall"":0.3838383838,""support"":198}}",,,,,
congestion_h1,congestion,target_congestion_h1,1,random_forest,forest_deep,5,success,,118350,2400,96,8375,2025-01-01T00:00:00+05:30,2025-04-09T14:30:00+05:30,2025-04-09T15:00:00+05:30,2025-04-09T17:00:00+05:30,2025-04-16T16:00:00+05:30,8375,0.8392835821,0.7023442071,0.6645574891,0.6776414629,0.2303775708,0.435277544,0.119108,0.077313,"{""balanced_class_weights"":{""Free-flow"":0.3836317136,""Heavy"":3.1746031746,""Moderate"":1.1278195489,""Severe"":5.2173913043},""class_counts"":{""Free-flow"":1564,""Heavy"":189,""Moderate"":532,""Severe"":115},""rows"":2400}","[[4800,307,0,0],[241,1704,136,29],[3,275,268,78],[0,43,234,257]]","{""Free-flow"":{""f1"":0.9457196335,""precision"":0.9516256939,""recall"":0.9398864304,""support"":5107},""Heavy"":{""f1"":0.4247226624,""precision"":0.4200626959,""recall"":0.4294871795,""support"":624},""Moderate"":{""f1"":0.7677404821,""precision"":0.7316444826,""recall"":0.8075829384,""support"":2110},""Severe"":{""f1"":0.5723830735,""precision"":0.706043956,""recall"":0.4812734082,""support"":534}}",,,,,
congestion_h1,congestion,target_congestion_h1,1,xgboost,xgb_balanced,1,success,,84750,2400,96,8400,2025-01-01T00:00:00+05:30,2025-03-12T14:30:00+05:30,2025-03-12T15:00:00+05:30,2025-03-12T17:00:00+05:30,2025-03-19T16:30:00+05:30,8400,0.8275,0.6815492046,0.7204508354,0.6990493085,0.2375426285,0.420346555,0.185602,0.042172,"{""balanced_class_weights"":{""Free-flow"":0.3973509934,""Heavy"":2.7027027027,""Moderate"":1.1090573013,""Severe"":4.7244094488},""class_counts"":{""Free-flow"":1510,""Heavy"":222,""Moderate"":541,""Severe"":127},""rows"":2400}","[[4834,480,4,5],[142,1349,293,28],[6,118,464,205],[0,14,154,304]]","{""Free-flow"":{""f1"":0.9381853469,""precision"":0.970293055,""recall"":0.9081345106,""support"":5323},""Heavy"":{""f1"":0.5433255269,""precision"":0.5071038251,""recall"":0.5851197982,""support"":793},""Moderate"":{""f1"":0.7150808375,""precision"":0.6879143294,""recall"":0.7444812362,""support"":1812},""Severe"":{""f1"":0.5996055227,""precision"":0.5608856089,""recall"":0.6440677966,""support"":472}}",,,,,
congestion_h1,congestion,target_congestion_h1,1,xgboost,xgb_balanced,2,success,,93150,2400,96,8400,2025-01-01T00:00:00+05:30,2025-03-19T14:30:00+05:30,2025-03-19T15:00:00+05:30,2025-03-19T17:00:00+05:30,2025-03-26T16:30:00+05:30,8400,0.8153571429,0.678098695,0.7093015189,0.6920448557,0.2456432818,0.4256410916,0.095511,0.040587,"{""balanced_class_weights"":{""Free-flow"":0.3989361702,""Heavy"":2.5316455696,""Moderate"":1.0752688172,""Severe"":5.9405940594},""class_counts"":{""Free-flow"":1504,""Heavy"":237,""Moderate"":558,""Severe"":101},""rows"":2400}","[[4458,519,1,0],[153,1640,301,31],[0,178,490,196],[0,3,169,261]]","{""Free-flow"":{""f1"":0.9298154135,""precision"":0.9668184776,""recall"":0.8955403777,""support"":4978},""Heavy"":{""f1"":0.5369863014,""precision"":0.5098855359,""recall"":0.5671296296,""support"":864},""Moderate"":{""f1"":0.7346024636,""precision"":0.7008547009,""recall"":0.7717647059,""support"":2125},""Severe"":{""f1"":0.5667752443,""precision"":0.5348360656,""recall"":0.6027713626,""support"":433}}",,,,,
congestion_h1,congestion,target_congestion_h1,1,xgboost,xgb_balanced,3,success,,101550,2400,96,8400,2025-01-01T00:00:00+05:30,2025-03-26T14:30:00+05:30,2025-03-26T15:00:00+05:30,2025-03-26T17:00:00+05:30,2025-04-02T16:30:00+05:30,8400,0.7807142857,0.6371516208,0.6685527104,0.640726893,0.2826370948,0.4901786437,0.095212,0.040573,"{""balanced_class_weights"":{""Free-flow"":0.4062288422,""Heavy"":3.2608695652,""Moderate"":1.1111111111,""Severe"":3.0150753769},""class_counts"":{""Free-flow"":1477,""Heavy"":184,""Moderate"":540,""Severe"":199},""rows"":2400}","[[4210,588,1,0],[153,1645,168,104],[1,248,378,388],[0,24,167,325]]","{""Free-flow"":{""f1"":0.9189130198,""precision"":0.9647112741,""recall"":0.8772660971,""support"":4799},""Heavy"":{""f1"":0.4372469636,""precision"":0.5294117647,""recall"":0.3724137931,""support"":1015},""Moderate"":{""f1"":0.7191256831,""precision"":0.6566866267,""recall"":0.7946859903,""support"":2070},""Severe"":{""f1"":0.4876219055,""precision"":0.3977968176,""recall"":0.6298449612,""support"":516}}",,,,,
congestion_h1,congestion,target_congestion_h1,1,xgboost,xgb_balanced,4,success,,109950,2400,96,8400,2025-01-01T00:00:00+05:30,2025-04-02T14:30:00+05:30,2025-04-02T15:00:00+05:30,2025-04-02T17:00:00+05:30,2025-04-09T16:30:00+05:30,8400,0.8430952381,0.6307122194,0.6965532816,0.6568234995,0.2270996866,0.4149696973,0.091257,0.042013,"{""balanced_class_weights"":{""Free-flow"":0.4016064257,""Heavy"":2.5,""Moderate"":1.1131725417,""Severe"":4.7244094488},""class_counts"":{""Free-flow"":1494,""Heavy"":240,""Moderate"":539,""Severe"":127},""rows"":2400}","[[5126,497,7,0],[169,1604,242,59],[1,159,222,116],[0,15,53,130]]","{""Free-flow"":{""f1"":0.9383122826,""precision"":0.9679003021,""recall"":0.9104795737,""support"":5630},""Heavy"":{""f1"":0.4344422701,""precision"":0.4236641221,""recall"":0.4457831325,""support"":498},""Moderate"":{""f1"":0.737640837,""precision"":0.7050549451,""recall"":0.7733847637,""support"":2074},""Severe"":{""f1"":0.5168986083,""precision"":0.4262295082,""recall"":0.6565656566,""support"":198}}",,,,,
congestion_h1,congestion,target_congestion_h1,1,xgboost,xgb_balanced,5,success,,118350,2400,96,8375,2025-01-01T00:00:00+05:30,2025-04-09T14:30:00+05:30,2025-04-09T15:00:00+05:30,2025-04-09T17:00:00+05:30,2025-04-16T16:00:00+05:30,8375,0.823880597,0.6562748941,0.6587517184,0.6553850228,0.2424978198,0.4363959244,0.094386,0.040112,"{""balanced_class_weights"":{""Free-flow"":0.3836317136,""Heavy"":3.1746031746,""Moderate"":1.1278195489,""Severe"":5.2173913043},""class_counts"":{""Free-flow"":1564,""Heavy"":189,""Moderate"":532,""Severe"":115},""rows"":2400}","[[4636,470,1,0],[116,1753,194,47],[0,253,224,147],[0,34,213,287]]","{""Free-flow"":{""f1"":0.940460493,""precision"":0.9755892256,""recall"":0.907773644,""support"":5107},""Heavy"":{""f1"":0.3566878981,""precision"":0.3544303797,""recall"":0.358974359,""support"":624},""Moderate"":{""f1"":0.7588744589,""precision"":0.6984063745,""recall"":0.8308056872,""support"":2110},""Severe"":{""f1"":0.5655172414,""precision"":0.5966735967,""recall"":0.5374531835,""support"":534}}",,,,,
congestion_h1,congestion,target_congestion_h1,1,xgboost,xgb_deep,1,success,,84750,2400,96,8400,2025-01-01T00:00:00+05:30,2025-03-12T14:30:00+05:30,2025-03-12T15:00:00+05:30,2025-03-12T17:00:00+05:30,2025-03-19T16:30:00+05:30,8400,0.8346428571,0.6819429371,0.7038120057,0.6919112142,0.2296065831,0.4101037536,0.174077,0.043231,"{""balanced_class_weights"":{""Free-flow"":0.3973509934,""Heavy"":2.7027027027,""Moderate"":1.1090573013,""Severe"":4.7244094488},""class_counts"":{""Free-flow"":1510,""Heavy"":222,""Moderate"":541,""Severe"":127},""rows"":2400}","[[4922,392,6,3],[157,1368,261,26],[6,140,457,190],[0,18,190,264]]","{""Free-flow"":{""f1"":0.9458109147,""precision"":0.9679449361,""recall"":0.9246665414,""support"":5323},""Heavy"":{""f1"":0.5354422964,""precision"":0.5,""recall"":0.5762925599,""support"":793},""Moderate"":{""f1"":0.7335120643,""precision"":0.7132429614,""recall"":0.7549668874,""support"":1812},""Severe"":{""f1"":0.5528795812,""precision"":0.5465838509,""recall"":0.5593220339,""support"":472}}",,,,,
congestion_h1,congestion,target_congestion_h1,1,xgboost,xgb_deep,2,success,,93150,2400,96,8400,2025-01-01T00:00:00+05:30,2025-03-19T14:30:00+05:30,2025-03-19T15:00:00+05:30,2025-03-19T17:00:00+05:30,2025-03-26T16:30:00+05:30,8400,0.8235714286,0.6804543094,0.6865936522,0.6825442574,0.2418644475,0.4212158839,0.17502,0.039937,"{""balanced_class_weights"":{""Free-flow"":0.3989361702,""Heavy"":2.5316455696,""Moderate"":1.0752688172,""Severe"":5.9405940594},""class_counts"":{""Free-flow"":1504,""Heavy"":237,""Moderate"":558,""Severe"":101},""rows"":2400}","[[4564,412,2,0],[204,1652,252,17],[0,199,494,171],[0,8,217,208]]","{""Free-flow"":{""f1"":0.93658937,""precision"":0.9572147651,""recall"":0.9168340699,""support"":4978},""Heavy"":{""f1"":0.5401858939,""precision"":0.5119170984,""recall"":0.5717592593,""support"":864},""Moderate"":{""f1"":0.7515923567,""precision"":0.727432849,""recall"":0.7774117647,""support"":2125},""Severe"":{""f1"":0.5018094089,""precision"":0.5252525253,""recall"":0.480369515,""support"":433}}",,,,,
congestion_h1,congestion,target_congestion_h1,1,xgboost,xgb_deep,3,success,,101550,2400,96,8400,2025-01-01T00:00:00+05:30,2025-03-26T14:30:00+05:30,2025-03-26T15:00:00+05:30,2025-03-26T17:00:00+05:30,2025-04-02T16:30:00+05:30,8400,0.7817857143,0.6336942278,0.659690977,0.6340650241,0.2824146378,0.4918686025,0.208817,0.042292,"{""balanced_class_weights"":{""Free-flow"":0.4062288422,""Heavy"":3.2608695652,""Moderate"":1.1111111111,""Severe"":3.0150753769},""class_counts"":{""Free-flow"":1477,""Heavy"":184,""Moderate"":540,""Severe"":199},""rows"":2400}","[[4254,543,2,0],[175,1650,140,105],[5,282,346,382],[0,22,177,317]]","{""Free-flow"":{""f1"":0.9214773097,""precision"":0.9594046008,""recall"":0.8864346739,""support"":4799},""Heavy"":{""f1"":0.4119047619,""precision"":0.5203007519,""recall"":0.3408866995,""support"":1015},""Moderate"":{""f1"":0.7225749945,""precision"":0.6607929515,""recall"":0.7971014493,""support"":2070},""Severe"":{""f1"":0.4803030303,""precision"":0.394278607,""recall"":0.6143410853,""support"":516}}",,,,,
congestion_h1,congestion,target_congestion_h1,1,xgboost,xgb_deep,4,success,,109950,2400,96,8400,2025-01-01T00:00:00+05:30,2025-04-02T14:30:00+05:30,2025-04-02T15:00:00+05:30,2025-04-02T17:00:00+05:30,2025-04-09T16:30:00+05:30,8400,0.8311904762,0.6309900294,0.6791294384,0.6519912096,0.2337236444,0.4229600712,0.202572,0.046075,"{""balanced_class_weights"":{""Free-flow"":0.4016064257,""Heavy"":2.5,""Moderate"":1.1131725417,""Severe"":4.7244094488},""class_counts"":{""Free-flow"":1494,""Heavy"":240,""Moderate"":539,""Severe"":127},""rows"":2400}","[[5057,566,7,0],[198,1551,278,47],[1,150,269,78],[0,15,78,105]]","{""Free-flow"":{""f1"":0.9290832262,""precision"":0.9621385084,""recall"":0.8982238011,""support"":5630},""Heavy"":{""f1"":0.4761061947,""precision"":0.4256329114,""recall"":0.5401606426,""support"":498},""Moderate"":{""f1"":0.7121212121,""precision"":0.6796669588,""recall"":0.7478302797,""support"":2074},""Severe"":{""f1"":0.4906542056,""precision"":0.4565217391,""recall"":0.5303030303,""support"":198}}",,,,,
congestion_h1,congestion,target_congestion_h1,1,xgboost,xgb_deep,5,success,,118350,2400,96,8375,2025-01-01T00:00:00+05:30,2025-04-09T14:30:00+05:30,2025-04-09T15:00:00+05:30,2025-04-09T17:00:00+05:30,2025-04-16T16:00:00+05:30,8375,0.823880597,0.6589790124,0.6473968734,0.6504974416,0.2436217268,0.4455763721,0.193735,0.040884,"{""balanced_class_weights"":{""Free-flow"":0.3836317136,""Heavy"":3.1746031746,""Moderate"":1.1278195489,""Severe"":5.2173913043},""class_counts"":{""Free-flow"":1564,""Heavy"":189,""Moderate"":532,""Severe"":115},""rows"":2400}","[[4687,413,7,0],[147,1728,203,32],[1,280,205,138],[14,79,161,280]]","{""Free-flow"":{""f1"":0.9415427883,""precision"":0.9665910497,""recall"":0.9177599373,""support"":5107},""Heavy"":{""f1"":0.3416666667,""precision"":0.3559027778,""recall"":0.328525641,""support"":624},""Moderate"":{""f1"":0.7496746204,""precision"":0.6912,""recall"":0.818957346,""support"":2110},""Severe"":{""f1"":0.5691056911,""precision"":0.6222222222,""recall"":0.5243445693,""support"":534}}",,,,,
congestion_h1,congestion,target_congestion_h1,1,svm,svm_regularized,1,success,,84750,2400,96,8400,2025-01-01T00:00:00+05:30,2025-03-12T14:30:00+05:30,2025-03-12T15:00:00+05:30,2025-03-12T17:00:00+05:30,2025-03-19T16:30:00+05:30,8400,0.7989285714,0.6714541171,0.6108858272,0.6059981346,,,0.046525,0.020175,"{""balanced_class_weights"":{""Free-flow"":0.3973509934,""Heavy"":2.7027027027,""Moderate"":1.1090573013,""Severe"":4.7244094488},""class_counts"":{""Free-flow"":1510,""Heavy"":222,""Moderate"":541,""Severe"":127},""rows"":2400}","[[5106,213,4,0],[560,894,351,7],[16,109,601,67],[1,8,353,110]]","{""Free-flow"":{""f1"":0.9278575323,""precision"":0.8984691184,""recall"":0.9592335149,""support"":5323},""Heavy"":{""f1"":0.5718363463,""precision"":0.4591291062,""recall"":0.7578814628,""support"":793},""Moderate"":{""f1"":0.5889328063,""precision"":0.7303921569,""recall"":0.4933774834,""support"":1812},""Severe"":{""f1"":0.3353658537,""precision"":0.597826087,""recall"":0.2330508475,""support"":472}}",,,,,
congestion_h1,congestion,target_congestion_h1,1,svm,svm_regularized,2,success,,93150,2400,96,8400,2025-01-01T00:00:00+05:30,2025-03-19T14:30:00+05:30,2025-03-19T15:00:00+05:30,2025-03-19T17:00:00+05:30,2025-03-26T16:30:00+05:30,8400,0.7811904762,0.6084821928,0.5985012021,0.5961065165,,,0.04355,0.019847,"{""balanced_class_weights"":{""Free-flow"":0.3989361702,""Heavy"":2.5316455696,""Moderate"":1.0752688172,""Severe"":5.9405940594},""class_counts"":{""Free-flow"":1504,""Heavy"":237,""Moderate"":558,""Severe"":101},""rows"":2400}","[[4760,206,11,1],[537,1163,372,53],[2,174,508,180],[0,24,278,131]]","{""Free-flow"":{""f1"":0.9263403717,""precision"":0.8982826948,""recall"":0.9562073122,""support"":4978},""Heavy"":{""f1"":0.499754058,""precision"":0.4345594525,""recall"":0.587962963,""support"":864},""Moderate"":{""f1"":0.6300108342,""precision"":0.7421825144,""recall"":0.5472941176,""support"":2125},""Severe"":{""f1"":0.328320802,""precision"":0.3589041096,""recall"":0.3025404157,""support"":433}}",,,,,
congestion_h1,congestion,target_congestion_h1,1,svm,svm_regularized,3,success,,101550,2400,96,8400,2025-01-01T00:00:00+05:30,2025-03-26T14:30:00+05:30,2025-03-26T15:00:00+05:30,2025-03-26T17:00:00+05:30,2025-04-02T16:30:00+05:30,8400,0.7288095238,0.5879945621,0.6052896369,0.5723966671,,,0.044376,0.020348,"{""balanced_class_weights"":{""Free-flow"":0.4062288422,""Heavy"":3.2608695652,""Moderate"":1.1111111111,""Severe"":3.0150753769},""class_counts"":{""Free-flow"":1477,""Heavy"":184,""Moderate"":540,""Severe"":199},""rows"":2400}","[[4038,756,4,1],[257,1552,145,116],[0,421,211,383],[0,110,85,321]]","{""Free-flow"":{""f1"":0.8880580603,""precision"":0.9401629802,""recall"":0.8414252969,""support"":4799},""Heavy"":{""f1"":0.2890410959,""precision"":0.4741573034,""recall"":0.2078817734,""support"":1015},""Moderate"":{""f1"":0.6323080057,""precision"":0.5466713632,""recall"":0.7497584541,""support"":2070},""Severe"":{""f1"":0.4801795064,""precision"":0.3909866017,""recall"":0.6220930233,""support"":516}}",,,,,
congestion_h1,congestion,target_congestion_h1,1,svm,svm_regularized,4,success,,109950,2400,96,8400,2025-01-01T00:00:00+05:30,2025-04-02T14:30:00+05:30,2025-04-02T15:00:00+05:30,2025-04-02T17:00:00+05:30,2025-04-09T16:30:00+05:30,8400,0.8104761905,0.5508848721,0.568495583,0.5582117109,,,0.045548,0.020892,"{""balanced_class_weights"":{""Free-flow"":0.4016064257,""Heavy"":2.5,""Moderate"":1.1131725417,""Severe"":4.7244094488},""class_counts"":{""Free-flow"":1494,""Heavy"":240,""Moderate"":539,""Severe"":127},""rows"":2400}","[[5019,605,5,1],[257,1534,211,72],[2,214,212,70],[0,16,139,43]]","{""Free-flow"":{""f1"":0.9202420242,""precision"":0.950928382,""recall"":0.8914742451,""support"":5630},""Heavy"":{""f1"":0.3981220657,""precision"":0.3738977072,""recall"":0.4257028112,""support"":498},""Moderate"":{""f1"":0.6905244204,""precision"":0.6475306036,""recall"":0.7396335583,""support"":2074},""Severe"":{""f1"":0.2239583333,""precision"":0.2311827957,""recall"":0.2171717172,""support"":198}}",,,,,
congestion_h1,congestion,target_congestion_h1,1,svm,svm_regularized,5,success,,118350,2400,96,8375,2025-01-01T00:00:00+05:30,2025-04-09T14:30:00+05:30,2025-04-09T15:00:00+05:30,2025-04-09T17:00:00+05:30,2025-04-16T16:00:00+05:30,8375,0.7571343284,0.6575077922,0.5746447742,0.5461868879,,,0.043871,0.019266,"{""balanced_class_weights"":{""Free-flow"":0.3836317136,""Heavy"":3.1746031746,""Moderate"":1.1278195489,""Severe"":5.2173913043},""class_counts"":{""Free-flow"":1564,""Heavy"":189,""Moderate"":532,""Severe"":115},""rows"":2400}","[[4945,112,50,0],[520,832,747,11],[5,132,445,42],[0,14,401,119]]","{""Free-flow"":{""f1"":0.9350477451,""precision"":0.9040219378,""recall"":0.968278833,""support"":5107},""Heavy"":{""f1"":0.3925893251,""precision"":0.2708460134,""recall"":0.7131410256,""support"":624},""Moderate"":{""f1"":0.52,""precision"":0.7633027523,""recall"":0.3943127962,""support"":2110},""Severe"":{""f1"":0.3371104816,""precision"":0.6918604651,""recall"":0.2228464419,""support"":534}}",,,,,
congestion_h1,congestion,target_congestion_h1,1,svm,svm_default,1,success,,84750,2400,96,8400,2025-01-01T00:00:00+05:30,2025-03-12T14:30:00+05:30,2025-03-12T15:00:00+05:30,2025-03-12T17:00:00+05:30,2025-03-19T16:30:00+05:30,8400,0.7988095238,0.6619224492,0.622020949,0.618026359,,,0.053029,0.019544,"{""balanced_class_weights"":{""Free-flow"":0.3973509934,""Heavy"":2.7027027027,""Moderate"":1.1090573013,""Severe"":4.7244094488},""class_counts"":{""Free-flow"":1510,""Heavy"":222,""Moderate"":541,""Severe"":127},""rows"":2400}","[[5118,199,6,0],[568,856,361,27],[20,87,589,97],[2,5,318,147]]","{""Free-flow"":{""f1"":0.927930378,""precision"":0.8966362999,""recall"":0.9614878828,""support"":5323},""Heavy"":{""f1"":0.5699080793,""precision"":0.4623233909,""recall"":0.7427490542,""support"":793},""Moderate"":{""f1"":0.5785738425,""precision"":0.7462946818,""recall"":0.472406181,""support"":1812},""Severe"":{""f1"":0.3956931359,""precision"":0.5424354244,""recall"":0.311440678,""support"":472}}",,,,,
congestion_h1,congestion,target_congestion_h1,1,svm,svm_default,2,success,,93150,2400,96,8400,2025-01-01T00:00:00+05:30,2025-03-19T14:30:00+05:30,2025-03-19T15:00:00+05:30,2025-03-19T17:00:00+05:30,2025-03-26T16:30:00+05:30,8400,0.7786904762,0.6055586256,0.5975546178,0.5965052197,,,0.048539,0.019054,"{""balanced_class_weights"":{""Free-flow"":0.3989361702,""Heavy"":2.5316455696,""Moderate"":1.0752688172,""Severe"":5.9405940594},""class_counts"":{""Free-flow"":1504,""Heavy"":237,""Moderate"":558,""Severe"":101},""rows"":2400}","[[4736,230,12,0],[545,1185,346,49],[3,181,478,202],[0,28,263,142]]","{""Free-flow"":{""f1"":0.9230169558,""precision"":0.8962906889,""recall"":0.9513860988,""support"":4978},""Heavy"":{""f1"":0.4870096791,""precision"":0.4349408553,""recall"":0.5532407407,""support"":864},""Moderate"":{""f1"":0.6321685783,""precision"":0.729679803,""recall"":0.5576470588,""support"":2125},""Severe"":{""f1"":0.3438256659,""precision"":0.3613231552,""recall"":0.3279445727,""support"":433}}",,,,,
congestion_h1,congestion,target_congestion_h1,1,svm,svm_default,3,success,,101550,2400,96,8400,2025-01-01T00:00:00+05:30,2025-03-26T14:30:00+05:30,2025-03-26T15:00:00+05:30,2025-03-26T17:00:00+05:30,2025-04-02T16:30:00+05:30,8400,0.7289285714,0.5834152688,0.6041785621,0.5710132955,,,0.055144,0.019853,"{""balanced_class_weights"":{""Free-flow"":0.4062288422,""Heavy"":3.2608695652,""Moderate"":1.1111111111,""Severe"":3.0150753769},""class_counts"":{""Free-flow"":1477,""Heavy"":184,""Moderate"":540,""Severe"":199},""rows"":2400}","[[4049,745,4,1],[267,1542,153,108],[2,393,213,407],[0,104,93,319]]","{""Free-flow"":{""f1"":0.8882307777,""precision"":0.9377026401,""recall"":0.8437174411,""support"":4799},""Heavy"":{""f1"":0.2882273342,""precision"":0.4600431965,""recall"":0.2098522167,""support"":1015},""Moderate"":{""f1"":0.6353522868,""precision"":0.5538793103,""recall"":0.7449275362,""support"":2070},""Severe"":{""f1"":0.4722427831,""precision"":0.3820359281,""recall"":0.6182170543,""support"":516}}",,,,,
congestion_h1,congestion,target_congestion_h1,1,svm,svm_default,4,success,,109950,2400,96,8400,2025-01-01T00:00:00+05:30,2025-04-02T14:30:00+05:30,2025-04-02T15:00:00+05:30,2025-04-02T17:00:00+05:30,2025-04-09T16:30:00+05:30,8400,0.800952381,0.5349794074,0.5640237067,0.5475601831,,,0.056672,0.019695,"{""balanced_class_weights"":{""Free-flow"":0.4016064257,""Heavy"":2.5,""Moderate"":1.1131725417,""Severe"":4.7244094488},""class_counts"":{""Free-flow"":1494,""Heavy"":240,""Moderate"":539,""Severe"":127},""rows"":2400}","[[5031,590,6,3],[294,1442,232,106],[4,190,204,100],[0,14,133,51]]","{""Free-flow"":{""f1"":0.9181494662,""precision"":0.9440795646,""recall"":0.8936056838,""support"":5630},""Heavy"":{""f1"":0.3802423113,""precision"":0.3547826087,""recall"":0.4096385542,""support"":498},""Moderate"":{""f1"":0.6691415313,""precision"":0.64490161,""recall"":0.6952748312,""support"":2074},""Severe"":{""f1"":0.2227074236,""precision"":0.1961538462,""recall"":0.2575757576,""support"":198}}",,,,,
congestion_h1,congestion,target_congestion_h1,1,svm,svm_default,5,success,,118350,2400,96,8375,2025-01-01T00:00:00+05:30,2025-04-09T14:30:00+05:30,2025-04-09T15:00:00+05:30,2025-04-09T17:00:00+05:30,2025-04-16T16:00:00+05:30,8375,0.7377910448,0.6699939174,0.5402899109,0.4807710133,,,0.054081,0.021696,"{""balanced_class_weights"":{""Free-flow"":0.3836317136,""Heavy"":3.1746031746,""Moderate"":1.1278195489,""Severe"":5.2173913043},""class_counts"":{""Free-flow"":1564,""Heavy"":189,""Moderate"":532,""Severe"":115},""rows"":2400}","[[4918,96,93,0],[499,738,871,2],[8,121,485,10],[0,13,483,38]]","{""Free-flow"":{""f1"":0.9339156855,""precision"":0.9065437788,""recall"":0.9629919718,""support"":5107},""Heavy"":{""f1"":0.3794992175,""precision"":0.2510351967,""recall"":0.7772435897,""support"":624},""Moderate"":{""f1"":0.4795321637,""precision"":0.7623966942,""recall"":0.3497630332,""support"":2110},""Severe"":{""f1"":0.1301369863,""precision"":0.76,""recall"":0.0711610487,""support"":534}}",,,,,
congestion_h2,congestion,target_congestion_h2,2,decision_tree,tree_balanced,1,success,,84750,2400,96,8400,2025-01-01T00:00:00+05:30,2025-03-12T14:30:00+05:30,2025-03-12T15:30:00+05:30,2025-03-12T17:00:00+05:30,2025-03-19T16:30:00+05:30,8400,0.7691666667,0.6035583396,0.6688567533,0.6281092096,0.3652561889,1.8642204274,0.039071,0.040393,"{""balanced_class_weights"":{""Free-flow"":0.3989361702,""Heavy"":2.7777777778,""Moderate"":1.1173184358,""Severe"":4.1958041958},""class_counts"":{""Free-flow"":1504,""Heavy"":216,""Moderate"":537,""Severe"":143},""rows"":2400}","[[4432,724,111,56],[96,1345,308,68],[2,125,412,255],[1,23,170,272]]","{""Free-flow"":{""f1"":0.8995331845,""precision"":0.9781505186,""recall"":0.8326131881,""support"":5323},""Heavy"":{""f1"":0.4590529248,""precision"":0.4115884116,""recall"":0.5188916877,""support"":794},""Moderate"":{""f1"":0.6668319286,""precision"":0.6066756879,""recall"":0.7402311502,""support"":1817},""Severe"":{""f1"":0.4870188004,""precision"":0.4178187404,""recall"":0.5836909871,""support"":466}}",,,,,
congestion_h2,congestion,target_congestion_h2,2,decision_tree,tree_balanced,2,success,,93150,2400,96,8400,2025-01-01T00:00:00+05:30,2025-03-19T14:30:00+05:30,2025-03-19T15:30:00+05:30,2025-03-19T17:00:00+05:30,2025-03-26T16:30:00+05:30,8400,0.7647619048,0.5999091929,0.644262932,0.6126668976,0.3365768774,1.9728736189,0.042352,0.039041,"{""balanced_class_weights"":{""Free-flow"":0.4092769441,""Heavy"":2.9411764706,""Moderate"":1.0101010101,""Severe"":4.4117647059},""class_counts"":{""Free-flow"":1466,""Heavy"":204,""Moderate"":594,""Severe"":136},""rows"":2400}","[[4507,461,9,1],[312,1171,502,135],[7,75,520,265],[0,1,208,226]]","{""Free-flow"":{""f1"":0.9194206446,""precision"":0.9338997099,""recall"":0.9053836882,""support"":4978},""Heavy"":{""f1"":0.4938271605,""precision"":0.419693301,""recall"":0.5997693195,""support"":867},""Moderate"":{""f1"":0.6118077325,""precision"":0.6855971897,""recall"":0.5523584906,""support"":2120},""Severe"":{""f1"":0.4256120527,""precision"":0.360446571,""recall"":0.5195402299,""support"":435}}",,,,,
congestion_h2,congestion,target_congestion_h2,2,decision_tree,tree_balanced,3,success,,101550,2400,96,8400,2025-01-01T00:00:00+05:30,2025-03-26T14:30:00+05:30,2025-03-26T15:30:00+05:30,2025-03-26T17:00:00+05:30,2025-04-02T16:30:00+05:30,8400,0.710952381,0.530367663,0.5480837151,0.5299670896,0.4315128017,4.0426304802,0.043058,0.044079,"{""balanced_class_weights"":{""Free-flow"":0.4143646409,""Heavy"":2.371541502,""Moderate"":1.0507880911,""Severe"":4.6875},""class_counts"":{""Free-flow"":1448,""Heavy"":253,""Moderate"":571,""Severe"":128},""rows"":2400}","[[4309,357,90,43],[283,950,635,204],[0,195,574,246],[0,64,311,139]]","{""Free-flow"":{""f1"":0.9176871473,""precision"":0.9383710801,""recall"":0.8978953949,""support"":4799},""Heavy"":{""f1"":0.4373333333,""precision"":0.3565217391,""recall"":0.5655172414,""support"":1015},""Moderate"":{""f1"":0.5222649808,""precision"":0.6066411239,""recall"":0.4584942085,""support"":2072},""Severe"":{""f1"":0.242582897,""precision"":0.2199367089,""recall"":0.2704280156,""support"":514}}",,,,,
congestion_h2,congestion,target_congestion_h2,2,decision_tree,tree_balanced,4,success,,109950,2400,96,8400,2025-01-01T00:00:00+05:30,2025-04-02T14:30:00+05:30,2025-04-02T15:30:00+05:30,2025-04-02T17:00:00+05:30,2025-04-09T16:30:00+05:30,8400,0.7871428571,0.5268631511,0.6124067558,0.5516437348,0.3142606002,2.4934422232,0.043572,0.05078,"{""balanced_class_weights"":{""Free-flow"":0.4045853001,""Heavy"":2.8846153846,""Moderate"":1.0204081633,""Severe"":4.958677686},""class_counts"":{""Free-flow"":1483,""Heavy"":208,""Moderate"":588,""Severe"":121},""rows"":2400}","[[4883,622,91,34],[219,1460,294,122],[1,126,165,192],[0,2,85,104]]","{""Free-flow"":{""f1"":0.9099040343,""precision"":0.956888105,""recall"":0.8673179396,""support"":5630},""Heavy"":{""f1"":0.2949061662,""precision"":0.2598425197,""recall"":0.3409090909,""support"":484},""Moderate"":{""f1"":0.6782810685,""precision"":0.6606334842,""recall"":0.6968973747,""support"":2095},""Severe"":{""f1"":0.3234836703,""precision"":0.2300884956,""recall"":0.5445026178,""support"":191}}",,,,,
congestion_h2,congestion,target_congestion_h2,2,decision_tree,tree_balanced,5,success,,118350,2400,96,8350,2025-01-01T00:00:00+05:30,2025-04-09T14:30:00+05:30,2025-04-09T15:30:00+05:30,2025-04-09T17:00:00+05:30,2025-04-16T15:30:00+05:30,8350,0.7578443114,0.5895692854,0.5626719684,0.5642630813,0.3626402146,2.7269605776,0.041398,0.042147,"{""balanced_class_weights"":{""Free-flow"":0.3994673768,""Heavy"":3.2608695652,""Moderate"":0.9917355372,""Severe"":5.504587156},""class_counts"":{""Free-flow"":1502,""Heavy"":184,""Moderate"":605,""Severe"":109},""rows"":2400}","[[4412,660,35,0],[169,1542,331,45],[6,328,198,90],[0,138,220,176]]","{""Free-flow"":{""f1"":0.9102537652,""precision"":0.9618487029,""recall"":0.8639122773,""support"":5107},""Heavy"":{""f1"":0.2816500711,""precision"":0.2525510204,""recall"":0.3183279743,""support"":622},""Moderate"":{""f1"":0.6485804416,""precision"":0.5779610195,""recall"":0.7388596071,""support"":2087},""Severe"":{""f1"":0.4165680473,""precision"":0.5659163987,""recall"":0.329588015,""support"":534}}",,,,,
congestion_h2,congestion,target_congestion_h2,2,decision_tree,tree_deep,1,success,,84750,2400,96,8400,2025-01-01T00:00:00+05:30,2025-03-12T14:30:00+05:30,2025-03-12T15:30:00+05:30,2025-03-12T17:00:00+05:30,2025-03-19T16:30:00+05:30,8400,0.7757142857,0.6089069043,0.6557717311,0.6283114209,0.3580787042,3.9243930801,0.040586,0.042469,"{""balanced_class_weights"":{""Free-flow"":0.3989361702,""Heavy"":2.7777777778,""Moderate"":1.1173184358,""Severe"":4.1958041958},""class_counts"":{""Free-flow"":1504,""Heavy"":216,""Moderate"":537,""Severe"":143},""rows"":2400}","[[4588,673,34,28],[175,1262,301,79],[5,154,409,226],[1,24,184,257]]","{""Free-flow"":{""f1"":0.9092350377,""precision"":0.9620465506,""recall"":0.8619199699,""support"":5323},""Heavy"":{""f1"":0.475029036,""precision"":0.4407327586,""recall"":0.5151133501,""support"":794},""Moderate"":{""f1"":0.6422391858,""precision"":0.5972550876,""recall"":0.6945514584,""support"":1817},""Severe"":{""f1"":0.4867424242,""precision"":0.4355932203,""recall"":0.5515021459,""support"":466}}",,,,,
congestion_h2,congestion,target_congestion_h2,2,decision_tree,tree_deep,2,success,,93150,2400,96,8400,2025-01-01T00:00:00+05:30,2025-03-19T14:30:00+05:30,2025-03-19T15:30:00+05:30,2025-03-19T17:00:00+05:30,2025-03-26T16:30:00+05:30,8400,0.7605952381,0.6014530284,0.6547042741,0.6197713676,0.3805925835,4.1706277874,0.044813,0.040623,"{""balanced_class_weights"":{""Free-flow"":0.4092769441,""Heavy"":2.9411764706,""Moderate"":1.0101010101,""Severe"":4.4117647059},""class_counts"":{""Free-flow"":1466,""Heavy"":204,""Moderate"":594,""Severe"":136},""rows"":2400}","[[4416,557,4,1],[327,1260,410,123],[15,108,438,306],[0,3,157,275]]","{""Free-flow"":{""f1"":0.9071487264,""precision"":0.9281210593,""recall"":0.8871032543,""support"":4978},""Heavy"":{""f1"":0.4669509595,""precision"":0.4340931615,""recall"":0.5051903114,""support"":867},""Moderate"":{""f1"":0.6225296443,""precision"":0.653526971,""recall"":0.5943396226,""support"":2120},""Severe"":{""f1"":0.4824561404,""precision"":0.390070922,""recall"":0.632183908,""support"":435}}",,,,,
congestion_h2,congestion,target_congestion_h2,2,decision_tree,tree_deep,3,success,,101550,2400,96,8400,2025-01-01T00:00:00+05:30,2025-03-26T14:30:00+05:30,2025-03-26T15:30:00+05:30,2025-03-26T17:00:00+05:30,2025-04-02T16:30:00+05:30,8400,0.7055952381,0.5165258794,0.5287694779,0.5139718507,0.4875215088,6.4929924625,0.041373,0.03978,"{""balanced_class_weights"":{""Free-flow"":0.4143646409,""Heavy"":2.371541502,""Moderate"":1.0507880911,""Severe"":4.6875},""class_counts"":{""Free-flow"":1448,""Heavy"":253,""Moderate"":571,""Severe"":128},""rows"":2400}","[[4331,331,105,32],[327,928,623,194],[0,230,557,228],[0,68,335,111]]","{""Free-flow"":{""f1"":0.915935286,""precision"":0.9297981967,""recall"":0.9024796833,""support"":4799},""Heavy"":{""f1"":0.4227703985,""precision"":0.3438271605,""recall"":0.5487684729,""support"":1015},""Moderate"":{""f1"":0.5114356572,""precision"":0.5960179833,""recall"":0.4478764479,""support"":2072},""Severe"":{""f1"":0.2057460612,""precision"":0.196460177,""recall"":0.2159533074,""support"":514}}",,,,,
congestion_h2,congestion,target_congestion_h2,2,decision_tree,tree_deep,4,success,,109950,2400,96,8400,2025-01-01T00:00:00+05:30,2025-04-02T14:30:00+05:30,2025-04-02T15:30:00+05:30,2025-04-02T17:00:00+05:30,2025-04-09T16:30:00+05:30,8400,0.7810714286,0.5280614419,0.5798378543,0.546513076,0.3436107566,3.5062904111,0.042941,0.045129,"{""balanced_class_weights"":{""Free-flow"":0.4045853001,""Heavy"":2.8846153846,""Moderate"":1.0204081633,""Severe"":4.958677686},""class_counts"":{""Free-flow"":1483,""Heavy"":208,""Moderate"":588,""Severe"":121},""rows"":2400}","[[4877,723,13,17],[322,1407,231,135],[37,94,211,142],[0,3,122,66]]","{""Free-flow"":{""f1"":0.8976624333,""precision"":0.9314362108,""recall"":0.8662522202,""support"":5630},""Heavy"":{""f1"":0.397737983,""precision"":0.3656845754,""recall"":0.4359504132,""support"":484},""Moderate"":{""f1"":0.6510874595,""precision"":0.631791648,""recall"":0.6715990453,""support"":2095},""Severe"":{""f1"":0.2395644283,""precision"":0.1833333333,""recall"":0.3455497382,""support"":191}}",,,,,
congestion_h2,congestion,target_congestion_h2,2,decision_tree,tree_deep,5,success,,118350,2400,96,8350,2025-01-01T00:00:00+05:30,2025-04-09T14:30:00+05:30,2025-04-09T15:30:00+05:30,2025-04-09T17:00:00+05:30,2025-04-16T15:30:00+05:30,8350,0.7598802395,0.6138857695,0.595753676,0.5875637205,0.3800682452,4.6433431178,0.043969,0.045357,"{""balanced_class_weights"":{""Free-flow"":0.3994673768,""Heavy"":3.2608695652,""Moderate"":0.9917355372,""Severe"":5.504587156},""class_counts"":{""Free-flow"":1502,""Heavy"":184,""Moderate"":605,""Severe"":109},""rows"":2400}","[[4365,731,11,0],[166,1508,379,34],[2,241,295,84],[0,36,321,177]]","{""Free-flow"":{""f1"":0.9056016598,""precision"":0.9629384514,""recall"":0.8547092226,""support"":5107},""Heavy"":{""f1"":0.3624078624,""precision"":0.2932405567,""recall"":0.4742765273,""support"":622},""Moderate"":{""f1"":0.6552248534,""precision"":0.59936407,""recall"":0.7225682798,""support"":2087},""Severe"":{""f1"":0.4270205066,""precision"":0.6,""recall"":0.3314606742,""support"":534}}",,,,,
congestion_h2,congestion,target_congestion_h2,2,random_forest,forest_balanced,1,success,,84750,2400,96,8400,2025-01-01T00:00:00+05:30,2025-03-12T14:30:00+05:30,2025-03-12T15:30:00+05:30,2025-03-12T17:00:00+05:30,2025-03-19T16:30:00+05:30,8400,0.8261904762,0.6899069209,0.7224441272,0.7045748277,0.2426229925,0.4123894016,0.080819,0.079562,"{""balanced_class_weights"":{""Free-flow"":0.3989361702,""Heavy"":2.7777777778,""Moderate"":1.1173184358,""Severe"":4.1958041958},""class_counts"":{""Free-flow"":1504,""Heavy"":216,""Moderate"":537,""Severe"":143},""rows"":2400}","[[4788,521,9,5],[172,1393,227,25],[4,149,457,184],[1,3,160,302]]","{""Free-flow"":{""f1"":0.9307931571,""precision"":0.9643504532,""recall"":0.8994927672,""support"":5323},""Heavy"":{""f1"":0.554948391,""precision"":0.5357561547,""recall"":0.5755667506,""support"":794},""Moderate"":{""f1"":0.7174864795,""precision"":0.674249758,""recall"":0.7666483214,""support"":1817},""Severe"":{""f1"":0.6150712831,""precision"":0.5852713178,""recall"":0.6480686695,""support"":466}}",,,,,
congestion_h2,congestion,target_congestion_h2,2,random_forest,forest_balanced,2,success,,93150,2400,96,8400,2025-01-01T00:00:00+05:30,2025-03-19T14:30:00+05:30,2025-03-19T15:30:00+05:30,2025-03-19T17:00:00+05:30,2025-03-26T16:30:00+05:30,8400,0.8338095238,0.702788349,0.7205671102,0.7102559992,0.2365593864,0.4072246154,0.073495,0.071796,"{""balanced_class_weights"":{""Free-flow"":0.4092769441,""Heavy"":2.9411764706,""Moderate"":1.0101010101,""Severe"":4.4117647059},""class_counts"":{""Free-flow"":1466,""Heavy"":204,""Moderate"":594,""Severe"":136},""rows"":2400}","[[4565,412,1,0],[193,1637,272,18],[1,128,568,170],[0,2,199,234]]","{""Free-flow"":{""f1"":0.9376604704,""precision"":0.9592351334,""recall"":0.9170349538,""support"":4978},""Heavy"":{""f1"":0.5957000524,""precision"":0.5461538462,""recall"":0.6551326413,""support"":867},""Moderate"":{""f1"":0.7615724587,""precision"":0.7512620468,""recall"":0.7721698113,""support"":2120},""Severe"":{""f1"":0.5460910152,""precision"":0.5545023697,""recall"":0.5379310345,""support"":435}}",,,,,
congestion_h2,congestion,target_congestion_h2,2,random_forest,forest_balanced,3,success,,101550,2400,96,8400,2025-01-01T00:00:00+05:30,2025-03-26T14:30:00+05:30,2025-03-26T15:30:00+05:30,2025-03-26T17:00:00+05:30,2025-04-02T16:30:00+05:30,8400,0.765952381,0.603268868,0.5923815964,0.5942898765,0.2930267482,0.5265068437,0.074759,0.0728,"{""balanced_class_weights"":{""Free-flow"":0.4143646409,""Heavy"":2.371541502,""Moderate"":1.0507880911,""Severe"":4.6875},""class_counts"":{""Free-flow"":1448,""Heavy"":253,""Moderate"":571,""Severe"":128},""rows"":2400}","[[4388,382,27,2],[264,1402,376,30],[0,342,494,179],[0,87,277,150]]","{""Free-flow"":{""f1"":0.9285789864,""precision"":0.943250215,""recall"":0.9143571577,""support"":4799},""Heavy"":{""f1"":0.4513476473,""precision"":0.4207836457,""recall"":0.4866995074,""support"":1015},""Moderate"":{""f1"":0.6543757293,""precision"":0.633529146,""recall"":0.6766409266,""support"":2072},""Severe"":{""f1"":0.3428571429,""precision"":0.4155124654,""recall"":0.2918287938,""support"":514}}",,,,,
congestion_h2,congestion,target_congestion_h2,2,random_forest,forest_balanced,4,success,,109950,2400,96,8400,2025-01-01T00:00:00+05:30,2025-04-02T14:30:00+05:30,2025-04-02T15:30:00+05:30,2025-04-02T17:00:00+05:30,2025-04-09T16:30:00+05:30,8400,0.8221428571,0.601242498,0.6745749349,0.6253379381,0.2428758511,0.4519988825,0.07333,0.077834,"{""balanced_class_weights"":{""Free-flow"":0.4045853001,""Heavy"":2.8846153846,""Moderate"":1.0204081633,""Severe"":4.958677686},""class_counts"":{""Free-flow"":1483,""Heavy"":208,""Moderate"":588,""Severe"":121},""rows"":2400}","[[4924,702,2,2],[155,1667,184,89],[1,148,196,139],[0,1,71,119]]","{""Free-flow"":{""f1"":0.9195144725,""precision"":0.9692913386,""recall"":0.8746003552,""support"":5630},""Heavy"":{""f1"":0.4183564568,""precision"":0.4326710817,""recall"":0.4049586777,""support"":484},""Moderate"":{""f1"":0.7227400824,""precision"":0.6620333598,""recall"":0.7957040573,""support"":2095},""Severe"":{""f1"":0.4407407407,""precision"":0.340974212,""recall"":0.6230366492,""support"":191}}",,,,,
congestion_h2,congestion,target_congestion_h2,2,random_forest,forest_balanced,5,success,,118350,2400,96,8350,2025-01-01T00:00:00+05:30,2025-04-09T14:30:00+05:30,2025-04-09T15:30:00+05:30,2025-04-09T17:00:00+05:30,2025-04-16T15:30:00+05:30,8350,0.7893413174,0.6331091402,0.6119642016,0.6151109725,0.284781618,0.6078431839,0.077896,0.078619,"{""balanced_class_weights"":{""Free-flow"":0.3994673768,""Heavy"":3.2608695652,""Moderate"":0.9917355372,""Severe"":5.504587156},""class_counts"":{""Free-flow"":1502,""Heavy"":184,""Moderate"":605,""Severe"":109},""rows"":2400}","[[4478,625,3,1],[135,1673,217,62],[2,325,206,89],[0,137,163,234]]","{""Free-flow"":{""f1"":0.9212096276,""precision"":0.9703141928,""recall"":0.8768357157,""support"":5107},""Heavy"":{""f1"":0.3402146986,""precision"":0.3497453311,""recall"":0.3311897106,""support"":622},""Moderate"":{""f1"":0.6903239117,""precision"":0.6061594203,""recall"":0.8016291327,""support"":2087},""Severe"":{""f1"":0.5086956522,""precision"":0.6062176166,""recall"":0.4382022472,""support"":534}}",,,,,
congestion_h2,congestion,target_congestion_h2,2,random_forest,forest_deep,1,success,,84750,2400,96,8400,2025-01-01T00:00:00+05:30,2025-03-12T14:30:00+05:30,2025-03-12T15:30:00+05:30,2025-03-12T17:00:00+05:30,2025-03-19T16:30:00+05:30,8400,0.8208333333,0.6821386645,0.6964452327,0.6887979379,0.2429164087,0.4210748406,0.118547,0.076928,"{""balanced_class_weights"":{""Free-flow"":0.3989361702,""Heavy"":2.7777777778,""Moderate"":1.1173184358,""Severe"":4.1958041958},""class_counts"":{""Free-flow"":1504,""Heavy"":216,""Moderate"":537,""Severe"":143},""rows"":2400}","[[4853,464,4,2],[272,1319,211,15],[8,150,455,181],[1,4,193,268]]","{""Free-flow"":{""f1"":0.928182079,""precision"":0.9452668485,""recall"":0.9117039264,""support"":5323},""Heavy"":{""f1"":0.5491852746,""precision"":0.527230591,""recall"":0.5730478589,""support"":794},""Moderate"":{""f1"":0.7027171018,""precision"":0.6809499226,""recall"":0.7259218492,""support"":1817},""Severe"":{""f1"":0.5751072961,""precision"":0.5751072961,""recall"":0.5751072961,""support"":466}}",,,,,
congestion_h2,congestion,target_congestion_h2,2,random_forest,forest_deep,2,success,,93150,2400,96,8400,2025-01-01T00:00:00+05:30,2025-03-19T14:30:00+05:30,2025-03-19T15:30:00+05:30,2025-03-19T17:00:00+05:30,2025-03-26T16:30:00+05:30,8400,0.819047619,0.6908906675,0.7055157441,0.6962296844,0.2420055773,0.4196063016,0.122895,0.073826,"{""balanced_class_weights"":{""Free-flow"":0.4092769441,""Heavy"":2.9411764706,""Moderate"":1.0101010101,""Severe"":4.4117647059},""class_counts"":{""Free-flow"":1466,""Heavy"":204,""Moderate"":594,""Severe"":136},""rows"":2400}","[[4567,410,1,0],[296,1506,300,18],[3,118,577,169],[0,2,203,230]]","{""Free-flow"":{""f1"":0.9278748476,""precision"":0.9385532265,""recall"":0.9174367216,""support"":4978},""Heavy"":{""f1"":0.5924024641,""precision"":0.5337650324,""recall"":0.6655132641,""support"":867},""Moderate"":{""f1"":0.7247353224,""precision"":0.7396856582,""recall"":0.7103773585,""support"":2120},""Severe"":{""f1"":0.5399061033,""precision"":0.551558753,""recall"":0.5287356322,""support"":435}}",,,,,
congestion_h2,congestion,target_congestion_h2,2,random_forest,forest_deep,3,success,,101550,2400,96,8400,2025-01-01T00:00:00+05:30,2025-03-26T14:30:00+05:30,2025-03-26T15:30:00+05:30,2025-03-26T17:00:00+05:30,2025-04-02T16:30:00+05:30,8400,0.7757142857,0.626225342,0.5946257872,0.5981645633,0.2885190528,0.5607508455,0.161652,0.078659,"{""balanced_class_weights"":{""Free-flow"":0.4143646409,""Heavy"":2.371541502,""Moderate"":1.0507880911,""Severe"":4.6875},""class_counts"":{""Free-flow"":1448,""Heavy"":253,""Moderate"":571,""Severe"":128},""rows"":2400}","[[4421,355,20,3],[288,1427,336,21],[0,357,553,105],[0,96,303,115]]","{""Free-flow"":{""f1"":0.9299537232,""precision"":0.9388405182,""recall"":0.9212335903,""support"":4799},""Heavy"":{""f1"":0.4966322407,""precision"":0.4562706271,""recall"":0.5448275862,""support"":1015},""Moderate"":{""f1"":0.6626422104,""precision"":0.6384787472,""recall"":0.6887065637,""support"":2072},""Severe"":{""f1"":0.3034300792,""precision"":0.4713114754,""recall"":0.2237354086,""support"":514}}",,,,,
congestion_h2,congestion,target_congestion_h2,2,random_forest,forest_deep,4,success,,109950,2400,96,8400,2025-01-01T00:00:00+05:30,2025-04-02T14:30:00+05:30,2025-04-02T15:30:00+05:30,2025-04-02T17:00:00+05:30,2025-04-09T16:30:00+05:30,8400,0.821547619,0.5992252153,0.6543567284,0.6215137955,0.2389595461,0.4624239498,0.120247,0.075788,"{""balanced_class_weights"":{""Free-flow"":0.4045853001,""Heavy"":2.8846153846,""Moderate"":1.0204081633,""Severe"":4.958677686},""class_counts"":{""Free-flow"":1483,""Heavy"":208,""Moderate"":588,""Severe"":121},""rows"":2400}","[[4985,641,2,2],[222,1597,207,69],[6,143,221,114],[0,2,91,98]]","{""Free-flow"":{""f1"":0.9194872268,""precision"":0.9562631882,""recall"":0.8854351687,""support"":5630},""Heavy"":{""f1"":0.439800995,""precision"":0.424184261,""recall"":0.4566115702,""support"":484},""Moderate"":{""f1"":0.7132648504,""precision"":0.6701636593,""recall"":0.7622911695,""support"":2095},""Severe"":{""f1"":0.4135021097,""precision"":0.3462897527,""recall"":0.5130890052,""support"":191}}",,,,,
congestion_h2,congestion,target_congestion_h2,2,random_forest,forest_deep,5,success,,118350,2400,96,8350,2025-01-01T00:00:00+05:30,2025-04-09T14:30:00+05:30,2025-04-09T15:30:00+05:30,2025-04-09T17:00:00+05:30,2025-04-16T15:30:00+05:30,8350,0.7904191617,0.640228027,0.5989836416,0.6069738465,0.2733406373,0.5540151057,0.121042,0.076739,"{""balanced_class_weights"":{""Free-flow"":0.3994673768,""Heavy"":3.2608695652,""Moderate"":0.9917355372,""Severe"":5.504587156},""class_counts"":{""Free-flow"":1502,""Heavy"":184,""Moderate"":605,""Severe"":109},""rows"":2400}","[[4483,624,0,0],[148,1719,164,56],[2,358,192,70],[0,171,157,206]]","{""Free-flow"":{""f1"":0.9205338809,""precision"":0.96762357,""recall"":0.877814764,""support"":5107},""Heavy"":{""f1"":0.3383259912,""precision"":0.3742690058,""recall"":0.308681672,""support"":622},""Moderate"":{""f1"":0.6932849365,""precision"":0.5985376045,""recall"":0.8236703402,""support"":2087},""Severe"":{""f1"":0.4757505774,""precision"":0.6204819277,""recall"":0.3857677903,""support"":534}}",,,,,
congestion_h2,congestion,target_congestion_h2,2,xgboost,xgb_balanced,1,success,,84750,2400,96,8400,2025-01-01T00:00:00+05:30,2025-03-12T14:30:00+05:30,2025-03-12T15:30:00+05:30,2025-03-12T17:00:00+05:30,2025-03-19T16:30:00+05:30,8400,0.8045238095,0.6535847659,0.6914242509,0.6580820275,0.25976197,0.4613981707,0.086649,0.039593,"{""balanced_class_weights"":{""Free-flow"":0.3989361702,""Heavy"":2.7777777778,""Moderate"":1.1173184358,""Severe"":4.1958041958},""class_counts"":{""Free-flow"":1504,""Heavy"":216,""Moderate"":537,""Severe"":143},""rows"":2400}","[[4675,638,4,6],[129,1473,156,59],[4,266,262,262],[0,31,87,348]]","{""Free-flow"":{""f1"":0.9229098806,""precision"":0.9723377704,""recall"":0.8782641368,""support"":5323},""Heavy"":{""f1"":0.4021488872,""precision"":0.5147347741,""recall"":0.3299748111,""support"":794},""Moderate"":{""f1"":0.6972781065,""precision"":0.6117109635,""recall"":0.81067694,""support"":1817},""Severe"":{""f1"":0.6099912358,""precision"":0.5155555556,""recall"":0.7467811159,""support"":466}}",,,,,
congestion_h2,congestion,target_congestion_h2,2,xgboost,xgb_balanced,2,success,,93150,2400,96,8400,2025-01-01T00:00:00+05:30,2025-03-19T14:30:00+05:30,2025-03-19T15:30:00+05:30,2025-03-19T17:00:00+05:30,2025-03-26T16:30:00+05:30,8400,0.7933333333,0.629939503,0.6467537542,0.6343903944,0.2680599027,0.4658892973,0.085557,0.039276,"{""balanced_class_weights"":{""Free-flow"":0.4092769441,""Heavy"":2.9411764706,""Moderate"":1.0101010101,""Severe"":4.4117647059},""class_counts"":{""Free-flow"":1466,""Heavy"":204,""Moderate"":594,""Severe"":136},""rows"":2400}","[[4437,539,2,0],[165,1546,377,32],[1,159,523,184],[0,11,266,158]]","{""Free-flow"":{""f1"":0.9262081202,""precision"":0.9639365631,""recall"":0.891321816,""support"":4978},""Heavy"":{""f1"":0.514004914,""precision"":0.4477739726,""recall"":0.6032295271,""support"":867},""Moderate"":{""f1"":0.7067428571,""precision"":0.6855875831,""recall"":0.729245283,""support"":2120},""Severe"":{""f1"":0.390605686,""precision"":0.422459893,""recall"":0.3632183908,""support"":435}}",,,,,
congestion_h2,congestion,target_congestion_h2,2,xgboost,xgb_balanced,3,success,,101550,2400,96,8400,2025-01-01T00:00:00+05:30,2025-03-26T14:30:00+05:30,2025-03-26T15:30:00+05:30,2025-03-26T17:00:00+05:30,2025-04-02T16:30:00+05:30,8400,0.7688095238,0.6141423,0.6354500835,0.6236068979,0.285508845,0.4929057025,0.094064,0.039931,"{""balanced_class_weights"":{""Free-flow"":0.4143646409,""Heavy"":2.371541502,""Moderate"":1.0507880911,""Severe"":4.6875},""class_counts"":{""Free-flow"":1448,""Heavy"":253,""Moderate"":571,""Severe"":128},""rows"":2400}","[[4308,469,20,2],[211,1421,401,39],[0,231,479,305],[0,41,223,250]]","{""Free-flow"":{""f1"":0.9246619446,""precision"":0.953308254,""recall"":0.8976870181,""support"":4799},""Heavy"":{""f1"":0.4480823199,""precision"":0.4265360641,""recall"":0.4719211823,""support"":1015},""Moderate"":{""f1"":0.6712328767,""precision"":0.6572617946,""recall"":0.6858108108,""support"":2072},""Severe"":{""f1"":0.4504504505,""precision"":0.4194630872,""recall"":0.486381323,""support"":514}}",,,,,
congestion_h2,congestion,target_congestion_h2,2,xgboost,xgb_balanced,4,success,,109950,2400,96,8400,2025-01-01T00:00:00+05:30,2025-04-02T14:30:00+05:30,2025-04-02T15:30:00+05:30,2025-04-02T17:00:00+05:30,2025-04-09T16:30:00+05:30,8400,0.8173809524,0.5685744427,0.6624071054,0.5865065095,0.2605667785,0.4840750517,0.09897,0.040479,"{""balanced_class_weights"":{""Free-flow"":0.4045853001,""Heavy"":2.8846153846,""Moderate"":1.0204081633,""Severe"":4.958677686},""class_counts"":{""Free-flow"":1483,""Heavy"":208,""Moderate"":588,""Severe"":121},""rows"":2400}","[[5001,615,9,5],[156,1590,178,171],[3,128,138,215],[0,0,54,137]]","{""Free-flow"":{""f1"":0.9269694161,""precision"":0.9691860465,""recall"":0.888277087,""support"":5630},""Heavy"":{""f1"":0.3198146002,""precision"":0.364116095,""recall"":0.2851239669,""support"":484},""Moderate"":{""f1"":0.7181571816,""precision"":0.6815259323,""recall"":0.7589498807,""support"":2095},""Severe"":{""f1"":0.3810848401,""precision"":0.259469697,""recall"":0.7172774869,""support"":191}}",,,,,
congestion_h2,congestion,target_congestion_h2,2,xgboost,xgb_balanced,5,success,,118350,2400,96,8350,2025-01-01T00:00:00+05:30,2025-04-09T14:30:00+05:30,2025-04-09T15:30:00+05:30,2025-04-09T17:00:00+05:30,2025-04-16T15:30:00+05:30,8350,0.7707784431,0.5938200326,0.6179082028,0.5983807659,0.3008767151,0.5363875969,0.090577,0.042588,"{""balanced_class_weights"":{""Free-flow"":0.3994673768,""Heavy"":3.2608695652,""Moderate"":0.9917355372,""Severe"":5.504587156},""class_counts"":{""Free-flow"":1502,""Heavy"":184,""Moderate"":605,""Severe"":109},""rows"":2400}","[[4468,623,13,3],[117,1438,392,140],[1,195,320,106],[0,41,283,210]]","{""Free-flow"":{""f1"":0.9219024038,""precision"":0.9742695159,""recall"":0.874877619,""support"":5107},""Heavy"":{""f1"":0.3926380368,""precision"":0.3174603175,""recall"":0.5144694534,""support"":622},""Moderate"":{""f1"":0.6560218978,""precision"":0.6260339573,""recall"":0.6890273119,""support"":2087},""Severe"":{""f1"":0.4229607251,""precision"":0.4575163399,""recall"":0.393258427,""support"":534}}",,,,,
congestion_h2,congestion,target_congestion_h2,2,xgboost,xgb_deep,1,success,,84750,2400,96,8400,2025-01-01T00:00:00+05:30,2025-03-12T14:30:00+05:30,2025-03-12T15:30:00+05:30,2025-03-12T17:00:00+05:30,2025-03-19T16:30:00+05:30,8400,0.8132142857,0.6588141366,0.6794445431,0.6635734481,0.2521916609,0.4589933632,0.200028,0.042708,"{""balanced_class_weights"":{""Free-flow"":0.3989361702,""Heavy"":2.7777777778,""Moderate"":1.1173184358,""Severe"":4.1958041958},""class_counts"":{""Free-flow"":1504,""Heavy"":216,""Moderate"":537,""Severe"":143},""rows"":2400}","[[4807,504,8,4],[163,1417,189,48],[4,284,302,204],[1,52,108,305]]","{""Free-flow"":{""f1"":0.9335793358,""precision"":0.9662311558,""recall"":0.903062183,""support"":5323},""Heavy"":{""f1"":0.4311206281,""precision"":0.4975288303,""recall"":0.3803526448,""support"":794},""Moderate"":{""f1"":0.6956308297,""precision"":0.6278245459,""recall"":0.779856907,""support"":1817},""Severe"":{""f1"":0.593962999,""precision"":0.5436720143,""recall"":0.6545064378,""support"":466}}",,,,,
congestion_h2,congestion,target_congestion_h2,2,xgboost,xgb_deep,2,success,,93150,2400,96,8400,2025-01-01T00:00:00+05:30,2025-03-19T14:30:00+05:30,2025-03-19T15:30:00+05:30,2025-03-19T17:00:00+05:30,2025-03-26T16:30:00+05:30,8400,0.8048809524,0.6581858896,0.6845861619,0.6698599414,0.2569400227,0.4459976508,0.17615,0.042631,"{""balanced_class_weights"":{""Free-flow"":0.4092769441,""Heavy"":2.9411764706,""Moderate"":1.0101010101,""Severe"":4.4117647059},""class_counts"":{""Free-flow"":1466,""Heavy"":204,""Moderate"":594,""Severe"":136},""rows"":2400}","[[4498,473,7,0],[197,1539,358,26],[3,172,485,207],[0,5,191,239]]","{""Free-flow"":{""f1"":0.929723026,""precision"":0.9574286931,""recall"":0.9035757332,""support"":4978},""Heavy"":{""f1"":0.5083857442,""precision"":0.4658981748,""recall"":0.5594002307,""support"":867},""Moderate"":{""f1"":0.7143188675,""precision"":0.7030607583,""recall"":0.7259433962,""support"":2120},""Severe"":{""f1"":0.5270121279,""precision"":0.5063559322,""recall"":0.5494252874,""support"":435}}",,,,,
congestion_h2,congestion,target_congestion_h2,2,xgboost,xgb_deep,3,success,,101550,2400,96,8400,2025-01-01T00:00:00+05:30,2025-03-26T14:30:00+05:30,2025-03-26T15:30:00+05:30,2025-03-26T17:00:00+05:30,2025-04-02T16:30:00+05:30,8400,0.7722619048,0.6172700735,0.613562133,0.6122471576,0.2844515801,0.490469545,0.173969,0.04127,"{""balanced_class_weights"":{""Free-flow"":0.4143646409,""Heavy"":2.371541502,""Moderate"":1.0507880911,""Severe"":4.6875},""class_counts"":{""Free-flow"":1448,""Heavy"":253,""Moderate"":571,""Severe"":128},""rows"":2400}","[[4356,424,17,2],[234,1425,391,22],[0,281,536,198],[0,45,299,170]]","{""Free-flow"":{""f1"":0.9278943444,""precision"":0.9490196078,""recall"":0.9076891019,""support"":4799},""Heavy"":{""f1"":0.4747564216,""precision"":0.4312148029,""recall"":0.5280788177,""support"":1015},""Moderate"":{""f1"":0.6710619261,""precision"":0.6551724138,""recall"":0.6877413127,""support"":2072},""Severe"":{""f1"":0.3752759382,""precision"":0.4336734694,""recall"":0.3307392996,""support"":514}}",,,,,
congestion_h2,congestion,target_congestion_h2,2,xgboost,xgb_deep,4,success,,109950,2400,96,8400,2025-01-01T00:00:00+05:30,2025-04-02T14:30:00+05:30,2025-04-02T15:30:00+05:30,2025-04-02T17:00:00+05:30,2025-04-09T16:30:00+05:30,8400,0.8283333333,0.5934321629,0.6593352677,0.6123528693,0.2652098008,0.4929496902,0.168867,0.041269,"{""balanced_class_weights"":{""Free-flow"":0.4045853001,""Heavy"":2.8846153846,""Moderate"":1.0204081633,""Severe"":4.958677686},""class_counts"":{""Free-flow"":1483,""Heavy"":208,""Moderate"":588,""Severe"":121},""rows"":2400}","[[4993,621,15,1],[162,1681,148,104],[1,160,170,153],[0,2,75,114]]","{""Free-flow"":{""f1"":0.9258297793,""precision"":0.968386346,""recall"":0.8868561279,""support"":5630},""Heavy"":{""f1"":0.3811659193,""precision"":0.4166666667,""recall"":0.3512396694,""support"":484},""Moderate"":{""f1"":0.7374424216,""precision"":0.682224026,""recall"":0.8023866348,""support"":2095},""Severe"":{""f1"":0.404973357,""precision"":0.3064516129,""recall"":0.5968586387,""support"":191}}",,,,,
congestion_h2,congestion,target_congestion_h2,2,xgboost,xgb_deep,5,success,,118350,2400,96,8350,2025-01-01T00:00:00+05:30,2025-04-09T14:30:00+05:30,2025-04-09T15:30:00+05:30,2025-04-09T17:00:00+05:30,2025-04-16T15:30:00+05:30,8350,0.7667065868,0.5922799289,0.6080332448,0.5924621777,0.3011675142,0.5472807651,0.170034,0.041133,"{""balanced_class_weights"":{""Free-flow"":0.3994673768,""Heavy"":3.2608695652,""Moderate"":0.9917355372,""Severe"":5.504587156},""class_counts"":{""Free-flow"":1502,""Heavy"":184,""Moderate"":605,""Severe"":109},""rows"":2400}","[[4500,589,15,3],[158,1385,430,114],[2,206,305,109],[0,43,279,212]]","{""Free-flow"":{""f1"":0.921470257,""precision"":0.9656652361,""recall"":0.8811435285,""support"":5107},""Heavy"":{""f1"":0.3694730466,""precision"":0.296404276,""recall"":0.4903536977,""support"":622},""Moderate"":{""f1"":0.6426914153,""precision"":0.6230319388,""recall"":0.6636320077,""support"":2087},""Severe"":{""f1"":0.4362139918,""precision"":0.4840182648,""recall"":0.3970037453,""support"":534}}",,,,,
congestion_h2,congestion,target_congestion_h2,2,svm,svm_regularized,1,success,,84750,2400,96,8400,2025-01-01T00:00:00+05:30,2025-03-12T14:30:00+05:30,2025-03-12T15:30:00+05:30,2025-03-12T17:00:00+05:30,2025-03-19T16:30:00+05:30,8400,0.7754761905,0.6007873976,0.5849417677,0.5845008126,,,0.04926,0.019716,"{""balanced_class_weights"":{""Free-flow"":0.3989361702,""Heavy"":2.7777777778,""Moderate"":1.1173184358,""Severe"":4.1958041958},""class_counts"":{""Free-flow"":1504,""Heavy"":216,""Moderate"":537,""Severe"":143},""rows"":2400}","[[4787,523,5,8],[314,1191,282,30],[15,260,412,107],[1,65,276,124]]","{""Free-flow"":{""f1"":0.9170498084,""precision"":0.9355090874,""recall"":0.8993049033,""support"":5323},""Heavy"":{""f1"":0.4657998869,""precision"":0.4225641026,""recall"":0.5188916877,""support"":794},""Moderate"":{""f1"":0.6177385892,""precision"":0.5841098578,""recall"":0.6554760594,""support"":1817},""Severe"":{""f1"":0.337414966,""precision"":0.4609665428,""recall"":0.2660944206,""support"":466}}",,,,,
congestion_h2,congestion,target_congestion_h2,2,svm,svm_regularized,2,success,,93150,2400,96,8400,2025-01-01T00:00:00+05:30,2025-03-19T14:30:00+05:30,2025-03-19T15:30:00+05:30,2025-03-19T17:00:00+05:30,2025-03-26T16:30:00+05:30,8400,0.7722619048,0.6027685292,0.6102253006,0.604337747,,,0.048291,0.019853,"{""balanced_class_weights"":{""Free-flow"":0.4092769441,""Heavy"":2.9411764706,""Moderate"":1.0101010101,""Severe"":4.4117647059},""class_counts"":{""Free-flow"":1466,""Heavy"":204,""Moderate"":594,""Severe"":136},""rows"":2400}","[[4575,396,5,2],[462,1263,319,76],[3,178,494,192],[0,24,256,155]]","{""Free-flow"":{""f1"":0.9133559593,""precision"":0.9077380952,""recall"":0.9190437927,""support"":4978},""Heavy"":{""f1"":0.5090159711,""precision"":0.4599627561,""recall"":0.5697808535,""support"":867},""Moderate"":{""f1"":0.6345139412,""precision"":0.6786673831,""recall"":0.595754717,""support"":2120},""Severe"":{""f1"":0.3604651163,""precision"":0.3647058824,""recall"":0.3563218391,""support"":435}}",,,,,
congestion_h2,congestion,target_congestion_h2,2,svm,svm_regularized,3,success,,101550,2400,96,8400,2025-01-01T00:00:00+05:30,2025-03-26T14:30:00+05:30,2025-03-26T15:30:00+05:30,2025-03-26T17:00:00+05:30,2025-04-02T16:30:00+05:30,8400,0.7241666667,0.5518269481,0.5331017586,0.536770625,,,0.046359,0.019182,"{""balanced_class_weights"":{""Free-flow"":0.4143646409,""Heavy"":2.371541502,""Moderate"":1.0507880911,""Severe"":4.6875},""class_counts"":{""Free-flow"":1448,""Heavy"":253,""Moderate"":571,""Severe"":128},""rows"":2400}","[[4209,574,10,6],[363,1407,218,84],[7,470,346,192],[0,215,178,121]]","{""Free-flow"":{""f1"":0.8976327575,""precision"":0.9191963311,""recall"":0.8770577204,""support"":4799},""Heavy"":{""f1"":0.3916242218,""precision"":0.460106383,""recall"":0.3408866995,""support"":1015},""Moderate"":{""f1"":0.5939214859,""precision"":0.5277569392,""recall"":0.6790540541,""support"":2072},""Severe"":{""f1"":0.2639040349,""precision"":0.300248139,""recall"":0.2354085603,""support"":514}}",,,,,
congestion_h2,congestion,target_congestion_h2,2,svm,svm_regularized,4,success,,109950,2400,96,8400,2025-01-01T00:00:00+05:30,2025-04-02T14:30:00+05:30,2025-04-02T15:30:00+05:30,2025-04-02T17:00:00+05:30,2025-04-09T16:30:00+05:30,8400,0.7577380952,0.5102176696,0.5107231579,0.5012862099,,,0.045984,0.02004,"{""balanced_class_weights"":{""Free-flow"":0.4045853001,""Heavy"":2.8846153846,""Moderate"":1.0204081633,""Severe"":4.958677686},""class_counts"":{""Free-flow"":1483,""Heavy"":208,""Moderate"":588,""Severe"":121},""rows"":2400}","[[4703,925,1,1],[407,1511,97,80],[30,253,96,105],[2,51,83,55]]","{""Free-flow"":{""f1"":0.8731897512,""precision"":0.9146246597,""recall"":0.8353463588,""support"":5630},""Heavy"":{""f1"":0.2522996058,""precision"":0.3465703971,""recall"":0.1983471074,""support"":484},""Moderate"":{""f1"":0.6250258532,""precision"":0.551459854,""recall"":0.7212410501,""support"":2095},""Severe"":{""f1"":0.2546296296,""precision"":0.2282157676,""recall"":0.2879581152,""support"":191}}",,,,,
congestion_h2,congestion,target_congestion_h2,2,svm,svm_regularized,5,success,,118350,2400,96,8350,2025-01-01T00:00:00+05:30,2025-04-09T14:30:00+05:30,2025-04-09T15:30:00+05:30,2025-04-09T17:00:00+05:30,2025-04-16T15:30:00+05:30,8350,0.7656287425,0.5930620715,0.5306683685,0.5503340003,,,0.049292,0.020176,"{""balanced_class_weights"":{""Free-flow"":0.3994673768,""Heavy"":3.2608695652,""Moderate"":0.9917355372,""Severe"":5.504587156},""class_counts"":{""Free-flow"":1502,""Heavy"":184,""Moderate"":605,""Severe"":109},""rows"":2400}","[[4858,232,14,3],[624,1187,235,41],[41,323,185,73],[1,154,216,163]]","{""Free-flow"":{""f1"":0.9139309566,""precision"":0.8794351919,""recall"":0.9512433914,""support"":5107},""Heavy"":{""f1"":0.2908805031,""precision"":0.2846153846,""recall"":0.2974276527,""support"":622},""Moderate"":{""f1"":0.5960331408,""precision"":0.6260548523,""recall"":0.5687589842,""support"":2087},""Severe"":{""f1"":0.4004914005,""precision"":0.5821428571,""recall"":0.3052434457,""support"":534}}",,,,,
congestion_h2,congestion,target_congestion_h2,2,svm,svm_default,1,success,,84750,2400,96,8400,2025-01-01T00:00:00+05:30,2025-03-12T14:30:00+05:30,2025-03-12T15:30:00+05:30,2025-03-12T17:00:00+05:30,2025-03-19T16:30:00+05:30,8400,0.7823809524,0.6060354782,0.6007550874,0.5954545401,,,0.06209,0.020656,"{""balanced_class_weights"":{""Free-flow"":0.3989361702,""Heavy"":2.7777777778,""Moderate"":1.1173184358,""Severe"":4.1958041958},""class_counts"":{""Free-flow"":1504,""Heavy"":216,""Moderate"":537,""Severe"":143},""rows"":2400}","[[4815,492,7,9],[285,1170,317,45],[13,218,457,106],[1,43,292,130]]","{""Free-flow"":{""f1"":0.9226789307,""precision"":0.9415330465,""recall"":0.9045650949,""support"":5323},""Heavy"":{""f1"":0.4895554365,""precision"":0.4259086673,""recall"":0.5755667506,""support"":794},""Moderate"":{""f1"":0.6256684492,""precision"":0.608424337,""recall"":0.6439185471,""support"":1817},""Severe"":{""f1"":0.3439153439,""precision"":0.4482758621,""recall"":0.2789699571,""support"":466}}",,,,,
congestion_h2,congestion,target_congestion_h2,2,svm,svm_default,2,success,,93150,2400,96,8400,2025-01-01T00:00:00+05:30,2025-03-19T14:30:00+05:30,2025-03-19T15:30:00+05:30,2025-03-19T17:00:00+05:30,2025-03-26T16:30:00+05:30,8400,0.7747619048,0.604959055,0.6134012545,0.6075719963,,,0.0624,0.021571,"{""balanced_class_weights"":{""Free-flow"":0.4092769441,""Heavy"":2.9411764706,""Moderate"":1.0101010101,""Severe"":4.4117647059},""class_counts"":{""Free-flow"":1466,""Heavy"":204,""Moderate"":594,""Severe"":136},""rows"":2400}","[[4569,402,6,1],[445,1295,302,78],[1,183,485,198],[0,22,254,159]]","{""Free-flow"":{""f1"":0.9144401081,""precision"":0.9110667996,""recall"":0.9178384894,""support"":4978},""Heavy"":{""f1"":0.5067920585,""precision"":0.4632282713,""recall"":0.5594002307,""support"":867},""Moderate"":{""f1"":0.6439582297,""precision"":0.6808622503,""recall"":0.6108490566,""support"":2120},""Severe"":{""f1"":0.365097589,""precision"":0.3646788991,""recall"":0.3655172414,""support"":435}}",,,,,
congestion_h2,congestion,target_congestion_h2,2,svm,svm_default,3,success,,101550,2400,96,8400,2025-01-01T00:00:00+05:30,2025-03-26T14:30:00+05:30,2025-03-26T15:30:00+05:30,2025-03-26T17:00:00+05:30,2025-04-02T16:30:00+05:30,8400,0.7292857143,0.5596768305,0.5415817937,0.5462253454,,,0.054558,0.019482,"{""balanced_class_weights"":{""Free-flow"":0.4143646409,""Heavy"":2.371541502,""Moderate"":1.0507880911,""Severe"":4.6875},""class_counts"":{""Free-flow"":1448,""Heavy"":253,""Moderate"":571,""Severe"":128},""rows"":2400}","[[4259,522,14,4],[375,1379,246,72],[8,458,350,199],[0,208,168,138]]","{""Free-flow"":{""f1"":0.9022349327,""precision"":0.9174924601,""recall"":0.8874765576,""support"":4799},""Heavy"":{""f1"":0.3904071389,""precision"":0.4498714653,""recall"":0.3448275862,""support"":1015},""Moderate"":{""f1"":0.594524682,""precision"":0.5372029607,""recall"":0.6655405405,""support"":2072},""Severe"":{""f1"":0.2977346278,""precision"":0.3341404358,""recall"":0.2684824903,""support"":514}}",,,,,
congestion_h2,congestion,target_congestion_h2,2,svm,svm_default,4,success,,109950,2400,96,8400,2025-01-01T00:00:00+05:30,2025-04-02T14:30:00+05:30,2025-04-02T15:30:00+05:30,2025-04-02T17:00:00+05:30,2025-04-09T16:30:00+05:30,8400,0.7614285714,0.5084593743,0.5052926596,0.4995831834,,,0.054058,0.020968,"{""balanced_class_weights"":{""Free-flow"":0.4045853001,""Heavy"":2.8846153846,""Moderate"":1.0204081633,""Severe"":4.958677686},""class_counts"":{""Free-flow"":1483,""Heavy"":208,""Moderate"":588,""Severe"":121},""rows"":2400}","[[4772,854,2,2],[438,1471,98,88],[44,237,104,99],[5,50,87,49]]","{""Free-flow"":{""f1"":0.8764808522,""precision"":0.9073968435,""recall"":0.8476021314,""support"":5630},""Heavy"":{""f1"":0.2683870968,""precision"":0.3573883162,""recall"":0.2148760331,""support"":484},""Moderate"":{""f1"":0.6250265562,""precision"":0.5631699847,""recall"":0.7021479714,""support"":2095},""Severe"":{""f1"":0.2284382284,""precision"":0.2058823529,""recall"":0.2565445026,""support"":191}}",,,,,
congestion_h2,congestion,target_congestion_h2,2,svm,svm_default,5,success,,118350,2400,96,8350,2025-01-01T00:00:00+05:30,2025-04-09T14:30:00+05:30,2025-04-09T15:30:00+05:30,2025-04-09T17:00:00+05:30,2025-04-16T15:30:00+05:30,8350,0.7588023952,0.5589710937,0.4921836209,0.5033935672,,,0.0564,0.02033,"{""balanced_class_weights"":{""Free-flow"":0.3994673768,""Heavy"":3.2608695652,""Moderate"":0.9917355372,""Severe"":5.504587156},""class_counts"":{""Free-flow"":1502,""Heavy"":184,""Moderate"":605,""Severe"":109},""rows"":2400}","[[4870,222,13,2],[650,1207,191,39],[44,350,182,46],[1,182,274,77]]","{""Free-flow"":{""f1"":0.9126686657,""precision"":0.8751123091,""recall"":0.9535931075,""support"":5107},""Heavy"":{""f1"":0.2839313573,""precision"":0.2757575758,""recall"":0.2926045016,""support"":622},""Moderate"":{""f1"":0.5963438735,""precision"":0.6155022947,""recall"":0.5783421179,""support"":2087},""Severe"":{""f1"":0.2206303725,""precision"":0.4695121951,""recall"":0.1441947566,""support"":534}}",,,,,
congestion_h3,congestion,target_congestion_h3,3,decision_tree,tree_balanced,1,success,,84750,2400,96,8400,2025-01-01T00:00:00+05:30,2025-03-12T14:30:00+05:30,2025-03-12T16:00:00+05:30,2025-03-12T17:00:00+05:30,2025-03-19T16:30:00+05:30,8400,0.7677380952,0.6064296262,0.6465041215,0.6207500797,0.3506510544,2.2971378592,0.037877,0.039615,"{""balanced_class_weights"":{""Free-flow"":0.395256917,""Heavy"":3.0,""Moderate"":1.1385199241,""Severe"":3.8709677419},""class_counts"":{""Free-flow"":1518,""Heavy"":200,""Moderate"":527,""Severe"":155},""rows"":2400}","[[4681,630,11,1],[349,1010,374,87],[13,48,539,193],[0,2,243,219]]","{""Free-flow"":{""f1"":0.9031448968,""precision"":0.928217331,""recall"":0.8793913207,""support"":5323},""Heavy"":{""f1"":0.55,""precision"":0.4618680377,""recall"":0.6796973518,""support"":793},""Moderate"":{""f1"":0.5754985755,""precision"":0.5976331361,""recall"":0.5549450549,""support"":1820},""Severe"":{""f1"":0.4543568465,""precision"":0.438,""recall"":0.4719827586,""support"":464}}",,,,,
congestion_h3,congestion,target_congestion_h3,3,decision_tree,tree_balanced,2,success,,93150,2400,96,8400,2025-01-01T00:00:00+05:30,2025-03-19T14:30:00+05:30,2025-03-19T16:00:00+05:30,2025-03-19T17:00:00+05:30,2025-03-26T16:30:00+05:30,8400,0.7488095238,0.5776875574,0.579546495,0.5637809902,0.3807846494,2.7231782591,0.039841,0.038802,"{""balanced_class_weights"":{""Free-flow"":0.4135079256,""Heavy"":3.2258064516,""Moderate"":0.963081862,""Severe"":4.2857142857},""class_counts"":{""Free-flow"":1451,""Heavy"":186,""Moderate"":623,""Severe"":140},""rows"":2400}","[[4230,719,29,0],[354,1440,295,29],[5,207,556,97],[0,5,370,64]]","{""Free-flow"":{""f1"":0.884289746,""precision"":0.9217694487,""recall"":0.8497388509,""support"":4978},""Heavy"":{""f1"":0.5257683215,""precision"":0.4448,""recall"":0.6427745665,""support"":865},""Moderate"":{""f1"":0.641568278,""precision"":0.6073386757,""recall"":0.6798866856,""support"":2118},""Severe"":{""f1"":0.2034976153,""precision"":0.3368421053,""recall"":0.145785877,""support"":439}}",,,,,
congestion_h3,congestion,target_congestion_h3,3,decision_tree,tree_balanced,3,success,,101550,2400,96,8400,2025-01-01T00:00:00+05:30,2025-03-26T14:30:00+05:30,2025-03-26T16:00:00+05:30,2025-03-26T17:00:00+05:30,2025-04-02T16:30:00+05:30,8400,0.7269047619,0.5722218835,0.5956901399,0.5814652011,0.4077572981,3.7277555071,0.040977,0.037567,"{""balanced_class_weights"":{""Free-flow"":0.4294917681,""Heavy"":2.1352313167,""Moderate"":0.9174311927,""Severe"":8.8235294118},""class_counts"":{""Free-flow"":1397,""Heavy"":281,""Moderate"":654,""Severe"":68},""rows"":2400}","[[4240,504,54,1],[404,1192,393,83],[11,268,404,333],[0,108,135,270]]","{""Free-flow"":{""f1"":0.8969748255,""precision"":0.9108485499,""recall"":0.8835173995,""support"":4799},""Heavy"":{""f1"":0.4035964036,""precision"":0.4097363083,""recall"":0.3976377953,""support"":1016},""Moderate"":{""f1"":0.5752895753,""precision"":0.5752895753,""recall"":0.5752895753,""support"":2072},""Severe"":{""f1"":0.45,""precision"":0.3930131004,""recall"":0.5263157895,""support"":513}}",,,,,
congestion_h3,congestion,target_congestion_h3,3,decision_tree,tree_balanced,4,success,,109950,2400,96,8400,2025-01-01T00:00:00+05:30,2025-04-02T14:30:00+05:30,2025-04-02T16:00:00+05:30,2025-04-02T17:00:00+05:30,2025-04-09T16:30:00+05:30,8400,0.7921428571,0.5573215473,0.6286441723,0.5845282759,0.3395546943,2.6127060087,0.037657,0.039182,"{""balanced_class_weights"":{""Free-flow"":0.4032258065,""Heavy"":2.8708133971,""Moderate"":1.0101010101,""Severe"":5.504587156},""class_counts"":{""Free-flow"":1488,""Heavy"":209,""Moderate"":594,""Severe"":109},""rows"":2400}","[[4855,737,38,0],[216,1534,311,56],[0,194,159,121],[0,6,67,106]]","{""Free-flow"":{""f1"":0.9073918325,""precision"":0.9574048511,""recall"":0.8623445826,""support"":5630},""Heavy"":{""f1"":0.3031458532,""precision"":0.2765217391,""recall"":0.335443038,""support"":474},""Moderate"":{""f1"":0.668700959,""precision"":0.620801295,""recall"":0.7246102976,""support"":2117},""Severe"":{""f1"":0.4588744589,""precision"":0.3745583039,""recall"":0.5921787709,""support"":179}}",,,,,
congestion_h3,congestion,target_congestion_h3,3,decision_tree,tree_balanced,5,success,,118350,2400,96,8325,2025-01-01T00:00:00+05:30,2025-04-09T14:30:00+05:30,2025-04-09T16:00:00+05:30,2025-04-09T17:00:00+05:30,2025-04-16T15:00:00+05:30,8325,0.7640840841,0.5592537249,0.5505738182,0.5443594202,0.3842892267,3.5873779905,0.036273,0.038538,"{""balanced_class_weights"":{""Free-flow"":0.3965631196,""Heavy"":2.8708133971,""Moderate"":1.0380622837,""Severe"":6.0},""class_counts"":{""Free-flow"":1513,""Heavy"":209,""Moderate"":578,""Severe"":100},""rows"":2400}","[[4489,599,5,14],[170,1553,148,193],[0,398,102,120],[0,254,63,217]]","{""Free-flow"":{""f1"":0.9193118984,""precision"":0.9635114832,""recall"":0.8789896221,""support"":5107},""Heavy"":{""f1"":0.2174840085,""precision"":0.320754717,""recall"":0.164516129,""support"":620},""Moderate"":{""f1"":0.6380443714,""precision"":0.5538516405,""recall"":0.7524224806,""support"":2064},""Severe"":{""f1"":0.4025974026,""precision"":0.3988970588,""recall"":0.4063670412,""support"":534}}",,,,,
congestion_h3,congestion,target_congestion_h3,3,decision_tree,tree_deep,1,success,,84750,2400,96,8400,2025-01-01T00:00:00+05:30,2025-03-12T14:30:00+05:30,2025-03-12T16:00:00+05:30,2025-03-12T17:00:00+05:30,2025-03-19T16:30:00+05:30,8400,0.7596428571,0.5890165564,0.6428063223,0.6093817825,0.3769610896,4.1924090967,0.039492,0.038488,"{""balanced_class_weights"":{""Free-flow"":0.395256917,""Heavy"":3.0,""Moderate"":1.1385199241,""Severe"":3.8709677419},""class_counts"":{""Free-flow"":1518,""Heavy"":200,""Moderate"":527,""Severe"":155},""rows"":2400}","[[4636,637,49,1],[325,1046,330,119],[7,63,426,297],[0,5,186,273]]","{""Free-flow"":{""f1"":0.9009814401,""precision"":0.9331723027,""recall"":0.8709374413,""support"":5323},""Heavy"":{""f1"":0.4775784753,""precision"":0.4298688194,""recall"":0.5372005044,""support"":793},""Moderate"":{""f1"":0.5858302996,""precision"":0.5973729298,""recall"":0.5747252747,""support"":1820},""Severe"":{""f1"":0.4731369151,""precision"":0.3956521739,""recall"":0.588362069,""support"":464}}",,,,,
congestion_h3,congestion,target_congestion_h3,3,decision_tree,tree_deep,2,success,,93150,2400,96,8400,2025-01-01T00:00:00+05:30,2025-03-19T14:30:00+05:30,2025-03-19T16:00:00+05:30,2025-03-19T17:00:00+05:30,2025-03-26T16:30:00+05:30,8400,0.7614285714,0.607949497,0.6209050167,0.6128614952,0.4034377299,5.1830563381,0.04355,0.038931,"{""balanced_class_weights"":{""Free-flow"":0.4135079256,""Heavy"":3.2258064516,""Moderate"":0.963081862,""Severe"":4.2857142857},""class_counts"":{""Free-flow"":1451,""Heavy"":186,""Moderate"":623,""Severe"":140},""rows"":2400}","[[4337,613,28,0],[390,1405,282,41],[9,178,482,196],[0,4,263,172]]","{""Free-flow"":{""f1"":0.8929380276,""precision"":0.9157516892,""recall"":0.8712334271,""support"":4978},""Heavy"":{""f1"":0.5020833333,""precision"":0.4568720379,""recall"":0.5572254335,""support"":865},""Moderate"":{""f1"":0.6507642427,""precision"":0.6386363636,""recall"":0.6633616619,""support"":2118},""Severe"":{""f1"":0.4056603774,""precision"":0.4205378973,""recall"":0.3917995444,""support"":439}}",,,,,
congestion_h3,congestion,target_congestion_h3,3,decision_tree,tree_deep,3,success,,101550,2400,96,8400,2025-01-01T00:00:00+05:30,2025-03-26T14:30:00+05:30,2025-03-26T16:00:00+05:30,2025-03-26T17:00:00+05:30,2025-04-02T16:30:00+05:30,8400,0.7078571429,0.5387880125,0.5453828325,0.5406454747,0.472091991,5.6210203717,0.040709,0.037742,"{""balanced_class_weights"":{""Free-flow"":0.4294917681,""Heavy"":2.1352313167,""Moderate"":0.9174311927,""Severe"":8.8235294118},""class_counts"":{""Free-flow"":1397,""Heavy"":281,""Moderate"":654,""Severe"":68},""rows"":2400}","[[4217,532,47,3],[445,1082,461,84],[12,268,498,238],[0,114,250,149]]","{""Free-flow"":{""f1"":0.8903198564,""precision"":0.9022250749,""recall"":0.8787247343,""support"":4799},""Heavy"":{""f1"":0.4383802817,""precision"":0.3964968153,""recall"":0.4901574803,""support"":1016},""Moderate"":{""f1"":0.5319567355,""precision"":0.5420841683,""recall"":0.5222007722,""support"":2072},""Severe"":{""f1"":0.3019250253,""precision"":0.3143459916,""recall"":0.2904483431,""support"":513}}",,,,,
congestion_h3,congestion,target_congestion_h3,3,decision_tree,tree_deep,4,success,,109950,2400,96,8400,2025-01-01T00:00:00+05:30,2025-04-02T14:30:00+05:30,2025-04-02T16:00:00+05:30,2025-04-02T17:00:00+05:30,2025-04-09T16:30:00+05:30,8400,0.7732142857,0.5366505117,0.5932876506,0.5575687694,0.3702424075,4.678264876,0.039365,0.039233,"{""balanced_class_weights"":{""Free-flow"":0.4032258065,""Heavy"":2.8708133971,""Moderate"":1.0101010101,""Severe"":5.504587156},""class_counts"":{""Free-flow"":1488,""Heavy"":209,""Moderate"":594,""Severe"":109},""rows"":2400}","[[4674,912,44,0],[162,1576,326,53],[0,201,164,109],[0,6,92,81]]","{""Free-flow"":{""f1"":0.8931779094,""precision"":0.9665012407,""recall"":0.8301953819,""support"":5630},""Heavy"":{""f1"":0.2981818182,""precision"":0.2619808307,""recall"":0.3459915612,""support"":474},""Moderate"":{""f1"":0.6550290939,""precision"":0.5847866419,""recall"":0.744449693,""support"":2117},""Severe"":{""f1"":0.3838862559,""precision"":0.3333333333,""recall"":0.4525139665,""support"":179}}",,,,,
congestion_h3,congestion,target_congestion_h3,3,decision_tree,tree_deep,5,success,,118350,2400,96,8325,2025-01-01T00:00:00+05:30,2025-04-09T14:30:00+05:30,2025-04-09T16:00:00+05:30,2025-04-09T17:00:00+05:30,2025-04-16T15:00:00+05:30,8325,0.751951952,0.5467883382,0.5441310508,0.5432735806,0.4284263929,6.0397777725,0.038493,0.039352,"{""balanced_class_weights"":{""Free-flow"":0.3965631196,""Heavy"":2.8708133971,""Moderate"":1.0380622837,""Severe"":6.0},""class_counts"":{""Free-flow"":1513,""Heavy"":209,""Moderate"":578,""Severe"":100},""rows"":2400}","[[4517,483,97,10],[271,1397,246,150],[3,388,126,103],[0,239,75,220]]","{""Free-flow"":{""f1"":0.9127096383,""precision"":0.9428094344,""recall"":0.8844722929,""support"":5107},""Heavy"":{""f1"":0.2164948454,""precision"":0.2316176471,""recall"":0.2032258065,""support"":620},""Moderate"":{""f1"":0.6112448042,""precision"":0.5572397288,""recall"":0.6768410853,""support"":2064},""Severe"":{""f1"":0.4326450344,""precision"":0.4554865424,""recall"":0.4119850187,""support"":534}}",,,,,
congestion_h3,congestion,target_congestion_h3,3,random_forest,forest_balanced,1,success,,84750,2400,96,8400,2025-01-01T00:00:00+05:30,2025-03-12T14:30:00+05:30,2025-03-12T16:00:00+05:30,2025-03-12T17:00:00+05:30,2025-03-19T16:30:00+05:30,8400,0.8038095238,0.6704337319,0.6972755929,0.682175516,0.2621373119,0.4625090414,0.083908,0.081015,"{""balanced_class_weights"":{""Free-flow"":0.395256917,""Heavy"":3.0,""Moderate"":1.1385199241,""Severe"":3.8709677419},""class_counts"":{""Free-flow"":1518,""Heavy"":200,""Moderate"":527,""Severe"":155},""rows"":2400}","[[4724,594,4,1],[295,1252,245,28],[14,91,513,175],[0,4,197,263]]","{""Free-flow"":{""f1"":0.9123213596,""precision"":0.9386052056,""recall"":0.8874694721,""support"":5323},""Heavy"":{""f1"":0.5856164384,""precision"":0.5349322211,""recall"":0.6469104666,""support"":793},""Moderate"":{""f1"":0.6657803776,""precision"":0.6450283359,""recall"":0.6879120879,""support"":1820},""Severe"":{""f1"":0.5649838883,""precision"":0.5631691649,""recall"":0.5668103448,""support"":464}}",,,,,
congestion_h3,congestion,target_congestion_h3,3,random_forest,forest_balanced,2,success,,93150,2400,96,8400,2025-01-01T00:00:00+05:30,2025-03-19T14:30:00+05:30,2025-03-19T16:00:00+05:30,2025-03-19T17:00:00+05:30,2025-03-26T16:30:00+05:30,8400,0.8178571429,0.6666758683,0.6776557824,0.6716102014,0.2471248484,0.4338053255,0.083263,0.074358,"{""balanced_class_weights"":{""Free-flow"":0.4135079256,""Heavy"":3.2258064516,""Moderate"":0.963081862,""Severe"":4.2857142857},""class_counts"":{""Free-flow"":1451,""Heavy"":186,""Moderate"":623,""Severe"":140},""rows"":2400}","[[4515,463,0,0],[232,1670,176,40],[0,179,486,200],[0,4,236,199]]","{""Free-flow"":{""f1"":0.9285347044,""precision"":0.9511270276,""recall"":0.9069907593,""support"":4978},""Heavy"":{""f1"":0.5513329552,""precision"":0.5412026726,""recall"":0.561849711,""support"":865},""Moderate"":{""f1"":0.7532701849,""precision"":0.7210708117,""recall"":0.7884796978,""support"":2118},""Severe"":{""f1"":0.4533029613,""precision"":0.4533029613,""recall"":0.4533029613,""support"":439}}",,,,,
congestion_h3,congestion,target_congestion_h3,3,random_forest,forest_balanced,3,success,,101550,2400,96,8400,2025-01-01T00:00:00+05:30,2025-03-26T14:30:00+05:30,2025-03-26T16:00:00+05:30,2025-03-26T17:00:00+05:30,2025-04-02T16:30:00+05:30,8400,0.7586904762,0.6423222014,0.6208913256,0.6278629128,0.3093725395,0.6071486339,0.076381,0.076503,"{""balanced_class_weights"":{""Free-flow"":0.4294917681,""Heavy"":2.1352313167,""Moderate"":0.9174311927,""Severe"":8.8235294118},""class_counts"":{""Free-flow"":1397,""Heavy"":281,""Moderate"":654,""Severe"":68},""rows"":2400}","[[4226,558,15,0],[337,1425,298,12],[8,339,510,159],[0,119,182,212]]","{""Free-flow"":{""f1"":0.9020277481,""precision"":0.9245241741,""recall"":0.880600125,""support"":4799},""Heavy"":{""f1"":0.5047006432,""precision"":0.5074626866,""recall"":0.5019685039,""support"":1016},""Moderate"":{""f1"":0.6315089741,""precision"":0.5837771405,""recall"":0.6877413127,""support"":2072},""Severe"":{""f1"":0.4732142857,""precision"":0.5535248042,""recall"":0.4132553606,""support"":513}}",,,,,
congestion_h3,congestion,target_congestion_h3,3,random_forest,forest_balanced,4,success,,109950,2400,96,8400,2025-01-01T00:00:00+05:30,2025-04-02T14:30:00+05:30,2025-04-02T16:00:00+05:30,2025-04-02T17:00:00+05:30,2025-04-09T16:30:00+05:30,8400,0.8114285714,0.5829616393,0.6181155883,0.5966057174,0.2565641676,0.4561015208,0.088731,0.079462,"{""balanced_class_weights"":{""Free-flow"":0.4032258065,""Heavy"":2.8708133971,""Moderate"":1.0101010101,""Severe"":5.504587156},""class_counts"":{""Free-flow"":1488,""Heavy"":209,""Moderate"":594,""Severe"":109},""rows"":2400}","[[4898,719,13,0],[210,1671,186,50],[0,220,163,91],[0,5,90,84]]","{""Free-flow"":{""f1"":0.9122741665,""precision"":0.9588880188,""recall"":0.869982238,""support"":5630},""Heavy"":{""f1"":0.3520518359,""precision"":0.360619469,""recall"":0.3438818565,""support"":474},""Moderate"":{""f1"":0.7062552832,""precision"":0.6390057361,""recall"":0.7893245158,""support"":2117},""Severe"":{""f1"":0.4158415842,""precision"":0.3733333333,""recall"":0.469273743,""support"":179}}",,,,,
congestion_h3,congestion,target_congestion_h3,3,random_forest,forest_balanced,5,success,,118350,2400,96,8325,2025-01-01T00:00:00+05:30,2025-04-09T14:30:00+05:30,2025-04-09T16:00:00+05:30,2025-04-09T17:00:00+05:30,2025-04-16T15:00:00+05:30,8325,0.7873873874,0.6133098594,0.6162451353,0.6123975327,0.2989089834,0.6261418209,0.075924,0.078617,"{""balanced_class_weights"":{""Free-flow"":0.3965631196,""Heavy"":2.8708133971,""Moderate"":1.0380622837,""Severe"":6.0},""class_counts"":{""Free-flow"":1513,""Heavy"":209,""Moderate"":578,""Severe"":100},""rows"":2400}","[[4546,555,3,3],[225,1525,187,127],[1,241,271,107],[0,100,221,213]]","{""Free-flow"":{""f1"":0.9203360664,""precision"":0.9526404023,""recall"":0.8901507734,""support"":5107},""Heavy"":{""f1"":0.4162826421,""precision"":0.3973607038,""recall"":0.4370967742,""support"":620},""Moderate"":{""f1"":0.6800445931,""precision"":0.6299049979,""recall"":0.7388565891,""support"":2064},""Severe"":{""f1"":0.4329268293,""precision"":0.4733333333,""recall"":0.3988764045,""support"":534}}",,,,,
congestion_h3,congestion,target_congestion_h3,3,random_forest,forest_deep,1,success,,84750,2400,96,8400,2025-01-01T00:00:00+05:30,2025-03-12T14:30:00+05:30,2025-03-12T16:00:00+05:30,2025-03-12T17:00:00+05:30,2025-03-19T16:30:00+05:30,8400,0.8011904762,0.6649502399,0.6895528738,0.6738832688,0.2677367693,0.4660746867,0.13873,0.079156,"{""balanced_class_weights"":{""Free-flow"":0.395256917,""Heavy"":3.0,""Moderate"":1.1385199241,""Severe"":3.8709677419},""class_counts"":{""Free-flow"":1518,""Heavy"":200,""Moderate"":527,""Severe"":155},""rows"":2400}","[[4760,559,4,0],[325,1177,290,28],[13,63,550,167],[0,5,216,243]]","{""Free-flow"":{""f1"":0.9135399674,""precision"":0.93369949,""recall"":0.8942325756,""support"":5323},""Heavy"":{""f1"":0.5936319482,""precision"":0.5188679245,""recall"":0.6935687264,""support"":793},""Moderate"":{""f1"":0.6495584989,""precision"":0.6524390244,""recall"":0.6467032967,""support"":1820},""Severe"":{""f1"":0.5388026608,""precision"":0.5547945205,""recall"":0.5237068966,""support"":464}}",,,,,
congestion_h3,congestion,target_congestion_h3,3,random_forest,forest_deep,2,success,,93150,2400,96,8400,2025-01-01T00:00:00+05:30,2025-03-19T14:30:00+05:30,2025-03-19T16:00:00+05:30,2025-03-19T17:00:00+05:30,2025-03-26T16:30:00+05:30,8400,0.8117857143,0.669477258,0.6684975354,0.6689814452,0.2490341068,0.4386049534,0.122334,0.085312,"{""balanced_class_weights"":{""Free-flow"":0.4135079256,""Heavy"":3.2258064516,""Moderate"":0.963081862,""Severe"":4.2857142857},""class_counts"":{""Free-flow"":1451,""Heavy"":186,""Moderate"":623,""Severe"":140},""rows"":2400}","[[4587,391,0,0],[386,1545,155,32],[4,181,483,197],[0,7,228,204]]","{""Free-flow"":{""f1"":0.9215469613,""precision"":0.9216395419,""recall"":0.9214543994,""support"":4978},""Heavy"":{""f1"":0.5580589255,""precision"":0.5577367206,""recall"":0.5583815029,""support"":865},""Moderate"":{""f1"":0.7284299859,""precision"":0.7274011299,""recall"":0.7294617564,""support"":2118},""Severe"":{""f1"":0.4678899083,""precision"":0.4711316397,""recall"":0.4646924829,""support"":439}}",,,,,
congestion_h3,congestion,target_congestion_h3,3,random_forest,forest_deep,3,success,,101550,2400,96,8400,2025-01-01T00:00:00+05:30,2025-03-26T14:30:00+05:30,2025-03-26T16:00:00+05:30,2025-03-26T17:00:00+05:30,2025-04-02T16:30:00+05:30,8400,0.7551190476,0.6265971446,0.5774721296,0.5908426943,0.3158814745,0.685341764,0.131079,0.087354,"{""balanced_class_weights"":{""Free-flow"":0.4294917681,""Heavy"":2.1352313167,""Moderate"":0.9174311927,""Severe"":8.8235294118},""class_counts"":{""Free-flow"":1397,""Heavy"":281,""Moderate"":654,""Severe"":68},""rows"":2400}","[[4309,481,9,0],[413,1432,218,9],[11,407,469,129],[0,204,176,133]]","{""Free-flow"":{""f1"":0.9041124633,""precision"":0.9104162265,""recall"":0.8978953949,""support"":4799},""Heavy"":{""f1"":0.4968220339,""precision"":0.5378440367,""recall"":0.4616141732,""support"":1016},""Moderate"":{""f1"":0.6231505657,""precision"":0.5673534073,""recall"":0.6911196911,""support"":2072},""Severe"":{""f1"":0.3392857143,""precision"":0.4907749077,""recall"":0.2592592593,""support"":513}}",,,,,
congestion_h3,congestion,target_congestion_h3,3,random_forest,forest_deep,4,success,,109950,2400,96,8400,2025-01-01T00:00:00+05:30,2025-04-02T14:30:00+05:30,2025-04-02T16:00:00+05:30,2025-04-02T17:00:00+05:30,2025-04-09T16:30:00+05:30,8400,0.8144047619,0.5928885381,0.6324018947,0.6064598923,0.2620494655,0.4747431545,0.163751,0.077329,"{""balanced_class_weights"":{""Free-flow"":0.4032258065,""Heavy"":2.8708133971,""Moderate"":1.0101010101,""Severe"":5.504587156},""class_counts"":{""Free-flow"":1488,""Heavy"":209,""Moderate"":594,""Severe"":109},""rows"":2400}","[[4969,654,7,0],[273,1627,166,51],[0,235,141,98],[0,5,70,104]]","{""Free-flow"":{""f1"":0.9140912436,""precision"":0.947920641,""recall"":0.8825932504,""support"":5630},""Heavy"":{""f1"":0.3286713287,""precision"":0.3671875,""recall"":0.2974683544,""support"":474},""Moderate"":{""f1"":0.7015955153,""precision"":0.6453788179,""recall"":0.7685403873,""support"":2117},""Severe"":{""f1"":0.4814814815,""precision"":0.4110671937,""recall"":0.5810055866,""support"":179}}",,,,,
congestion_h3,congestion,target_congestion_h3,3,random_forest,forest_deep,5,success,,118350,2400,96,8325,2025-01-01T00:00:00+05:30,2025-04-09T14:30:00+05:30,2025-04-09T16:00:00+05:30,2025-04-09T17:00:00+05:30,2025-04-16T15:00:00+05:30,8325,0.7821021021,0.6021343614,0.6063987541,0.5989533965,0.2960309009,0.6864756959,0.1232,0.079196,"{""balanced_class_weights"":{""Free-flow"":0.3965631196,""Heavy"":2.8708133971,""Moderate"":1.0380622837,""Severe"":6.0},""class_counts"":{""Free-flow"":1513,""Heavy"":209,""Moderate"":578,""Severe"":100},""rows"":2400}","[[4590,501,13,3],[250,1436,259,119],[1,232,297,90],[0,49,297,188]]","{""Free-flow"":{""f1"":0.9227985525,""precision"":0.9481512084,""recall"":0.8987663991,""support"":5107},""Heavy"":{""f1"":0.399730821,""precision"":0.3429561201,""recall"":0.4790322581,""support"":620},""Moderate"":{""f1"":0.6707146193,""precision"":0.6474301172,""recall"":0.6957364341,""support"":2064},""Severe"":{""f1"":0.4025695931,""precision"":0.47,""recall"":0.3520599251,""support"":534}}",,,,,
congestion_h3,congestion,target_congestion_h3,3,xgboost,xgb_balanced,1,success,,84750,2400,96,8400,2025-01-01T00:00:00+05:30,2025-03-12T14:30:00+05:30,2025-03-12T16:00:00+05:30,2025-03-12T17:00:00+05:30,2025-03-19T16:30:00+05:30,8400,0.7752380952,0.6365725434,0.6674026618,0.6453959459,0.2838296886,0.4827926354,0.093467,0.041637,"{""balanced_class_weights"":{""Free-flow"":0.395256917,""Heavy"":3.0,""Moderate"":1.1385199241,""Severe"":3.8709677419},""class_counts"":{""Free-flow"":1518,""Heavy"":200,""Moderate"":527,""Severe"":155},""rows"":2400}","[[4435,885,3,0],[74,1438,290,18],[5,225,370,193],[1,25,169,269]]","{""Free-flow"":{""f1"":0.9016060175,""precision"":0.9822812846,""recall"":0.83317678,""support"":5323},""Heavy"":{""f1"":0.4553846154,""precision"":0.4447115385,""recall"":0.4665825977,""support"":793},""Moderate"":{""f1"":0.6546778967,""precision"":0.558880684,""recall"":0.7901098901,""support"":1820},""Severe"":{""f1"":0.5699152542,""precision"":0.5604166667,""recall"":0.5797413793,""support"":464}}",,,,,
congestion_h3,congestion,target_congestion_h3,3,xgboost,xgb_balanced,2,success,,93150,2400,96,8400,2025-01-01T00:00:00+05:30,2025-03-19T14:30:00+05:30,2025-03-19T16:00:00+05:30,2025-03-19T17:00:00+05:30,2025-03-26T16:30:00+05:30,8400,0.7895238095,0.6402763206,0.6898780533,0.6601221407,0.2716551702,0.4752316525,0.080776,0.038606,"{""balanced_class_weights"":{""Free-flow"":0.4135079256,""Heavy"":3.2258064516,""Moderate"":0.963081862,""Severe"":4.2857142857},""class_counts"":{""Free-flow"":1451,""Heavy"":186,""Moderate"":623,""Severe"":140},""rows"":2400}","[[4315,651,12,0],[101,1592,334,91],[0,179,455,231],[0,7,162,270]]","{""Free-flow"":{""f1"":0.9186714924,""precision"":0.9771286232,""recall"":0.8668139815,""support"":4978},""Heavy"":{""f1"":0.4978118162,""precision"":0.4724818276,""recall"":0.5260115607,""support"":865},""Moderate"":{""f1"":0.7002419177,""precision"":0.6554137505,""recall"":0.7516525024,""support"":2118},""Severe"":{""f1"":0.5237633366,""precision"":0.4560810811,""recall"":0.6150341686,""support"":439}}",,,,,
congestion_h3,congestion,target_congestion_h3,3,xgboost,xgb_balanced,3,success,,101550,2400,96,8400,2025-01-01T00:00:00+05:30,2025-03-26T14:30:00+05:30,2025-03-26T16:00:00+05:30,2025-03-26T17:00:00+05:30,2025-04-02T16:30:00+05:30,8400,0.7570238095,0.6255750186,0.6291031115,0.6189449913,0.310399752,0.541996631,0.088376,0.03986,"{""balanced_class_weights"":{""Free-flow"":0.4294917681,""Heavy"":2.1352313167,""Moderate"":0.9174311927,""Severe"":8.8235294118},""class_counts"":{""Free-flow"":1397,""Heavy"":281,""Moderate"":654,""Severe"":68},""rows"":2400}","[[4280,507,11,1],[339,1464,245,24],[0,466,291,259],[0,116,73,324]]","{""Free-flow"":{""f1"":0.9088978552,""precision"":0.9266074908,""recall"":0.8918524693,""support"":4799},""Heavy"":{""f1"":0.3557457213,""precision"":0.4693548387,""recall"":0.2864173228,""support"":1016},""Moderate"":{""f1"":0.6330810811,""precision"":0.5734430082,""recall"":0.7065637066,""support"":2072},""Severe"":{""f1"":0.5780553078,""precision"":0.5328947368,""recall"":0.6315789474,""support"":513}}",,,,,
congestion_h3,congestion,target_congestion_h3,3,xgboost,xgb_balanced,4,success,,109950,2400,96,8400,2025-01-01T00:00:00+05:30,2025-04-02T14:30:00+05:30,2025-04-02T16:00:00+05:30,2025-04-02T17:00:00+05:30,2025-04-09T16:30:00+05:30,8400,0.7894047619,0.5360035826,0.6751303845,0.564713132,0.2893451562,0.5380769168,0.080882,0.042038,"{""balanced_class_weights"":{""Free-flow"":0.4032258065,""Heavy"":2.8708133971,""Moderate"":1.0101010101,""Severe"":5.504587156},""class_counts"":{""Free-flow"":1488,""Heavy"":209,""Moderate"":594,""Severe"":109},""rows"":2400}","[[4934,677,18,1],[202,1408,314,193],[0,115,131,228],[0,1,20,158]]","{""Free-flow"":{""f1"":0.9165892625,""precision"":0.9606697819,""recall"":0.8763765542,""support"":5630},""Heavy"":{""f1"":0.2737722048,""precision"":0.2712215321,""recall"":0.276371308,""support"":474},""Moderate"":{""f1"":0.6521537749,""precision"":0.6397092231,""recall"":0.6650921115,""support"":2117},""Severe"":{""f1"":0.4163372859,""precision"":0.2724137931,""recall"":0.8826815642,""support"":179}}",,,,,
congestion_h3,congestion,target_congestion_h3,3,xgboost,xgb_balanced,5,success,,118350,2400,96,8325,2025-01-01T00:00:00+05:30,2025-04-09T14:30:00+05:30,2025-04-09T16:00:00+05:30,2025-04-09T17:00:00+05:30,2025-04-16T15:00:00+05:30,8325,0.7575975976,0.6040895587,0.597975144,0.596842567,0.3270743976,0.6068596529,0.088797,0.041814,"{""balanced_class_weights"":{""Free-flow"":0.3965631196,""Heavy"":2.8708133971,""Moderate"":1.0380622837,""Severe"":6.0},""class_counts"":{""Free-flow"":1513,""Heavy"":209,""Moderate"":578,""Severe"":100},""rows"":2400}","[[4361,738,2,6],[309,1466,181,108],[18,235,274,93],[0,126,202,206]]","{""Free-flow"":{""f1"":0.8904543134,""precision"":0.9302474403,""recall"":0.8539259839,""support"":5107},""Heavy"":{""f1"":0.4284597342,""precision"":0.4157814871,""recall"":0.4419354839,""support"":620},""Moderate"":{""f1"":0.6333981421,""precision"":0.571539961,""recall"":0.7102713178,""support"":2064},""Severe"":{""f1"":0.4350580781,""precision"":0.4987893462,""recall"":0.3857677903,""support"":534}}",,,,,
congestion_h3,congestion,target_congestion_h3,3,xgboost,xgb_deep,1,success,,84750,2400,96,8400,2025-01-01T00:00:00+05:30,2025-03-12T14:30:00+05:30,2025-03-12T16:00:00+05:30,2025-03-12T17:00:00+05:30,2025-03-19T16:30:00+05:30,8400,0.7986904762,0.6581105922,0.6866400598,0.6630556409,0.2708449722,0.463845467,0.163139,0.047487,"{""balanced_class_weights"":{""Free-flow"":0.395256917,""Heavy"":3.0,""Moderate"":1.1385199241,""Severe"":3.8709677419},""class_counts"":{""Free-flow"":1518,""Heavy"":200,""Moderate"":527,""Severe"":155},""rows"":2400}","[[4549,771,3,0],[66,1546,173,35],[6,267,314,206],[1,27,136,300]]","{""Free-flow"":{""f1"":0.9148315737,""precision"":0.9842059714,""recall"":0.8545932745,""support"":5323},""Heavy"":{""f1"":0.4425651868,""precision"":0.5015974441,""recall"":0.395964691,""support"":793},""Moderate"":{""f1"":0.6978108779,""precision"":0.5921103026,""recall"":0.8494505495,""support"":1820},""Severe"":{""f1"":0.5970149254,""precision"":0.5545286506,""recall"":0.6465517241,""support"":464}}",,,,,
congestion_h3,congestion,target_congestion_h3,3,xgboost,xgb_deep,2,success,,93150,2400,96,8400,2025-01-01T00:00:00+05:30,2025-03-19T14:30:00+05:30,2025-03-19T16:00:00+05:30,2025-03-19T17:00:00+05:30,2025-03-26T16:30:00+05:30,8400,0.808452381,0.6593645127,0.6866521582,0.6693636268,0.2495281556,0.4357156941,0.159882,0.043909,"{""balanced_class_weights"":{""Free-flow"":0.4135079256,""Heavy"":3.2258064516,""Moderate"":0.963081862,""Severe"":4.2857142857},""class_counts"":{""Free-flow"":1451,""Heavy"":186,""Moderate"":623,""Severe"":140},""rows"":2400}","[[4390,579,8,1],[132,1747,201,38],[0,224,401,240],[0,6,180,253]]","{""Free-flow"":{""f1"":0.9242105263,""precision"":0.9708093764,""recall"":0.8818802732,""support"":4978},""Heavy"":{""f1"":0.484592145,""precision"":0.5075949367,""recall"":0.463583815,""support"":865},""Moderate"":{""f1"":0.7475395807,""precision"":0.6834898279,""recall"":0.8248347498,""support"":2118},""Severe"":{""f1"":0.5211122554,""precision"":0.4755639098,""recall"":0.576309795,""support"":439}}",,,,,
congestion_h3,congestion,target_congestion_h3,3,xgboost,xgb_deep,3,success,,101550,2400,96,8400,2025-01-01T00:00:00+05:30,2025-03-26T14:30:00+05:30,2025-03-26T16:00:00+05:30,2025-03-26T17:00:00+05:30,2025-04-02T16:30:00+05:30,8400,0.7551190476,0.6222406154,0.5916565158,0.5928964068,0.3187240776,0.5533188547,0.16153,0.051503,"{""balanced_class_weights"":{""Free-flow"":0.4294917681,""Heavy"":2.1352313167,""Moderate"":0.9174311927,""Severe"":8.8235294118},""class_counts"":{""Free-flow"":1397,""Heavy"":281,""Moderate"":654,""Severe"":68},""rows"":2400}","[[4288,501,10,0],[295,1563,198,16],[0,557,249,210],[0,212,58,243]]","{""Free-flow"":{""f1"":0.9140908122,""precision"":0.9356316823,""recall"":0.8935194832,""support"":4799},""Heavy"":{""f1"":0.3252775963,""precision"":0.4834951456,""recall"":0.2450787402,""support"":1016},""Moderate"":{""f1"":0.6373088685,""precision"":0.5517119661,""recall"":0.7543436293,""support"":2072},""Severe"":{""f1"":0.4949083503,""precision"":0.5181236674,""recall"":0.4736842105,""support"":513}}",,,,,
congestion_h3,congestion,target_congestion_h3,3,xgboost,xgb_deep,4,success,,109950,2400,96,8400,2025-01-01T00:00:00+05:30,2025-04-02T14:30:00+05:30,2025-04-02T16:00:00+05:30,2025-04-02T17:00:00+05:30,2025-04-09T16:30:00+05:30,8400,0.7946428571,0.5436160343,0.6570701795,0.5731705628,0.2740588838,0.5057718009,0.162038,0.050004,"{""balanced_class_weights"":{""Free-flow"":0.4032258065,""Heavy"":2.8708133971,""Moderate"":1.0101010101,""Severe"":5.504587156},""class_counts"":{""Free-flow"":1488,""Heavy"":209,""Moderate"":594,""Severe"":109},""rows"":2400}","[[5013,585,29,3],[269,1371,330,147],[8,130,154,182],[0,0,42,137]]","{""Free-flow"":{""f1"":0.9181318681,""precision"":0.947637051,""recall"":0.8904085258,""support"":5630},""Heavy"":{""f1"":0.2993197279,""precision"":0.2774774775,""recall"":0.3248945148,""support"":474},""Moderate"":{""f1"":0.6523911492,""precision"":0.6572387344,""recall"":0.6476145489,""support"":2117},""Severe"":{""f1"":0.4228395062,""precision"":0.2921108742,""recall"":0.7653631285,""support"":179}}",,,,,
congestion_h3,congestion,target_congestion_h3,3,xgboost,xgb_deep,5,success,,118350,2400,96,8325,2025-01-01T00:00:00+05:30,2025-04-09T14:30:00+05:30,2025-04-09T16:00:00+05:30,2025-04-09T17:00:00+05:30,2025-04-16T15:00:00+05:30,8325,0.7601201201,0.5974954137,0.5877265893,0.5886705869,0.3313541776,0.6082212171,0.203487,0.041342,"{""balanced_class_weights"":{""Free-flow"":0.3965631196,""Heavy"":2.8708133971,""Moderate"":1.0380622837,""Severe"":6.0},""class_counts"":{""Free-flow"":1513,""Heavy"":209,""Moderate"":578,""Severe"":100},""rows"":2400}","[[4461,617,24,5],[353,1404,207,100],[18,240,269,93],[0,149,191,194]]","{""Free-flow"":{""f1"":0.8976758225,""precision"":0.9232201987,""recall"":0.8735069512,""support"":5107},""Heavy"":{""f1"":0.4103737605,""precision"":0.3892908828,""recall"":0.4338709677,""support"":620},""Moderate"":{""f1"":0.6276262852,""precision"":0.5825726141,""recall"":0.6802325581,""support"":2064},""Severe"":{""f1"":0.4190064795,""precision"":0.4948979592,""recall"":0.3632958801,""support"":534}}",,,,,
congestion_h3,congestion,target_congestion_h3,3,svm,svm_regularized,1,success,,84750,2400,96,8400,2025-01-01T00:00:00+05:30,2025-03-12T14:30:00+05:30,2025-03-12T16:00:00+05:30,2025-03-12T17:00:00+05:30,2025-03-19T16:30:00+05:30,8400,0.7178571429,0.6002073616,0.5296374544,0.5175216649,,,0.057903,0.026338,"{""balanced_class_weights"":{""Free-flow"":0.395256917,""Heavy"":3.0,""Moderate"":1.1385199241,""Severe"":3.8709677419},""class_counts"":{""Free-flow"":1518,""Heavy"":200,""Moderate"":527,""Severe"":155},""rows"":2400}","[[4315,1005,1,2],[295,1450,47,28],[23,590,67,113],[7,224,35,198]]","{""Free-flow"":{""f1"":0.8662049583,""precision"":0.9299568966,""recall"":0.8106331016,""support"":5323},""Heavy"":{""f1"":0.1420996819,""precision"":0.4466666667,""recall"":0.0844892812,""support"":793},""Moderate"":{""f1"":0.5698565534,""precision"":0.4435607219,""recall"":0.7967032967,""support"":1820},""Severe"":{""f1"":0.4919254658,""precision"":0.5806451613,""recall"":0.4267241379,""support"":464}}",,,,,
congestion_h3,congestion,target_congestion_h3,3,svm,svm_regularized,2,success,,93150,2400,96,8400,2025-01-01T00:00:00+05:30,2025-03-19T14:30:00+05:30,2025-03-19T16:00:00+05:30,2025-03-19T17:00:00+05:30,2025-03-26T16:30:00+05:30,8400,0.7569047619,0.6215019464,0.5980185367,0.5895931529,,,0.052249,0.019618,"{""balanced_class_weights"":{""Free-flow"":0.4135079256,""Heavy"":3.2258064516,""Moderate"":0.963081862,""Severe"":4.2857142857},""class_counts"":{""Free-flow"":1451,""Heavy"":186,""Moderate"":623,""Severe"":140},""rows"":2400}","[[4385,590,2,1],[443,1278,364,33],[9,195,602,59],[0,30,316,93]]","{""Free-flow"":{""f1"":0.8935303107,""precision"":0.906553649,""recall"":0.8808758538,""support"":4978},""Heavy"":{""f1"":0.5602605863,""precision"":0.468847352,""recall"":0.6959537572,""support"":865},""Moderate"":{""f1"":0.6069817146,""precision"":0.6106067845,""recall"":0.6033994334,""support"":2118},""Severe"":{""f1"":0.2976,""precision"":0.5,""recall"":0.2118451025,""support"":439}}",,,,,
congestion_h3,congestion,target_congestion_h3,3,svm,svm_regularized,3,success,,101550,2400,96,8400,2025-01-01T00:00:00+05:30,2025-03-26T14:30:00+05:30,2025-03-26T16:00:00+05:30,2025-03-26T17:00:00+05:30,2025-04-02T16:30:00+05:30,8400,0.7042857143,0.5238739449,0.5156295781,0.5123305251,,,0.048965,0.019736,"{""balanced_class_weights"":{""Free-flow"":0.4294917681,""Heavy"":2.1352313167,""Moderate"":0.9174311927,""Severe"":8.8235294118},""class_counts"":{""Free-flow"":1397,""Heavy"":281,""Moderate"":654,""Severe"":68},""rows"":2400}","[[4153,600,38,8],[332,1369,252,119],[1,529,240,246],[0,259,100,154]]","{""Free-flow"":{""f1"":0.8945611201,""precision"":0.9257690593,""recall"":0.8653886226,""support"":4799},""Heavy"":{""f1"":0.2916160389,""precision"":0.380952381,""recall"":0.2362204724,""support"":1016},""Moderate"":{""f1"":0.5669910955,""precision"":0.4965542256,""recall"":0.6607142857,""support"":2072},""Severe"":{""f1"":0.2961538462,""precision"":0.2922201139,""recall"":0.3001949318,""support"":513}}",,,,,
congestion_h3,congestion,target_congestion_h3,3,svm,svm_regularized,4,success,,109950,2400,96,8400,2025-01-01T00:00:00+05:30,2025-04-02T14:30:00+05:30,2025-04-02T16:00:00+05:30,2025-04-02T17:00:00+05:30,2025-04-09T16:30:00+05:30,8400,0.7313095238,0.5375567215,0.5903374603,0.5587444577,,,0.045906,0.019921,"{""balanced_class_weights"":{""Free-flow"":0.4032258065,""Heavy"":2.8708133971,""Moderate"":1.0101010101,""Severe"":5.504587156},""class_counts"":{""Free-flow"":1488,""Heavy"":209,""Moderate"":594,""Severe"":109},""rows"":2400}","[[4640,944,45,1],[469,1208,405,35],[26,167,196,85],[0,34,46,99]]","{""Free-flow"":{""f1"":0.8620529494,""precision"":0.9036027264,""recall"":0.8241563055,""support"":5630},""Heavy"":{""f1"":0.3361921098,""precision"":0.2832369942,""recall"":0.4135021097,""support"":474},""Moderate"":{""f1"":0.54049217,""precision"":0.5133871653,""recall"":0.5706188002,""support"":2117},""Severe"":{""f1"":0.4962406015,""precision"":0.45,""recall"":0.5530726257,""support"":179}}",,,,,
congestion_h3,congestion,target_congestion_h3,3,svm,svm_regularized,5,success,,118350,2400,96,8325,2025-01-01T00:00:00+05:30,2025-04-09T14:30:00+05:30,2025-04-09T16:00:00+05:30,2025-04-09T17:00:00+05:30,2025-04-16T15:00:00+05:30,8325,0.7156756757,0.4692605416,0.4783324714,0.4664784362,,,0.046511,0.0217,"{""balanced_class_weights"":{""Free-flow"":0.3965631196,""Heavy"":2.8708133971,""Moderate"":1.0380622837,""Severe"":6.0},""class_counts"":{""Free-flow"":1513,""Heavy"":209,""Moderate"":578,""Severe"":100},""rows"":2400}","[[4682,354,59,12],[593,952,356,163],[65,192,275,88],[8,220,257,49]]","{""Free-flow"":{""f1"":0.8956480153,""precision"":0.8754674645,""recall"":0.916780889,""support"":5107},""Heavy"":{""f1"":0.3509891512,""precision"":0.2903907075,""recall"":0.4435483871,""support"":620},""Moderate"":{""f1"":0.5034373347,""precision"":0.5541327125,""recall"":0.4612403101,""support"":2064},""Severe"":{""f1"":0.1158392435,""precision"":0.1570512821,""recall"":0.0917602996,""support"":534}}",,,,,
congestion_h3,congestion,target_congestion_h3,3,svm,svm_default,1,success,,84750,2400,96,8400,2025-01-01T00:00:00+05:30,2025-03-12T14:30:00+05:30,2025-03-12T16:00:00+05:30,2025-03-12T17:00:00+05:30,2025-03-19T16:30:00+05:30,8400,0.7175,0.5930115448,0.5266544166,0.5153118331,,,0.051459,0.019421,"{""balanced_class_weights"":{""Free-flow"":0.395256917,""Heavy"":3.0,""Moderate"":1.1385199241,""Severe"":3.8709677419},""class_counts"":{""Free-flow"":1518,""Heavy"":200,""Moderate"":527,""Severe"":155},""rows"":2400}","[[4339,978,5,1],[314,1424,50,32],[25,586,67,115],[12,222,33,197]]","{""Free-flow"":{""f1"":0.8666733247,""precision"":0.9251599147,""recall"":0.8151418373,""support"":5323},""Heavy"":{""f1"":0.141350211,""precision"":0.4322580645,""recall"":0.0844892812,""support"":793},""Moderate"":{""f1"":0.5662027833,""precision"":0.4436137072,""recall"":0.7824175824,""support"":1820},""Severe"":{""f1"":0.4870210136,""precision"":0.5710144928,""recall"":0.4245689655,""support"":464}}",,,,,
congestion_h3,congestion,target_congestion_h3,3,svm,svm_default,2,success,,93150,2400,96,8400,2025-01-01T00:00:00+05:30,2025-03-19T14:30:00+05:30,2025-03-19T16:00:00+05:30,2025-03-19T17:00:00+05:30,2025-03-26T16:30:00+05:30,8400,0.7513095238,0.6098098644,0.604325527,0.5934188989,,,0.061677,0.018967,"{""balanced_class_weights"":{""Free-flow"":0.4135079256,""Heavy"":3.2258064516,""Moderate"":0.963081862,""Severe"":4.2857142857},""class_counts"":{""Free-flow"":1451,""Heavy"":186,""Moderate"":623,""Severe"":140},""rows"":2400}","[[4375,596,4,3],[425,1215,423,55],[7,181,604,73],[0,28,294,117]]","{""Free-flow"":{""f1"":0.8942258559,""precision"":0.9101310589,""recall"":0.8788670149,""support"":4978},""Heavy"":{""f1"":0.5515981735,""precision"":0.4558490566,""recall"":0.698265896,""support"":865},""Moderate"":{""f1"":0.5872402127,""precision"":0.6014851485,""recall"":0.5736543909,""support"":2118},""Severe"":{""f1"":0.3406113537,""precision"":0.4717741935,""recall"":0.2665148064,""support"":439}}",,,,,
congestion_h3,congestion,target_congestion_h3,3,svm,svm_default,3,success,,101550,2400,96,8400,2025-01-01T00:00:00+05:30,2025-03-26T14:30:00+05:30,2025-03-26T16:00:00+05:30,2025-03-26T17:00:00+05:30,2025-04-02T16:30:00+05:30,8400,0.6989285714,0.5334268414,0.5225580247,0.5211667871,,,0.056445,0.021919,"{""balanced_class_weights"":{""Free-flow"":0.4294917681,""Heavy"":2.1352313167,""Moderate"":0.9174311927,""Severe"":8.8235294118},""class_counts"":{""Free-flow"":1397,""Heavy"":281,""Moderate"":654,""Severe"":68},""rows"":2400}","[[4136,636,22,5],[414,1296,250,112],[7,502,262,245],[0,234,102,177]]","{""Free-flow"":{""f1"":0.8841385207,""precision"":0.9076146588,""recall"":0.861846218,""support"":4799},""Heavy"":{""f1"":0.3171912833,""precision"":0.4119496855,""recall"":0.2578740157,""support"":1016},""Moderate"":{""f1"":0.546835443,""precision"":0.4857571214,""recall"":0.6254826255,""support"":2072},""Severe"":{""f1"":0.3365019011,""precision"":0.3283858998,""recall"":0.3450292398,""support"":513}}",,,,,
congestion_h3,congestion,target_congestion_h3,3,svm,svm_default,4,success,,109950,2400,96,8400,2025-01-01T00:00:00+05:30,2025-04-02T14:30:00+05:30,2025-04-02T16:00:00+05:30,2025-04-02T17:00:00+05:30,2025-04-09T16:30:00+05:30,8400,0.7278571429,0.5180473353,0.5943825165,0.5465781329,,,0.062416,0.020669,"{""balanced_class_weights"":{""Free-flow"":0.4032258065,""Heavy"":2.8708133971,""Moderate"":1.0101010101,""Severe"":5.504587156},""class_counts"":{""Free-flow"":1488,""Heavy"":209,""Moderate"":594,""Severe"":109},""rows"":2400}","[[4676,898,54,2],[492,1148,432,45],[41,135,177,121],[1,28,37,113]]","{""Free-flow"":{""f1"":0.8627306273,""precision"":0.8975047985,""recall"":0.8305506217,""support"":5630},""Heavy"":{""f1"":0.3015332198,""precision"":0.2528571429,""recall"":0.3734177215,""support"":474},""Moderate"":{""f1"":0.5307443366,""precision"":0.5196921684,""recall"":0.5422768068,""support"":2117},""Severe"":{""f1"":0.4913043478,""precision"":0.4021352313,""recall"":0.6312849162,""support"":179}}",,,,,
congestion_h3,congestion,target_congestion_h3,3,svm,svm_default,5,success,,118350,2400,96,8325,2025-01-01T00:00:00+05:30,2025-04-09T14:30:00+05:30,2025-04-09T16:00:00+05:30,2025-04-09T17:00:00+05:30,2025-04-16T15:00:00+05:30,8325,0.7204804805,0.4782936609,0.47744705,0.4723239624,,,0.053562,0.019532,"{""balanced_class_weights"":{""Free-flow"":0.3965631196,""Heavy"":2.8708133971,""Moderate"":1.0380622837,""Severe"":6.0},""class_counts"":{""Free-flow"":1513,""Heavy"":209,""Moderate"":578,""Severe"":100},""rows"":2400}","[[4731,321,36,19],[649,954,312,149],[69,185,250,116],[6,210,255,63]]","{""Free-flow"":{""f1"":0.8958530581,""precision"":0.8672777269,""recall"":0.926375563,""support"":5107},""Heavy"":{""f1"":0.339443313,""precision"":0.2930832356,""recall"":0.4032258065,""support"":620},""Moderate"":{""f1"":0.5109801821,""precision"":0.571257485,""recall"":0.4622093023,""support"":2064},""Severe"":{""f1"":0.1430192963,""precision"":0.181556196,""recall"":0.1179775281,""support"":534}}",,,,,
congestion_h4,congestion,target_congestion_h4,4,decision_tree,tree_balanced,1,success,,84750,2400,96,8400,2025-01-01T00:00:00+05:30,2025-03-12T14:30:00+05:30,2025-03-12T16:30:00+05:30,2025-03-12T17:00:00+05:30,2025-03-19T16:30:00+05:30,8400,0.7320238095,0.5736749336,0.6130780218,0.5874870468,0.4210648396,3.6697056027,0.040457,0.040474,"{""balanced_class_weights"":{""Free-flow"":0.395256917,""Heavy"":2.8037383178,""Moderate"":1.1428571429,""Severe"":4.1958041958},""class_counts"":{""Free-flow"":1518,""Heavy"":214,""Moderate"":525,""Severe"":143},""rows"":2400}","[[4378,809,101,35],[251,1116,390,68],[14,173,446,162],[4,27,217,209]]","{""Free-flow"":{""f1"":0.8782347041,""precision"":0.9421131913,""recall"":0.8224685328,""support"":5323},""Heavy"":{""f1"":0.4576706003,""precision"":0.3864818024,""recall"":0.5610062893,""support"":795},""Moderate"":{""f1"":0.5650632911,""precision"":0.5251764706,""recall"":0.6115068493,""support"":1825},""Severe"":{""f1"":0.4489795918,""precision"":0.44092827,""recall"":0.4573304158,""support"":457}}",,,,,
congestion_h4,congestion,target_congestion_h4,4,decision_tree,tree_balanced,2,success,,93150,2400,96,8400,2025-01-01T00:00:00+05:30,2025-03-19T14:30:00+05:30,2025-03-19T16:30:00+05:30,2025-03-19T17:00:00+05:30,2025-03-26T16:30:00+05:30,8400,0.7158333333,0.5560072607,0.5466105545,0.544791296,0.4321919139,3.5049420348,0.041337,0.043495,"{""balanced_class_weights"":{""Free-flow"":0.4084411164,""Heavy"":2.6785714286,""Moderate"":1.0434782609,""Severe"":4.5454545455},""class_counts"":{""Free-flow"":1469,""Heavy"":224,""Moderate"":575,""Severe"":132},""rows"":2400}","[[4148,729,100,1],[139,1412,533,30],[1,405,306,152],[0,216,81,147]]","{""Free-flow"":{""f1"":0.8953162098,""precision"":0.9673507463,""recall"":0.833266372,""support"":4978},""Heavy"":{""f1"":0.3248407643,""precision"":0.3,""recall"":0.3541666667,""support"":864},""Moderate"":{""f1"":0.5791632486,""precision"":0.5112237509,""recall"":0.6679280984,""support"":2114},""Severe"":{""f1"":0.3798449612,""precision"":0.4454545455,""recall"":0.3310810811,""support"":444}}",,,,,
congestion_h4,congestion,target_congestion_h4,4,decision_tree,tree_balanced,3,success,,101550,2400,96,8400,2025-01-01T00:00:00+05:30,2025-03-26T14:30:00+05:30,2025-03-26T16:30:00+05:30,2025-03-26T17:00:00+05:30,2025-04-02T16:30:00+05:30,8400,0.7089285714,0.5485194039,0.5506900967,0.5448980083,0.466970218,5.1837052952,0.038888,0.04182,"{""balanced_class_weights"":{""Free-flow"":0.4273504274,""Heavy"":2.1978021978,""Moderate"":0.9478672986,""Severe"":6.6666666667},""class_counts"":{""Free-flow"":1404,""Heavy"":273,""Moderate"":633,""Severe"":90},""rows"":2400}","[[4054,662,81,2],[373,1250,389,61],[3,303,533,178],[0,88,305,118]]","{""Free-flow"":{""f1"":0.8785350526,""precision"":0.9151241535,""recall"":0.8447593249,""support"":4799},""Heavy"":{""f1"":0.4584946237,""precision"":0.4074923547,""recall"":0.5240904621,""support"":1017},""Moderate"":{""f1"":0.571297989,""precision"":0.5427702996,""recall"":0.6029908345,""support"":2073},""Severe"":{""f1"":0.2712643678,""precision"":0.3286908078,""recall"":0.2309197652,""support"":511}}",,,,,
congestion_h4,congestion,target_congestion_h4,4,decision_tree,tree_balanced,4,success,,109950,2400,96,8400,2025-01-01T00:00:00+05:30,2025-04-02T14:30:00+05:30,2025-04-02T16:30:00+05:30,2025-04-02T17:00:00+05:30,2025-04-09T16:30:00+05:30,8400,0.715,0.472473109,0.613740445,0.49332383,0.4218411882,3.021100965,0.040566,0.04333,"{""balanced_class_weights"":{""Free-flow"":0.4037685061,""Heavy"":2.2388059701,""Moderate"":1.0563380282,""Severe"":7.6923076923},""class_counts"":{""Free-flow"":1486,""Heavy"":268,""Moderate"":568,""Severe"":78},""rows"":2400}","[[4399,863,290,78],[208,1346,250,334],[4,141,129,185],[0,17,24,132]]","{""Free-flow"":{""f1"":0.8590957914,""precision"":0.9540229885,""recall"":0.7813499112,""support"":5630},""Heavy"":{""f1"":0.2239583333,""precision"":0.1861471861,""recall"":0.2810457516,""support"":459},""Moderate"":{""f1"":0.5975582686,""precision"":0.5686523025,""recall"":0.6295603368,""support"":2138},""Severe"":{""f1"":0.2926829268,""precision"":0.1810699588,""recall"":0.7630057803,""support"":173}}",,,,,
congestion_h4,congestion,target_congestion_h4,4,decision_tree,tree_balanced,5,success,,118350,2400,96,8300,2025-01-01T00:00:00+05:30,2025-04-09T14:30:00+05:30,2025-04-09T16:30:00+05:30,2025-04-09T17:00:00+05:30,2025-04-16T14:30:00+05:30,8300,0.7309638554,0.5781032657,0.5618749542,0.5587403556,0.4330128815,4.2935612409,0.039957,0.041356,"{""balanced_class_weights"":{""Free-flow"":0.4037685061,""Heavy"":3.2085561497,""Moderate"":0.9900990099,""Severe"":4.958677686},""class_counts"":{""Free-flow"":1486,""Heavy"":187,""Moderate"":606,""Severe"":121},""rows"":2400}","[[4120,943,44,0],[178,1557,242,64],[18,286,206,108],[23,176,151,184]]","{""Free-flow"":{""f1"":0.8723269109,""precision"":0.9495275409,""recall"":0.8067358528,""support"":5107},""Heavy"":{""f1"":0.3267248216,""precision"":0.3203732504,""recall"":0.3333333333,""support"":618},""Moderate"":{""f1"":0.6224265441,""precision"":0.525658339,""recall"":0.7628613425,""support"":2041},""Severe"":{""f1"":0.4134831461,""precision"":0.5168539326,""recall"":0.3445692884,""support"":534}}",,,,,
congestion_h4,congestion,target_congestion_h4,4,decision_tree,tree_deep,1,success,,84750,2400,96,8400,2025-01-01T00:00:00+05:30,2025-03-12T14:30:00+05:30,2025-03-12T16:30:00+05:30,2025-03-12T17:00:00+05:30,2025-03-19T16:30:00+05:30,8400,0.7255952381,0.5676072935,0.6106959849,0.5847143712,0.4677496231,5.9984327529,0.042163,0.042832,"{""balanced_class_weights"":{""Free-flow"":0.395256917,""Heavy"":2.8037383178,""Moderate"":1.1428571429,""Severe"":4.1958041958},""class_counts"":{""Free-flow"":1518,""Heavy"":214,""Moderate"":525,""Severe"":143},""rows"":2400}","[[4393,782,127,21],[332,1057,359,77],[12,187,401,195],[0,28,185,244]]","{""Free-flow"":{""f1"":0.873359841,""precision"":0.9273801984,""recall"":0.8252864926,""support"":5323},""Heavy"":{""f1"":0.4295661489,""precision"":0.3740671642,""recall"":0.5044025157,""support"":795},""Moderate"":{""f1"":0.5449858211,""precision"":0.5146056475,""recall"":0.5791780822,""support"":1825},""Severe"":{""f1"":0.490945674,""precision"":0.4543761639,""recall"":0.533916849,""support"":457}}",,,,,
congestion_h4,congestion,target_congestion_h4,4,decision_tree,tree_deep,2,success,,93150,2400,96,8400,2025-01-01T00:00:00+05:30,2025-03-19T14:30:00+05:30,2025-03-19T16:30:00+05:30,2025-03-19T17:00:00+05:30,2025-03-26T16:30:00+05:30,8400,0.710952381,0.5095290702,0.5247697866,0.515531319,0.4751081409,5.9487721861,0.04272,0.042958,"{""balanced_class_weights"":{""Free-flow"":0.4084411164,""Heavy"":2.6785714286,""Moderate"":1.0434782609,""Severe"":4.5454545455},""class_counts"":{""Free-flow"":1469,""Heavy"":224,""Moderate"":575,""Severe"":132},""rows"":2400}","[[4266,608,42,62],[273,1235,395,211],[0,346,368,150],[0,181,160,103]]","{""Free-flow"":{""f1"":0.8965009982,""precision"":0.9398545935,""recall"":0.856970671,""support"":4978},""Heavy"":{""f1"":0.4024056862,""precision"":0.3813471503,""recall"":0.4259259259,""support"":864},""Moderate"":{""f1"":0.5508474576,""precision"":0.5210970464,""recall"":0.5842005676,""support"":2114},""Severe"":{""f1"":0.212371134,""precision"":0.1958174905,""recall"":0.231981982,""support"":444}}",,,,,
congestion_h4,congestion,target_congestion_h4,4,decision_tree,tree_deep,3,success,,101550,2400,96,8400,2025-01-01T00:00:00+05:30,2025-03-26T14:30:00+05:30,2025-03-26T16:30:00+05:30,2025-03-26T17:00:00+05:30,2025-04-02T16:30:00+05:30,8400,0.6976190476,0.5342728975,0.5335636388,0.5316778508,0.5205734965,7.5134525917,0.041484,0.042155,"{""balanced_class_weights"":{""Free-flow"":0.4273504274,""Heavy"":2.1978021978,""Moderate"":0.9478672986,""Severe"":6.6666666667},""class_counts"":{""Free-flow"":1404,""Heavy"":273,""Moderate"":633,""Severe"":90},""rows"":2400}","[[4023,703,71,2],[364,1291,342,76],[20,379,406,212],[1,128,242,140]]","{""Free-flow"":{""f1"":0.8739002933,""precision"":0.9126588022,""recall"":0.8382996458,""support"":4799},""Heavy"":{""f1"":0.3907603465,""precision"":0.3826578699,""recall"":0.3992133727,""support"":1017},""Moderate"":{""f1"":0.5644949716,""precision"":0.5161935226,""recall"":0.6227689339,""support"":2073},""Severe"":{""f1"":0.2975557917,""precision"":0.3255813953,""recall"":0.2739726027,""support"":511}}",,,,,
congestion_h4,congestion,target_congestion_h4,4,decision_tree,tree_deep,4,success,,109950,2400,96,8400,2025-01-01T00:00:00+05:30,2025-04-02T14:30:00+05:30,2025-04-02T16:30:00+05:30,2025-04-02T17:00:00+05:30,2025-04-09T16:30:00+05:30,8400,0.7017857143,0.4739691928,0.5807202069,0.5000370322,0.4854516049,5.4646800496,0.042806,0.042691,"{""balanced_class_weights"":{""Free-flow"":0.4037685061,""Heavy"":2.2388059701,""Moderate"":1.0563380282,""Severe"":7.6923076923},""class_counts"":{""Free-flow"":1486,""Heavy"":268,""Moderate"":568,""Severe"":78},""rows"":2400}","[[4531,778,300,21],[430,1098,492,118],[15,158,148,138],[0,18,37,118]]","{""Free-flow"":{""f1"":0.8544220253,""precision"":0.9105707395,""recall"":0.8047957371,""support"":5630},""Heavy"":{""f1"":0.2061281337,""precision"":0.1514841351,""recall"":0.3224400871,""support"":459},""Moderate"":{""f1"":0.5241050119,""precision"":0.5350877193,""recall"":0.5135640786,""support"":2138},""Severe"":{""f1"":0.4154929577,""precision"":0.2987341772,""recall"":0.6820809249,""support"":173}}",,,,,
congestion_h4,congestion,target_congestion_h4,4,decision_tree,tree_deep,5,success,,118350,2400,96,8300,2025-01-01T00:00:00+05:30,2025-04-09T14:30:00+05:30,2025-04-09T16:30:00+05:30,2025-04-09T17:00:00+05:30,2025-04-16T14:30:00+05:30,8300,0.7130120482,0.5438341736,0.5284044709,0.5246881489,0.4699948254,6.262395975,0.042473,0.041634,"{""balanced_class_weights"":{""Free-flow"":0.4037685061,""Heavy"":3.2085561497,""Moderate"":0.9900990099,""Severe"":4.958677686},""class_counts"":{""Free-flow"":1486,""Heavy"":187,""Moderate"":606,""Severe"":121},""rows"":2400}","[[4096,902,66,43],[214,1485,270,72],[32,334,185,67],[11,216,155,152]]","{""Free-flow"":{""f1"":0.865961945,""precision"":0.9409602573,""recall"":0.8020364206,""support"":5107},""Heavy"":{""f1"":0.285935085,""precision"":0.2736686391,""recall"":0.2993527508,""support"":618},""Moderate"":{""f1"":0.5966251507,""precision"":0.5056179775,""recall"":0.7275845174,""support"":2041},""Severe"":{""f1"":0.3502304147,""precision"":0.4550898204,""recall"":0.2846441948,""support"":534}}",,,,,
congestion_h4,congestion,target_congestion_h4,4,random_forest,forest_balanced,1,success,,84750,2400,96,8400,2025-01-01T00:00:00+05:30,2025-03-12T14:30:00+05:30,2025-03-12T16:30:00+05:30,2025-03-12T17:00:00+05:30,2025-03-19T16:30:00+05:30,8400,0.7952380952,0.6733619765,0.6845435041,0.6756659061,0.2839072412,0.5154572259,0.08565,0.075183,"{""balanced_class_weights"":{""Free-flow"":0.395256917,""Heavy"":2.8037383178,""Moderate"":1.1428571429,""Severe"":4.1958041958},""class_counts"":{""Free-flow"":1518,""Heavy"":214,""Moderate"":525,""Severe"":143},""rows"":2400}","[[4604,716,0,3],[266,1345,178,36],[7,165,498,125],[0,14,210,233]]","{""Free-flow"":{""f1"":0.902745098,""precision"":0.9440229649,""recall"":0.8649257937,""support"":5323},""Heavy"":{""f1"":0.5925044616,""precision"":0.5620767494,""recall"":0.6264150943,""support"":795},""Moderate"":{""f1"":0.6617466175,""precision"":0.6004464286,""recall"":0.7369863014,""support"":1825},""Severe"":{""f1"":0.5456674473,""precision"":0.5869017632,""recall"":0.5098468271,""support"":457}}",,,,,
congestion_h4,congestion,target_congestion_h4,4,random_forest,forest_balanced,2,success,,93150,2400,96,8400,2025-01-01T00:00:00+05:30,2025-03-19T14:30:00+05:30,2025-03-19T16:30:00+05:30,2025-03-19T17:00:00+05:30,2025-03-26T16:30:00+05:30,8400,0.8019047619,0.660183451,0.6664207195,0.6560323499,0.2609413087,0.4442111642,0.087308,0.079321,"{""balanced_class_weights"":{""Free-flow"":0.4084411164,""Heavy"":2.6785714286,""Moderate"":1.0434782609,""Severe"":4.5454545455},""class_counts"":{""Free-flow"":1469,""Heavy"":224,""Moderate"":575,""Severe"":132},""rows"":2400}","[[4472,503,1,2],[230,1688,170,26],[1,337,300,226],[0,58,110,276]]","{""Free-flow"":{""f1"":0.9238715009,""precision"":0.9508824155,""recall"":0.8983527521,""support"":4978},""Heavy"":{""f1"":0.4152249135,""precision"":0.5163511188,""recall"":0.3472222222,""support"":864},""Moderate"":{""f1"":0.7182978723,""precision"":0.652745553,""recall"":0.7984862819,""support"":2114},""Severe"":{""f1"":0.5667351129,""precision"":0.520754717,""recall"":0.6216216216,""support"":444}}",,,,,
congestion_h4,congestion,target_congestion_h4,4,random_forest,forest_balanced,3,success,,101550,2400,96,8400,2025-01-01T00:00:00+05:30,2025-03-26T14:30:00+05:30,2025-03-26T16:30:00+05:30,2025-03-26T17:00:00+05:30,2025-04-02T16:30:00+05:30,8400,0.7319047619,0.5940285468,0.56732129,0.5699677666,0.3396469093,0.6538376117,0.089159,0.078569,"{""balanced_class_weights"":{""Free-flow"":0.4273504274,""Heavy"":2.1978021978,""Moderate"":0.9478672986,""Severe"":6.6666666667},""class_counts"":{""Free-flow"":1404,""Heavy"":273,""Moderate"":633,""Severe"":90},""rows"":2400}","[[4066,728,4,1],[370,1460,218,25],[3,371,513,130],[0,118,284,109]]","{""Free-flow"":{""f1"":0.8802771163,""precision"":0.9159720658,""recall"":0.8472598458,""support"":4799},""Heavy"":{""f1"":0.5039292731,""precision"":0.5034347399,""recall"":0.5044247788,""support"":1017},""Moderate"":{""f1"":0.6147368421,""precision"":0.5453866268,""recall"":0.7042932947,""support"":2073},""Severe"":{""f1"":0.2809278351,""precision"":0.4113207547,""recall"":0.2133072407,""support"":511}}",,,,,
congestion_h4,congestion,target_congestion_h4,4,random_forest,forest_balanced,4,success,,109950,2400,96,8400,2025-01-01T00:00:00+05:30,2025-04-02T14:30:00+05:30,2025-04-02T16:30:00+05:30,2025-04-02T17:00:00+05:30,2025-04-09T16:30:00+05:30,8400,0.814047619,0.6338698991,0.6502469334,0.6367893786,0.2694916279,0.486128617,0.07716,0.080006,"{""balanced_class_weights"":{""Free-flow"":0.4037685061,""Heavy"":2.2388059701,""Moderate"":1.0563380282,""Severe"":7.6923076923},""class_counts"":{""Free-flow"":1486,""Heavy"":268,""Moderate"":568,""Severe"":78},""rows"":2400}","[[4882,738,10,0],[250,1631,248,9],[3,146,252,58],[0,4,96,73]]","{""Free-flow"":{""f1"":0.9070134696,""precision"":0.9507302824,""recall"":0.8671403197,""support"":5630},""Heavy"":{""f1"":0.4732394366,""precision"":0.4158415842,""recall"":0.5490196078,""support"":459},""Moderate"":{""f1"":0.7004509341,""precision"":0.6474791584,""recall"":0.7628624883,""support"":2138},""Severe"":{""f1"":0.4664536741,""precision"":0.5214285714,""recall"":0.4219653179,""support"":173}}",,,,,
congestion_h4,congestion,target_congestion_h4,4,random_forest,forest_balanced,5,success,,118350,2400,96,8300,2025-01-01T00:00:00+05:30,2025-04-09T14:30:00+05:30,2025-04-09T16:30:00+05:30,2025-04-09T17:00:00+05:30,2025-04-16T14:30:00+05:30,8300,0.7744578313,0.6761756625,0.5962222901,0.6104438758,0.3141165282,0.8497104551,0.083445,0.080878,"{""balanced_class_weights"":{""Free-flow"":0.4037685061,""Heavy"":3.2085561497,""Moderate"":0.9900990099,""Severe"":4.958677686},""class_counts"":{""Free-flow"":1486,""Heavy"":187,""Moderate"":606,""Severe"":121},""rows"":2400}","[[4387,720,0,0],[291,1613,117,20],[18,300,259,41],[3,178,184,169]]","{""Free-flow"":{""f1"":0.8947583112,""precision"":0.9336028942,""recall"":0.8590170354,""support"":5107},""Heavy"":{""f1"":0.4397283531,""precision"":0.4625,""recall"":0.4190938511,""support"":618},""Moderate"":{""f1"":0.6648804617,""precision"":0.5738171469,""recall"":0.7902988731,""support"":2041},""Severe"":{""f1"":0.442408377,""precision"":0.7347826087,""recall"":0.3164794007,""support"":534}}",,,,,
congestion_h4,congestion,target_congestion_h4,4,random_forest,forest_deep,1,success,,84750,2400,96,8400,2025-01-01T00:00:00+05:30,2025-03-12T14:30:00+05:30,2025-03-12T16:30:00+05:30,2025-03-12T17:00:00+05:30,2025-03-19T16:30:00+05:30,8400,0.7961904762,0.6731357797,0.6715740742,0.6685748888,0.2763838464,0.509004044,0.122469,0.079078,"{""balanced_class_weights"":{""Free-flow"":0.395256917,""Heavy"":2.8037383178,""Moderate"":1.1428571429,""Severe"":4.1958041958},""class_counts"":{""Free-flow"":1518,""Heavy"":214,""Moderate"":525,""Severe"":143},""rows"":2400}","[[4679,643,0,1],[325,1293,177,30],[14,165,503,113],[0,12,232,213]]","{""Free-flow"":{""f1"":0.904941495,""precision"":0.9324432045,""recall"":0.8790155927,""support"":5323},""Heavy"":{""f1"":0.5893380199,""precision"":0.5515350877,""recall"":0.6327044025,""support"":795},""Moderate"":{""f1"":0.656678517,""precision"":0.6119261713,""recall"":0.7084931507,""support"":1825},""Severe"":{""f1"":0.5233415233,""precision"":0.5966386555,""recall"":0.466083151,""support"":457}}",,,,,
congestion_h4,congestion,target_congestion_h4,4,random_forest,forest_deep,2,success,,93150,2400,96,8400,2025-01-01T00:00:00+05:30,2025-03-19T14:30:00+05:30,2025-03-19T16:30:00+05:30,2025-03-19T17:00:00+05:30,2025-03-26T16:30:00+05:30,8400,0.7963095238,0.6573441059,0.6180982588,0.6312057636,0.2680102084,0.461579585,0.121674,0.076598,"{""balanced_class_weights"":{""Free-flow"":0.4084411164,""Heavy"":2.6785714286,""Moderate"":1.0434782609,""Severe"":4.5454545455},""class_counts"":{""Free-flow"":1469,""Heavy"":224,""Moderate"":575,""Severe"":132},""rows"":2400}","[[4572,401,2,3],[328,1612,163,11],[3,402,316,143],[0,123,132,189]]","{""Free-flow"":{""f1"":0.9254124077,""precision"":0.9324903121,""recall"":0.918441141,""support"":4978},""Heavy"":{""f1"":0.4278943805,""precision"":0.515497553,""recall"":0.3657407407,""support"":864},""Moderate"":{""f1"":0.6930352537,""precision"":0.6351457841,""recall"":0.7625354778,""support"":2114},""Severe"":{""f1"":0.4784810127,""precision"":0.5462427746,""recall"":0.4256756757,""support"":444}}",,,,,
congestion_h4,congestion,target_congestion_h4,4,random_forest,forest_deep,3,success,,101550,2400,96,8400,2025-01-01T00:00:00+05:30,2025-03-26T14:30:00+05:30,2025-03-26T16:30:00+05:30,2025-03-26T17:00:00+05:30,2025-04-02T16:30:00+05:30,8400,0.7397619048,0.6113673089,0.5591059279,0.565432479,0.3359760659,0.8128782936,0.12162,0.090992,"{""balanced_class_weights"":{""Free-flow"":0.4273504274,""Heavy"":2.1978021978,""Moderate"":0.9478672986,""Severe"":6.6666666667},""class_counts"":{""Free-flow"":1404,""Heavy"":273,""Moderate"":633,""Severe"":90},""rows"":2400}","[[4156,633,9,1],[386,1479,192,16],[3,440,489,85],[0,168,253,90]]","{""Free-flow"":{""f1"":0.8895547945,""precision"":0.9144114411,""recall"":0.8660137529,""support"":4799},""Heavy"":{""f1"":0.4989795918,""precision"":0.5185577943,""recall"":0.4808259587,""support"":1017},""Moderate"":{""f1"":0.6171500104,""precision"":0.54375,""recall"":0.7134587554,""support"":2073},""Severe"":{""f1"":0.2560455192,""precision"":0.46875,""recall"":0.1761252446,""support"":511}}",,,,,
congestion_h4,congestion,target_congestion_h4,4,random_forest,forest_deep,4,success,,109950,2400,96,8400,2025-01-01T00:00:00+05:30,2025-04-02T14:30:00+05:30,2025-04-02T16:30:00+05:30,2025-04-02T17:00:00+05:30,2025-04-09T16:30:00+05:30,8400,0.8117857143,0.6034551377,0.6170501256,0.6067745287,0.2629415362,0.504803244,0.168527,0.077816,"{""balanced_class_weights"":{""Free-flow"":0.4037685061,""Heavy"":2.2388059701,""Moderate"":1.0563380282,""Severe"":7.6923076923},""class_counts"":{""Free-flow"":1486,""Heavy"":268,""Moderate"":568,""Severe"":78},""rows"":2400}","[[4927,694,9,0],[299,1596,217,26],[4,157,240,58],[0,17,100,56]]","{""Free-flow"":{""f1"":0.9073664825,""precision"":0.9420650096,""recall"":0.8751332149,""support"":5630},""Heavy"":{""f1"":0.4682926829,""precision"":0.4240282686,""recall"":0.522875817,""support"":459},""Moderate"":{""f1"":0.6936114733,""precision"":0.6477272727,""recall"":0.7464920486,""support"":2138},""Severe"":{""f1"":0.357827476,""precision"":0.4,""recall"":0.323699422,""support"":173}}",,,,,
congestion_h4,congestion,target_congestion_h4,4,random_forest,forest_deep,5,success,,118350,2400,96,8300,2025-01-01T00:00:00+05:30,2025-04-09T14:30:00+05:30,2025-04-09T16:30:00+05:30,2025-04-09T17:00:00+05:30,2025-04-16T14:30:00+05:30,8300,0.7773493976,0.6932508318,0.5765416307,0.5950959726,0.3185621209,0.8915538082,0.129197,0.077987,"{""balanced_class_weights"":{""Free-flow"":0.4037685061,""Heavy"":3.2085561497,""Moderate"":0.9900990099,""Severe"":4.958677686},""class_counts"":{""Free-flow"":1486,""Heavy"":187,""Moderate"":606,""Severe"":121},""rows"":2400}","[[4428,679,0,0],[281,1661,91,8],[19,357,214,28],[5,223,157,149]]","{""Free-flow"":{""f1"":0.9,""precision"":0.9355588422,""recall"":0.867045232,""support"":5107},""Heavy"":{""f1"":0.3962962963,""precision"":0.4632034632,""recall"":0.3462783172,""support"":618},""Moderate"":{""f1"":0.6696230599,""precision"":0.5688356164,""recall"":0.8138167565,""support"":2041},""Severe"":{""f1"":0.4144645341,""precision"":0.8054054054,""recall"":0.2790262172,""support"":534}}",,,,,
congestion_h4,congestion,target_congestion_h4,4,xgboost,xgb_balanced,1,success,,84750,2400,96,8400,2025-01-01T00:00:00+05:30,2025-03-12T14:30:00+05:30,2025-03-12T16:30:00+05:30,2025-03-12T17:00:00+05:30,2025-03-19T16:30:00+05:30,8400,0.7754761905,0.6709858982,0.6737898575,0.6630647425,0.2853362294,0.4969893236,0.080662,0.041602,"{""balanced_class_weights"":{""Free-flow"":0.395256917,""Heavy"":2.8037383178,""Moderate"":1.1428571429,""Severe"":4.1958041958},""class_counts"":{""Free-flow"":1518,""Heavy"":214,""Moderate"":525,""Severe"":143},""rows"":2400}","[[4375,948,0,0],[176,1492,140,17],[14,234,387,160],[0,63,134,260]]","{""Free-flow"":{""f1"":0.8849110032,""precision"":0.9583789704,""recall"":0.8219049408,""support"":5323},""Heavy"":{""f1"":0.5315934066,""precision"":0.5854765507,""recall"":0.4867924528,""support"":795},""Moderate"":{""f1"":0.6540990794,""precision"":0.5451223968,""recall"":0.8175342466,""support"":1825},""Severe"":{""f1"":0.581655481,""precision"":0.5949656751,""recall"":0.5689277899,""support"":457}}",,,,,
congestion_h4,congestion,target_congestion_h4,4,xgboost,xgb_balanced,2,success,,93150,2400,96,8400,2025-01-01T00:00:00+05:30,2025-03-19T14:30:00+05:30,2025-03-19T16:30:00+05:30,2025-03-19T17:00:00+05:30,2025-03-26T16:30:00+05:30,8400,0.7451190476,0.6039851488,0.6483226532,0.6206423949,0.3168909912,0.5593134206,0.082985,0.04866,"{""balanced_class_weights"":{""Free-flow"":0.4084411164,""Heavy"":2.6785714286,""Moderate"":1.0434782609,""Severe"":4.5454545455},""class_counts"":{""Free-flow"":1469,""Heavy"":224,""Moderate"":575,""Severe"":132},""rows"":2400}","[[4180,780,17,1],[141,1368,574,31],[7,167,452,238],[0,28,157,259]]","{""Free-flow"":{""f1"":0.8983451537,""precision"":0.9658040665,""recall"":0.8396946565,""support"":4978},""Heavy"":{""f1"":0.4379844961,""precision"":0.3766666667,""recall"":0.5231481481,""support"":864},""Moderate"":{""f1"":0.613865829,""precision"":0.5838668374,""recall"":0.6471144749,""support"":2114},""Severe"":{""f1"":0.5323741007,""precision"":0.4896030246,""recall"":0.5833333333,""support"":444}}",,,,,
congestion_h4,congestion,target_congestion_h4,4,xgboost,xgb_balanced,3,success,,101550,2400,96,8400,2025-01-01T00:00:00+05:30,2025-03-26T14:30:00+05:30,2025-03-26T16:30:00+05:30,2025-03-26T17:00:00+05:30,2025-04-02T16:30:00+05:30,8400,0.7382142857,0.6189021808,0.5966628681,0.6017516101,0.3432522679,0.6091645787,0.081291,0.044502,"{""balanced_class_weights"":{""Free-flow"":0.4273504274,""Heavy"":2.1978021978,""Moderate"":0.9478672986,""Severe"":6.6666666667},""class_counts"":{""Free-flow"":1404,""Heavy"":273,""Moderate"":633,""Severe"":90},""rows"":2400}","[[4095,690,14,0],[430,1384,234,25],[11,299,562,145],[0,95,256,160]]","{""Free-flow"":{""f1"":0.8773433315,""precision"":0.9027777778,""recall"":0.8533027714,""support"":4799},""Heavy"":{""f1"":0.539606337,""precision"":0.5272045028,""recall"":0.552605703,""support"":1017},""Moderate"":{""f1"":0.6095573662,""precision"":0.5607779579,""recall"":0.667631452,""support"":2073},""Severe"":{""f1"":0.3804994055,""precision"":0.4848484848,""recall"":0.313111546,""support"":511}}",,,,,
congestion_h4,congestion,target_congestion_h4,4,xgboost,xgb_balanced,4,success,,109950,2400,96,8400,2025-01-01T00:00:00+05:30,2025-04-02T14:30:00+05:30,2025-04-02T16:30:00+05:30,2025-04-02T17:00:00+05:30,2025-04-09T16:30:00+05:30,8400,0.7625,0.5312529687,0.5879246953,0.5525370036,0.3284633747,0.6065955235,0.080476,0.046916,"{""balanced_class_weights"":{""Free-flow"":0.4037685061,""Heavy"":2.2388059701,""Moderate"":1.0563380282,""Severe"":7.6923076923},""class_counts"":{""Free-flow"":1486,""Heavy"":268,""Moderate"":568,""Severe"":78},""rows"":2400}","[[4631,986,13,0],[290,1481,311,56],[8,112,238,101],[0,6,112,55]]","{""Free-flow"":{""f1"":0.8771663983,""precision"":0.9395414891,""recall"":0.8225577265,""support"":5630},""Heavy"":{""f1"":0.4201235658,""precision"":0.353115727,""recall"":0.5185185185,""support"":459},""Moderate"":{""f1"":0.6271437646,""precision"":0.5729206963,""recall"":0.6927034612,""support"":2138},""Severe"":{""f1"":0.2857142857,""precision"":0.2594339623,""recall"":0.3179190751,""support"":173}}",,,,,
congestion_h4,congestion,target_congestion_h4,4,xgboost,xgb_balanced,5,success,,118350,2400,96,8300,2025-01-01T00:00:00+05:30,2025-04-09T14:30:00+05:30,2025-04-09T16:30:00+05:30,2025-04-09T17:00:00+05:30,2025-04-16T14:30:00+05:30,8300,0.7672289157,0.6388885038,0.607766321,0.6087301927,0.3249675268,0.6052065566,0.082161,0.045717,"{""balanced_class_weights"":{""Free-flow"":0.4037685061,""Heavy"":3.2085561497,""Moderate"":0.9900990099,""Severe"":4.958677686},""class_counts"":{""Free-flow"":1486,""Heavy"":187,""Moderate"":606,""Severe"":121},""rows"":2400}","[[4233,872,2,0],[146,1684,147,64],[4,273,265,76],[0,187,161,186]]","{""Free-flow"":{""f1"":0.8920969442,""precision"":0.9657768652,""recall"":0.8288623458,""support"":5107},""Heavy"":{""f1"":0.4442581727,""precision"":0.4608695652,""recall"":0.428802589,""support"":618},""Moderate"":{""f1"":0.6660075143,""precision"":0.5583554377,""recall"":0.8250857423,""support"":2041},""Severe"":{""f1"":0.4325581395,""precision"":0.5705521472,""recall"":0.3483146067,""support"":534}}",,,,,
congestion_h4,congestion,target_congestion_h4,4,xgboost,xgb_deep,1,success,,84750,2400,96,8400,2025-01-01T00:00:00+05:30,2025-03-12T14:30:00+05:30,2025-03-12T16:30:00+05:30,2025-03-12T17:00:00+05:30,2025-03-19T16:30:00+05:30,8400,0.7963095238,0.6849231025,0.6650154617,0.6638355973,0.2649143468,0.4613224327,0.164951,0.043866,"{""balanced_class_weights"":{""Free-flow"":0.395256917,""Heavy"":2.8037383178,""Moderate"":1.1428571429,""Severe"":4.1958041958},""class_counts"":{""Free-flow"":1518,""Heavy"":214,""Moderate"":525,""Severe"":143},""rows"":2400}","[[4565,751,7,0],[131,1535,140,19],[10,304,352,129],[1,119,100,237]]","{""Free-flow"":{""f1"":0.9102691924,""precision"":0.9698321649,""recall"":0.8575990983,""support"":5323},""Heavy"":{""f1"":0.5050215208,""precision"":0.5876460768,""recall"":0.4427672956,""support"":795},""Moderate"":{""f1"":0.6771063079,""precision"":0.5666297527,""recall"":0.8410958904,""support"":1825},""Severe"":{""f1"":0.5629453682,""precision"":0.6155844156,""recall"":0.5185995624,""support"":457}}",,,,,
congestion_h4,congestion,target_congestion_h4,4,xgboost,xgb_deep,2,success,,93150,2400,96,8400,2025-01-01T00:00:00+05:30,2025-03-19T14:30:00+05:30,2025-03-19T16:30:00+05:30,2025-03-19T17:00:00+05:30,2025-03-26T16:30:00+05:30,8400,0.7591666667,0.620049762,0.649341562,0.6328916106,0.2974943849,0.5172645767,0.156161,0.044796,"{""balanced_class_weights"":{""Free-flow"":0.4084411164,""Heavy"":2.6785714286,""Moderate"":1.0434782609,""Severe"":4.5454545455},""class_counts"":{""Free-flow"":1469,""Heavy"":224,""Moderate"":575,""Severe"":132},""rows"":2400}","[[4349,618,10,1],[314,1327,442,31],[10,204,441,209],[0,33,151,260]]","{""Free-flow"":{""f1"":0.9012537561,""precision"":0.9306655254,""recall"":0.8736440337,""support"":4978},""Heavy"":{""f1"":0.4622641509,""precision"":0.4224137931,""recall"":0.5104166667,""support"":864},""Moderate"":{""f1"":0.6177839851,""precision"":0.6081576535,""recall"":0.6277199622,""support"":2114},""Severe"":{""f1"":0.5502645503,""precision"":0.5189620758,""recall"":0.5855855856,""support"":444}}",,,,,
congestion_h4,congestion,target_congestion_h4,4,xgboost,xgb_deep,3,success,,101550,2400,96,8400,2025-01-01T00:00:00+05:30,2025-03-26T14:30:00+05:30,2025-03-26T16:30:00+05:30,2025-03-26T17:00:00+05:30,2025-04-02T16:30:00+05:30,8400,0.7277380952,0.617740064,0.5798159059,0.5864190032,0.3482605185,0.6145548782,0.159303,0.043151,"{""balanced_class_weights"":{""Free-flow"":0.4273504274,""Heavy"":2.1978021978,""Moderate"":0.9478672986,""Severe"":6.6666666667},""class_counts"":{""Free-flow"":1404,""Heavy"":273,""Moderate"":633,""Severe"":90},""rows"":2400}","[[4073,695,31,0],[448,1339,273,13],[18,329,562,108],[0,107,265,139]]","{""Free-flow"":{""f1"":0.8723495395,""precision"":0.8973342146,""recall"":0.848718483,""support"":4799},""Heavy"":{""f1"":0.5232774674,""precision"":0.4969053935,""recall"":0.552605703,""support"":1017},""Moderate"":{""f1"":0.5894783183,""precision"":0.5421052632,""recall"":0.645923782,""support"":2073},""Severe"":{""f1"":0.3605706874,""precision"":0.5346153846,""recall"":0.2720156556,""support"":511}}",,,,,
congestion_h4,congestion,target_congestion_h4,4,xgboost,xgb_deep,4,success,,109950,2400,96,8400,2025-01-01T00:00:00+05:30,2025-04-02T14:30:00+05:30,2025-04-02T16:30:00+05:30,2025-04-02T17:00:00+05:30,2025-04-09T16:30:00+05:30,8400,0.7760714286,0.5160280045,0.5586479596,0.5332465157,0.3053605834,0.5603307238,0.161585,0.047582,"{""balanced_class_weights"":{""Free-flow"":0.4037685061,""Heavy"":2.2388059701,""Moderate"":1.0563380282,""Severe"":7.6923076923},""class_counts"":{""Free-flow"":1486,""Heavy"":268,""Moderate"":568,""Severe"":78},""rows"":2400}","[[4891,726,13,0],[340,1380,330,88],[12,154,198,95],[1,36,86,50]]","{""Free-flow"":{""f1"":0.8995769726,""precision"":0.9326849733,""recall"":0.8687388988,""support"":5630},""Heavy"":{""f1"":0.364640884,""precision"":0.3157894737,""recall"":0.431372549,""support"":459},""Moderate"":{""f1"":0.6224627876,""precision"":0.6010452962,""recall"":0.6454630496,""support"":2138},""Severe"":{""f1"":0.2463054187,""precision"":0.2145922747,""recall"":0.289017341,""support"":173}}",,,,,
congestion_h4,congestion,target_congestion_h4,4,xgboost,xgb_deep,5,success,,118350,2400,96,8300,2025-01-01T00:00:00+05:30,2025-04-09T14:30:00+05:30,2025-04-09T16:30:00+05:30,2025-04-09T17:00:00+05:30,2025-04-16T14:30:00+05:30,8300,0.7734939759,0.6633309506,0.592990633,0.6032830067,0.3132922735,0.5761992563,0.201331,0.043051,"{""balanced_class_weights"":{""Free-flow"":0.4037685061,""Heavy"":3.2085561497,""Moderate"":0.9900990099,""Severe"":4.958677686},""class_counts"":{""Free-flow"":1486,""Heavy"":187,""Moderate"":606,""Severe"":121},""rows"":2400}","[[4369,736,2,0],[232,1635,152,22],[5,316,250,47],[0,191,177,166]]","{""Free-flow"":{""f1"":0.8996190672,""precision"":0.9485453756,""recall"":0.8554924613,""support"":5107},""Heavy"":{""f1"":0.4170141785,""precision"":0.430292599,""recall"":0.4045307443,""support"":618},""Moderate"":{""f1"":0.664769262,""precision"":0.5681028492,""recall"":0.801077903,""support"":2041},""Severe"":{""f1"":0.4317295189,""precision"":0.7063829787,""recall"":0.3108614232,""support"":534}}",,,,,
congestion_h4,congestion,target_congestion_h4,4,svm,svm_regularized,1,success,,84750,2400,96,8400,2025-01-01T00:00:00+05:30,2025-03-12T14:30:00+05:30,2025-03-12T16:30:00+05:30,2025-03-12T17:00:00+05:30,2025-03-19T16:30:00+05:30,8400,0.7351190476,0.5703841643,0.5630957948,0.5443174356,,,0.050185,0.021629,"{""balanced_class_weights"":{""Free-flow"":0.395256917,""Heavy"":2.8037383178,""Moderate"":1.1428571429,""Severe"":4.1958041958},""class_counts"":{""Free-flow"":1518,""Heavy"":214,""Moderate"":525,""Severe"":143},""rows"":2400}","[[4443,860,8,12],[309,1368,59,89],[22,421,138,214],[3,119,109,226]]","{""Free-flow"":{""f1"":0.8798019802,""precision"":0.9300816412,""recall"":0.8346796919,""support"":5323},""Heavy"":{""f1"":0.2488728584,""precision"":0.4394904459,""recall"":0.1735849057,""support"":795},""Moderate"":{""f1"":0.5956890921,""precision"":0.4942196532,""recall"":0.7495890411,""support"":1825},""Severe"":{""f1"":0.4529058116,""precision"":0.4177449168,""recall"":0.4945295405,""support"":457}}",,,,,
congestion_h4,congestion,target_congestion_h4,4,svm,svm_regularized,2,success,,93150,2400,96,8400,2025-01-01T00:00:00+05:30,2025-03-19T14:30:00+05:30,2025-03-19T16:30:00+05:30,2025-03-19T17:00:00+05:30,2025-03-26T16:30:00+05:30,8400,0.7292857143,0.5754830661,0.5502583306,0.5569855855,,,0.049346,0.022107,"{""balanced_class_weights"":{""Free-flow"":0.4084411164,""Heavy"":2.6785714286,""Moderate"":1.0434782609,""Severe"":4.5454545455},""class_counts"":{""Free-flow"":1469,""Heavy"":224,""Moderate"":575,""Severe"":132},""rows"":2400}","[[4240,737,1,0],[481,1450,127,56],[20,383,291,170],[0,105,194,145]]","{""Free-flow"":{""f1"":0.8725177487,""precision"":0.8943260915,""recall"":0.8517476898,""support"":4978},""Heavy"":{""f1"":0.394041977,""precision"":0.4747145188,""recall"":0.3368055556,""support"":864},""Moderate"":{""f1"":0.6055543955,""precision"":0.5420560748,""recall"":0.6859035005,""support"":2114},""Severe"":{""f1"":0.3558282209,""precision"":0.3908355795,""recall"":0.3265765766,""support"":444}}",,,,,
congestion_h4,congestion,target_congestion_h4,4,svm,svm_regularized,3,success,,101550,2400,96,8400,2025-01-01T00:00:00+05:30,2025-03-26T14:30:00+05:30,2025-03-26T16:30:00+05:30,2025-03-26T17:00:00+05:30,2025-04-02T16:30:00+05:30,8400,0.6788095238,0.5204701193,0.5209845594,0.5163791514,,,0.050398,0.022141,"{""balanced_class_weights"":{""Free-flow"":0.4273504274,""Heavy"":2.1978021978,""Moderate"":0.9478672986,""Severe"":6.6666666667},""class_counts"":{""Free-flow"":1404,""Heavy"":273,""Moderate"":633,""Severe"":90},""rows"":2400}","[[3851,891,46,11],[303,1326,325,119],[6,424,396,191],[0,141,241,129]]","{""Free-flow"":{""f1"":0.8596941623,""precision"":0.9257211538,""recall"":0.8024588456,""support"":4799},""Heavy"":{""f1"":0.3911111111,""precision"":0.3928571429,""recall"":0.389380531,""support"":1017},""Moderate"":{""f1"":0.5462409887,""precision"":0.476635514,""recall"":0.6396526773,""support"":2073},""Severe"":{""f1"":0.2684703434,""precision"":0.2866666667,""recall"":0.252446184,""support"":511}}",,,,,
congestion_h4,congestion,target_congestion_h4,4,svm,svm_regularized,4,success,,109950,2400,96,8400,2025-01-01T00:00:00+05:30,2025-04-02T14:30:00+05:30,2025-04-02T16:30:00+05:30,2025-04-02T17:00:00+05:30,2025-04-09T16:30:00+05:30,8400,0.7019047619,0.5035305749,0.5911198864,0.5344228893,,,0.054915,0.021408,"{""balanced_class_weights"":{""Free-flow"":0.4037685061,""Heavy"":2.2388059701,""Moderate"":1.0563380282,""Severe"":7.6923076923},""class_counts"":{""Free-flow"":1486,""Heavy"":268,""Moderate"":568,""Severe"":78},""rows"":2400}","[[4433,1185,11,1],[547,1158,337,96],[19,126,202,112],[0,7,63,103]]","{""Free-flow"":{""f1"":0.8341330323,""precision"":0.8867773555,""recall"":0.7873889876,""support"":5630},""Heavy"":{""f1"":0.3768656716,""precision"":0.3295269168,""recall"":0.440087146,""support"":459},""Moderate"":{""f1"":0.5019505852,""precision"":0.4676898223,""recall"":0.5416276894,""support"":2138},""Severe"":{""f1"":0.424742268,""precision"":0.3301282051,""recall"":0.5953757225,""support"":173}}",,,,,
congestion_h4,congestion,target_congestion_h4,4,svm,svm_regularized,5,success,,118350,2400,96,8300,2025-01-01T00:00:00+05:30,2025-04-09T14:30:00+05:30,2025-04-09T16:30:00+05:30,2025-04-09T17:00:00+05:30,2025-04-16T14:30:00+05:30,8300,0.7089156627,0.5015659852,0.4949395733,0.4823742205,,,0.04695,0.020562,"{""balanced_class_weights"":{""Free-flow"":0.4037685061,""Heavy"":3.2085561497,""Moderate"":0.9900990099,""Severe"":4.958677686},""class_counts"":{""Free-flow"":1486,""Heavy"":187,""Moderate"":606,""Severe"":121},""rows"":2400}","[[4640,406,43,18],[792,851,312,86],[77,147,321,73],[8,123,331,72]]","{""Free-flow"":{""f1"":0.8734939759,""precision"":0.8410367954,""recall"":0.9085568827,""support"":5107},""Heavy"":{""f1"":0.3950769231,""precision"":0.3187686197,""recall"":0.5194174757,""support"":618},""Moderate"":{""f1"":0.4770179372,""precision"":0.5573018991,""recall"":0.4169524743,""support"":2041},""Severe"":{""f1"":0.183908046,""precision"":0.2891566265,""recall"":0.1348314607,""support"":534}}",,,,,
congestion_h4,congestion,target_congestion_h4,4,svm,svm_default,1,success,,84750,2400,96,8400,2025-01-01T00:00:00+05:30,2025-03-12T14:30:00+05:30,2025-03-12T16:30:00+05:30,2025-03-12T17:00:00+05:30,2025-03-19T16:30:00+05:30,8400,0.7351190476,0.5718747583,0.5592056813,0.5415179728,,,0.057194,0.02105,"{""balanced_class_weights"":{""Free-flow"":0.395256917,""Heavy"":2.8037383178,""Moderate"":1.1428571429,""Severe"":4.1958041958},""class_counts"":{""Free-flow"":1518,""Heavy"":214,""Moderate"":525,""Severe"":143},""rows"":2400}","[[4458,855,7,3],[320,1366,55,84],[19,443,126,207],[4,127,101,225]]","{""Free-flow"":{""f1"":0.8806795733,""precision"":0.9285565507,""recall"":0.8374976517,""support"":5323},""Heavy"":{""f1"":0.2324723247,""precision"":0.4359861592,""recall"":0.158490566,""support"":795},""Moderate"":{""f1"":0.5918544194,""precision"":0.4894303117,""recall"":0.7484931507,""support"":1825},""Severe"":{""f1"":0.4610655738,""precision"":0.4335260116,""recall"":0.4923413567,""support"":457}}",,,,,
congestion_h4,congestion,target_congestion_h4,4,svm,svm_default,2,success,,93150,2400,96,8400,2025-01-01T00:00:00+05:30,2025-03-19T14:30:00+05:30,2025-03-19T16:30:00+05:30,2025-03-19T17:00:00+05:30,2025-03-26T16:30:00+05:30,8400,0.7301190476,0.5725401717,0.5480026749,0.5535592024,,,0.056022,0.022475,"{""balanced_class_weights"":{""Free-flow"":0.4084411164,""Heavy"":2.6785714286,""Moderate"":1.0434782609,""Severe"":4.5454545455},""class_counts"":{""Free-flow"":1469,""Heavy"":224,""Moderate"":575,""Severe"":132},""rows"":2400}","[[4230,745,3,0],[454,1481,121,58],[12,395,282,175],[0,113,191,140]]","{""Free-flow"":{""f1"":0.8745089932,""precision"":0.9007666099,""recall"":0.8497388509,""support"":4978},""Heavy"":{""f1"":0.386036961,""precision"":0.472361809,""recall"":0.3263888889,""support"":864},""Moderate"":{""f1"":0.6109735974,""precision"":0.541697147,""recall"":0.7005676443,""support"":2114},""Severe"":{""f1"":0.3427172583,""precision"":0.3753351206,""recall"":0.3153153153,""support"":444}}",,,,,
congestion_h4,congestion,target_congestion_h4,4,svm,svm_default,3,success,,101550,2400,96,8400,2025-01-01T00:00:00+05:30,2025-03-26T14:30:00+05:30,2025-03-26T16:30:00+05:30,2025-03-26T17:00:00+05:30,2025-04-02T16:30:00+05:30,8400,0.6835714286,0.5230172008,0.5240766435,0.5212492912,,,0.056791,0.022912,"{""balanced_class_weights"":{""Free-flow"":0.4273504274,""Heavy"":2.1978021978,""Moderate"":0.9478672986,""Severe"":6.6666666667},""class_counts"":{""Free-flow"":1404,""Heavy"":273,""Moderate"":633,""Severe"":90},""rows"":2400}","[[3957,805,20,17],[375,1245,338,115],[6,412,396,203],[0,127,240,144]]","{""Free-flow"":{""f1"":0.8661486265,""precision"":0.9121715076,""recall"":0.8245467806,""support"":4799},""Heavy"":{""f1"":0.3938339135,""precision"":0.3983903421,""recall"":0.389380531,""support"":1017},""Moderate"":{""f1"":0.5341055341,""precision"":0.4808806489,""recall"":0.6005788712,""support"":2073},""Severe"":{""f1"":0.2909090909,""precision"":0.3006263048,""recall"":0.2818003914,""support"":511}}",,,,,
congestion_h4,congestion,target_congestion_h4,4,svm,svm_default,4,success,,109950,2400,96,8400,2025-01-01T00:00:00+05:30,2025-04-02T14:30:00+05:30,2025-04-02T16:30:00+05:30,2025-04-02T17:00:00+05:30,2025-04-09T16:30:00+05:30,8400,0.7083333333,0.5038198021,0.5724144843,0.5295743698,,,0.061019,0.020977,"{""balanced_class_weights"":{""Free-flow"":0.4037685061,""Heavy"":2.2388059701,""Moderate"":1.0563380282,""Severe"":7.6923076923},""class_counts"":{""Free-flow"":1486,""Heavy"":268,""Moderate"":568,""Severe"":78},""rows"":2400}","[[4462,1149,17,2],[529,1205,325,79],[16,144,195,104],[0,18,67,88]]","{""Free-flow"":{""f1"":0.8389583529,""precision"":0.8911523867,""recall"":0.7925399645,""support"":5630},""Heavy"":{""f1"":0.3668861712,""precision"":0.3228476821,""recall"":0.4248366013,""support"":459},""Moderate"":{""f1"":0.5178341212,""precision"":0.4789348172,""recall"":0.5636108513,""support"":2138},""Severe"":{""f1"":0.3946188341,""precision"":0.3223443223,""recall"":0.5086705202,""support"":173}}",,,,,
congestion_h4,congestion,target_congestion_h4,4,svm,svm_default,5,success,,118350,2400,96,8300,2025-01-01T00:00:00+05:30,2025-04-09T14:30:00+05:30,2025-04-09T16:30:00+05:30,2025-04-09T17:00:00+05:30,2025-04-16T14:30:00+05:30,8300,0.7101204819,0.5103363889,0.4961092545,0.4853196707,,,0.061368,0.022981,"{""balanced_class_weights"":{""Free-flow"":0.4037685061,""Heavy"":3.2085561497,""Moderate"":0.9900990099,""Severe"":4.958677686},""class_counts"":{""Free-flow"":1486,""Heavy"":187,""Moderate"":606,""Severe"":121},""rows"":2400}","[[4677,403,20,7],[859,815,288,79],[77,142,328,71],[5,119,336,74]]","{""Free-flow"":{""f1"":0.8721678322,""precision"":0.83250267,""recall"":0.9158018406,""support"":5107},""Heavy"":{""f1"":0.4125786164,""precision"":0.3374485597,""recall"":0.5307443366,""support"":618},""Moderate"":{""f1"":0.4630681818,""precision"":0.5510480054,""recall"":0.3993140617,""support"":2041},""Severe"":{""f1"":0.1934640523,""precision"":0.3203463203,""recall"":0.138576779,""support"":534}}",,,,,
accident_h1,accident,target_accident_h1,1,decision_tree,tree_balanced,1,success,,82675,2332,96,8193,2025-01-01T00:00:00+05:30,2025-03-12T14:30:00+05:30,2025-03-12T15:00:00+05:30,2025-03-12T17:00:00+05:30,2025-03-19T16:30:00+05:30,8193,,,,,,,0.037071,0.041152,"{""balanced_class_weights"":{""accident"":44.8461538462,""no_accident"":0.5056374675},""class_counts"":{""accident"":26,""no_accident"":2306},""rows"":2332}",,,95,8098,0.0115952642,0.5299021201,0.0154583152
accident_h1,accident,target_accident_h1,1,decision_tree,tree_balanced,2,success,,90866,2344,96,8203,2025-01-01T00:00:00+05:30,2025-03-19T14:30:00+05:30,2025-03-19T15:00:00+05:30,2025-03-19T17:00:00+05:30,2025-03-26T16:30:00+05:30,8203,,,,,,,0.035404,0.040565,"{""balanced_class_weights"":{""accident"":61.6842105263,""no_accident"":0.5040860215},""class_counts"":{""accident"":19,""no_accident"":2325},""rows"":2344}",,,73,8130,0.0088991832,0.504322735,0.0095184644
accident_h1,accident,target_accident_h1,1,decision_tree,tree_balanced,3,success,,99073,2337,96,8156,2025-01-01T00:00:00+05:30,2025-03-26T14:30:00+05:30,2025-03-26T15:00:00+05:30,2025-03-26T17:00:00+05:30,2025-04-02T16:30:00+05:30,8156,,,,,,,0.039369,0.039083,"{""balanced_class_weights"":{""accident"":55.6428571429,""no_accident"":0.5045336788},""class_counts"":{""accident"":21,""no_accident"":2316},""rows"":2337}",,,88,8068,0.0107896027,0.5255090256,0.0115868807
accident_h1,accident,target_accident_h1,1,decision_tree,tree_balanced,4,success,,107227,2343,96,8207,2025-01-01T00:00:00+05:30,2025-04-02T14:30:00+05:30,2025-04-02T15:00:00+05:30,2025-04-02T17:00:00+05:30,2025-04-09T16:30:00+05:30,8207,,,,,,,0.034633,0.040684,"{""balanced_class_weights"":{""accident"":97.625,""no_accident"":0.5025740026},""class_counts"":{""accident"":12,""no_accident"":2331},""rows"":2343}",,,71,8136,0.0086511515,0.5079640824,0.0087731556
accident_h1,accident,target_accident_h1,1,decision_tree,tree_balanced,5,success,,115436,2331,96,8185,2025-01-01T00:00:00+05:30,2025-04-09T14:30:00+05:30,2025-04-09T15:00:00+05:30,2025-04-09T17:00:00+05:30,2025-04-16T16:00:00+05:30,8185,,,,,,,0.034518,0.040211,"{""balanced_class_weights"":{""accident"":58.275,""no_accident"":0.5043271311},""class_counts"":{""accident"":20,""no_accident"":2311},""rows"":2331}",,,68,8117,0.0083078803,0.5323975099,0.009608583
accident_h1,accident,target_accident_h1,1,decision_tree,tree_deep,1,success,,82675,2332,96,8193,2025-01-01T00:00:00+05:30,2025-03-12T14:30:00+05:30,2025-03-12T15:00:00+05:30,2025-03-12T17:00:00+05:30,2025-03-19T16:30:00+05:30,8193,,,,,,,0.036796,0.041306,"{""balanced_class_weights"":{""accident"":44.8461538462,""no_accident"":0.5056374675},""class_counts"":{""accident"":26,""no_accident"":2306},""rows"":2332}",,,95,8098,0.0115952642,0.5102637428,0.0132505999
accident_h1,accident,target_accident_h1,1,decision_tree,tree_deep,2,success,,90866,2344,96,8203,2025-01-01T00:00:00+05:30,2025-03-19T14:30:00+05:30,2025-03-19T15:00:00+05:30,2025-03-19T17:00:00+05:30,2025-03-26T16:30:00+05:30,8203,,,,,,,0.035419,0.039192,"{""balanced_class_weights"":{""accident"":61.6842105263,""no_accident"":0.5040860215},""class_counts"":{""accident"":19,""no_accident"":2325},""rows"":2344}",,,73,8130,0.0088991832,0.5017818329,0.0088675177
accident_h1,accident,target_accident_h1,1,decision_tree,tree_deep,3,success,,99073,2337,96,8156,2025-01-01T00:00:00+05:30,2025-03-26T14:30:00+05:30,2025-03-26T15:00:00+05:30,2025-03-26T17:00:00+05:30,2025-04-02T16:30:00+05:30,8156,,,,,,,0.038875,0.040725,"{""balanced_class_weights"":{""accident"":55.6428571429,""no_accident"":0.5045336788},""class_counts"":{""accident"":21,""no_accident"":2316},""rows"":2337}",,,88,8068,0.0107896027,0.5016141209,0.0135264568
accident_h1,accident,target_accident_h1,1,decision_tree,tree_deep,4,success,,107227,2343,96,8207,2025-01-01T00:00:00+05:30,2025-04-02T14:30:00+05:30,2025-04-02T15:00:00+05:30,2025-04-02T17:00:00+05:30,2025-04-09T16:30:00+05:30,8207,,,,,,,0.033945,0.039666,"{""balanced_class_weights"":{""accident"":97.625,""no_accident"":0.5025740026},""class_counts"":{""accident"":12,""no_accident"":2331},""rows"":2343}",,,71,8136,0.0086511515,0.5053292963,0.0088146049
accident_h1,accident,target_accident_h1,1,decision_tree,tree_deep,5,success,,115436,2331,96,8185,2025-01-01T00:00:00+05:30,2025-04-09T14:30:00+05:30,2025-04-09T15:00:00+05:30,2025-04-09T17:00:00+05:30,2025-04-16T16:00:00+05:30,8185,,,,,,,0.035396,0.03953,"{""balanced_class_weights"":{""accident"":58.275,""no_accident"":0.5043271311},""class_counts"":{""accident"":20,""no_accident"":2311},""rows"":2331}",,,68,8117,0.0083078803,0.4933382371,0.0084095911
accident_h1,accident,target_accident_h1,1,random_forest,forest_balanced,1,success,,82675,2332,96,8193,2025-01-01T00:00:00+05:30,2025-03-12T14:30:00+05:30,2025-03-12T15:00:00+05:30,2025-03-12T17:00:00+05:30,2025-03-19T16:30:00+05:30,8193,,,,,,,0.080964,0.077075,"{""balanced_class_weights"":{""accident"":44.8461538462,""no_accident"":0.5056374675},""class_counts"":{""accident"":26,""no_accident"":2306},""rows"":2332}",,,95,8098,0.0115952642,0.5813872171,0.0193398913
accident_h1,accident,target_accident_h1,1,random_forest,forest_balanced,2,success,,90866,2344,96,8203,2025-01-01T00:00:00+05:30,2025-03-19T14:30:00+05:30,2025-03-19T15:00:00+05:30,2025-03-19T17:00:00+05:30,2025-03-26T16:30:00+05:30,8203,,,,,,,0.074013,0.077539,"{""balanced_class_weights"":{""accident"":61.6842105263,""no_accident"":0.5040860215},""class_counts"":{""accident"":19,""no_accident"":2325},""rows"":2344}",,,73,8130,0.0088991832,0.6220256449,0.0155725743
accident_h1,accident,target_accident_h1,1,random_forest,forest_balanced,3,success,,99073,2337,96,8156,2025-01-01T00:00:00+05:30,2025-03-26T14:30:00+05:30,2025-03-26T15:00:00+05:30,2025-03-26T17:00:00+05:30,2025-04-02T16:30:00+05:30,8156,,,,,,,0.076128,0.083894,"{""balanced_class_weights"":{""accident"":55.6428571429,""no_accident"":0.5045336788},""class_counts"":{""accident"":21,""no_accident"":2316},""rows"":2337}",,,88,8068,0.0107896027,0.5688642279,0.0156334614
accident_h1,accident,target_accident_h1,1,random_forest,forest_balanced,4,success,,107227,2343,96,8207,2025-01-01T00:00:00+05:30,2025-04-02T14:30:00+05:30,2025-04-02T15:00:00+05:30,2025-04-02T17:00:00+05:30,2025-04-09T16:30:00+05:30,8207,,,,,,,0.079101,0.07518,"{""balanced_class_weights"":{""accident"":97.625,""no_accident"":0.5025740026},""class_counts"":{""accident"":12,""no_accident"":2331},""rows"":2343}",,,71,8136,0.0086511515,0.5350009348,0.0099250525
accident_h1,accident,target_accident_h1,1,random_forest,forest_balanced,5,success,,115436,2331,96,8185,2025-01-01T00:00:00+05:30,2025-04-09T14:30:00+05:30,2025-04-09T15:00:00+05:30,2025-04-09T17:00:00+05:30,2025-04-16T16:00:00+05:30,8185,,,,,,,0.074486,0.07676,"{""balanced_class_weights"":{""accident"":58.275,""no_accident"":0.5043271311},""class_counts"":{""accident"":20,""no_accident"":2311},""rows"":2331}",,,68,8117,0.0083078803,0.5603390488,0.0090959998
accident_h1,accident,target_accident_h1,1,random_forest,forest_deep,1,success,,82675,2332,96,8193,2025-01-01T00:00:00+05:30,2025-03-12T14:30:00+05:30,2025-03-12T15:00:00+05:30,2025-03-12T17:00:00+05:30,2025-03-19T16:30:00+05:30,8193,,,,,,,0.121179,0.077128,"{""balanced_class_weights"":{""accident"":44.8461538462,""no_accident"":0.5056374675},""class_counts"":{""accident"":26,""no_accident"":2306},""rows"":2332}",,,95,8098,0.0115952642,0.5283084842,0.0160136279
accident_h1,accident,target_accident_h1,1,random_forest,forest_deep,2,success,,90866,2344,96,8203,2025-01-01T00:00:00+05:30,2025-03-19T14:30:00+05:30,2025-03-19T15:00:00+05:30,2025-03-19T17:00:00+05:30,2025-03-26T16:30:00+05:30,8203,,,,,,,0.114549,0.078542,"{""balanced_class_weights"":{""accident"":61.6842105263,""no_accident"":0.5040860215},""class_counts"":{""accident"":19,""no_accident"":2325},""rows"":2344}",,,73,8130,0.0088991832,0.6036807697,0.016450383
accident_h1,accident,target_accident_h1,1,random_forest,forest_deep,3,success,,99073,2337,96,8156,2025-01-01T00:00:00+05:30,2025-03-26T14:30:00+05:30,2025-03-26T15:00:00+05:30,2025-03-26T17:00:00+05:30,2025-04-02T16:30:00+05:30,8156,,,,,,,0.123363,0.079845,"{""balanced_class_weights"":{""accident"":55.6428571429,""no_accident"":0.5045336788},""class_counts"":{""accident"":21,""no_accident"":2316},""rows"":2337}",,,88,8068,0.0107896027,0.5581914522,0.0142250244
accident_h1,accident,target_accident_h1,1,random_forest,forest_deep,4,success,,107227,2343,96,8207,2025-01-01T00:00:00+05:30,2025-04-02T14:30:00+05:30,2025-04-02T15:00:00+05:30,2025-04-02T17:00:00+05:30,2025-04-09T16:30:00+05:30,8207,,,,,,,0.160152,0.079711,"{""balanced_class_weights"":{""accident"":97.625,""no_accident"":0.5025740026},""class_counts"":{""accident"":12,""no_accident"":2331},""rows"":2343}",,,71,8136,0.0086511515,0.5254918152,0.0096338312
accident_h1,accident,target_accident_h1,1,random_forest,forest_deep,5,success,,115436,2331,96,8185,2025-01-01T00:00:00+05:30,2025-04-09T14:30:00+05:30,2025-04-09T15:00:00+05:30,2025-04-09T17:00:00+05:30,2025-04-16T16:00:00+05:30,8185,,,,,,,0.111425,0.080395,"{""balanced_class_weights"":{""accident"":58.275,""no_accident"":0.5043271311},""class_counts"":{""accident"":20,""no_accident"":2311},""rows"":2331}",,,68,8117,0.0083078803,0.5618119923,0.0101184655
accident_h1,accident,target_accident_h1,1,xgboost,xgb_balanced,1,success,,82675,2332,96,8193,2025-01-01T00:00:00+05:30,2025-03-12T14:30:00+05:30,2025-03-12T15:00:00+05:30,2025-03-12T17:00:00+05:30,2025-03-19T16:30:00+05:30,8193,,,,,,,0.043218,0.039511,"{""balanced_class_weights"":{""accident"":44.8461538462,""no_accident"":0.5056374675},""class_counts"":{""accident"":26,""no_accident"":2306},""rows"":2332}",,,95,8098,0.0115952642,0.5863416568,0.024078023
accident_h1,accident,target_accident_h1,1,xgboost,xgb_balanced,2,success,,90866,2344,96,8203,2025-01-01T00:00:00+05:30,2025-03-19T14:30:00+05:30,2025-03-19T15:00:00+05:30,2025-03-19T17:00:00+05:30,2025-03-26T16:30:00+05:30,8203,,,,,,,0.044046,0.041648,"{""balanced_class_weights"":{""accident"":61.6842105263,""no_accident"":0.5040860215},""class_counts"":{""accident"":19,""no_accident"":2325},""rows"":2344}",,,73,8130,0.0088991832,0.5800468416,0.0138265917
accident_h1,accident,target_accident_h1,1,xgboost,xgb_balanced,3,success,,99073,2337,96,8156,2025-01-01T00:00:00+05:30,2025-03-26T14:30:00+05:30,2025-03-26T15:00:00+05:30,2025-03-26T17:00:00+05:30,2025-04-02T16:30:00+05:30,8156,,,,,,,0.038771,0.038478,"{""balanced_class_weights"":{""accident"":55.6428571429,""no_accident"":0.5045336788},""class_counts"":{""accident"":21,""no_accident"":2316},""rows"":2337}",,,88,8068,0.0107896027,0.5952472168,0.0135577918
accident_h1,accident,target_accident_h1,1,xgboost,xgb_balanced,4,success,,107227,2343,96,8207,2025-01-01T00:00:00+05:30,2025-04-02T14:30:00+05:30,2025-04-02T15:00:00+05:30,2025-04-02T17:00:00+05:30,2025-04-09T16:30:00+05:30,8207,,,,,,,0.041713,0.04089,"{""balanced_class_weights"":{""accident"":97.625,""no_accident"":0.5025740026},""class_counts"":{""accident"":12,""no_accident"":2331},""rows"":2343}",,,71,8136,0.0086511515,0.5409387248,0.0104161324
accident_h1,accident,target_accident_h1,1,xgboost,xgb_balanced,5,success,,115436,2331,96,8185,2025-01-01T00:00:00+05:30,2025-04-09T14:30:00+05:30,2025-04-09T15:00:00+05:30,2025-04-09T17:00:00+05:30,2025-04-16T16:00:00+05:30,8185,,,,,,,0.04171,0.040114,"{""balanced_class_weights"":{""accident"":58.275,""no_accident"":0.5043271311},""class_counts"":{""accident"":20,""no_accident"":2311},""rows"":2331}",,,68,8117,0.0083078803,0.5098902811,0.0084944753
accident_h1,accident,target_accident_h1,1,xgboost,xgb_deep,1,success,,82675,2332,96,8193,2025-01-01T00:00:00+05:30,2025-03-12T14:30:00+05:30,2025-03-12T15:00:00+05:30,2025-03-12T17:00:00+05:30,2025-03-19T16:30:00+05:30,8193,,,,,,,0.057878,0.041199,"{""balanced_class_weights"":{""accident"":44.8461538462,""no_accident"":0.5056374675},""class_counts"":{""accident"":26,""no_accident"":2306},""rows"":2332}",,,95,8098,0.0115952642,0.5733605439,0.0175425315
accident_h1,accident,target_accident_h1,1,xgboost,xgb_deep,2,success,,90866,2344,96,8203,2025-01-01T00:00:00+05:30,2025-03-19T14:30:00+05:30,2025-03-19T15:00:00+05:30,2025-03-19T17:00:00+05:30,2025-03-26T16:30:00+05:30,8203,,,,,,,0.053003,0.043799,"{""balanced_class_weights"":{""accident"":61.6842105263,""no_accident"":0.5040860215},""class_counts"":{""accident"":19,""no_accident"":2325},""rows"":2344}",,,73,8130,0.0088991832,0.5976520245,0.0151836352
accident_h1,accident,target_accident_h1,1,xgboost,xgb_deep,3,success,,99073,2337,96,8156,2025-01-01T00:00:00+05:30,2025-03-26T14:30:00+05:30,2025-03-26T15:00:00+05:30,2025-03-26T17:00:00+05:30,2025-04-02T16:30:00+05:30,8156,,,,,,,0.057885,0.037537,"{""balanced_class_weights"":{""accident"":55.6428571429,""no_accident"":0.5045336788},""class_counts"":{""accident"":21,""no_accident"":2316},""rows"":2337}",,,88,8068,0.0107896027,0.5898703351,0.0135204319
accident_h1,accident,target_accident_h1,1,xgboost,xgb_deep,4,success,,107227,2343,96,8207,2025-01-01T00:00:00+05:30,2025-04-02T14:30:00+05:30,2025-04-02T15:00:00+05:30,2025-04-02T17:00:00+05:30,2025-04-09T16:30:00+05:30,8207,,,,,,,0.053149,0.099889,"{""balanced_class_weights"":{""accident"":97.625,""no_accident"":0.5025740026},""class_counts"":{""accident"":12,""no_accident"":2331},""rows"":2343}",,,71,8136,0.0086511515,0.5456638553,0.0101784943
accident_h1,accident,target_accident_h1,1,xgboost,xgb_deep,5,success,,115436,2331,96,8185,2025-01-01T00:00:00+05:30,2025-04-09T14:30:00+05:30,2025-04-09T15:00:00+05:30,2025-04-09T17:00:00+05:30,2025-04-16T16:00:00+05:30,8185,,,,,,,0.055625,0.040539,"{""balanced_class_weights"":{""accident"":58.275,""no_accident"":0.5043271311},""class_counts"":{""accident"":20,""no_accident"":2311},""rows"":2331}",,,68,8117,0.0083078803,0.5245046707,0.0086290299
accident_h1,accident,target_accident_h1,1,svm,svm_regularized,1,success,,82675,2332,96,8193,2025-01-01T00:00:00+05:30,2025-03-12T14:30:00+05:30,2025-03-12T15:00:00+05:30,2025-03-12T17:00:00+05:30,2025-03-19T16:30:00+05:30,8193,,,,,,,0.040035,0.022102,"{""balanced_class_weights"":{""accident"":44.8461538462,""no_accident"":0.5056374675},""class_counts"":{""accident"":26,""no_accident"":2306},""rows"":2332}",,,95,8098,0.0115952642,0.5240397239,0.0133970805
accident_h1,accident,target_accident_h1,1,svm,svm_regularized,2,success,,90866,2344,96,8203,2025-01-01T00:00:00+05:30,2025-03-19T14:30:00+05:30,2025-03-19T15:00:00+05:30,2025-03-19T17:00:00+05:30,2025-03-26T16:30:00+05:30,8203,,,,,,,0.035941,0.019183,"{""balanced_class_weights"":{""accident"":61.6842105263,""no_accident"":0.5040860215},""class_counts"":{""accident"":19,""no_accident"":2325},""rows"":2344}",,,73,8130,0.0088991832,0.5950698411,0.0124762582
accident_h1,accident,target_accident_h1,1,svm,svm_regularized,3,success,,99073,2337,96,8156,2025-01-01T00:00:00+05:30,2025-03-26T14:30:00+05:30,2025-03-26T15:00:00+05:30,2025-03-26T17:00:00+05:30,2025-04-02T16:30:00+05:30,8156,,,,,,,0.034118,0.019658,"{""balanced_class_weights"":{""accident"":55.6428571429,""no_accident"":0.5045336788},""class_counts"":{""accident"":21,""no_accident"":2316},""rows"":2337}",,,88,8068,0.0107896027,0.6000980304,0.0168555079
accident_h1,accident,target_accident_h1,1,svm,svm_regularized,4,success,,107227,2343,96,8207,2025-01-01T00:00:00+05:30,2025-04-02T14:30:00+05:30,2025-04-02T15:00:00+05:30,2025-04-02T17:00:00+05:30,2025-04-09T16:30:00+05:30,8207,,,,,,,0.035942,0.020796,"{""balanced_class_weights"":{""accident"":97.625,""no_accident"":0.5025740026},""class_counts"":{""accident"":12,""no_accident"":2331},""rows"":2343}",,,71,8136,0.0086511515,0.471934854,0.0082453871
accident_h1,accident,target_accident_h1,1,svm,svm_regularized,5,success,,115436,2331,96,8185,2025-01-01T00:00:00+05:30,2025-04-09T14:30:00+05:30,2025-04-09T15:00:00+05:30,2025-04-09T17:00:00+05:30,2025-04-16T16:00:00+05:30,8185,,,,,,,0.03662,0.02027,"{""balanced_class_weights"":{""accident"":58.275,""no_accident"":0.5043271311},""class_counts"":{""accident"":20,""no_accident"":2311},""rows"":2331}",,,68,8117,0.0083078803,0.4721680714,0.0092873682
accident_h1,accident,target_accident_h1,1,svm,svm_default,1,success,,82675,2332,96,8193,2025-01-01T00:00:00+05:30,2025-03-12T14:30:00+05:30,2025-03-12T15:00:00+05:30,2025-03-12T17:00:00+05:30,2025-03-19T16:30:00+05:30,8193,,,,,,,0.053402,0.024338,"{""balanced_class_weights"":{""accident"":44.8461538462,""no_accident"":0.5056374675},""class_counts"":{""accident"":26,""no_accident"":2306},""rows"":2332}",,,95,8098,0.0115952642,0.503893099,0.0119019216
accident_h1,accident,target_accident_h1,1,svm,svm_default,2,success,,90866,2344,96,8203,2025-01-01T00:00:00+05:30,2025-03-19T14:30:00+05:30,2025-03-19T15:00:00+05:30,2025-03-19T17:00:00+05:30,2025-03-26T16:30:00+05:30,8203,,,,,,,0.044625,0.021506,"{""balanced_class_weights"":{""accident"":61.6842105263,""no_accident"":0.5040860215},""class_counts"":{""accident"":19,""no_accident"":2325},""rows"":2344}",,,73,8130,0.0088991832,0.5794402602,0.0115321156
accident_h1,accident,target_accident_h1,1,svm,svm_default,3,success,,99073,2337,96,8156,2025-01-01T00:00:00+05:30,2025-03-26T14:30:00+05:30,2025-03-26T15:00:00+05:30,2025-03-26T17:00:00+05:30,2025-04-02T16:30:00+05:30,8156,,,,,,,0.038812,0.020956,"{""balanced_class_weights"":{""accident"":55.6428571429,""no_accident"":0.5045336788},""class_counts"":{""accident"":21,""no_accident"":2316},""rows"":2337}",,,88,8068,0.0107896027,0.6034657119,0.0174855191
accident_h1,accident,target_accident_h1,1,svm,svm_default,4,success,,107227,2343,96,8207,2025-01-01T00:00:00+05:30,2025-04-02T14:30:00+05:30,2025-04-02T15:00:00+05:30,2025-04-02T17:00:00+05:30,2025-04-09T16:30:00+05:30,8207,,,,,,,0.037677,0.020981,"{""balanced_class_weights"":{""accident"":97.625,""no_accident"":0.5025740026},""class_counts"":{""accident"":12,""no_accident"":2331},""rows"":2343}",,,71,8136,0.0086511515,0.4689451854,0.0082946258
accident_h1,accident,target_accident_h1,1,svm,svm_default,5,success,,115436,2331,96,8185,2025-01-01T00:00:00+05:30,2025-04-09T14:30:00+05:30,2025-04-09T15:00:00+05:30,2025-04-09T17:00:00+05:30,2025-04-16T16:00:00+05:30,8185,,,,,,,0.041494,0.021235,"{""balanced_class_weights"":{""accident"":58.275,""no_accident"":0.5043271311},""class_counts"":{""accident"":20,""no_accident"":2311},""rows"":2331}",,,68,8117,0.0083078803,0.4859028618,0.0088345682
accident_h2,accident,target_accident_h2,2,decision_tree,tree_balanced,1,success,,82675,2332,96,8191,2025-01-01T00:00:00+05:30,2025-03-12T14:30:00+05:30,2025-03-12T15:30:00+05:30,2025-03-12T17:00:00+05:30,2025-03-19T16:30:00+05:30,8191,,,,,,,0.036276,0.042471,"{""balanced_class_weights"":{""accident"":106.0,""no_accident"":0.5023696682},""class_counts"":{""accident"":11,""no_accident"":2321},""rows"":2332}",,,95,8096,0.0115980955,0.501541372,0.0123987991
accident_h2,accident,target_accident_h2,2,decision_tree,tree_balanced,2,success,,90866,2335,96,8204,2025-01-01T00:00:00+05:30,2025-03-19T14:30:00+05:30,2025-03-19T15:30:00+05:30,2025-03-19T17:00:00+05:30,2025-03-26T16:30:00+05:30,8204,,,,,,,0.035646,0.040189,"{""balanced_class_weights"":{""accident"":53.0681818182,""no_accident"":0.5047557285},""class_counts"":{""accident"":22,""no_accident"":2313},""rows"":2335}",,,74,8130,0.0090199902,0.4854542735,0.0088862959
accident_h2,accident,target_accident_h2,2,decision_tree,tree_balanced,3,success,,99069,2352,96,8156,2025-01-01T00:00:00+05:30,2025-03-26T14:30:00+05:30,2025-03-26T15:30:00+05:30,2025-03-26T17:00:00+05:30,2025-04-02T16:30:00+05:30,8156,,,,,,,0.034901,0.038924,"{""balanced_class_weights"":{""accident"":47.04,""no_accident"":0.5053717232},""class_counts"":{""accident"":25,""no_accident"":2327},""rows"":2352}",,,86,8070,0.0105443845,0.5073600184,0.0114796496
accident_h2,accident,target_accident_h2,2,decision_tree,tree_balanced,4,success,,107226,2339,96,8206,2025-01-01T00:00:00+05:30,2025-04-02T14:30:00+05:30,2025-04-02T15:30:00+05:30,2025-04-02T17:00:00+05:30,2025-04-09T16:30:00+05:30,8206,,,,,,,0.035776,0.04013,"{""balanced_class_weights"":{""accident"":40.3275862069,""no_accident"":0.5062770563},""class_counts"":{""accident"":29,""no_accident"":2310},""rows"":2339}",,,71,8135,0.0086522057,0.4900776509,0.0085272333
accident_h2,accident,target_accident_h2,2,decision_tree,tree_balanced,5,success,,115434,2347,96,8162,2025-01-01T00:00:00+05:30,2025-04-09T14:30:00+05:30,2025-04-09T15:30:00+05:30,2025-04-09T17:00:00+05:30,2025-04-16T15:30:00+05:30,8162,,,,,,,0.03428,0.040262,"{""balanced_class_weights"":{""accident"":83.8214285714,""no_accident"":0.5030004286},""class_counts"":{""accident"":14,""no_accident"":2333},""rows"":2347}",,,68,8094,0.0083312914,0.5048692568,0.0083729187
accident_h2,accident,target_accident_h2,2,decision_tree,tree_deep,1,success,,82675,2332,96,8191,2025-01-01T00:00:00+05:30,2025-03-12T14:30:00+05:30,2025-03-12T15:30:00+05:30,2025-03-12T17:00:00+05:30,2025-03-19T16:30:00+05:30,8191,,,,,,,0.033767,0.040888,"{""balanced_class_weights"":{""accident"":106.0,""no_accident"":0.5023696682},""class_counts"":{""accident"":11,""no_accident"":2321},""rows"":2332}",,,95,8096,0.0115980955,0.5069156959,0.0124000397
accident_h2,accident,target_accident_h2,2,decision_tree,tree_deep,2,success,,90866,2335,96,8204,2025-01-01T00:00:00+05:30,2025-03-19T14:30:00+05:30,2025-03-19T15:30:00+05:30,2025-03-19T17:00:00+05:30,2025-03-26T16:30:00+05:30,8204,,,,,,,0.04031,0.039774,"{""balanced_class_weights"":{""accident"":53.0681818182,""no_accident"":0.5047557285},""class_counts"":{""accident"":22,""no_accident"":2313},""rows"":2335}",,,74,8130,0.0090199902,0.4873308733,0.0090199902
accident_h2,accident,target_accident_h2,2,decision_tree,tree_deep,3,success,,99069,2352,96,8156,2025-01-01T00:00:00+05:30,2025-03-26T14:30:00+05:30,2025-03-26T15:30:00+05:30,2025-03-26T17:00:00+05:30,2025-04-02T16:30:00+05:30,8156,,,,,,,0.034979,0.038957,"{""balanced_class_weights"":{""accident"":47.04,""no_accident"":0.5053717232},""class_counts"":{""accident"":25,""no_accident"":2327},""rows"":2352}",,,86,8070,0.0105443845,0.4986643036,0.010802167
accident_h2,accident,target_accident_h2,2,decision_tree,tree_deep,4,success,,107226,2339,96,8206,2025-01-01T00:00:00+05:30,2025-04-02T14:30:00+05:30,2025-04-02T15:30:00+05:30,2025-04-02T17:00:00+05:30,2025-04-09T16:30:00+05:30,8206,,,,,,,0.03627,0.042025,"{""balanced_class_weights"":{""accident"":40.3275862069,""no_accident"":0.5062770563},""class_counts"":{""accident"":29,""no_accident"":2310},""rows"":2339}",,,71,8135,0.0086522057,0.4835201745,0.0084760834
accident_h2,accident,target_accident_h2,2,decision_tree,tree_deep,5,success,,115434,2347,96,8162,2025-01-01T00:00:00+05:30,2025-04-09T14:30:00+05:30,2025-04-09T15:30:00+05:30,2025-04-09T17:00:00+05:30,2025-04-16T15:30:00+05:30,8162,,,,,,,0.037091,0.040718,"{""balanced_class_weights"":{""accident"":83.8214285714,""no_accident"":0.5030004286},""class_counts"":{""accident"":14,""no_accident"":2333},""rows"":2347}",,,68,8094,0.0083312914,0.4888806523,0.0083312914
accident_h2,accident,target_accident_h2,2,random_forest,forest_balanced,1,success,,82675,2332,96,8191,2025-01-01T00:00:00+05:30,2025-03-12T14:30:00+05:30,2025-03-12T15:30:00+05:30,2025-03-12T17:00:00+05:30,2025-03-19T16:30:00+05:30,8191,,,,,,,0.075576,0.081539,"{""balanced_class_weights"":{""accident"":106.0,""no_accident"":0.5023696682},""class_counts"":{""accident"":11,""no_accident"":2321},""rows"":2332}",,,95,8096,0.0115980955,0.5129843197,0.0142408731
accident_h2,accident,target_accident_h2,2,random_forest,forest_balanced,2,success,,90866,2335,96,8204,2025-01-01T00:00:00+05:30,2025-03-19T14:30:00+05:30,2025-03-19T15:30:00+05:30,2025-03-19T17:00:00+05:30,2025-03-26T16:30:00+05:30,8204,,,,,,,0.078925,0.080985,"{""balanced_class_weights"":{""accident"":53.0681818182,""no_accident"":0.5047557285},""class_counts"":{""accident"":22,""no_accident"":2313},""rows"":2335}",,,74,8130,0.0090199902,0.558702337,0.0109427967
accident_h2,accident,target_accident_h2,2,random_forest,forest_balanced,3,success,,99069,2352,96,8156,2025-01-01T00:00:00+05:30,2025-03-26T14:30:00+05:30,2025-03-26T15:30:00+05:30,2025-03-26T17:00:00+05:30,2025-04-02T16:30:00+05:30,8156,,,,,,,0.075676,0.076606,"{""balanced_class_weights"":{""accident"":47.04,""no_accident"":0.5053717232},""class_counts"":{""accident"":25,""no_accident"":2327},""rows"":2352}",,,86,8070,0.0105443845,0.519384888,0.0143658114
accident_h2,accident,target_accident_h2,2,random_forest,forest_balanced,4,success,,107226,2339,96,8206,2025-01-01T00:00:00+05:30,2025-04-02T14:30:00+05:30,2025-04-02T15:30:00+05:30,2025-04-02T17:00:00+05:30,2025-04-09T16:30:00+05:30,8206,,,,,,,0.074666,0.076897,"{""balanced_class_weights"":{""accident"":40.3275862069,""no_accident"":0.5062770563},""class_counts"":{""accident"":29,""no_accident"":2310},""rows"":2339}",,,71,8135,0.0086522057,0.453552291,0.0076524256
accident_h2,accident,target_accident_h2,2,random_forest,forest_balanced,5,success,,115434,2347,96,8162,2025-01-01T00:00:00+05:30,2025-04-09T14:30:00+05:30,2025-04-09T15:30:00+05:30,2025-04-09T17:00:00+05:30,2025-04-16T15:30:00+05:30,8162,,,,,,,0.088572,0.088701,"{""balanced_class_weights"":{""accident"":83.8214285714,""no_accident"":0.5030004286},""class_counts"":{""accident"":14,""no_accident"":2333},""rows"":2347}",,,68,8094,0.0083312914,0.4938280353,0.0101507442
accident_h2,accident,target_accident_h2,2,random_forest,forest_deep,1,success,,82675,2332,96,8191,2025-01-01T00:00:00+05:30,2025-03-12T14:30:00+05:30,2025-03-12T15:30:00+05:30,2025-03-12T17:00:00+05:30,2025-03-19T16:30:00+05:30,8191,,,,,,,0.111017,0.077951,"{""balanced_class_weights"":{""accident"":106.0,""no_accident"":0.5023696682},""class_counts"":{""accident"":11,""no_accident"":2321},""rows"":2332}",,,95,8096,0.0115980955,0.5386474152,0.0141164007
accident_h2,accident,target_accident_h2,2,random_forest,forest_deep,2,success,,90866,2335,96,8204,2025-01-01T00:00:00+05:30,2025-03-19T14:30:00+05:30,2025-03-19T15:30:00+05:30,2025-03-19T17:00:00+05:30,2025-03-26T16:30:00+05:30,8204,,,,,,,0.108384,0.07836,"{""balanced_class_weights"":{""accident"":53.0681818182,""no_accident"":0.5047557285},""class_counts"":{""accident"":22,""no_accident"":2313},""rows"":2335}",,,74,8130,0.0090199902,0.5337970812,0.0098479979
accident_h2,accident,target_accident_h2,2,random_forest,forest_deep,3,success,,99069,2352,96,8156,2025-01-01T00:00:00+05:30,2025-03-26T14:30:00+05:30,2025-03-26T15:30:00+05:30,2025-03-26T17:00:00+05:30,2025-04-02T16:30:00+05:30,8156,,,,,,,0.115502,0.07204,"{""balanced_class_weights"":{""accident"":47.04,""no_accident"":0.5053717232},""class_counts"":{""accident"":25,""no_accident"":2327},""rows"":2352}",,,86,8070,0.0105443845,0.5373937351,0.0142493587
accident_h2,accident,target_accident_h2,2,random_forest,forest_deep,4,success,,107226,2339,96,8206,2025-01-01T00:00:00+05:30,2025-04-02T14:30:00+05:30,2025-04-02T15:30:00+05:30,2025-04-02T17:00:00+05:30,2025-04-09T16:30:00+05:30,8206,,,,,,,0.165097,0.075954,"{""balanced_class_weights"":{""accident"":40.3275862069,""no_accident"":0.5062770563},""class_counts"":{""accident"":29,""no_accident"":2310},""rows"":2339}",,,71,8135,0.0086522057,0.4748937386,0.008710876
accident_h2,accident,target_accident_h2,2,random_forest,forest_deep,5,success,,115434,2347,96,8162,2025-01-01T00:00:00+05:30,2025-04-09T14:30:00+05:30,2025-04-09T15:30:00+05:30,2025-04-09T17:00:00+05:30,2025-04-16T15:30:00+05:30,8162,,,,,,,0.11077,0.076222,"{""balanced_class_weights"":{""accident"":83.8214285714,""no_accident"":0.5030004286},""class_counts"":{""accident"":14,""no_accident"":2333},""rows"":2347}",,,68,8094,0.0083312914,0.5186603366,0.0098615105
accident_h2,accident,target_accident_h2,2,xgboost,xgb_balanced,1,success,,82675,2332,96,8191,2025-01-01T00:00:00+05:30,2025-03-12T14:30:00+05:30,2025-03-12T15:30:00+05:30,2025-03-12T17:00:00+05:30,2025-03-19T16:30:00+05:30,8191,,,,,,,0.043765,0.042602,"{""balanced_class_weights"":{""accident"":106.0,""no_accident"":0.5023696682},""class_counts"":{""accident"":11,""no_accident"":2321},""rows"":2332}",,,95,8096,0.0115980955,0.5182052216,0.0142811407
accident_h2,accident,target_accident_h2,2,xgboost,xgb_balanced,2,success,,90866,2335,96,8204,2025-01-01T00:00:00+05:30,2025-03-19T14:30:00+05:30,2025-03-19T15:30:00+05:30,2025-03-19T17:00:00+05:30,2025-03-26T16:30:00+05:30,8204,,,,,,,0.041174,0.038462,"{""balanced_class_weights"":{""accident"":53.0681818182,""no_accident"":0.5047557285},""class_counts"":{""accident"":22,""no_accident"":2313},""rows"":2335}",,,74,8130,0.0090199902,0.5305550015,0.0100086497
accident_h2,accident,target_accident_h2,2,xgboost,xgb_balanced,3,success,,99069,2352,96,8156,2025-01-01T00:00:00+05:30,2025-03-26T14:30:00+05:30,2025-03-26T15:30:00+05:30,2025-03-26T17:00:00+05:30,2025-04-02T16:30:00+05:30,8156,,,,,,,0.04116,0.038477,"{""balanced_class_weights"":{""accident"":47.04,""no_accident"":0.5053717232},""class_counts"":{""accident"":25,""no_accident"":2327},""rows"":2352}",,,86,8070,0.0105443845,0.5497593729,0.0142443678
accident_h2,accident,target_accident_h2,2,xgboost,xgb_balanced,4,success,,107226,2339,96,8206,2025-01-01T00:00:00+05:30,2025-04-02T14:30:00+05:30,2025-04-02T15:30:00+05:30,2025-04-02T17:00:00+05:30,2025-04-09T16:30:00+05:30,8206,,,,,,,0.044031,0.039327,"{""balanced_class_weights"":{""accident"":40.3275862069,""no_accident"":0.5062770563},""class_counts"":{""accident"":29,""no_accident"":2310},""rows"":2339}",,,71,8135,0.0086522057,0.4284053429,0.0071453672
accident_h2,accident,target_accident_h2,2,xgboost,xgb_balanced,5,success,,115434,2347,96,8162,2025-01-01T00:00:00+05:30,2025-04-09T14:30:00+05:30,2025-04-09T15:30:00+05:30,2025-04-09T17:00:00+05:30,2025-04-16T15:30:00+05:30,8162,,,,,,,0.040919,0.03834,"{""balanced_class_weights"":{""accident"":83.8214285714,""no_accident"":0.5030004286},""class_counts"":{""accident"":14,""no_accident"":2333},""rows"":2347}",,,68,8094,0.0083312914,0.5338249829,0.0106873922
accident_h2,accident,target_accident_h2,2,xgboost,xgb_deep,1,success,,82675,2332,96,8191,2025-01-01T00:00:00+05:30,2025-03-12T14:30:00+05:30,2025-03-12T15:30:00+05:30,2025-03-12T17:00:00+05:30,2025-03-19T16:30:00+05:30,8191,,,,,,,0.050507,0.037989,"{""balanced_class_weights"":{""accident"":106.0,""no_accident"":0.5023696682},""class_counts"":{""accident"":11,""no_accident"":2321},""rows"":2332}",,,95,8096,0.0115980955,0.4956144685,0.0137111896
accident_h2,accident,target_accident_h2,2,xgboost,xgb_deep,2,success,,90866,2335,96,8204,2025-01-01T00:00:00+05:30,2025-03-19T14:30:00+05:30,2025-03-19T15:30:00+05:30,2025-03-19T17:00:00+05:30,2025-03-26T16:30:00+05:30,8204,,,,,,,0.055015,0.041481,"{""balanced_class_weights"":{""accident"":53.0681818182,""no_accident"":0.5047557285},""class_counts"":{""accident"":22,""no_accident"":2313},""rows"":2335}",,,74,8130,0.0090199902,0.511360992,0.0093427002
accident_h2,accident,target_accident_h2,2,xgboost,xgb_deep,3,success,,99069,2352,96,8156,2025-01-01T00:00:00+05:30,2025-03-26T14:30:00+05:30,2025-03-26T15:30:00+05:30,2025-03-26T17:00:00+05:30,2025-04-02T16:30:00+05:30,8156,,,,,,,0.059629,0.038161,"{""balanced_class_weights"":{""accident"":47.04,""no_accident"":0.5053717232},""class_counts"":{""accident"":25,""no_accident"":2327},""rows"":2352}",,,86,8070,0.0105443845,0.5380680672,0.0135550575
accident_h2,accident,target_accident_h2,2,xgboost,xgb_deep,4,success,,107226,2339,96,8206,2025-01-01T00:00:00+05:30,2025-04-02T14:30:00+05:30,2025-04-02T15:30:00+05:30,2025-04-02T17:00:00+05:30,2025-04-09T16:30:00+05:30,8206,,,,,,,0.057395,0.044114,"{""balanced_class_weights"":{""accident"":40.3275862069,""no_accident"":0.5062770563},""class_counts"":{""accident"":29,""no_accident"":2310},""rows"":2339}",,,71,8135,0.0086522057,0.4232390038,0.0069792586
accident_h2,accident,target_accident_h2,2,xgboost,xgb_deep,5,success,,115434,2347,96,8162,2025-01-01T00:00:00+05:30,2025-04-09T14:30:00+05:30,2025-04-09T15:30:00+05:30,2025-04-09T17:00:00+05:30,2025-04-16T15:30:00+05:30,8162,,,,,,,0.054515,0.039569,"{""balanced_class_weights"":{""accident"":83.8214285714,""no_accident"":0.5030004286},""class_counts"":{""accident"":14,""no_accident"":2333},""rows"":2347}",,,68,8094,0.0083312914,0.5181443408,0.0093909535
accident_h2,accident,target_accident_h2,2,svm,svm_regularized,1,success,,82675,2332,96,8191,2025-01-01T00:00:00+05:30,2025-03-12T14:30:00+05:30,2025-03-12T15:30:00+05:30,2025-03-12T17:00:00+05:30,2025-03-19T16:30:00+05:30,8191,,,,,,,0.036109,0.019399,"{""balanced_class_weights"":{""accident"":106.0,""no_accident"":0.5023696682},""class_counts"":{""accident"":11,""no_accident"":2321},""rows"":2332}",,,95,8096,0.0115980955,0.4987609216,0.0115889906
accident_h2,accident,target_accident_h2,2,svm,svm_regularized,2,success,,90866,2335,96,8204,2025-01-01T00:00:00+05:30,2025-03-19T14:30:00+05:30,2025-03-19T15:30:00+05:30,2025-03-19T17:00:00+05:30,2025-03-26T16:30:00+05:30,8204,,,,,,,0.038608,0.019652,"{""balanced_class_weights"":{""accident"":53.0681818182,""no_accident"":0.5047557285},""class_counts"":{""accident"":22,""no_accident"":2313},""rows"":2335}",,,74,8130,0.0090199902,0.5407183937,0.0099710206
accident_h2,accident,target_accident_h2,2,svm,svm_regularized,3,success,,99069,2352,96,8156,2025-01-01T00:00:00+05:30,2025-03-26T14:30:00+05:30,2025-03-26T15:30:00+05:30,2025-03-26T17:00:00+05:30,2025-04-02T16:30:00+05:30,8156,,,,,,,0.041483,0.022238,"{""balanced_class_weights"":{""accident"":47.04,""no_accident"":0.5053717232},""class_counts"":{""accident"":25,""no_accident"":2327},""rows"":2352}",,,86,8070,0.0105443845,0.5671781793,0.0210252795
accident_h2,accident,target_accident_h2,2,svm,svm_regularized,4,success,,107226,2339,96,8206,2025-01-01T00:00:00+05:30,2025-04-02T14:30:00+05:30,2025-04-02T15:30:00+05:30,2025-04-02T17:00:00+05:30,2025-04-09T16:30:00+05:30,8206,,,,,,,0.038849,0.023188,"{""balanced_class_weights"":{""accident"":40.3275862069,""no_accident"":0.5062770563},""class_counts"":{""accident"":29,""no_accident"":2310},""rows"":2339}",,,71,8135,0.0086522057,0.5460027528,0.0113119896
accident_h2,accident,target_accident_h2,2,svm,svm_regularized,5,success,,115434,2347,96,8162,2025-01-01T00:00:00+05:30,2025-04-09T14:30:00+05:30,2025-04-09T15:30:00+05:30,2025-04-09T17:00:00+05:30,2025-04-16T15:30:00+05:30,8162,,,,,,,0.035557,0.019359,"{""balanced_class_weights"":{""accident"":83.8214285714,""no_accident"":0.5030004286},""class_counts"":{""accident"":14,""no_accident"":2333},""rows"":2347}",,,68,8094,0.0083312914,0.4966787308,0.008628432
accident_h2,accident,target_accident_h2,2,svm,svm_default,1,success,,82675,2332,96,8191,2025-01-01T00:00:00+05:30,2025-03-12T14:30:00+05:30,2025-03-12T15:30:00+05:30,2025-03-12T17:00:00+05:30,2025-03-19T16:30:00+05:30,8191,,,,,,,0.0341,0.021631,"{""balanced_class_weights"":{""accident"":106.0,""no_accident"":0.5023696682},""class_counts"":{""accident"":11,""no_accident"":2321},""rows"":2332}",,,95,8096,0.0115980955,0.5042685147,0.0116307808
accident_h2,accident,target_accident_h2,2,svm,svm_default,2,success,,90866,2335,96,8204,2025-01-01T00:00:00+05:30,2025-03-19T14:30:00+05:30,2025-03-19T15:30:00+05:30,2025-03-19T17:00:00+05:30,2025-03-26T16:30:00+05:30,8204,,,,,,,0.048601,0.021672,"{""balanced_class_weights"":{""accident"":53.0681818182,""no_accident"":0.5047557285},""class_counts"":{""accident"":22,""no_accident"":2313},""rows"":2335}",,,74,8130,0.0090199902,0.5306854825,0.0096104432
accident_h2,accident,target_accident_h2,2,svm,svm_default,3,success,,99069,2352,96,8156,2025-01-01T00:00:00+05:30,2025-03-26T14:30:00+05:30,2025-03-26T15:30:00+05:30,2025-03-26T17:00:00+05:30,2025-04-02T16:30:00+05:30,8156,,,,,,,0.04956,0.020162,"{""balanced_class_weights"":{""accident"":47.04,""no_accident"":0.5053717232},""class_counts"":{""accident"":25,""no_accident"":2327},""rows"":2352}",,,86,8070,0.0105443845,0.5577202386,0.0191479292
accident_h2,accident,target_accident_h2,2,svm,svm_default,4,success,,107226,2339,96,8206,2025-01-01T00:00:00+05:30,2025-04-02T14:30:00+05:30,2025-04-02T15:30:00+05:30,2025-04-02T17:00:00+05:30,2025-04-09T16:30:00+05:30,8206,,,,,,,0.045485,0.021344,"{""balanced_class_weights"":{""accident"":40.3275862069,""no_accident"":0.5062770563},""class_counts"":{""accident"":29,""no_accident"":2310},""rows"":2339}",,,71,8135,0.0086522057,0.5270496983,0.0104004188
accident_h2,accident,target_accident_h2,2,svm,svm_default,5,success,,115434,2347,96,8162,2025-01-01T00:00:00+05:30,2025-04-09T14:30:00+05:30,2025-04-09T15:30:00+05:30,2025-04-09T17:00:00+05:30,2025-04-16T15:30:00+05:30,8162,,,,,,,0.047225,0.02127,"{""balanced_class_weights"":{""accident"":83.8214285714,""no_accident"":0.5030004286},""class_counts"":{""accident"":14,""no_accident"":2333},""rows"":2347}",,,68,8094,0.0083312914,0.4909464527,0.0084601901
accident_h3,accident,target_accident_h3,3,decision_tree,tree_balanced,1,success,,82676,2351,96,8192,2025-01-01T00:00:00+05:30,2025-03-12T14:30:00+05:30,2025-03-12T16:00:00+05:30,2025-03-12T17:00:00+05:30,2025-03-19T16:30:00+05:30,8192,,,,,,,0.036182,0.040921,"{""balanced_class_weights"":{""accident"":55.9761904762,""no_accident"":0.5045064378},""class_counts"":{""accident"":21,""no_accident"":2330},""rows"":2351}",,,97,8095,0.0118408203,0.5029291341,0.011931671
accident_h3,accident,target_accident_h3,3,decision_tree,tree_balanced,2,success,,90867,2353,96,8204,2025-01-01T00:00:00+05:30,2025-03-19T14:30:00+05:30,2025-03-19T16:00:00+05:30,2025-03-19T17:00:00+05:30,2025-03-26T16:30:00+05:30,8204,,,,,,,0.038106,0.039212,"{""balanced_class_weights"":{""accident"":49.0208333333,""no_accident"":0.5051524259},""class_counts"":{""accident"":24,""no_accident"":2329},""rows"":2353}",,,72,8132,0.0087762067,0.4860180289,0.0086740174
accident_h3,accident,target_accident_h3,3,decision_tree,tree_balanced,3,success,,99070,2348,96,8153,2025-01-01T00:00:00+05:30,2025-03-26T14:30:00+05:30,2025-03-26T16:00:00+05:30,2025-03-26T17:00:00+05:30,2025-04-02T16:30:00+05:30,8153,,,,,,,0.034635,0.036888,"{""balanced_class_weights"":{""accident"":106.7272727273,""no_accident"":0.5023534446},""class_counts"":{""accident"":11,""no_accident"":2337},""rows"":2348}",,,86,8067,0.0105482644,0.5063292599,0.0108694215
accident_h3,accident,target_accident_h3,3,decision_tree,tree_balanced,4,success,,107227,2336,96,8209,2025-01-01T00:00:00+05:30,2025-04-02T14:30:00+05:30,2025-04-02T16:00:00+05:30,2025-04-02T17:00:00+05:30,2025-04-09T16:30:00+05:30,8209,,,,,,,0.037462,0.040001,"{""balanced_class_weights"":{""accident"":77.8666666667,""no_accident"":0.5032313658},""class_counts"":{""accident"":15,""no_accident"":2321},""rows"":2336}",,,71,8138,0.0086490437,0.5034553598,0.0087165943
accident_h3,accident,target_accident_h3,3,decision_tree,tree_balanced,5,success,,115434,2351,96,8137,2025-01-01T00:00:00+05:30,2025-04-09T14:30:00+05:30,2025-04-09T16:00:00+05:30,2025-04-09T17:00:00+05:30,2025-04-16T15:00:00+05:30,8137,,,,,,,0.040017,0.040112,"{""balanced_class_weights"":{""accident"":45.2115384615,""no_accident"":0.5055913978},""class_counts"":{""accident"":26,""no_accident"":2325},""rows"":2351}",,,68,8069,0.0083568883,0.4893237007,0.0085303101
accident_h3,accident,target_accident_h3,3,decision_tree,tree_deep,1,success,,82676,2351,96,8192,2025-01-01T00:00:00+05:30,2025-03-12T14:30:00+05:30,2025-03-12T16:00:00+05:30,2025-03-12T17:00:00+05:30,2025-03-19T16:30:00+05:30,8192,,,,,,,0.036195,0.040922,"{""balanced_class_weights"":{""accident"":55.9761904762,""no_accident"":0.5045064378},""class_counts"":{""accident"":21,""no_accident"":2330},""rows"":2351}",,,97,8095,0.0118408203,0.4916615195,0.0118408203
accident_h3,accident,target_accident_h3,3,decision_tree,tree_deep,2,success,,90867,2353,96,8204,2025-01-01T00:00:00+05:30,2025-03-19T14:30:00+05:30,2025-03-19T16:00:00+05:30,2025-03-19T17:00:00+05:30,2025-03-26T16:30:00+05:30,8204,,,,,,,0.038788,0.040488,"{""balanced_class_weights"":{""accident"":49.0208333333,""no_accident"":0.5051524259},""class_counts"":{""accident"":24,""no_accident"":2329},""rows"":2353}",,,72,8132,0.0087762067,0.491991515,0.008677056
accident_h3,accident,target_accident_h3,3,decision_tree,tree_deep,3,success,,99070,2348,96,8153,2025-01-01T00:00:00+05:30,2025-03-26T14:30:00+05:30,2025-03-26T16:00:00+05:30,2025-03-26T17:00:00+05:30,2025-04-02T16:30:00+05:30,8153,,,,,,,0.032639,0.037372,"{""balanced_class_weights"":{""accident"":106.7272727273,""no_accident"":0.5023534446},""class_counts"":{""accident"":11,""no_accident"":2337},""rows"":2348}",,,86,8067,0.0105482644,0.5042420888,0.0106597398
accident_h3,accident,target_accident_h3,3,decision_tree,tree_deep,4,success,,107227,2336,96,8209,2025-01-01T00:00:00+05:30,2025-04-02T14:30:00+05:30,2025-04-02T16:00:00+05:30,2025-04-02T17:00:00+05:30,2025-04-09T16:30:00+05:30,8209,,,,,,,0.039322,0.041554,"{""balanced_class_weights"":{""accident"":77.8666666667,""no_accident"":0.5032313658},""class_counts"":{""accident"":15,""no_accident"":2321},""rows"":2336}",,,71,8138,0.0086490437,0.5156940661,0.0092541378
accident_h3,accident,target_accident_h3,3,decision_tree,tree_deep,5,success,,115434,2351,96,8137,2025-01-01T00:00:00+05:30,2025-04-09T14:30:00+05:30,2025-04-09T16:00:00+05:30,2025-04-09T17:00:00+05:30,2025-04-16T15:00:00+05:30,8137,,,,,,,0.042744,0.039039,"{""balanced_class_weights"":{""accident"":45.2115384615,""no_accident"":0.5055913978},""class_counts"":{""accident"":26,""no_accident"":2325},""rows"":2351}",,,68,8069,0.0083568883,0.5026973238,0.0084102629
accident_h3,accident,target_accident_h3,3,random_forest,forest_balanced,1,success,,82676,2351,96,8192,2025-01-01T00:00:00+05:30,2025-03-12T14:30:00+05:30,2025-03-12T16:00:00+05:30,2025-03-12T17:00:00+05:30,2025-03-19T16:30:00+05:30,8192,,,,,,,0.075473,0.081359,"{""balanced_class_weights"":{""accident"":55.9761904762,""no_accident"":0.5045064378},""class_counts"":{""accident"":21,""no_accident"":2330},""rows"":2351}",,,97,8095,0.0118408203,0.5357214266,0.0161600158
accident_h3,accident,target_accident_h3,3,random_forest,forest_balanced,2,success,,90867,2353,96,8204,2025-01-01T00:00:00+05:30,2025-03-19T14:30:00+05:30,2025-03-19T16:00:00+05:30,2025-03-19T17:00:00+05:30,2025-03-26T16:30:00+05:30,8204,,,,,,,0.077197,0.075046,"{""balanced_class_weights"":{""accident"":49.0208333333,""no_accident"":0.5051524259},""class_counts"":{""accident"":24,""no_accident"":2329},""rows"":2353}",,,72,8132,0.0087762067,0.513788121,0.0093591158
accident_h3,accident,target_accident_h3,3,random_forest,forest_balanced,3,success,,99070,2348,96,8153,2025-01-01T00:00:00+05:30,2025-03-26T14:30:00+05:30,2025-03-26T16:00:00+05:30,2025-03-26T17:00:00+05:30,2025-04-02T16:30:00+05:30,8153,,,,,,,0.075015,0.076638,"{""balanced_class_weights"":{""accident"":106.7272727273,""no_accident"":0.5023534446},""class_counts"":{""accident"":11,""no_accident"":2337},""rows"":2348}",,,86,8067,0.0105482644,0.5055581021,0.012285569
accident_h3,accident,target_accident_h3,3,random_forest,forest_balanced,4,success,,107227,2336,96,8209,2025-01-01T00:00:00+05:30,2025-04-02T14:30:00+05:30,2025-04-02T16:00:00+05:30,2025-04-02T17:00:00+05:30,2025-04-09T16:30:00+05:30,8209,,,,,,,0.074604,0.083961,"{""balanced_class_weights"":{""accident"":77.8666666667,""no_accident"":0.5032313658},""class_counts"":{""accident"":15,""no_accident"":2321},""rows"":2336}",,,71,8138,0.0086490437,0.4917272126,0.0144777023
accident_h3,accident,target_accident_h3,3,random_forest,forest_balanced,5,success,,115434,2351,96,8137,2025-01-01T00:00:00+05:30,2025-04-09T14:30:00+05:30,2025-04-09T16:00:00+05:30,2025-04-09T17:00:00+05:30,2025-04-16T15:00:00+05:30,8137,,,,,,,0.077539,0.076157,"{""balanced_class_weights"":{""accident"":45.2115384615,""no_accident"":0.5055913978},""class_counts"":{""accident"":26,""no_accident"":2325},""rows"":2351}",,,68,8069,0.0083568883,0.4869753887,0.008069629
accident_h3,accident,target_accident_h3,3,random_forest,forest_deep,1,success,,82676,2351,96,8192,2025-01-01T00:00:00+05:30,2025-03-12T14:30:00+05:30,2025-03-12T16:00:00+05:30,2025-03-12T17:00:00+05:30,2025-03-19T16:30:00+05:30,8192,,,,,,,0.115648,0.088209,"{""balanced_class_weights"":{""accident"":55.9761904762,""no_accident"":0.5045064378},""class_counts"":{""accident"":21,""no_accident"":2330},""rows"":2351}",,,97,8095,0.0118408203,0.4819176913,0.0141911132
accident_h3,accident,target_accident_h3,3,random_forest,forest_deep,2,success,,90867,2353,96,8204,2025-01-01T00:00:00+05:30,2025-03-19T14:30:00+05:30,2025-03-19T16:00:00+05:30,2025-03-19T17:00:00+05:30,2025-03-26T16:30:00+05:30,8204,,,,,,,0.122023,0.085564,"{""balanced_class_weights"":{""accident"":49.0208333333,""no_accident"":0.5051524259},""class_counts"":{""accident"":24,""no_accident"":2329},""rows"":2353}",,,72,8132,0.0087762067,0.5441833019,0.0095461713
accident_h3,accident,target_accident_h3,3,random_forest,forest_deep,3,success,,99070,2348,96,8153,2025-01-01T00:00:00+05:30,2025-03-26T14:30:00+05:30,2025-03-26T16:00:00+05:30,2025-03-26T17:00:00+05:30,2025-04-02T16:30:00+05:30,8153,,,,,,,0.11761,0.082478,"{""balanced_class_weights"":{""accident"":106.7272727273,""no_accident"":0.5023534446},""class_counts"":{""accident"":11,""no_accident"":2337},""rows"":2348}",,,86,8067,0.0105482644,0.5038601134,0.0115872184
accident_h3,accident,target_accident_h3,3,random_forest,forest_deep,4,success,,107227,2336,96,8209,2025-01-01T00:00:00+05:30,2025-04-02T14:30:00+05:30,2025-04-02T16:00:00+05:30,2025-04-02T17:00:00+05:30,2025-04-09T16:30:00+05:30,8209,,,,,,,0.109443,0.083662,"{""balanced_class_weights"":{""accident"":77.8666666667,""no_accident"":0.5032313658},""class_counts"":{""accident"":15,""no_accident"":2321},""rows"":2336}",,,71,8138,0.0086490437,0.5096625464,0.0112186895
accident_h3,accident,target_accident_h3,3,random_forest,forest_deep,5,success,,115434,2351,96,8137,2025-01-01T00:00:00+05:30,2025-04-09T14:30:00+05:30,2025-04-09T16:00:00+05:30,2025-04-09T17:00:00+05:30,2025-04-16T15:00:00+05:30,8137,,,,,,,0.110729,0.082498,"{""balanced_class_weights"":{""accident"":45.2115384615,""no_accident"":0.5055913978},""class_counts"":{""accident"":26,""no_accident"":2325},""rows"":2351}",,,68,8069,0.0083568883,0.50580927,0.0084946772
accident_h3,accident,target_accident_h3,3,xgboost,xgb_balanced,1,success,,82676,2351,96,8192,2025-01-01T00:00:00+05:30,2025-03-12T14:30:00+05:30,2025-03-12T16:00:00+05:30,2025-03-12T17:00:00+05:30,2025-03-19T16:30:00+05:30,8192,,,,,,,0.0506,0.04383,"{""balanced_class_weights"":{""accident"":55.9761904762,""no_accident"":0.5045064378},""class_counts"":{""accident"":21,""no_accident"":2330},""rows"":2351}",,,97,8095,0.0118408203,0.4780321313,0.015918608
accident_h3,accident,target_accident_h3,3,xgboost,xgb_balanced,2,success,,90867,2353,96,8204,2025-01-01T00:00:00+05:30,2025-03-19T14:30:00+05:30,2025-03-19T16:00:00+05:30,2025-03-19T17:00:00+05:30,2025-03-26T16:30:00+05:30,8204,,,,,,,0.04984,0.039885,"{""balanced_class_weights"":{""accident"":49.0208333333,""no_accident"":0.5051524259},""class_counts"":{""accident"":24,""no_accident"":2329},""rows"":2353}",,,72,8132,0.0087762067,0.4971981404,0.009335678
accident_h3,accident,target_accident_h3,3,xgboost,xgb_balanced,3,success,,99070,2348,96,8153,2025-01-01T00:00:00+05:30,2025-03-26T14:30:00+05:30,2025-03-26T16:00:00+05:30,2025-03-26T17:00:00+05:30,2025-04-02T16:30:00+05:30,8153,,,,,,,0.042687,0.039744,"{""balanced_class_weights"":{""accident"":106.7272727273,""no_accident"":0.5023534446},""class_counts"":{""accident"":11,""no_accident"":2337},""rows"":2348}",,,86,8067,0.0105482644,0.5411329822,0.0122030243
accident_h3,accident,target_accident_h3,3,xgboost,xgb_balanced,4,success,,107227,2336,96,8209,2025-01-01T00:00:00+05:30,2025-04-02T14:30:00+05:30,2025-04-02T16:00:00+05:30,2025-04-02T17:00:00+05:30,2025-04-09T16:30:00+05:30,8209,,,,,,,0.045842,0.04084,"{""balanced_class_weights"":{""accident"":77.8666666667,""no_accident"":0.5032313658},""class_counts"":{""accident"":15,""no_accident"":2321},""rows"":2336}",,,71,8138,0.0086490437,0.5233593747,0.0119033144
accident_h3,accident,target_accident_h3,3,xgboost,xgb_balanced,5,success,,115434,2351,96,8137,2025-01-01T00:00:00+05:30,2025-04-09T14:30:00+05:30,2025-04-09T16:00:00+05:30,2025-04-09T17:00:00+05:30,2025-04-16T15:00:00+05:30,8137,,,,,,,0.055709,0.044652,"{""balanced_class_weights"":{""accident"":45.2115384615,""no_accident"":0.5055913978},""class_counts"":{""accident"":26,""no_accident"":2325},""rows"":2351}",,,68,8069,0.0083568883,0.4889181909,0.0089550315
accident_h3,accident,target_accident_h3,3,xgboost,xgb_deep,1,success,,82676,2351,96,8192,2025-01-01T00:00:00+05:30,2025-03-12T14:30:00+05:30,2025-03-12T16:00:00+05:30,2025-03-12T17:00:00+05:30,2025-03-19T16:30:00+05:30,8192,,,,,,,0.072225,0.040073,"{""balanced_class_weights"":{""accident"":55.9761904762,""no_accident"":0.5045064378},""class_counts"":{""accident"":21,""no_accident"":2330},""rows"":2351}",,,97,8095,0.0118408203,0.4513394421,0.0144929436
accident_h3,accident,target_accident_h3,3,xgboost,xgb_deep,2,success,,90867,2353,96,8204,2025-01-01T00:00:00+05:30,2025-03-19T14:30:00+05:30,2025-03-19T16:00:00+05:30,2025-03-19T17:00:00+05:30,2025-03-26T16:30:00+05:30,8204,,,,,,,0.067002,0.040596,"{""balanced_class_weights"":{""accident"":49.0208333333,""no_accident"":0.5051524259},""class_counts"":{""accident"":24,""no_accident"":2329},""rows"":2353}",,,72,8132,0.0087762067,0.4955098513,0.0088376558
accident_h3,accident,target_accident_h3,3,xgboost,xgb_deep,3,success,,99070,2348,96,8153,2025-01-01T00:00:00+05:30,2025-03-26T14:30:00+05:30,2025-03-26T16:00:00+05:30,2025-03-26T17:00:00+05:30,2025-04-02T16:30:00+05:30,8153,,,,,,,0.056271,0.04182,"{""balanced_class_weights"":{""accident"":106.7272727273,""no_accident"":0.5023534446},""class_counts"":{""accident"":11,""no_accident"":2337},""rows"":2348}",,,86,8067,0.0105482644,0.5256399169,0.0121782343
accident_h3,accident,target_accident_h3,3,xgboost,xgb_deep,4,success,,107227,2336,96,8209,2025-01-01T00:00:00+05:30,2025-04-02T14:30:00+05:30,2025-04-02T16:00:00+05:30,2025-04-02T17:00:00+05:30,2025-04-09T16:30:00+05:30,8209,,,,,,,0.05508,0.042467,"{""balanced_class_weights"":{""accident"":77.8666666667,""no_accident"":0.5032313658},""class_counts"":{""accident"":15,""no_accident"":2321},""rows"":2336}",,,71,8138,0.0086490437,0.4956714977,0.0093355941
accident_h3,accident,target_accident_h3,3,xgboost,xgb_deep,5,success,,115434,2351,96,8137,2025-01-01T00:00:00+05:30,2025-04-09T14:30:00+05:30,2025-04-09T16:00:00+05:30,2025-04-09T17:00:00+05:30,2025-04-16T15:00:00+05:30,8137,,,,,,,0.060623,0.040752,"{""balanced_class_weights"":{""accident"":45.2115384615,""no_accident"":0.5055913978},""class_counts"":{""accident"":26,""no_accident"":2325},""rows"":2351}",,,68,8069,0.0083568883,0.4988928215,0.0109327433
accident_h3,accident,target_accident_h3,3,svm,svm_regularized,1,success,,82676,2351,96,8192,2025-01-01T00:00:00+05:30,2025-03-12T14:30:00+05:30,2025-03-12T16:00:00+05:30,2025-03-12T17:00:00+05:30,2025-03-19T16:30:00+05:30,8192,,,,,,,0.040061,0.021249,"{""balanced_class_weights"":{""accident"":55.9761904762,""no_accident"":0.5045064378},""class_counts"":{""accident"":21,""no_accident"":2330},""rows"":2351}",,,97,8095,0.0118408203,0.5149455882,0.0126242996
accident_h3,accident,target_accident_h3,3,svm,svm_regularized,2,success,,90867,2353,96,8204,2025-01-01T00:00:00+05:30,2025-03-19T14:30:00+05:30,2025-03-19T16:00:00+05:30,2025-03-19T17:00:00+05:30,2025-03-26T16:30:00+05:30,8204,,,,,,,0.048276,0.021301,"{""balanced_class_weights"":{""accident"":49.0208333333,""no_accident"":0.5051524259},""class_counts"":{""accident"":24,""no_accident"":2329},""rows"":2353}",,,72,8132,0.0087762067,0.4659848609,0.0089442549
accident_h3,accident,target_accident_h3,3,svm,svm_regularized,3,success,,99070,2348,96,8153,2025-01-01T00:00:00+05:30,2025-03-26T14:30:00+05:30,2025-03-26T16:00:00+05:30,2025-03-26T17:00:00+05:30,2025-04-02T16:30:00+05:30,8153,,,,,,,0.033338,0.021338,"{""balanced_class_weights"":{""accident"":106.7272727273,""no_accident"":0.5023534446},""class_counts"":{""accident"":11,""no_accident"":2337},""rows"":2348}",,,86,8067,0.0105482644,0.4887627169,0.0103149576
accident_h3,accident,target_accident_h3,3,svm,svm_regularized,4,success,,107227,2336,96,8209,2025-01-01T00:00:00+05:30,2025-04-02T14:30:00+05:30,2025-04-02T16:00:00+05:30,2025-04-02T17:00:00+05:30,2025-04-09T16:30:00+05:30,8209,,,,,,,0.04109,0.021703,"{""balanced_class_weights"":{""accident"":77.8666666667,""no_accident"":0.5032313658},""class_counts"":{""accident"":15,""no_accident"":2321},""rows"":2336}",,,71,8138,0.0086490437,0.4287588396,0.0071675585
accident_h3,accident,target_accident_h3,3,svm,svm_regularized,5,success,,115434,2351,96,8137,2025-01-01T00:00:00+05:30,2025-04-09T14:30:00+05:30,2025-04-09T16:00:00+05:30,2025-04-09T17:00:00+05:30,2025-04-16T15:00:00+05:30,8137,,,,,,,0.035528,0.02011,"{""balanced_class_weights"":{""accident"":45.2115384615,""no_accident"":0.5055913978},""class_counts"":{""accident"":26,""no_accident"":2325},""rows"":2351}",,,68,8069,0.0083568883,0.499205383,0.0080542155
accident_h3,accident,target_accident_h3,3,svm,svm_default,1,success,,82676,2351,96,8192,2025-01-01T00:00:00+05:30,2025-03-12T14:30:00+05:30,2025-03-12T16:00:00+05:30,2025-03-12T17:00:00+05:30,2025-03-19T16:30:00+05:30,8192,,,,,,,0.044762,0.020097,"{""balanced_class_weights"":{""accident"":55.9761904762,""no_accident"":0.5045064378},""class_counts"":{""accident"":21,""no_accident"":2330},""rows"":2351}",,,97,8095,0.0118408203,0.5238514292,0.0128905114
accident_h3,accident,target_accident_h3,3,svm,svm_default,2,success,,90867,2353,96,8204,2025-01-01T00:00:00+05:30,2025-03-19T14:30:00+05:30,2025-03-19T16:00:00+05:30,2025-03-19T17:00:00+05:30,2025-03-26T16:30:00+05:30,8204,,,,,,,0.052071,0.021633,"{""balanced_class_weights"":{""accident"":49.0208333333,""no_accident"":0.5051524259},""class_counts"":{""accident"":24,""no_accident"":2329},""rows"":2353}",,,72,8132,0.0087762067,0.4671274663,0.0090743557
accident_h3,accident,target_accident_h3,3,svm,svm_default,3,success,,99070,2348,96,8153,2025-01-01T00:00:00+05:30,2025-03-26T14:30:00+05:30,2025-03-26T16:00:00+05:30,2025-03-26T17:00:00+05:30,2025-04-02T16:30:00+05:30,8153,,,,,,,0.040063,0.01987,"{""balanced_class_weights"":{""accident"":106.7272727273,""no_accident"":0.5023534446},""class_counts"":{""accident"":11,""no_accident"":2337},""rows"":2348}",,,86,8067,0.0105482644,0.4924239148,0.0106428045
accident_h3,accident,target_accident_h3,3,svm,svm_default,4,success,,107227,2336,96,8209,2025-01-01T00:00:00+05:30,2025-04-02T14:30:00+05:30,2025-04-02T16:00:00+05:30,2025-04-02T17:00:00+05:30,2025-04-09T16:30:00+05:30,8209,,,,,,,0.041622,0.020719,"{""balanced_class_weights"":{""accident"":77.8666666667,""no_accident"":0.5032313658},""class_counts"":{""accident"":15,""no_accident"":2321},""rows"":2336}",,,71,8138,0.0086490437,0.4342676852,0.0073251295
accident_h3,accident,target_accident_h3,3,svm,svm_default,5,success,,115434,2351,96,8137,2025-01-01T00:00:00+05:30,2025-04-09T14:30:00+05:30,2025-04-09T16:00:00+05:30,2025-04-09T17:00:00+05:30,2025-04-16T15:00:00+05:30,8137,,,,,,,0.0442,0.021118,"{""balanced_class_weights"":{""accident"":45.2115384615,""no_accident"":0.5055913978},""class_counts"":{""accident"":26,""no_accident"":2325},""rows"":2351}",,,68,8069,0.0083568883,0.4990194863,0.0080947856
accident_h4,accident,target_accident_h4,4,decision_tree,tree_balanced,1,success,,82675,2335,96,8192,2025-01-01T00:00:00+05:30,2025-03-12T14:30:00+05:30,2025-03-12T16:30:00+05:30,2025-03-12T17:00:00+05:30,2025-03-19T16:30:00+05:30,8192,,,,,,,0.034226,0.03791,"{""balanced_class_weights"":{""accident"":64.8611111111,""no_accident"":0.5038843332},""class_counts"":{""accident"":18,""no_accident"":2317},""rows"":2335}",,,96,8096,0.01171875,0.5044106143,0.0118092032
accident_h4,accident,target_accident_h4,4,decision_tree,tree_balanced,2,success,,90868,2348,96,8203,2025-01-01T00:00:00+05:30,2025-03-19T14:30:00+05:30,2025-03-19T16:30:00+05:30,2025-03-19T17:00:00+05:30,2025-03-26T16:30:00+05:30,8203,,,,,,,0.03669,0.038804,"{""balanced_class_weights"":{""accident"":40.4827586207,""no_accident"":0.5062526951},""class_counts"":{""accident"":29,""no_accident"":2319},""rows"":2348}",,,73,8130,0.0088991832,0.5594154914,0.0129323215
accident_h4,accident,target_accident_h4,4,decision_tree,tree_balanced,3,success,,99071,2329,96,8154,2025-01-01T00:00:00+05:30,2025-03-26T14:30:00+05:30,2025-03-26T16:30:00+05:30,2025-03-26T17:00:00+05:30,2025-04-02T16:30:00+05:30,8154,,,,,,,0.03499,0.037299,"{""balanced_class_weights"":{""accident"":50.6304347826,""no_accident"":0.5049869905},""class_counts"":{""accident"":23,""no_accident"":2306},""rows"":2329}",,,85,8069,0.0104243316,0.4912001633,0.0102783087
accident_h4,accident,target_accident_h4,4,decision_tree,tree_balanced,4,success,,107227,2352,96,8209,2025-01-01T00:00:00+05:30,2025-04-02T14:30:00+05:30,2025-04-02T16:30:00+05:30,2025-04-02T17:00:00+05:30,2025-04-09T16:30:00+05:30,8209,,,,,,,0.035715,0.041362,"{""balanced_class_weights"":{""accident"":130.6666666667,""no_accident"":0.5019206146},""class_counts"":{""accident"":9,""no_accident"":2343},""rows"":2352}",,,71,8138,0.0086490437,0.4800968505,0.0083682522
accident_h4,accident,target_accident_h4,4,decision_tree,tree_balanced,5,success,,115435,2346,96,8112,2025-01-01T00:00:00+05:30,2025-04-09T14:30:00+05:30,2025-04-09T16:30:00+05:30,2025-04-09T17:00:00+05:30,2025-04-16T14:30:00+05:30,8112,,,,,,,0.034988,0.037883,"{""balanced_class_weights"":{""accident"":58.65,""no_accident"":0.5042992261},""class_counts"":{""accident"":20,""no_accident"":2326},""rows"":2346}",,,68,8044,0.008382643,0.5083694094,0.0092016269
accident_h4,accident,target_accident_h4,4,decision_tree,tree_deep,1,success,,82675,2335,96,8192,2025-01-01T00:00:00+05:30,2025-03-12T14:30:00+05:30,2025-03-12T16:30:00+05:30,2025-03-12T17:00:00+05:30,2025-03-19T16:30:00+05:30,8192,,,,,,,0.03434,0.037352,"{""balanced_class_weights"":{""accident"":64.8611111111,""no_accident"":0.5038843332},""class_counts"":{""accident"":18,""no_accident"":2317},""rows"":2335}",,,96,8096,0.01171875,0.5042819499,0.0119387582
accident_h4,accident,target_accident_h4,4,decision_tree,tree_deep,2,success,,90868,2348,96,8203,2025-01-01T00:00:00+05:30,2025-03-19T14:30:00+05:30,2025-03-19T16:30:00+05:30,2025-03-19T17:00:00+05:30,2025-03-26T16:30:00+05:30,8203,,,,,,,0.037613,0.040937,"{""balanced_class_weights"":{""accident"":40.4827586207,""no_accident"":0.5062526951},""class_counts"":{""accident"":29,""no_accident"":2319},""rows"":2348}",,,73,8130,0.0088991832,0.5538644291,0.0143569224
accident_h4,accident,target_accident_h4,4,decision_tree,tree_deep,3,success,,99071,2329,96,8154,2025-01-01T00:00:00+05:30,2025-03-26T14:30:00+05:30,2025-03-26T16:30:00+05:30,2025-03-26T17:00:00+05:30,2025-04-02T16:30:00+05:30,8154,,,,,,,0.03617,0.037051,"{""balanced_class_weights"":{""accident"":50.6304347826,""no_accident"":0.5049869905},""class_counts"":{""accident"":23,""no_accident"":2306},""rows"":2329}",,,85,8069,0.0104243316,0.5064713901,0.0111336709
accident_h4,accident,target_accident_h4,4,decision_tree,tree_deep,4,success,,107227,2352,96,8209,2025-01-01T00:00:00+05:30,2025-04-02T14:30:00+05:30,2025-04-02T16:30:00+05:30,2025-04-02T17:00:00+05:30,2025-04-09T16:30:00+05:30,8209,,,,,,,0.036429,0.040361,"{""balanced_class_weights"":{""accident"":130.6666666667,""no_accident"":0.5019206146},""class_counts"":{""accident"":9,""no_accident"":2343},""rows"":2352}",,,71,8138,0.0086490437,0.4956100575,0.0086557999
accident_h4,accident,target_accident_h4,4,decision_tree,tree_deep,5,success,,115435,2346,96,8112,2025-01-01T00:00:00+05:30,2025-04-09T14:30:00+05:30,2025-04-09T16:30:00+05:30,2025-04-09T17:00:00+05:30,2025-04-16T14:30:00+05:30,8112,,,,,,,0.034892,0.037785,"{""balanced_class_weights"":{""accident"":58.65,""no_accident"":0.5042992261},""class_counts"":{""accident"":20,""no_accident"":2326},""rows"":2346}",,,68,8044,0.008382643,0.5007669216,0.0090289518
accident_h4,accident,target_accident_h4,4,random_forest,forest_balanced,1,success,,82675,2335,96,8192,2025-01-01T00:00:00+05:30,2025-03-12T14:30:00+05:30,2025-03-12T16:30:00+05:30,2025-03-12T17:00:00+05:30,2025-03-19T16:30:00+05:30,8192,,,,,,,0.077097,0.081331,"{""balanced_class_weights"":{""accident"":64.8611111111,""no_accident"":0.5038843332},""class_counts"":{""accident"":18,""no_accident"":2317},""rows"":2335}",,,96,8096,0.01171875,0.4987030632,0.0118949903
accident_h4,accident,target_accident_h4,4,random_forest,forest_balanced,2,success,,90868,2348,96,8203,2025-01-01T00:00:00+05:30,2025-03-19T14:30:00+05:30,2025-03-19T16:30:00+05:30,2025-03-19T17:00:00+05:30,2025-03-26T16:30:00+05:30,8203,,,,,,,0.084562,0.077352,"{""balanced_class_weights"":{""accident"":40.4827586207,""no_accident"":0.5062526951},""class_counts"":{""accident"":29,""no_accident"":2319},""rows"":2348}",,,73,8130,0.0088991832,0.582154712,0.0174756119
accident_h4,accident,target_accident_h4,4,random_forest,forest_balanced,3,success,,99071,2329,96,8154,2025-01-01T00:00:00+05:30,2025-03-26T14:30:00+05:30,2025-03-26T16:30:00+05:30,2025-03-26T17:00:00+05:30,2025-04-02T16:30:00+05:30,8154,,,,,,,0.07749,0.072759,"{""balanced_class_weights"":{""accident"":50.6304347826,""no_accident"":0.5049869905},""class_counts"":{""accident"":23,""no_accident"":2306},""rows"":2329}",,,85,8069,0.0104243316,0.4997951492,0.0109103779
accident_h4,accident,target_accident_h4,4,random_forest,forest_balanced,4,success,,107227,2352,96,8209,2025-01-01T00:00:00+05:30,2025-04-02T14:30:00+05:30,2025-04-02T16:30:00+05:30,2025-04-02T17:00:00+05:30,2025-04-09T16:30:00+05:30,8209,,,,,,,0.076948,0.072535,"{""balanced_class_weights"":{""accident"":130.6666666667,""no_accident"":0.5019206146},""class_counts"":{""accident"":9,""no_accident"":2343},""rows"":2352}",,,71,8138,0.0086490437,0.4599384214,0.0082530453
accident_h4,accident,target_accident_h4,4,random_forest,forest_balanced,5,success,,115435,2346,96,8112,2025-01-01T00:00:00+05:30,2025-04-09T14:30:00+05:30,2025-04-09T16:30:00+05:30,2025-04-09T17:00:00+05:30,2025-04-16T14:30:00+05:30,8112,,,,,,,0.073991,0.075313,"{""balanced_class_weights"":{""accident"":58.65,""no_accident"":0.5042992261},""class_counts"":{""accident"":20,""no_accident"":2326},""rows"":2346}",,,68,8044,0.008382643,0.4917183432,0.0094748074
accident_h4,accident,target_accident_h4,4,random_forest,forest_deep,1,success,,82675,2335,96,8192,2025-01-01T00:00:00+05:30,2025-03-12T14:30:00+05:30,2025-03-12T16:30:00+05:30,2025-03-12T17:00:00+05:30,2025-03-19T16:30:00+05:30,8192,,,,,,,0.111547,0.074048,"{""balanced_class_weights"":{""accident"":64.8611111111,""no_accident"":0.5038843332},""class_counts"":{""accident"":18,""no_accident"":2317},""rows"":2335}",,,96,8096,0.01171875,0.4865655107,0.0128962836
accident_h4,accident,target_accident_h4,4,random_forest,forest_deep,2,success,,90868,2348,96,8203,2025-01-01T00:00:00+05:30,2025-03-19T14:30:00+05:30,2025-03-19T16:30:00+05:30,2025-03-19T17:00:00+05:30,2025-03-26T16:30:00+05:30,8203,,,,,,,0.120026,0.079603,"{""balanced_class_weights"":{""accident"":40.4827586207,""no_accident"":0.5062526951},""class_counts"":{""accident"":29,""no_accident"":2319},""rows"":2348}",,,73,8130,0.0088991832,0.5488963588,0.0129057449
accident_h4,accident,target_accident_h4,4,random_forest,forest_deep,3,success,,99071,2329,96,8154,2025-01-01T00:00:00+05:30,2025-03-26T14:30:00+05:30,2025-03-26T16:30:00+05:30,2025-03-26T17:00:00+05:30,2025-04-02T16:30:00+05:30,8154,,,,,,,0.109274,0.076716,"{""balanced_class_weights"":{""accident"":50.6304347826,""no_accident"":0.5049869905},""class_counts"":{""accident"":23,""no_accident"":2306},""rows"":2329}",,,85,8069,0.0104243316,0.5369715615,0.0124366359
accident_h4,accident,target_accident_h4,4,random_forest,forest_deep,4,success,,107227,2352,96,8209,2025-01-01T00:00:00+05:30,2025-04-02T14:30:00+05:30,2025-04-02T16:30:00+05:30,2025-04-02T17:00:00+05:30,2025-04-09T16:30:00+05:30,8209,,,,,,,0.103242,0.078201,"{""balanced_class_weights"":{""accident"":130.6666666667,""no_accident"":0.5019206146},""class_counts"":{""accident"":9,""no_accident"":2343},""rows"":2352}",,,71,8138,0.0086490437,0.4441595506,0.0081896814
accident_h4,accident,target_accident_h4,4,random_forest,forest_deep,5,success,,115435,2346,96,8112,2025-01-01T00:00:00+05:30,2025-04-09T14:30:00+05:30,2025-04-09T16:30:00+05:30,2025-04-09T17:00:00+05:30,2025-04-16T14:30:00+05:30,8112,,,,,,,0.120548,0.07499,"{""balanced_class_weights"":{""accident"":58.65,""no_accident"":0.5042992261},""class_counts"":{""accident"":20,""no_accident"":2326},""rows"":2346}",,,68,8044,0.008382643,0.5351513368,0.0100119522
accident_h4,accident,target_accident_h4,4,xgboost,xgb_balanced,1,success,,82675,2335,96,8192,2025-01-01T00:00:00+05:30,2025-03-12T14:30:00+05:30,2025-03-12T16:30:00+05:30,2025-03-12T17:00:00+05:30,2025-03-19T16:30:00+05:30,8192,,,,,,,0.041752,0.041491,"{""balanced_class_weights"":{""accident"":64.8611111111,""no_accident"":0.5038843332},""class_counts"":{""accident"":18,""no_accident"":2317},""rows"":2335}",,,96,8096,0.01171875,0.5809086535,0.0188498662
accident_h4,accident,target_accident_h4,4,xgboost,xgb_balanced,2,success,,90868,2348,96,8203,2025-01-01T00:00:00+05:30,2025-03-19T14:30:00+05:30,2025-03-19T16:30:00+05:30,2025-03-19T17:00:00+05:30,2025-03-26T16:30:00+05:30,8203,,,,,,,0.043004,0.042296,"{""balanced_class_weights"":{""accident"":40.4827586207,""no_accident"":0.5062526951},""class_counts"":{""accident"":29,""no_accident"":2319},""rows"":2348}",,,73,8130,0.0088991832,0.5911017877,0.0199346304
accident_h4,accident,target_accident_h4,4,xgboost,xgb_balanced,3,success,,99071,2329,96,8154,2025-01-01T00:00:00+05:30,2025-03-26T14:30:00+05:30,2025-03-26T16:30:00+05:30,2025-03-26T17:00:00+05:30,2025-04-02T16:30:00+05:30,8154,,,,,,,0.038847,0.039975,"{""balanced_class_weights"":{""accident"":50.6304347826,""no_accident"":0.5049869905},""class_counts"":{""accident"":23,""no_accident"":2306},""rows"":2329}",,,85,8069,0.0104243316,0.5062512302,0.0115057856
accident_h4,accident,target_accident_h4,4,xgboost,xgb_balanced,4,success,,107227,2352,96,8209,2025-01-01T00:00:00+05:30,2025-04-02T14:30:00+05:30,2025-04-02T16:30:00+05:30,2025-04-02T17:00:00+05:30,2025-04-09T16:30:00+05:30,8209,,,,,,,0.03935,0.038822,"{""balanced_class_weights"":{""accident"":130.6666666667,""no_accident"":0.5019206146},""class_counts"":{""accident"":9,""no_accident"":2343},""rows"":2352}",,,71,8138,0.0086490437,0.4341612467,0.0074640478
accident_h4,accident,target_accident_h4,4,xgboost,xgb_balanced,5,success,,115435,2346,96,8112,2025-01-01T00:00:00+05:30,2025-04-09T14:30:00+05:30,2025-04-09T16:30:00+05:30,2025-04-09T17:00:00+05:30,2025-04-16T14:30:00+05:30,8112,,,,,,,0.038942,0.042555,"{""balanced_class_weights"":{""accident"":58.65,""no_accident"":0.5042992261},""class_counts"":{""accident"":20,""no_accident"":2326},""rows"":2346}",,,68,8044,0.008382643,0.5259336517,0.010373331
accident_h4,accident,target_accident_h4,4,xgboost,xgb_deep,1,success,,82675,2335,96,8192,2025-01-01T00:00:00+05:30,2025-03-12T14:30:00+05:30,2025-03-12T16:30:00+05:30,2025-03-12T17:00:00+05:30,2025-03-19T16:30:00+05:30,8192,,,,,,,0.057845,0.040335,"{""balanced_class_weights"":{""accident"":64.8611111111,""no_accident"":0.5038843332},""class_counts"":{""accident"":18,""no_accident"":2317},""rows"":2335}",,,96,8096,0.01171875,0.5521676085,0.0146674057
accident_h4,accident,target_accident_h4,4,xgboost,xgb_deep,2,success,,90868,2348,96,8203,2025-01-01T00:00:00+05:30,2025-03-19T14:30:00+05:30,2025-03-19T16:30:00+05:30,2025-03-19T17:00:00+05:30,2025-03-26T16:30:00+05:30,8203,,,,,,,0.059802,0.043531,"{""balanced_class_weights"":{""accident"":40.4827586207,""no_accident"":0.5062526951},""class_counts"":{""accident"":29,""no_accident"":2319},""rows"":2348}",,,73,8130,0.0088991832,0.5928120103,0.0161052429
accident_h4,accident,target_accident_h4,4,xgboost,xgb_deep,3,success,,99071,2329,96,8154,2025-01-01T00:00:00+05:30,2025-03-26T14:30:00+05:30,2025-03-26T16:30:00+05:30,2025-03-26T17:00:00+05:30,2025-04-02T16:30:00+05:30,8154,,,,,,,0.066468,0.04165,"{""balanced_class_weights"":{""accident"":50.6304347826,""no_accident"":0.5049869905},""class_counts"":{""accident"":23,""no_accident"":2306},""rows"":2329}",,,85,8069,0.0104243316,0.4999635497,0.010560166
accident_h4,accident,target_accident_h4,4,xgboost,xgb_deep,4,success,,107227,2352,96,8209,2025-01-01T00:00:00+05:30,2025-04-02T14:30:00+05:30,2025-04-02T16:30:00+05:30,2025-04-02T17:00:00+05:30,2025-04-09T16:30:00+05:30,8209,,,,,,,0.056079,0.044094,"{""balanced_class_weights"":{""accident"":130.6666666667,""no_accident"":0.5019206146},""class_counts"":{""accident"":9,""no_accident"":2343},""rows"":2352}",,,71,8138,0.0086490437,0.458289056,0.0077266431
accident_h4,accident,target_accident_h4,4,xgboost,xgb_deep,5,success,,115435,2346,96,8112,2025-01-01T00:00:00+05:30,2025-04-09T14:30:00+05:30,2025-04-09T16:30:00+05:30,2025-04-09T17:00:00+05:30,2025-04-16T14:30:00+05:30,8112,,,,,,,0.054486,0.044748,"{""balanced_class_weights"":{""accident"":58.65,""no_accident"":0.5042992261},""class_counts"":{""accident"":20,""no_accident"":2326},""rows"":2346}",,,68,8044,0.008382643,0.5054918536,0.0238050798
accident_h4,accident,target_accident_h4,4,svm,svm_regularized,1,success,,82675,2335,96,8192,2025-01-01T00:00:00+05:30,2025-03-12T14:30:00+05:30,2025-03-12T16:30:00+05:30,2025-03-12T17:00:00+05:30,2025-03-19T16:30:00+05:30,8192,,,,,,,0.045025,0.02049,"{""balanced_class_weights"":{""accident"":64.8611111111,""no_accident"":0.5038843332},""class_counts"":{""accident"":18,""no_accident"":2317},""rows"":2335}",,,96,8096,0.01171875,0.5046782362,0.0135077747
accident_h4,accident,target_accident_h4,4,svm,svm_regularized,2,success,,90868,2348,96,8203,2025-01-01T00:00:00+05:30,2025-03-19T14:30:00+05:30,2025-03-19T16:30:00+05:30,2025-03-19T17:00:00+05:30,2025-03-26T16:30:00+05:30,8203,,,,,,,0.03567,0.019349,"{""balanced_class_weights"":{""accident"":40.4827586207,""no_accident"":0.5062526951},""class_counts"":{""accident"":29,""no_accident"":2319},""rows"":2348}",,,73,8130,0.0088991832,0.5595241706,0.0169951412
accident_h4,accident,target_accident_h4,4,svm,svm_regularized,3,success,,99071,2329,96,8154,2025-01-01T00:00:00+05:30,2025-03-26T14:30:00+05:30,2025-03-26T16:30:00+05:30,2025-03-26T17:00:00+05:30,2025-04-02T16:30:00+05:30,8154,,,,,,,0.0352,0.019234,"{""balanced_class_weights"":{""accident"":50.6304347826,""no_accident"":0.5049869905},""class_counts"":{""accident"":23,""no_accident"":2306},""rows"":2329}",,,85,8069,0.0104243316,0.548475283,0.0122565817
accident_h4,accident,target_accident_h4,4,svm,svm_regularized,4,success,,107227,2352,96,8209,2025-01-01T00:00:00+05:30,2025-04-02T14:30:00+05:30,2025-04-02T16:30:00+05:30,2025-04-02T17:00:00+05:30,2025-04-09T16:30:00+05:30,8209,,,,,,,0.031651,0.019752,"{""balanced_class_weights"":{""accident"":130.6666666667,""no_accident"":0.5019206146},""class_counts"":{""accident"":9,""no_accident"":2343},""rows"":2352}",,,71,8138,0.0086490437,0.4134922585,0.0072015366
accident_h4,accident,target_accident_h4,4,svm,svm_regularized,5,success,,115435,2346,96,8112,2025-01-01T00:00:00+05:30,2025-04-09T14:30:00+05:30,2025-04-09T16:30:00+05:30,2025-04-09T17:00:00+05:30,2025-04-16T14:30:00+05:30,8112,,,,,,,0.034586,0.018914,"{""balanced_class_weights"":{""accident"":58.65,""no_accident"":0.5042992261},""class_counts"":{""accident"":20,""no_accident"":2326},""rows"":2346}",,,68,8044,0.008382643,0.5203055986,0.0086431453
accident_h4,accident,target_accident_h4,4,svm,svm_default,1,success,,82675,2335,96,8192,2025-01-01T00:00:00+05:30,2025-03-12T14:30:00+05:30,2025-03-12T16:30:00+05:30,2025-03-12T17:00:00+05:30,2025-03-19T16:30:00+05:30,8192,,,,,,,0.036433,0.019364,"{""balanced_class_weights"":{""accident"":64.8611111111,""no_accident"":0.5038843332},""class_counts"":{""accident"":18,""no_accident"":2317},""rows"":2335}",,,96,8096,0.01171875,0.5161821167,0.0136802884
accident_h4,accident,target_accident_h4,4,svm,svm_default,2,success,,90868,2348,96,8203,2025-01-01T00:00:00+05:30,2025-03-19T14:30:00+05:30,2025-03-19T16:30:00+05:30,2025-03-19T17:00:00+05:30,2025-03-26T16:30:00+05:30,8203,,,,,,,0.045834,0.019993,"{""balanced_class_weights"":{""accident"":40.4827586207,""no_accident"":0.5062526951},""class_counts"":{""accident"":29,""no_accident"":2319},""rows"":2348}",,,73,8130,0.0088991832,0.5522098098,0.0157372565
accident_h4,accident,target_accident_h4,4,svm,svm_default,3,success,,99071,2329,96,8154,2025-01-01T00:00:00+05:30,2025-03-26T14:30:00+05:30,2025-03-26T16:30:00+05:30,2025-03-26T17:00:00+05:30,2025-04-02T16:30:00+05:30,8154,,,,,,,0.039337,0.020724,"{""balanced_class_weights"":{""accident"":50.6304347826,""no_accident"":0.5049869905},""class_counts"":{""accident"":23,""no_accident"":2306},""rows"":2329}",,,85,8069,0.0104243316,0.5500295248,0.0121234291
accident_h4,accident,target_accident_h4,4,svm,svm_default,4,success,,107227,2352,96,8209,2025-01-01T00:00:00+05:30,2025-04-02T14:30:00+05:30,2025-04-02T16:30:00+05:30,2025-04-02T17:00:00+05:30,2025-04-09T16:30:00+05:30,8209,,,,,,,0.032604,0.019954,"{""balanced_class_weights"":{""accident"":130.6666666667,""no_accident"":0.5019206146},""class_counts"":{""accident"":9,""no_accident"":2343},""rows"":2352}",,,71,8138,0.0086490437,0.4087068491,0.0072045192
accident_h4,accident,target_accident_h4,4,svm,svm_default,5,success,,115435,2346,96,8112,2025-01-01T00:00:00+05:30,2025-04-09T14:30:00+05:30,2025-04-09T16:30:00+05:30,2025-04-09T17:00:00+05:30,2025-04-16T14:30:00+05:30,8112,,,,,,,0.041185,0.01886,"{""balanced_class_weights"":{""accident"":58.65,""no_accident"":0.5042992261},""class_counts"":{""accident"":20,""no_accident"":2326},""rows"":2346}",,,68,8044,0.008382643,0.5107844356,0.0084959858
