job_id,target,target_column,horizon_windows,family,candidate_id,fold,status,failure,full_training_rows,sampled_training_rows,sampled_training_timestamps,validation_rows,training_origin_start,training_origin_end,maximum_training_target_timestamp,validation_origin_start,validation_origin_end,rows,rmse,mae,mape_percent,r_squared,mape_nonzero_rows,mape_zero_actual_rows,fit_seconds,prediction_seconds
volume_h1,volume,target_volume_h1,1,linear_regression,linear_default,1,success,,84750,2400,96,8400,2025-01-01T00:00:00+05:30,2025-03-12T14:30:00+05:30,2025-03-12T15:00:00+05:30,2025-03-12T17:00:00+05:30,2025-03-19T16:30:00+05:30,8400,84.9013955418,60.7658274603,19.8865274187,0.9112974182,8400,0,0.047054,0.021359
volume_h1,volume,target_volume_h1,1,linear_regression,linear_default,2,success,,93150,2400,96,8400,2025-01-01T00:00:00+05:30,2025-03-19T14:30:00+05:30,2025-03-19T15:00:00+05:30,2025-03-19T17:00:00+05:30,2025-03-26T16:30:00+05:30,8400,79.0441702158,56.9933709911,15.1443337378,0.9186131172,8400,0,0.030618,0.019941
volume_h1,volume,target_volume_h1,1,linear_regression,linear_default,3,success,,101550,2400,96,8400,2025-01-01T00:00:00+05:30,2025-03-26T14:30:00+05:30,2025-03-26T15:00:00+05:30,2025-03-26T17:00:00+05:30,2025-04-02T16:30:00+05:30,8400,87.9846974954,65.7852059502,18.0600047172,0.906122375,8400,0,0.033377,0.020518
volume_h1,volume,target_volume_h1,1,linear_regression,linear_default,4,success,,109950,2400,96,8400,2025-01-01T00:00:00+05:30,2025-04-02T14:30:00+05:30,2025-04-02T15:00:00+05:30,2025-04-02T17:00:00+05:30,2025-04-09T16:30:00+05:30,8400,79.0004915222,58.5094091444,18.5491696738,0.8987666458,8400,0,0.030147,0.020622
volume_h1,volume,target_volume_h1,1,linear_regression,linear_default,5,success,,118350,2400,96,8375,2025-01-01T00:00:00+05:30,2025-04-09T14:30:00+05:30,2025-04-09T15:00:00+05:30,2025-04-09T17:00:00+05:30,2025-04-16T16:00:00+05:30,8375,89.8266693464,63.4442222758,17.502148813,0.9065620903,8375,0,0.03266,0.021447
volume_h1,volume,target_volume_h1,1,decision_tree,tree_balanced,1,success,,84750,2400,96,8400,2025-01-01T00:00:00+05:30,2025-03-12T14:30:00+05:30,2025-03-12T15:00:00+05:30,2025-03-12T17:00:00+05:30,2025-03-19T16:30:00+05:30,8400,95.7009638207,62.1514783228,16.3990218599,0.8872960269,8400,0,0.041917,0.02046
volume_h1,volume,target_volume_h1,1,decision_tree,tree_balanced,2,success,,93150,2400,96,8400,2025-01-01T00:00:00+05:30,2025-03-19T14:30:00+05:30,2025-03-19T15:00:00+05:30,2025-03-19T17:00:00+05:30,2025-03-26T16:30:00+05:30,8400,90.5814866578,61.1878998133,14.0572874051,0.8931206967,8400,0,0.042539,0.019678
volume_h1,volume,target_volume_h1,1,decision_tree,tree_balanced,3,success,,101550,2400,96,8400,2025-01-01T00:00:00+05:30,2025-03-26T14:30:00+05:30,2025-03-26T15:00:00+05:30,2025-03-26T17:00:00+05:30,2025-04-02T16:30:00+05:30,8400,102.821750173,68.4763930114,14.7061338877,0.8717912142,8400,0,0.041165,0.019721
volume_h1,volume,target_volume_h1,1,decision_tree,tree_balanced,4,success,,109950,2400,96,8400,2025-01-01T00:00:00+05:30,2025-04-02T14:30:00+05:30,2025-04-02T15:00:00+05:30,2025-04-02T17:00:00+05:30,2025-04-09T16:30:00+05:30,8400,83.6212545657,55.5017395217,14.7569460855,0.8865779747,8400,0,0.042991,0.020858
volume_h1,volume,target_volume_h1,1,decision_tree,tree_balanced,5,success,,118350,2400,96,8375,2025-01-01T00:00:00+05:30,2025-04-09T14:30:00+05:30,2025-04-09T15:00:00+05:30,2025-04-09T17:00:00+05:30,2025-04-16T16:00:00+05:30,8375,111.059243661,69.5711851355,15.8175898452,0.8571691754,8375,0,0.042994,0.020866
volume_h1,volume,target_volume_h1,1,decision_tree,tree_deep,1,success,,84750,2400,96,8400,2025-01-01T00:00:00+05:30,2025-03-12T14:30:00+05:30,2025-03-12T15:00:00+05:30,2025-03-12T17:00:00+05:30,2025-03-19T16:30:00+05:30,8400,102.994354803,67.0010282115,17.654466159,0.8694630546,8400,0,0.045115,0.021391
volume_h1,volume,target_volume_h1,1,decision_tree,tree_deep,2,success,,93150,2400,96,8400,2025-01-01T00:00:00+05:30,2025-03-19T14:30:00+05:30,2025-03-19T15:00:00+05:30,2025-03-19T17:00:00+05:30,2025-03-26T16:30:00+05:30,8400,96.4601348655,65.8927264696,15.2739500409,0.8787978133,8400,0,0.045823,0.021006
volume_h1,volume,target_volume_h1,1,decision_tree,tree_deep,3,success,,101550,2400,96,8400,2025-01-01T00:00:00+05:30,2025-03-26T14:30:00+05:30,2025-03-26T15:00:00+05:30,2025-03-26T17:00:00+05:30,2025-04-02T16:30:00+05:30,8400,109.656068261,73.5950944736,15.9098139371,0.8541813263,8400,0,0.044593,0.020634
volume_h1,volume,target_volume_h1,1,decision_tree,tree_deep,4,success,,109950,2400,96,8400,2025-01-01T00:00:00+05:30,2025-04-02T14:30:00+05:30,2025-04-02T15:00:00+05:30,2025-04-02T17:00:00+05:30,2025-04-09T16:30:00+05:30,8400,90.6029637355,59.9491926506,16.0390957267,0.866847646,8400,0,0.046727,0.021115
volume_h1,volume,target_volume_h1,1,decision_tree,tree_deep,5,success,,118350,2400,96,8375,2025-01-01T00:00:00+05:30,2025-04-09T14:30:00+05:30,2025-04-09T15:00:00+05:30,2025-04-09T17:00:00+05:30,2025-04-16T16:00:00+05:30,8375,111.29625415,71.6459685813,16.3645523602,0.856558897,8375,0,0.04539,0.020306
volume_h1,volume,target_volume_h1,1,random_forest,forest_balanced,1,success,,84750,2400,96,8400,2025-01-01T00:00:00+05:30,2025-03-12T14:30:00+05:30,2025-03-12T15:00:00+05:30,2025-03-12T17:00:00+05:30,2025-03-19T16:30:00+05:30,8400,81.3167895479,54.0668547317,15.8603981776,0.9186294875,8400,0,0.0547,0.035099
volume_h1,volume,target_volume_h1,1,random_forest,forest_balanced,2,success,,93150,2400,96,8400,2025-01-01T00:00:00+05:30,2025-03-19T14:30:00+05:30,2025-03-19T15:00:00+05:30,2025-03-19T17:00:00+05:30,2025-03-26T16:30:00+05:30,8400,75.0091892159,51.040541543,11.8933850813,0.9267101778,8400,0,0.053174,0.038299
volume_h1,volume,target_volume_h1,1,random_forest,forest_balanced,3,success,,101550,2400,96,8400,2025-01-01T00:00:00+05:30,2025-03-26T14:30:00+05:30,2025-03-26T15:00:00+05:30,2025-03-26T17:00:00+05:30,2025-04-02T16:30:00+05:30,8400,81.8645918887,55.0965116358,12.0925976729,0.9187281762,8400,0,0.05404,0.035774
volume_h1,volume,target_volume_h1,1,random_forest,forest_balanced,4,success,,109950,2400,96,8400,2025-01-01T00:00:00+05:30,2025-04-02T14:30:00+05:30,2025-04-02T15:00:00+05:30,2025-04-02T17:00:00+05:30,2025-04-09T16:30:00+05:30,8400,74.3831730397,49.5252824356,13.3409011252,0.910254343,8400,0,0.052422,0.035472
volume_h1,volume,target_volume_h1,1,random_forest,forest_balanced,5,success,,118350,2400,96,8375,2025-01-01T00:00:00+05:30,2025-04-09T14:30:00+05:30,2025-04-09T15:00:00+05:30,2025-04-09T17:00:00+05:30,2025-04-16T16:00:00+05:30,8375,96.1280588945,59.9274122771,13.7372588404,0.8929928331,8375,0,0.052099,0.036025
volume_h1,volume,target_volume_h1,1,random_forest,forest_deep,1,success,,84750,2400,96,8400,2025-01-01T00:00:00+05:30,2025-03-12T14:30:00+05:30,2025-03-12T15:00:00+05:30,2025-03-12T17:00:00+05:30,2025-03-19T16:30:00+05:30,8400,80.9271856599,53.683443014,15.6300837909,0.9194073422,8400,0,0.063955,0.041533
volume_h1,volume,target_volume_h1,1,random_forest,forest_deep,2,success,,93150,2400,96,8400,2025-01-01T00:00:00+05:30,2025-03-19T14:30:00+05:30,2025-03-19T15:00:00+05:30,2025-03-19T17:00:00+05:30,2025-03-26T16:30:00+05:30,8400,74.9569503514,50.7028583716,11.7795178644,0.9268122252,8400,0,0.063685,0.038033
volume_h1,volume,target_volume_h1,1,random_forest,forest_deep,3,success,,101550,2400,96,8400,2025-01-01T00:00:00+05:30,2025-03-26T14:30:00+05:30,2025-03-26T15:00:00+05:30,2025-03-26T17:00:00+05:30,2025-04-02T16:30:00+05:30,8400,79.7305111603,54.0616130588,11.903495449,0.9229102033,8400,0,0.06543,0.037696
volume_h1,volume,target_volume_h1,1,random_forest,forest_deep,4,success,,109950,2400,96,8400,2025-01-01T00:00:00+05:30,2025-04-02T14:30:00+05:30,2025-04-02T15:00:00+05:30,2025-04-02T17:00:00+05:30,2025-04-09T16:30:00+05:30,8400,73.9021580488,49.4201025893,13.3312770035,0.9114113097,8400,0,0.062333,0.037797
volume_h1,volume,target_volume_h1,1,random_forest,forest_deep,5,success,,118350,2400,96,8375,2025-01-01T00:00:00+05:30,2025-04-09T14:30:00+05:30,2025-04-09T15:00:00+05:30,2025-04-09T17:00:00+05:30,2025-04-16T16:00:00+05:30,8375,94.2471001503,59.3808181978,13.5851084003,0.8971395278,8375,0,0.075791,0.040665
volume_h1,volume,target_volume_h1,1,xgboost,xgb_balanced,1,success,,84750,2400,96,8400,2025-01-01T00:00:00+05:30,2025-03-12T14:30:00+05:30,2025-03-12T15:00:00+05:30,2025-03-12T17:00:00+05:30,2025-03-19T16:30:00+05:30,8400,84.4011289715,58.0093482199,19.4005276419,0.9123396672,8400,0,0.147669,0.02188
volume_h1,volume,target_volume_h1,1,xgboost,xgb_balanced,2,success,,93150,2400,96,8400,2025-01-01T00:00:00+05:30,2025-03-19T14:30:00+05:30,2025-03-19T15:00:00+05:30,2025-03-19T17:00:00+05:30,2025-03-26T16:30:00+05:30,8400,79.8953448067,55.4344013505,14.1173235575,0.9168508763,8400,0,0.049755,0.021785
volume_h1,volume,target_volume_h1,1,xgboost,xgb_balanced,3,success,,101550,2400,96,8400,2025-01-01T00:00:00+05:30,2025-03-26T14:30:00+05:30,2025-03-26T15:00:00+05:30,2025-03-26T17:00:00+05:30,2025-04-02T16:30:00+05:30,8400,81.9049380093,56.9745982361,13.721310236,0.9186480485,8400,0,0.04071,0.024178
volume_h1,volume,target_volume_h1,1,xgboost,xgb_balanced,4,success,,109950,2400,96,8400,2025-01-01T00:00:00+05:30,2025-04-02T14:30:00+05:30,2025-04-02T15:00:00+05:30,2025-04-02T17:00:00+05:30,2025-04-09T16:30:00+05:30,8400,74.5835654386,53.8952655865,17.5817244575,0.9097701321,8400,0,0.04151,0.021566
volume_h1,volume,target_volume_h1,1,xgboost,xgb_balanced,5,success,,118350,2400,96,8375,2025-01-01T00:00:00+05:30,2025-04-09T14:30:00+05:30,2025-04-09T15:00:00+05:30,2025-04-09T17:00:00+05:30,2025-04-16T16:00:00+05:30,8375,101.231220057,63.8505550756,16.1649332251,0.8813298578,8375,0,0.042957,0.023175
volume_h1,volume,target_volume_h1,1,xgboost,xgb_deep,1,success,,84750,2400,96,8400,2025-01-01T00:00:00+05:30,2025-03-12T14:30:00+05:30,2025-03-12T15:00:00+05:30,2025-03-12T17:00:00+05:30,2025-03-19T16:30:00+05:30,8400,83.4058364095,57.4001119377,19.2813906177,0.91439493,8400,0,0.06978,0.02102
volume_h1,volume,target_volume_h1,1,xgboost,xgb_deep,2,success,,93150,2400,96,8400,2025-01-01T00:00:00+05:30,2025-03-19T14:30:00+05:30,2025-03-19T15:00:00+05:30,2025-03-19T17:00:00+05:30,2025-03-26T16:30:00+05:30,8400,78.7619612735,54.9671416228,14.2275184924,0.9191932258,8400,0,0.061643,0.019974
volume_h1,volume,target_volume_h1,1,xgboost,xgb_deep,3,success,,101550,2400,96,8400,2025-01-01T00:00:00+05:30,2025-03-26T14:30:00+05:30,2025-03-26T15:00:00+05:30,2025-03-26T17:00:00+05:30,2025-04-02T16:30:00+05:30,8400,81.7130044157,56.950134687,13.7996552677,0.9190288772,8400,0,0.05482,0.01906
volume_h1,volume,target_volume_h1,1,xgboost,xgb_deep,4,success,,109950,2400,96,8400,2025-01-01T00:00:00+05:30,2025-04-02T14:30:00+05:30,2025-04-02T15:00:00+05:30,2025-04-02T17:00:00+05:30,2025-04-09T16:30:00+05:30,8400,73.7651779075,53.5890390678,17.6430634414,0.9117394095,8400,0,0.104023,0.022771
volume_h1,volume,target_volume_h1,1,xgboost,xgb_deep,5,success,,118350,2400,96,8375,2025-01-01T00:00:00+05:30,2025-04-09T14:30:00+05:30,2025-04-09T15:00:00+05:30,2025-04-09T17:00:00+05:30,2025-04-16T16:00:00+05:30,8375,102.012003591,64.131319827,16.3271607026,0.8794922229,8375,0,0.058994,0.020451
volume_h2,volume,target_volume_h2,2,linear_regression,linear_default,1,success,,84750,2400,96,8400,2025-01-01T00:00:00+05:30,2025-03-12T14:30:00+05:30,2025-03-12T15:30:00+05:30,2025-03-12T17:00:00+05:30,2025-03-19T16:30:00+05:30,8400,108.793863831,81.7700557738,27.4723858369,0.8540012068,8400,0,0.032142,0.019523
volume_h2,volume,target_volume_h2,2,linear_regression,linear_default,2,success,,93150,2400,96,8400,2025-01-01T00:00:00+05:30,2025-03-19T14:30:00+05:30,2025-03-19T15:30:00+05:30,2025-03-19T17:00:00+05:30,2025-03-26T16:30:00+05:30,8400,100.002452603,74.7021911222,21.1900069361,0.8698250771,8400,0,0.033381,0.020866
volume_h2,volume,target_volume_h2,2,linear_regression,linear_default,3,success,,101550,2400,96,8400,2025-01-01T00:00:00+05:30,2025-03-26T14:30:00+05:30,2025-03-26T15:30:00+05:30,2025-03-26T17:00:00+05:30,2025-04-02T16:30:00+05:30,8400,108.038421068,83.4098893122,23.5509046155,0.8583770283,8400,0,0.032015,0.018671
volume_h2,volume,target_volume_h2,2,linear_regression,linear_default,4,success,,109950,2400,96,8400,2025-01-01T00:00:00+05:30,2025-04-02T14:30:00+05:30,2025-04-02T15:30:00+05:30,2025-04-02T17:00:00+05:30,2025-04-09T16:30:00+05:30,8400,100.291861347,74.7741096693,24.2147268167,0.8354468294,8400,0,0.031287,0.020968
volume_h2,volume,target_volume_h2,2,linear_regression,linear_default,5,success,,118350,2400,96,8350,2025-01-01T00:00:00+05:30,2025-04-09T14:30:00+05:30,2025-04-09T15:30:00+05:30,2025-04-09T17:00:00+05:30,2025-04-16T15:30:00+05:30,8350,116.687195631,86.277695425,26.1093555573,0.8424076887,8350,0,0.031807,0.020135
volume_h2,volume,target_volume_h2,2,decision_tree,tree_balanced,1,success,,84750,2400,96,8400,2025-01-01T00:00:00+05:30,2025-03-12T14:30:00+05:30,2025-03-12T15:30:00+05:30,2025-03-12T17:00:00+05:30,2025-03-19T16:30:00+05:30,8400,120.838384165,79.5464704396,22.0185936302,0.8198848341,8400,0,0.040694,0.020032
volume_h2,volume,target_volume_h2,2,decision_tree,tree_balanced,2,success,,93150,2400,96,8400,2025-01-01T00:00:00+05:30,2025-03-19T14:30:00+05:30,2025-03-19T15:30:00+05:30,2025-03-19T17:00:00+05:30,2025-03-26T16:30:00+05:30,8400,91.2701762689,62.4854953633,14.5253637671,0.8915664179,8400,0,0.041246,0.020286
volume_h2,volume,target_volume_h2,2,decision_tree,tree_balanced,3,success,,101550,2400,96,8400,2025-01-01T00:00:00+05:30,2025-03-26T14:30:00+05:30,2025-03-26T15:30:00+05:30,2025-03-26T17:00:00+05:30,2025-04-02T16:30:00+05:30,8400,104.338157785,70.1511886429,15.7520975314,0.867911936,8400,0,0.041317,0.019246
volume_h2,volume,target_volume_h2,2,decision_tree,tree_balanced,4,success,,109950,2400,96,8400,2025-01-01T00:00:00+05:30,2025-04-02T14:30:00+05:30,2025-04-02T15:30:00+05:30,2025-04-02T17:00:00+05:30,2025-04-09T16:30:00+05:30,8400,113.988516948,76.0460893334,21.0596864401,0.7874323957,8400,0,0.04024,0.020081
volume_h2,volume,target_volume_h2,2,decision_tree,tree_balanced,5,success,,118350,2400,96,8350,2025-01-01T00:00:00+05:30,2025-04-09T14:30:00+05:30,2025-04-09T15:30:00+05:30,2025-04-09T17:00:00+05:30,2025-04-16T15:30:00+05:30,8350,135.83989728,86.1694763721,19.6771666118,0.7864284944,8350,0,0.039552,0.019301
volume_h2,volume,target_volume_h2,2,decision_tree,tree_deep,1,success,,84750,2400,96,8400,2025-01-01T00:00:00+05:30,2025-03-12T14:30:00+05:30,2025-03-12T15:30:00+05:30,2025-03-12T17:00:00+05:30,2025-03-19T16:30:00+05:30,8400,124.137667067,82.1947057179,22.9887662876,0.8099150983,8400,0,0.044632,0.020127
volume_h2,volume,target_volume_h2,2,decision_tree,tree_deep,2,success,,93150,2400,96,8400,2025-01-01T00:00:00+05:30,2025-03-19T14:30:00+05:30,2025-03-19T15:30:00+05:30,2025-03-19T17:00:00+05:30,2025-03-26T16:30:00+05:30,8400,99.0526064866,67.9148674552,15.8894073938,0.8722861955,8400,0,0.045369,0.019498
volume_h2,volume,target_volume_h2,2,decision_tree,tree_deep,3,success,,101550,2400,96,8400,2025-01-01T00:00:00+05:30,2025-03-26T14:30:00+05:30,2025-03-26T15:30:00+05:30,2025-03-26T17:00:00+05:30,2025-04-02T16:30:00+05:30,8400,109.824087285,74.1367545738,16.4112455795,0.8536568324,8400,0,0.04449,0.01969
volume_h2,volume,target_volume_h2,2,decision_tree,tree_deep,4,success,,109950,2400,96,8400,2025-01-01T00:00:00+05:30,2025-04-02T14:30:00+05:30,2025-04-02T15:30:00+05:30,2025-04-02T17:00:00+05:30,2025-04-09T16:30:00+05:30,8400,118.32352913,79.2157386578,21.9710367227,0.7709569594,8400,0,0.044573,0.019568
volume_h2,volume,target_volume_h2,2,decision_tree,tree_deep,5,success,,118350,2400,96,8350,2025-01-01T00:00:00+05:30,2025-04-09T14:30:00+05:30,2025-04-09T15:30:00+05:30,2025-04-09T17:00:00+05:30,2025-04-16T15:30:00+05:30,8350,145.09703788,91.7157002273,20.8572540951,0.7563279521,8350,0,0.04366,0.021066
volume_h2,volume,target_volume_h2,2,random_forest,forest_balanced,1,success,,84750,2400,96,8400,2025-01-01T00:00:00+05:30,2025-03-12T14:30:00+05:30,2025-03-12T15:30:00+05:30,2025-03-12T17:00:00+05:30,2025-03-19T16:30:00+05:30,8400,86.8946532342,59.3716263207,18.091210712,0.9068620719,8400,0,0.052266,0.03652
volume_h2,volume,target_volume_h2,2,random_forest,forest_balanced,2,success,,93150,2400,96,8400,2025-01-01T00:00:00+05:30,2025-03-19T14:30:00+05:30,2025-03-19T15:30:00+05:30,2025-03-19T17:00:00+05:30,2025-03-26T16:30:00+05:30,8400,78.3696445879,53.4530782338,12.6102579451,0.920053072,8400,0,0.050885,0.034877
volume_h2,volume,target_volume_h2,2,random_forest,forest_balanced,3,success,,101550,2400,96,8400,2025-01-01T00:00:00+05:30,2025-03-26T14:30:00+05:30,2025-03-26T15:30:00+05:30,2025-03-26T17:00:00+05:30,2025-04-02T16:30:00+05:30,8400,91.8973287437,61.9093382236,13.5614096085,0.897533236,8400,0,0.050639,0.034611
volume_h2,volume,target_volume_h2,2,random_forest,forest_balanced,4,success,,109950,2400,96,8400,2025-01-01T00:00:00+05:30,2025-04-02T14:30:00+05:30,2025-04-02T15:30:00+05:30,2025-04-02T17:00:00+05:30,2025-04-09T16:30:00+05:30,8400,83.8510384698,58.6238871971,17.1124873758,0.884975127,8400,0,0.049427,0.035347
volume_h2,volume,target_volume_h2,2,random_forest,forest_balanced,5,success,,118350,2400,96,8350,2025-01-01T00:00:00+05:30,2025-04-09T14:30:00+05:30,2025-04-09T15:30:00+05:30,2025-04-09T17:00:00+05:30,2025-04-16T15:30:00+05:30,8350,116.096982434,74.1099519502,17.3801719516,0.8439978859,8350,0,0.050257,0.034748
volume_h2,volume,target_volume_h2,2,random_forest,forest_deep,1,success,,84750,2400,96,8400,2025-01-01T00:00:00+05:30,2025-03-12T14:30:00+05:30,2025-03-12T15:30:00+05:30,2025-03-12T17:00:00+05:30,2025-03-19T16:30:00+05:30,8400,87.840830503,59.8831554609,18.5011884074,0.904822711,8400,0,0.063074,0.037759
volume_h2,volume,target_volume_h2,2,random_forest,forest_deep,2,success,,93150,2400,96,8400,2025-01-01T00:00:00+05:30,2025-03-19T14:30:00+05:30,2025-03-19T15:30:00+05:30,2025-03-19T17:00:00+05:30,2025-03-26T16:30:00+05:30,8400,75.4119374668,51.4750391937,12.1481293036,0.9259736692,8400,0,0.062085,0.038057
volume_h2,volume,target_volume_h2,2,random_forest,forest_deep,3,success,,101550,2400,96,8400,2025-01-01T00:00:00+05:30,2025-03-26T14:30:00+05:30,2025-03-26T15:30:00+05:30,2025-03-26T17:00:00+05:30,2025-04-02T16:30:00+05:30,8400,89.2430704377,59.5765098879,13.1112645587,0.903366824,8400,0,0.064379,0.036841
volume_h2,volume,target_volume_h2,2,random_forest,forest_deep,4,success,,109950,2400,96,8400,2025-01-01T00:00:00+05:30,2025-04-02T14:30:00+05:30,2025-04-02T15:30:00+05:30,2025-04-02T17:00:00+05:30,2025-04-09T16:30:00+05:30,8400,81.916904835,56.7986840991,16.3289916092,0.8902203251,8400,0,0.061946,0.037785
volume_h2,volume,target_volume_h2,2,random_forest,forest_deep,5,success,,118350,2400,96,8350,2025-01-01T00:00:00+05:30,2025-04-09T14:30:00+05:30,2025-04-09T15:30:00+05:30,2025-04-09T17:00:00+05:30,2025-04-16T15:30:00+05:30,8350,113.075547954,70.326140918,16.1833966302,0.8520121631,8350,0,0.066155,0.037594
volume_h2,volume,target_volume_h2,2,xgboost,xgb_balanced,1,success,,84750,2400,96,8400,2025-01-01T00:00:00+05:30,2025-03-12T14:30:00+05:30,2025-03-12T15:30:00+05:30,2025-03-12T17:00:00+05:30,2025-03-19T16:30:00+05:30,8400,93.2595630473,66.3956017449,23.5308396161,0.8927179123,8400,0,0.037451,0.022924
volume_h2,volume,target_volume_h2,2,xgboost,xgb_balanced,2,success,,93150,2400,96,8400,2025-01-01T00:00:00+05:30,2025-03-19T14:30:00+05:30,2025-03-19T15:30:00+05:30,2025-03-19T17:00:00+05:30,2025-03-26T16:30:00+05:30,8400,86.5379417982,59.8744640823,15.3649728943,0.9025191854,8400,0,0.042036,0.0202
volume_h2,volume,target_volume_h2,2,xgboost,xgb_balanced,3,success,,101550,2400,96,8400,2025-01-01T00:00:00+05:30,2025-03-26T14:30:00+05:30,2025-03-26T15:30:00+05:30,2025-03-26T17:00:00+05:30,2025-04-02T16:30:00+05:30,8400,92.2891086578,63.9767365319,15.1709191663,0.8966576938,8400,0,0.040088,0.020346
volume_h2,volume,target_volume_h2,2,xgboost,xgb_balanced,4,success,,109950,2400,96,8400,2025-01-01T00:00:00+05:30,2025-04-02T14:30:00+05:30,2025-04-02T15:30:00+05:30,2025-04-02T17:00:00+05:30,2025-04-09T16:30:00+05:30,8400,85.5437331682,63.3383302561,21.2300261,0.8802842558,8400,0,0.039023,0.020651
volume_h2,volume,target_volume_h2,2,xgboost,xgb_balanced,5,success,,118350,2400,96,8350,2025-01-01T00:00:00+05:30,2025-04-09T14:30:00+05:30,2025-04-09T15:30:00+05:30,2025-04-09T17:00:00+05:30,2025-04-16T15:30:00+05:30,8350,118.843005575,75.6795004382,18.9599241287,0.8365308239,8350,0,0.037307,0.02031
volume_h2,volume,target_volume_h2,2,xgboost,xgb_deep,1,success,,84750,2400,96,8400,2025-01-01T00:00:00+05:30,2025-03-12T14:30:00+05:30,2025-03-12T15:30:00+05:30,2025-03-12T17:00:00+05:30,2025-03-19T16:30:00+05:30,8400,93.7778794229,66.1558830561,22.9877992447,0.8915220974,8400,0,0.054563,0.021713
volume_h2,volume,target_volume_h2,2,xgboost,xgb_deep,2,success,,93150,2400,96,8400,2025-01-01T00:00:00+05:30,2025-03-19T14:30:00+05:30,2025-03-19T15:30:00+05:30,2025-03-19T17:00:00+05:30,2025-03-26T16:30:00+05:30,8400,80.2278094315,55.9161825253,14.4616147898,0.9162170024,8400,0,0.058083,0.021818
volume_h2,volume,target_volume_h2,2,xgboost,xgb_deep,3,success,,101550,2400,96,8400,2025-01-01T00:00:00+05:30,2025-03-26T14:30:00+05:30,2025-03-26T15:30:00+05:30,2025-03-26T17:00:00+05:30,2025-04-02T16:30:00+05:30,8400,91.2262169863,62.497373947,14.8870271229,0.8990243687,8400,0,0.059218,0.020508
volume_h2,volume,target_volume_h2,2,xgboost,xgb_deep,4,success,,109950,2400,96,8400,2025-01-01T00:00:00+05:30,2025-04-02T14:30:00+05:30,2025-04-02T15:30:00+05:30,2025-04-02T17:00:00+05:30,2025-04-09T16:30:00+05:30,8400,85.3379175495,62.7256877581,20.8479397806,0.8808596276,8400,0,0.062888,0.020255
volume_h2,volume,target_volume_h2,2,xgboost,xgb_deep,5,success,,118350,2400,96,8350,2025-01-01T00:00:00+05:30,2025-04-09T14:30:00+05:30,2025-04-09T15:30:00+05:30,2025-04-09T17:00:00+05:30,2025-04-16T15:30:00+05:30,8350,121.198618849,76.7077119418,19.3683118396,0.8299862833,8350,0,0.061067,0.022868
volume_h3,volume,target_volume_h3,3,linear_regression,linear_default,1,success,,84750,2400,96,8400,2025-01-01T00:00:00+05:30,2025-03-12T14:30:00+05:30,2025-03-12T16:00:00+05:30,2025-03-12T17:00:00+05:30,2025-03-19T16:30:00+05:30,8400,130.828300557,100.343345974,36.0725132173,0.7884095625,8400,0,0.029652,0.019729
volume_h3,volume,target_volume_h3,3,linear_regression,linear_default,2,success,,93150,2400,96,8400,2025-01-01T00:00:00+05:30,2025-03-19T14:30:00+05:30,2025-03-19T16:00:00+05:30,2025-03-19T17:00:00+05:30,2025-03-26T16:30:00+05:30,8400,119.001164014,90.5552835333,27.0757150704,0.8160368534,8400,0,0.030562,0.018956
volume_h3,volume,target_volume_h3,3,linear_regression,linear_default,3,success,,101550,2400,96,8400,2025-01-01T00:00:00+05:30,2025-03-26T14:30:00+05:30,2025-03-26T16:00:00+05:30,2025-03-26T17:00:00+05:30,2025-04-02T16:30:00+05:30,8400,129.297471043,101.865469266,30.4204501078,0.7970596753,8400,0,0.030078,0.018932
volume_h3,volume,target_volume_h3,3,linear_regression,linear_default,4,success,,109950,2400,96,8400,2025-01-01T00:00:00+05:30,2025-04-02T14:30:00+05:30,2025-04-02T16:00:00+05:30,2025-04-02T17:00:00+05:30,2025-04-09T16:30:00+05:30,8400,121.666670636,90.7490436623,30.4447057674,0.7548755398,8400,0,0.03008,0.020631
volume_h3,volume,target_volume_h3,3,linear_regression,linear_default,5,success,,118350,2400,96,8325,2025-01-01T00:00:00+05:30,2025-04-09T14:30:00+05:30,2025-04-09T16:00:00+05:30,2025-04-09T17:00:00+05:30,2025-04-16T15:00:00+05:30,8325,139.455876765,104.415899671,33.4656531481,0.7751322488,8325,0,0.03081,0.019515
volume_h3,volume,target_volume_h3,3,decision_tree,tree_balanced,1,success,,84750,2400,96,8400,2025-01-01T00:00:00+05:30,2025-03-12T14:30:00+05:30,2025-03-12T16:00:00+05:30,2025-03-12T17:00:00+05:30,2025-03-19T16:30:00+05:30,8400,127.5135113,83.3901000616,25.7555233363,0.7989958397,8400,0,0.040335,0.020005
volume_h3,volume,target_volume_h3,3,decision_tree,tree_balanced,2,success,,93150,2400,96,8400,2025-01-01T00:00:00+05:30,2025-03-19T14:30:00+05:30,2025-03-19T16:00:00+05:30,2025-03-19T17:00:00+05:30,2025-03-26T16:30:00+05:30,8400,103.370908813,70.7598753618,16.7346798866,0.8611886176,8400,0,0.040665,0.019787
volume_h3,volume,target_volume_h3,3,decision_tree,tree_balanced,3,success,,101550,2400,96,8400,2025-01-01T00:00:00+05:30,2025-03-26T14:30:00+05:30,2025-03-26T16:00:00+05:30,2025-03-26T17:00:00+05:30,2025-04-02T16:30:00+05:30,8400,136.532561416,88.6501628866,19.4400109304,0.7737123951,8400,0,0.040823,0.020513
volume_h3,volume,target_volume_h3,3,decision_tree,tree_balanced,4,success,,109950,2400,96,8400,2025-01-01T00:00:00+05:30,2025-04-02T14:30:00+05:30,2025-04-02T16:00:00+05:30,2025-04-02T17:00:00+05:30,2025-04-09T16:30:00+05:30,8400,106.017854551,72.1857721071,20.7431923985,0.8138764081,8400,0,0.040465,0.019822
volume_h3,volume,target_volume_h3,3,decision_tree,tree_balanced,5,success,,118350,2400,96,8325,2025-01-01T00:00:00+05:30,2025-04-09T14:30:00+05:30,2025-04-09T16:00:00+05:30,2025-04-09T17:00:00+05:30,2025-04-16T15:00:00+05:30,8325,148.879399223,93.1983364857,21.8663399417,0.7437152581,8325,0,0.040056,0.020911
volume_h3,volume,target_volume_h3,3,decision_tree,tree_deep,1,success,,84750,2400,96,8400,2025-01-01T00:00:00+05:30,2025-03-12T14:30:00+05:30,2025-03-12T16:00:00+05:30,2025-03-12T17:00:00+05:30,2025-03-19T16:30:00+05:30,8400,127.866317013,83.2443674102,25.5650977622,0.7978820201,8400,0,0.045018,0.019878
volume_h3,volume,target_volume_h3,3,decision_tree,tree_deep,2,success,,93150,2400,96,8400,2025-01-01T00:00:00+05:30,2025-03-19T14:30:00+05:30,2025-03-19T16:00:00+05:30,2025-03-19T17:00:00+05:30,2025-03-26T16:30:00+05:30,8400,106.888840225,73.2661911346,17.5376019015,0.8515797564,8400,0,0.044919,0.019208
volume_h3,volume,target_volume_h3,3,decision_tree,tree_deep,3,success,,101550,2400,96,8400,2025-01-01T00:00:00+05:30,2025-03-26T14:30:00+05:30,2025-03-26T16:00:00+05:30,2025-03-26T17:00:00+05:30,2025-04-02T16:30:00+05:30,8400,131.292591913,86.4750826214,19.3381858878,0.7907484257,8400,0,0.045922,0.02009
volume_h3,volume,target_volume_h3,3,decision_tree,tree_deep,4,success,,109950,2400,96,8400,2025-01-01T00:00:00+05:30,2025-04-02T14:30:00+05:30,2025-04-02T16:00:00+05:30,2025-04-02T17:00:00+05:30,2025-04-09T16:30:00+05:30,8400,111.20191132,75.0007742751,21.2746533302,0.7952292569,8400,0,0.044839,0.02013
volume_h3,volume,target_volume_h3,3,decision_tree,tree_deep,5,success,,118350,2400,96,8325,2025-01-01T00:00:00+05:30,2025-04-09T14:30:00+05:30,2025-04-09T16:00:00+05:30,2025-04-09T17:00:00+05:30,2025-04-16T15:00:00+05:30,8325,147.302520855,93.2880028643,21.9739531185,0.7491154634,8325,0,0.04481,0.020908
volume_h3,volume,target_volume_h3,3,random_forest,forest_balanced,1,success,,84750,2400,96,8400,2025-01-01T00:00:00+05:30,2025-03-12T14:30:00+05:30,2025-03-12T16:00:00+05:30,2025-03-12T17:00:00+05:30,2025-03-19T16:30:00+05:30,8400,92.0643245949,63.9486932018,21.3089282341,0.8952207273,8400,0,0.048334,0.035027
volume_h3,volume,target_volume_h3,3,random_forest,forest_balanced,2,success,,93150,2400,96,8400,2025-01-01T00:00:00+05:30,2025-03-19T14:30:00+05:30,2025-03-19T16:00:00+05:30,2025-03-19T17:00:00+05:30,2025-03-26T16:30:00+05:30,8400,74.8970894229,51.9994564343,12.5222290233,0.9271284022,8400,0,0.050454,0.034988
volume_h3,volume,target_volume_h3,3,random_forest,forest_balanced,3,success,,101550,2400,96,8400,2025-01-01T00:00:00+05:30,2025-03-26T14:30:00+05:30,2025-03-26T16:00:00+05:30,2025-03-26T17:00:00+05:30,2025-04-02T16:30:00+05:30,8400,105.74651609,70.4625913893,15.5283440762,0.8642560676,8400,0,0.049536,0.035051
volume_h3,volume,target_volume_h3,3,random_forest,forest_balanced,4,success,,109950,2400,96,8400,2025-01-01T00:00:00+05:30,2025-04-02T14:30:00+05:30,2025-04-02T16:00:00+05:30,2025-04-02T17:00:00+05:30,2025-04-09T16:30:00+05:30,8400,90.0347184357,61.7937693834,17.8057425964,0.8657657243,8400,0,0.050209,0.03385
volume_h3,volume,target_volume_h3,3,random_forest,forest_balanced,5,success,,118350,2400,96,8325,2025-01-01T00:00:00+05:30,2025-04-09T14:30:00+05:30,2025-04-09T16:00:00+05:30,2025-04-09T17:00:00+05:30,2025-04-16T15:00:00+05:30,8325,118.289712048,76.2683565876,18.5027026711,0.8382115609,8325,0,0.050323,0.035939
volume_h3,volume,target_volume_h3,3,random_forest,forest_deep,1,success,,84750,2400,96,8400,2025-01-01T00:00:00+05:30,2025-03-12T14:30:00+05:30,2025-03-12T16:00:00+05:30,2025-03-12T17:00:00+05:30,2025-03-19T16:30:00+05:30,8400,91.0590520224,62.6592309407,21.2755976638,0.8974964548,8400,0,0.072302,0.039125
volume_h3,volume,target_volume_h3,3,random_forest,forest_deep,2,success,,93150,2400,96,8400,2025-01-01T00:00:00+05:30,2025-03-19T14:30:00+05:30,2025-03-19T16:00:00+05:30,2025-03-19T17:00:00+05:30,2025-03-26T16:30:00+05:30,8400,80.1155257867,54.725793754,12.8754493558,0.9166200203,8400,0,0.060611,0.036452
volume_h3,volume,target_volume_h3,3,random_forest,forest_deep,3,success,,101550,2400,96,8400,2025-01-01T00:00:00+05:30,2025-03-26T14:30:00+05:30,2025-03-26T16:00:00+05:30,2025-03-26T17:00:00+05:30,2025-04-02T16:30:00+05:30,8400,103.893724996,69.4053847847,15.6380767739,0.8689711512,8400,0,0.072007,0.036296
volume_h3,volume,target_volume_h3,3,random_forest,forest_deep,4,success,,109950,2400,96,8400,2025-01-01T00:00:00+05:30,2025-04-02T14:30:00+05:30,2025-04-02T16:00:00+05:30,2025-04-02T17:00:00+05:30,2025-04-09T16:30:00+05:30,8400,92.643933562,63.3739476793,18.2783636134,0.8578727427,8400,0,0.062211,0.082104
volume_h3,volume,target_volume_h3,3,random_forest,forest_deep,5,success,,118350,2400,96,8325,2025-01-01T00:00:00+05:30,2025-04-09T14:30:00+05:30,2025-04-09T16:00:00+05:30,2025-04-09T17:00:00+05:30,2025-04-16T15:00:00+05:30,8325,123.037632437,77.4600569876,18.4847413131,0.8249631589,8325,0,0.06182,0.036723
volume_h3,volume,target_volume_h3,3,xgboost,xgb_balanced,1,success,,84750,2400,96,8400,2025-01-01T00:00:00+05:30,2025-03-12T14:30:00+05:30,2025-03-12T16:00:00+05:30,2025-03-12T17:00:00+05:30,2025-03-19T16:30:00+05:30,8400,93.5182264809,68.5800189409,25.8508514226,0.8918851971,8400,0,0.039766,0.021727
volume_h3,volume,target_volume_h3,3,xgboost,xgb_balanced,2,success,,93150,2400,96,8400,2025-01-01T00:00:00+05:30,2025-03-19T14:30:00+05:30,2025-03-19T16:00:00+05:30,2025-03-19T17:00:00+05:30,2025-03-26T16:30:00+05:30,8400,87.2388799107,61.419261362,16.0568445922,0.9011336338,8400,0,0.043445,0.020232
volume_h3,volume,target_volume_h3,3,xgboost,xgb_balanced,3,success,,101550,2400,96,8400,2025-01-01T00:00:00+05:30,2025-03-26T14:30:00+05:30,2025-03-26T16:00:00+05:30,2025-03-26T17:00:00+05:30,2025-04-02T16:30:00+05:30,8400,102.145191471,71.7524522872,18.0055660811,0.8733444738,8400,0,0.036267,0.020124
volume_h3,volume,target_volume_h3,3,xgboost,xgb_balanced,4,success,,109950,2400,96,8400,2025-01-01T00:00:00+05:30,2025-04-02T14:30:00+05:30,2025-04-02T16:00:00+05:30,2025-04-02T17:00:00+05:30,2025-04-09T16:30:00+05:30,8400,93.925262588,69.7325084868,23.3149182631,0.8539141209,8400,0,0.039642,0.022213
volume_h3,volume,target_volume_h3,3,xgboost,xgb_balanced,5,success,,118350,2400,96,8325,2025-01-01T00:00:00+05:30,2025-04-09T14:30:00+05:30,2025-04-09T16:00:00+05:30,2025-04-09T17:00:00+05:30,2025-04-16T15:00:00+05:30,8325,126.639026987,82.4596734986,21.71231925,0.8145662992,8325,0,0.037909,0.019887
volume_h3,volume,target_volume_h3,3,xgboost,xgb_deep,1,success,,84750,2400,96,8400,2025-01-01T00:00:00+05:30,2025-03-12T14:30:00+05:30,2025-03-12T16:00:00+05:30,2025-03-12T17:00:00+05:30,2025-03-19T16:30:00+05:30,8400,95.9151648603,68.4897030186,25.0547976144,0.886272055,8400,0,0.057786,0.022746
volume_h3,volume,target_volume_h3,3,xgboost,xgb_deep,2,success,,93150,2400,96,8400,2025-01-01T00:00:00+05:30,2025-03-19T14:30:00+05:30,2025-03-19T16:00:00+05:30,2025-03-19T17:00:00+05:30,2025-03-26T16:30:00+05:30,8400,79.8989149833,56.6456671088,14.9343616998,0.9170702848,8400,0,0.066989,0.022408
volume_h3,volume,target_volume_h3,3,xgboost,xgb_deep,3,success,,101550,2400,96,8400,2025-01-01T00:00:00+05:30,2025-03-26T14:30:00+05:30,2025-03-26T16:00:00+05:30,2025-03-26T17:00:00+05:30,2025-04-02T16:30:00+05:30,8400,99.8900452213,69.0951255526,17.3062536668,0.8788753014,8400,0,0.060856,0.019669
volume_h3,volume,target_volume_h3,3,xgboost,xgb_deep,4,success,,109950,2400,96,8400,2025-01-01T00:00:00+05:30,2025-04-02T14:30:00+05:30,2025-04-02T16:00:00+05:30,2025-04-02T17:00:00+05:30,2025-04-09T16:30:00+05:30,8400,92.3939797685,68.2311357026,22.8998589409,0.8586386282,8400,0,0.056989,0.020741
volume_h3,volume,target_volume_h3,3,xgboost,xgb_deep,5,success,,118350,2400,96,8325,2025-01-01T00:00:00+05:30,2025-04-09T14:30:00+05:30,2025-04-09T16:00:00+05:30,2025-04-09T17:00:00+05:30,2025-04-16T15:00:00+05:30,8325,121.01164809,78.3928779616,20.8245134287,0.8306801452,8325,0,0.059686,0.022543
volume_h4,volume,target_volume_h4,4,linear_regression,linear_default,1,success,,84750,2400,96,8400,2025-01-01T00:00:00+05:30,2025-03-12T14:30:00+05:30,2025-03-12T16:30:00+05:30,2025-03-12T17:00:00+05:30,2025-03-19T16:30:00+05:30,8400,145.655243166,112.610102784,43.2657016557,0.7370377312,8400,0,0.033372,0.020185
volume_h4,volume,target_volume_h4,4,linear_regression,linear_default,2,success,,93150,2400,96,8400,2025-01-01T00:00:00+05:30,2025-03-19T14:30:00+05:30,2025-03-19T16:30:00+05:30,2025-03-19T17:00:00+05:30,2025-03-26T16:30:00+05:30,8400,131.046872449,101.973557366,31.9986321728,0.7774335937,8400,0,0.032858,0.019604
volume_h4,volume,target_volume_h4,4,linear_regression,linear_default,3,success,,101550,2400,96,8400,2025-01-01T00:00:00+05:30,2025-03-26T14:30:00+05:30,2025-03-26T16:30:00+05:30,2025-03-26T17:00:00+05:30,2025-04-02T16:30:00+05:30,8400,142.938183138,113.635152819,35.6362954793,0.7517618013,8400,0,0.031166,0.0196
volume_h4,volume,target_volume_h4,4,linear_regression,linear_default,4,success,,109950,2400,96,8400,2025-01-01T00:00:00+05:30,2025-04-02T14:30:00+05:30,2025-04-02T16:30:00+05:30,2025-04-02T17:00:00+05:30,2025-04-09T16:30:00+05:30,8400,133.18593033,100.792836668,34.6842749093,0.7034968376,8400,0,0.032067,0.019733
volume_h4,volume,target_volume_h4,4,linear_regression,linear_default,5,success,,118350,2400,96,8300,2025-01-01T00:00:00+05:30,2025-04-09T14:30:00+05:30,2025-04-09T16:30:00+05:30,2025-04-09T17:00:00+05:30,2025-04-16T14:30:00+05:30,8300,154.772093195,117.841360135,39.7897982833,0.7232783016,8300,0,0.031148,0.019726
volume_h4,volume,target_volume_h4,4,decision_tree,tree_balanced,1,success,,84750,2400,96,8400,2025-01-01T00:00:00+05:30,2025-03-12T14:30:00+05:30,2025-03-12T16:30:00+05:30,2025-03-12T17:00:00+05:30,2025-03-19T16:30:00+05:30,8400,127.767251717,85.8476054727,27.013179654,0.7976606739,8400,0,0.039567,0.019039
volume_h4,volume,target_volume_h4,4,decision_tree,tree_balanced,2,success,,93150,2400,96,8400,2025-01-01T00:00:00+05:30,2025-03-19T14:30:00+05:30,2025-03-19T16:30:00+05:30,2025-03-19T17:00:00+05:30,2025-03-26T16:30:00+05:30,8400,113.91010678,77.3806107498,18.0459723145,0.8318368592,8400,0,0.041059,0.019828
volume_h4,volume,target_volume_h4,4,decision_tree,tree_balanced,3,success,,101550,2400,96,8400,2025-01-01T00:00:00+05:30,2025-03-26T14:30:00+05:30,2025-03-26T16:30:00+05:30,2025-03-26T17:00:00+05:30,2025-04-02T16:30:00+05:30,8400,127.288412416,87.3346822375,20.1003834798,0.8031434654,8400,0,0.041217,0.01945
volume_h4,volume,target_volume_h4,4,decision_tree,tree_balanced,4,success,,109950,2400,96,8400,2025-01-01T00:00:00+05:30,2025-04-02T14:30:00+05:30,2025-04-02T16:30:00+05:30,2025-04-02T17:00:00+05:30,2025-04-09T16:30:00+05:30,8400,129.044156099,86.8304325829,25.3037426953,0.7216512239,8400,0,0.040841,0.01955
volume_h4,volume,target_volume_h4,4,decision_tree,tree_balanced,5,success,,118350,2400,96,8300,2025-01-01T00:00:00+05:30,2025-04-09T14:30:00+05:30,2025-04-09T16:30:00+05:30,2025-04-09T17:00:00+05:30,2025-04-16T14:30:00+05:30,8300,178.270822111,115.845585787,28.7722012021,0.6328712153,8300,0,0.040555,0.020063
volume_h4,volume,target_volume_h4,4,decision_tree,tree_deep,1,success,,84750,2400,96,8400,2025-01-01T00:00:00+05:30,2025-03-12T14:30:00+05:30,2025-03-12T16:30:00+05:30,2025-03-12T17:00:00+05:30,2025-03-19T16:30:00+05:30,8400,134.010900088,89.2350375839,27.8003759304,0.7774019061,8400,0,0.045256,0.021147
volume_h4,volume,target_volume_h4,4,decision_tree,tree_deep,2,success,,93150,2400,96,8400,2025-01-01T00:00:00+05:30,2025-03-19T14:30:00+05:30,2025-03-19T16:30:00+05:30,2025-03-19T17:00:00+05:30,2025-03-26T16:30:00+05:30,8400,126.885825858,85.8356376382,20.4076367641,0.791343214,8400,0,0.044292,0.019817
volume_h4,volume,target_volume_h4,4,decision_tree,tree_deep,3,success,,101550,2400,96,8400,2025-01-01T00:00:00+05:30,2025-03-26T14:30:00+05:30,2025-03-26T16:30:00+05:30,2025-03-26T17:00:00+05:30,2025-04-02T16:30:00+05:30,8400,135.409105959,93.8058031806,22.4231991337,0.7772242895,8400,0,0.044156,0.018674
volume_h4,volume,target_volume_h4,4,decision_tree,tree_deep,4,success,,109950,2400,96,8400,2025-01-01T00:00:00+05:30,2025-04-02T14:30:00+05:30,2025-04-02T16:30:00+05:30,2025-04-02T17:00:00+05:30,2025-04-09T16:30:00+05:30,8400,135.356301893,89.4179920846,25.9070938537,0.6937545866,8400,0,0.043239,0.019753
volume_h4,volume,target_volume_h4,4,decision_tree,tree_deep,5,success,,118350,2400,96,8300,2025-01-01T00:00:00+05:30,2025-04-09T14:30:00+05:30,2025-04-09T16:30:00+05:30,2025-04-09T17:00:00+05:30,2025-04-16T14:30:00+05:30,8300,181.409599335,114.803357165,28.3281020666,0.6198294856,8300,0,0.04326,0.021327
volume_h4,volume,target_volume_h4,4,random_forest,forest_balanced,1,success,,84750,2400,96,8400,2025-01-01T00:00:00+05:30,2025-03-12T14:30:00+05:30,2025-03-12T16:30:00+05:30,2025-03-12T17:00:00+05:30,2025-03-19T16:30:00+05:30,8400,99.359285082,69.3546048711,24.1330799738,0.877634748,8400,0,0.050344,0.036135
volume_h4,volume,target_volume_h4,4,random_forest,forest_balanced,2,success,,93150,2400,96,8400,2025-01-01T00:00:00+05:30,2025-03-19T14:30:00+05:30,2025-03-19T16:30:00+05:30,2025-03-19T17:00:00+05:30,2025-03-26T16:30:00+05:30,8400,82.2721181545,55.9051822015,13.1332056035,0.9122773688,8400,0,0.050492,0.035794
volume_h4,volume,target_volume_h4,4,random_forest,forest_balanced,3,success,,101550,2400,96,8400,2025-01-01T00:00:00+05:30,2025-03-26T14:30:00+05:30,2025-03-26T16:30:00+05:30,2025-03-26T17:00:00+05:30,2025-04-02T16:30:00+05:30,8400,107.788712554,72.8493540466,16.5895982401,0.8588377196,8400,0,0.060482,0.035156
volume_h4,volume,target_volume_h4,4,random_forest,forest_balanced,4,success,,109950,2400,96,8400,2025-01-01T00:00:00+05:30,2025-04-02T14:30:00+05:30,2025-04-02T16:30:00+05:30,2025-04-02T17:00:00+05:30,2025-04-09T16:30:00+05:30,8400,97.6407221823,70.2030573191,22.1740729263,0.840641733,8400,0,0.049933,0.035347
volume_h4,volume,target_volume_h4,4,random_forest,forest_balanced,5,success,,118350,2400,96,8300,2025-01-01T00:00:00+05:30,2025-04-09T14:30:00+05:30,2025-04-09T16:30:00+05:30,2025-04-09T17:00:00+05:30,2025-04-16T14:30:00+05:30,8300,139.174046863,88.5592651012,21.6223203542,0.7762441423,8300,0,0.05025,0.036294
volume_h4,volume,target_volume_h4,4,random_forest,forest_deep,1,success,,84750,2400,96,8400,2025-01-01T00:00:00+05:30,2025-03-12T14:30:00+05:30,2025-03-12T16:30:00+05:30,2025-03-12T17:00:00+05:30,2025-03-19T16:30:00+05:30,8400,95.3630948434,66.2144985546,22.802081091,0.8872797699,8400,0,0.073052,0.038052
volume_h4,volume,target_volume_h4,4,random_forest,forest_deep,2,success,,93150,2400,96,8400,2025-01-01T00:00:00+05:30,2025-03-19T14:30:00+05:30,2025-03-19T16:30:00+05:30,2025-03-19T17:00:00+05:30,2025-03-26T16:30:00+05:30,8400,81.2364427049,54.4968565393,12.715744516,0.9144720451,8400,0,0.06503,0.038426
volume_h4,volume,target_volume_h4,4,random_forest,forest_deep,3,success,,101550,2400,96,8400,2025-01-01T00:00:00+05:30,2025-03-26T14:30:00+05:30,2025-03-26T16:30:00+05:30,2025-03-26T17:00:00+05:30,2025-04-02T16:30:00+05:30,8400,109.849382668,73.6597301889,16.7831116895,0.8533887362,8400,0,0.072901,0.035566
volume_h4,volume,target_volume_h4,4,random_forest,forest_deep,4,success,,109950,2400,96,8400,2025-01-01T00:00:00+05:30,2025-04-02T14:30:00+05:30,2025-04-02T16:30:00+05:30,2025-04-02T17:00:00+05:30,2025-04-09T16:30:00+05:30,8400,96.1163251092,68.5966609071,21.0818907927,0.8455787912,8400,0,0.072523,0.036502
volume_h4,volume,target_volume_h4,4,random_forest,forest_deep,5,success,,118350,2400,96,8300,2025-01-01T00:00:00+05:30,2025-04-09T14:30:00+05:30,2025-04-09T16:30:00+05:30,2025-04-09T17:00:00+05:30,2025-04-16T14:30:00+05:30,8300,141.726963484,90.1856778225,22.1575381166,0.7679599946,8300,0,0.107139,0.038064
volume_h4,volume,target_volume_h4,4,xgboost,xgb_balanced,1,success,,84750,2400,96,8400,2025-01-01T00:00:00+05:30,2025-03-12T14:30:00+05:30,2025-03-12T16:30:00+05:30,2025-03-12T17:00:00+05:30,2025-03-19T16:30:00+05:30,8400,103.436813313,74.4567105266,27.7227094163,0.867385364,8400,0,0.038253,0.022496
volume_h4,volume,target_volume_h4,4,xgboost,xgb_balanced,2,success,,93150,2400,96,8400,2025-01-01T00:00:00+05:30,2025-03-19T14:30:00+05:30,2025-03-19T16:30:00+05:30,2025-03-19T17:00:00+05:30,2025-03-26T16:30:00+05:30,8400,85.9572444548,61.1242451277,16.2049702532,0.904242839,8400,0,0.041448,0.020844
volume_h4,volume,target_volume_h4,4,xgboost,xgb_balanced,3,success,,101550,2400,96,8400,2025-01-01T00:00:00+05:30,2025-03-26T14:30:00+05:30,2025-03-26T16:30:00+05:30,2025-03-26T17:00:00+05:30,2025-04-02T16:30:00+05:30,8400,108.395927336,76.5774495098,19.1398823185,0.8572427983,8400,0,0.037572,0.019292
volume_h4,volume,target_volume_h4,4,xgboost,xgb_balanced,4,success,,109950,2400,96,8400,2025-01-01T00:00:00+05:30,2025-04-02T14:30:00+05:30,2025-04-02T16:30:00+05:30,2025-04-02T17:00:00+05:30,2025-04-09T16:30:00+05:30,8400,108.0925549,80.5367567843,26.8030798715,0.8046991217,8400,0,0.041497,0.022749
volume_h4,volume,target_volume_h4,4,xgboost,xgb_balanced,5,success,,118350,2400,96,8300,2025-01-01T00:00:00+05:30,2025-04-09T14:30:00+05:30,2025-04-09T16:30:00+05:30,2025-04-09T17:00:00+05:30,2025-04-16T14:30:00+05:30,8300,141.456928559,91.7757763194,24.7383998762,0.7688433722,8300,0,0.03854,0.021933
volume_h4,volume,target_volume_h4,4,xgboost,xgb_deep,1,success,,84750,2400,96,8400,2025-01-01T00:00:00+05:30,2025-03-12T14:30:00+05:30,2025-03-12T16:30:00+05:30,2025-03-12T17:00:00+05:30,2025-03-19T16:30:00+05:30,8400,102.959486187,72.5903485798,26.2267186934,0.8686064865,8400,0,0.072001,0.020471
volume_h4,volume,target_volume_h4,4,xgboost,xgb_deep,2,success,,93150,2400,96,8400,2025-01-01T00:00:00+05:30,2025-03-19T14:30:00+05:30,2025-03-19T16:30:00+05:30,2025-03-19T17:00:00+05:30,2025-03-26T16:30:00+05:30,8400,87.8557782552,60.6519909205,15.2060490616,0.8999661572,8400,0,0.059173,0.021434
volume_h4,volume,target_volume_h4,4,xgboost,xgb_deep,3,success,,101550,2400,96,8400,2025-01-01T00:00:00+05:30,2025-03-26T14:30:00+05:30,2025-03-26T16:30:00+05:30,2025-03-26T17:00:00+05:30,2025-04-02T16:30:00+05:30,8400,110.335459436,76.7495307432,19.2476628689,0.8520883739,8400,0,0.05422,0.01983
volume_h4,volume,target_volume_h4,4,xgboost,xgb_deep,4,success,,109950,2400,96,8400,2025-01-01T00:00:00+05:30,2025-04-02T14:30:00+05:30,2025-04-02T16:30:00+05:30,2025-04-02T17:00:00+05:30,2025-04-09T16:30:00+05:30,8400,101.795746563,76.2879292506,25.8763938598,0.8267904251,8400,0,0.058923,0.023045
volume_h4,volume,target_volume_h4,4,xgboost,xgb_deep,5,success,,118350,2400,96,8300,2025-01-01T00:00:00+05:30,2025-04-09T14:30:00+05:30,2025-04-09T16:30:00+05:30,2025-04-09T17:00:00+05:30,2025-04-16T14:30:00+05:30,8300,141.913360549,92.2750173123,24.54463904,0.7673492425,8300,0,0.058735,0.020805
speed_h1,speed,target_speed_h1,1,linear_regression,linear_default,1,success,,84750,2400,96,8400,2025-01-01T00:00:00+05:30,2025-03-12T14:30:00+05:30,2025-03-12T15:00:00+05:30,2025-03-12T17:00:00+05:30,2025-03-19T16:30:00+05:30,8400,4.6313658127,3.451236131,11.4688474884,0.8394982135,8400,0,0.03102,0.022556
speed_h1,speed,target_speed_h1,1,linear_regression,linear_default,2,success,,93150,2400,96,8400,2025-01-01T00:00:00+05:30,2025-03-19T14:30:00+05:30,2025-03-19T15:00:00+05:30,2025-03-19T17:00:00+05:30,2025-03-26T16:30:00+05:30,8400,4.4574430098,3.359927638,11.1010090914,0.847177634,8400,0,0.031459,0.023495
speed_h1,speed,target_speed_h1,1,linear_regression,linear_default,3,success,,101550,2400,96,8400,2025-01-01T00:00:00+05:30,2025-03-26T14:30:00+05:30,2025-03-26T15:00:00+05:30,2025-03-26T17:00:00+05:30,2025-04-02T16:30:00+05:30,8400,4.7522567366,3.6277801963,12.1291636692,0.8349939019,8400,0,0.030502,0.020932
speed_h1,speed,target_speed_h1,1,linear_regression,linear_default,4,success,,109950,2400,96,8400,2025-01-01T00:00:00+05:30,2025-04-02T14:30:00+05:30,2025-04-02T15:00:00+05:30,2025-04-02T17:00:00+05:30,2025-04-09T16:30:00+05:30,8400,4.583073858,3.5811390327,10.568800266,0.7680143749,8400,0,0.030376,0.019667
speed_h1,speed,target_speed_h1,1,linear_regression,linear_default,5,success,,118350,2400,96,8375,2025-01-01T00:00:00+05:30,2025-04-09T14:30:00+05:30,2025-04-09T15:00:00+05:30,2025-04-09T17:00:00+05:30,2025-04-16T16:00:00+05:30,8375,4.9354433771,3.7569710276,13.3880328803,0.8166964175,8375,0,0.032287,0.019389
speed_h1,speed,target_speed_h1,1,decision_tree,tree_balanced,1,success,,84750,2400,96,8400,2025-01-01T00:00:00+05:30,2025-03-12T14:30:00+05:30,2025-03-12T15:00:00+05:30,2025-03-12T17:00:00+05:30,2025-03-19T16:30:00+05:30,8400,5.1568072551,3.7436835084,11.6296129243,0.8010135527,8400,0,0.040635,0.020161
speed_h1,speed,target_speed_h1,1,decision_tree,tree_balanced,2,success,,93150,2400,96,8400,2025-01-01T00:00:00+05:30,2025-03-19T14:30:00+05:30,2025-03-19T15:00:00+05:30,2025-03-19T17:00:00+05:30,2025-03-26T16:30:00+05:30,8400,4.7517406518,3.5424658754,11.4799763159,0.8263316098,8400,0,0.041344,0.021964
speed_h1,speed,target_speed_h1,1,decision_tree,tree_balanced,3,success,,101550,2400,96,8400,2025-01-01T00:00:00+05:30,2025-03-26T14:30:00+05:30,2025-03-26T15:00:00+05:30,2025-03-26T17:00:00+05:30,2025-04-02T16:30:00+05:30,8400,5.2253916266,3.7947169098,13.5239039902,0.8005022993,8400,0,0.041846,0.019152
speed_h1,speed,target_speed_h1,1,decision_tree,tree_balanced,4,success,,109950,2400,96,8400,2025-01-01T00:00:00+05:30,2025-04-02T14:30:00+05:30,2025-04-02T15:00:00+05:30,2025-04-02T17:00:00+05:30,2025-04-09T16:30:00+05:30,8400,5.6251334246,4.3311049786,12.1685620976,0.6505274903,8400,0,0.040208,0.020415
speed_h1,speed,target_speed_h1,1,decision_tree,tree_balanced,5,success,,118350,2400,96,8375,2025-01-01T00:00:00+05:30,2025-04-09T14:30:00+05:30,2025-04-09T15:00:00+05:30,2025-04-09T17:00:00+05:30,2025-04-16T16:00:00+05:30,8375,6.120209115,4.4502841521,17.2293803697,0.7181285249,8375,0,0.04076,0.021046
speed_h1,speed,target_speed_h1,1,decision_tree,tree_deep,1,success,,84750,2400,96,8400,2025-01-01T00:00:00+05:30,2025-03-12T14:30:00+05:30,2025-03-12T15:00:00+05:30,2025-03-12T17:00:00+05:30,2025-03-19T16:30:00+05:30,8400,5.6513135647,4.1764693562,12.8252918312,0.7610205762,8400,0,0.046419,0.020153
speed_h1,speed,target_speed_h1,1,decision_tree,tree_deep,2,success,,93150,2400,96,8400,2025-01-01T00:00:00+05:30,2025-03-19T14:30:00+05:30,2025-03-19T15:00:00+05:30,2025-03-19T17:00:00+05:30,2025-03-26T16:30:00+05:30,8400,5.4732948995,4.0864226047,13.331775851,0.769583796,8400,0,0.045508,0.020552
speed_h1,speed,target_speed_h1,1,decision_tree,tree_deep,3,success,,101550,2400,96,8400,2025-01-01T00:00:00+05:30,2025-03-26T14:30:00+05:30,2025-03-26T15:00:00+05:30,2025-03-26T17:00:00+05:30,2025-04-02T16:30:00+05:30,8400,5.7354598214,4.1757271359,15.1319756575,0.7596541165,8400,0,0.047047,0.02026
speed_h1,speed,target_speed_h1,1,decision_tree,tree_deep,4,success,,109950,2400,96,8400,2025-01-01T00:00:00+05:30,2025-04-02T14:30:00+05:30,2025-04-02T15:00:00+05:30,2025-04-02T17:00:00+05:30,2025-04-09T16:30:00+05:30,8400,6.2870124175,4.866409283,13.6532777102,0.5634479832,8400,0,0.046232,0.020437
speed_h1,speed,target_speed_h1,1,decision_tree,tree_deep,5,success,,118350,2400,96,8375,2025-01-01T00:00:00+05:30,2025-04-09T14:30:00+05:30,2025-04-09T15:00:00+05:30,2025-04-09T17:00:00+05:30,2025-04-16T16:00:00+05:30,8375,6.3473536905,4.6362510352,17.5886512872,0.6968175882,8375,0,0.045055,0.019724
speed_h1,speed,target_speed_h1,1,random_forest,forest_balanced,1,success,,84750,2400,96,8400,2025-01-01T00:00:00+05:30,2025-03-12T14:30:00+05:30,2025-03-12T15:00:00+05:30,2025-03-12T17:00:00+05:30,2025-03-19T16:30:00+05:30,8400,4.4487851633,3.2769673269,10.6168569255,0.8519035776,8400,0,0.0548,0.036453
speed_h1,speed,target_speed_h1,1,random_forest,forest_balanced,2,success,,93150,2400,96,8400,2025-01-01T00:00:00+05:30,2025-03-19T14:30:00+05:30,2025-03-19T15:00:00+05:30,2025-03-19T17:00:00+05:30,2025-03-26T16:30:00+05:30,8400,4.1741496739,3.1395297395,10.0214468078,0.865985634,8400,0,0.050631,0.036289
speed_h1,speed,target_speed_h1,1,random_forest,forest_balanced,3,success,,101550,2400,96,8400,2025-01-01T00:00:00+05:30,2025-03-26T14:30:00+05:30,2025-03-26T15:00:00+05:30,2025-03-26T17:00:00+05:30,2025-04-02T16:30:00+05:30,8400,4.6340695481,3.4174150983,11.660030937,0.8430991489,8400,0,0.050313,0.034934
speed_h1,speed,target_speed_h1,1,random_forest,forest_balanced,4,success,,109950,2400,96,8400,2025-01-01T00:00:00+05:30,2025-04-02T14:30:00+05:30,2025-04-02T15:00:00+05:30,2025-04-02T17:00:00+05:30,2025-04-09T16:30:00+05:30,8400,5.1731690771,4.0001058692,11.3592110258,0.7044297572,8400,0,0.050996,0.034431
speed_h1,speed,target_speed_h1,1,random_forest,forest_balanced,5,success,,118350,2400,96,8375,2025-01-01T00:00:00+05:30,2025-04-09T14:30:00+05:30,2025-04-09T15:00:00+05:30,2025-04-09T17:00:00+05:30,2025-04-16T16:00:00+05:30,8375,5.4497052047,3.9874734968,15.6073592305,0.7765066393,8375,0,0.050081,0.037229
speed_h1,speed,target_speed_h1,1,random_forest,forest_deep,1,success,,84750,2400,96,8400,2025-01-01T00:00:00+05:30,2025-03-12T14:30:00+05:30,2025-03-12T15:00:00+05:30,2025-03-12T17:00:00+05:30,2025-03-19T16:30:00+05:30,8400,4.3823953074,3.2571181943,10.5148062914,0.8562907246,8400,0,0.063133,0.037927
speed_h1,speed,target_speed_h1,1,random_forest,forest_deep,2,success,,93150,2400,96,8400,2025-01-01T00:00:00+05:30,2025-03-19T14:30:00+05:30,2025-03-19T15:00:00+05:30,2025-03-19T17:00:00+05:30,2025-03-26T16:30:00+05:30,8400,4.1048277817,3.0971210023,10.0016399891,0.87039994,8400,0,0.072307,0.037147
speed_h1,speed,target_speed_h1,1,random_forest,forest_deep,3,success,,101550,2400,96,8400,2025-01-01T00:00:00+05:30,2025-03-26T14:30:00+05:30,2025-03-26T15:00:00+05:30,2025-03-26T17:00:00+05:30,2025-04-02T16:30:00+05:30,8400,4.5250899711,3.3424569446,11.468912337,0.8503920604,8400,0,0.063082,0.037799
speed_h1,speed,target_speed_h1,1,random_forest,forest_deep,4,success,,109950,2400,96,8400,2025-01-01T00:00:00+05:30,2025-04-02T14:30:00+05:30,2025-04-02T15:00:00+05:30,2025-04-02T17:00:00+05:30,2025-04-09T16:30:00+05:30,8400,4.9266011764,3.8072925169,10.8455676007,0.7319337277,8400,0,0.072675,0.079999
speed_h1,speed,target_speed_h1,1,random_forest,forest_deep,5,success,,118350,2400,96,8375,2025-01-01T00:00:00+05:30,2025-04-09T14:30:00+05:30,2025-04-09T15:00:00+05:30,2025-04-09T17:00:00+05:30,2025-04-16T16:00:00+05:30,8375,5.4996360207,3.9789510824,15.5716329951,0.7723925354,8375,0,0.063934,0.039201
speed_h1,speed,target_speed_h1,1,xgboost,xgb_balanced,1,success,,84750,2400,96,8400,2025-01-01T00:00:00+05:30,2025-03-12T14:30:00+05:30,2025-03-12T15:00:00+05:30,2025-03-12T17:00:00+05:30,2025-03-19T16:30:00+05:30,8400,4.503989719,3.367043092,11.1120015909,0.8482053445,8400,0,0.03966,0.021563
speed_h1,speed,target_speed_h1,1,xgboost,xgb_balanced,2,success,,93150,2400,96,8400,2025-01-01T00:00:00+05:30,2025-03-19T14:30:00+05:30,2025-03-19T15:00:00+05:30,2025-03-19T17:00:00+05:30,2025-03-26T16:30:00+05:30,8400,4.3408083428,3.2553879471,11.0310514163,0.8550705838,8400,0,0.040962,0.01953
speed_h1,speed,target_speed_h1,1,xgboost,xgb_balanced,3,success,,101550,2400,96,8400,2025-01-01T00:00:00+05:30,2025-03-26T14:30:00+05:30,2025-03-26T15:00:00+05:30,2025-03-26T17:00:00+05:30,2025-04-02T16:30:00+05:30,8400,4.541195836,3.3582749995,11.7198715862,0.8493251851,8400,0,0.039686,0.022254
speed_h1,speed,target_speed_h1,1,xgboost,xgb_balanced,4,success,,109950,2400,96,8400,2025-01-01T00:00:00+05:30,2025-04-02T14:30:00+05:30,2025-04-02T15:00:00+05:30,2025-04-02T17:00:00+05:30,2025-04-09T16:30:00+05:30,8400,4.6835685374,3.6533924619,10.6742163276,0.7577291726,8400,0,0.041405,0.022071
speed_h1,speed,target_speed_h1,1,xgboost,xgb_balanced,5,success,,118350,2400,96,8375,2025-01-01T00:00:00+05:30,2025-04-09T14:30:00+05:30,2025-04-09T15:00:00+05:30,2025-04-09T17:00:00+05:30,2025-04-16T16:00:00+05:30,8375,5.31107715,3.8650448072,15.7735868895,0.7877323432,8375,0,0.04216,0.022624
speed_h1,speed,target_speed_h1,1,xgboost,xgb_deep,1,success,,84750,2400,96,8400,2025-01-01T00:00:00+05:30,2025-03-12T14:30:00+05:30,2025-03-12T15:00:00+05:30,2025-03-12T17:00:00+05:30,2025-03-19T16:30:00+05:30,8400,4.4926174425,3.3511580272,11.0670052129,0.8489709197,8400,0,0.060861,0.020392
speed_h1,speed,target_speed_h1,1,xgboost,xgb_deep,2,success,,93150,2400,96,8400,2025-01-01T00:00:00+05:30,2025-03-19T14:30:00+05:30,2025-03-19T15:00:00+05:30,2025-03-19T17:00:00+05:30,2025-03-26T16:30:00+05:30,8400,4.4945650096,3.3325908407,11.5324864592,0.8446215969,8400,0,0.061879,0.020291
speed_h1,speed,target_speed_h1,1,xgboost,xgb_deep,3,success,,101550,2400,96,8400,2025-01-01T00:00:00+05:30,2025-03-26T14:30:00+05:30,2025-03-26T15:00:00+05:30,2025-03-26T17:00:00+05:30,2025-04-02T16:30:00+05:30,8400,4.5549237344,3.34634672,11.8592116657,0.8484128373,8400,0,0.057125,0.020299
speed_h1,speed,target_speed_h1,1,xgboost,xgb_deep,4,success,,109950,2400,96,8400,2025-01-01T00:00:00+05:30,2025-04-02T14:30:00+05:30,2025-04-02T15:00:00+05:30,2025-04-02T17:00:00+05:30,2025-04-09T16:30:00+05:30,8400,4.8071211132,3.7497794971,10.8585507364,0.7447783624,8400,0,0.05944,0.020842
speed_h1,speed,target_speed_h1,1,xgboost,xgb_deep,5,success,,118350,2400,96,8375,2025-01-01T00:00:00+05:30,2025-04-09T14:30:00+05:30,2025-04-09T15:00:00+05:30,2025-04-09T17:00:00+05:30,2025-04-16T16:00:00+05:30,8375,5.4672764246,3.9588124645,16.2409639097,0.7750631184,8375,0,0.059778,0.020344
speed_h2,speed,target_speed_h2,2,linear_regression,linear_default,1,success,,84750,2400,96,8400,2025-01-01T00:00:00+05:30,2025-03-12T14:30:00+05:30,2025-03-12T15:30:00+05:30,2025-03-12T17:00:00+05:30,2025-03-19T16:30:00+05:30,8400,5.6151567609,4.2769554217,14.2365203713,0.7634228747,8400,0,0.030872,0.020363
speed_h2,speed,target_speed_h2,2,linear_regression,linear_default,2,success,,93150,2400,96,8400,2025-01-01T00:00:00+05:30,2025-03-19T14:30:00+05:30,2025-03-19T15:30:00+05:30,2025-03-19T17:00:00+05:30,2025-03-26T16:30:00+05:30,8400,5.2551278023,4.0160171959,13.2002839754,0.7877941054,8400,0,0.029878,0.01949
speed_h2,speed,target_speed_h2,2,linear_regression,linear_default,3,success,,101550,2400,96,8400,2025-01-01T00:00:00+05:30,2025-03-26T14:30:00+05:30,2025-03-26T15:30:00+05:30,2025-03-26T17:00:00+05:30,2025-04-02T16:30:00+05:30,8400,5.7374724147,4.4391054208,14.9790266316,0.759185375,8400,0,0.029062,0.020013
speed_h2,speed,target_speed_h2,2,linear_regression,linear_default,4,success,,109950,2400,96,8400,2025-01-01T00:00:00+05:30,2025-04-02T14:30:00+05:30,2025-04-02T15:30:00+05:30,2025-04-02T17:00:00+05:30,2025-04-09T16:30:00+05:30,8400,5.4839795457,4.2600450965,12.8009253685,0.6658162302,8400,0,0.03422,0.021413
speed_h2,speed,target_speed_h2,2,linear_regression,linear_default,5,success,,118350,2400,96,8350,2025-01-01T00:00:00+05:30,2025-04-09T14:30:00+05:30,2025-04-09T15:30:00+05:30,2025-04-09T17:00:00+05:30,2025-04-16T15:30:00+05:30,8350,6.1609137104,4.7141617851,17.2064659581,0.7140352562,8350,0,0.029524,0.019981
speed_h2,speed,target_speed_h2,2,decision_tree,tree_balanced,1,success,,84750,2400,96,8400,2025-01-01T00:00:00+05:30,2025-03-12T14:30:00+05:30,2025-03-12T15:30:00+05:30,2025-03-12T17:00:00+05:30,2025-03-19T16:30:00+05:30,8400,5.1992805525,3.8527831986,11.7307629737,0.7971684614,8400,0,0.040826,0.020692
speed_h2,speed,target_speed_h2,2,decision_tree,tree_balanced,2,success,,93150,2400,96,8400,2025-01-01T00:00:00+05:30,2025-03-19T14:30:00+05:30,2025-03-19T15:30:00+05:30,2025-03-19T17:00:00+05:30,2025-03-26T16:30:00+05:30,8400,5.1416564522,3.8238921925,12.958253512,0.7968592791,8400,0,0.040555,0.019871
speed_h2,speed,target_speed_h2,2,decision_tree,tree_balanced,3,success,,101550,2400,96,8400,2025-01-01T00:00:00+05:30,2025-03-26T14:30:00+05:30,2025-03-26T15:30:00+05:30,2025-03-26T17:00:00+05:30,2025-04-02T16:30:00+05:30,8400,6.0461535911,4.3261462499,15.5800562878,0.7325762414,8400,0,0.041084,0.019134
speed_h2,speed,target_speed_h2,2,decision_tree,tree_balanced,4,success,,109950,2400,96,8400,2025-01-01T00:00:00+05:30,2025-04-02T14:30:00+05:30,2025-04-02T15:30:00+05:30,2025-04-02T17:00:00+05:30,2025-04-09T16:30:00+05:30,8400,6.2066239587,4.7657137913,12.993535659,0.5719400777,8400,0,0.041151,0.02059
speed_h2,speed,target_speed_h2,2,decision_tree,tree_balanced,5,success,,118350,2400,96,8350,2025-01-01T00:00:00+05:30,2025-04-09T14:30:00+05:30,2025-04-09T15:30:00+05:30,2025-04-09T17:00:00+05:30,2025-04-16T15:30:00+05:30,8350,6.6875005375,4.832958115,18.42800319,0.6630620722,8350,0,0.040526,0.019648
speed_h2,speed,target_speed_h2,2,decision_tree,tree_deep,1,success,,84750,2400,96,8400,2025-01-01T00:00:00+05:30,2025-03-12T14:30:00+05:30,2025-03-12T15:30:00+05:30,2025-03-12T17:00:00+05:30,2025-03-19T16:30:00+05:30,8400,6.0289529366,4.46888736,13.7656112208,0.7272700911,8400,0,0.046244,0.020203
speed_h2,speed,target_speed_h2,2,decision_tree,tree_deep,2,success,,93150,2400,96,8400,2025-01-01T00:00:00+05:30,2025-03-19T14:30:00+05:30,2025-03-19T15:30:00+05:30,2025-03-19T17:00:00+05:30,2025-03-26T16:30:00+05:30,8400,5.3040619357,4.0474787768,13.0303010467,0.7838237135,8400,0,0.045046,0.021379
speed_h2,speed,target_speed_h2,2,decision_tree,tree_deep,3,success,,101550,2400,96,8400,2025-01-01T00:00:00+05:30,2025-03-26T14:30:00+05:30,2025-03-26T15:30:00+05:30,2025-03-26T17:00:00+05:30,2025-04-02T16:30:00+05:30,8400,6.469757065,4.744948767,16.5919775225,0.6937912584,8400,0,0.047073,0.019854
speed_h2,speed,target_speed_h2,2,decision_tree,tree_deep,4,success,,109950,2400,96,8400,2025-01-01T00:00:00+05:30,2025-04-02T14:30:00+05:30,2025-04-02T15:30:00+05:30,2025-04-02T17:00:00+05:30,2025-04-09T16:30:00+05:30,8400,6.8981985323,5.3583683665,14.7484104308,0.4712321031,8400,0,0.045198,0.020322
speed_h2,speed,target_speed_h2,2,decision_tree,tree_deep,5,success,,118350,2400,96,8350,2025-01-01T00:00:00+05:30,2025-04-09T14:30:00+05:30,2025-04-09T15:30:00+05:30,2025-04-09T17:00:00+05:30,2025-04-16T15:30:00+05:30,8350,6.9394138036,5.0200360355,19.0123322208,0.6371995543,8350,0,0.044442,0.019497
speed_h2,speed,target_speed_h2,2,random_forest,forest_balanced,1,success,,84750,2400,96,8400,2025-01-01T00:00:00+05:30,2025-03-12T14:30:00+05:30,2025-03-12T15:30:00+05:30,2025-03-12T17:00:00+05:30,2025-03-19T16:30:00+05:30,8400,4.6723193448,3.5164156991,11.1487426316,0.836199955,8400,0,0.048548,0.034639
speed_h2,speed,target_speed_h2,2,random_forest,forest_balanced,2,success,,93150,2400,96,8400,2025-01-01T00:00:00+05:30,2025-03-19T14:30:00+05:30,2025-03-19T15:30:00+05:30,2025-03-19T17:00:00+05:30,2025-03-26T16:30:00+05:30,8400,4.5291350027,3.3891549489,11.438861714,0.8423763387,8400,0,0.051053,0.036033
speed_h2,speed,target_speed_h2,2,random_forest,forest_balanced,3,success,,101550,2400,96,8400,2025-01-01T00:00:00+05:30,2025-03-26T14:30:00+05:30,2025-03-26T15:30:00+05:30,2025-03-26T17:00:00+05:30,2025-04-02T16:30:00+05:30,8400,5.2419725398,3.8085729902,13.9379710616,0.7989837714,8400,0,0.05015,0.03624
speed_h2,speed,target_speed_h2,2,random_forest,forest_balanced,4,success,,109950,2400,96,8400,2025-01-01T00:00:00+05:30,2025-04-02T14:30:00+05:30,2025-04-02T15:30:00+05:30,2025-04-02T17:00:00+05:30,2025-04-09T16:30:00+05:30,8400,5.2661464208,4.099143875,11.5244944291,0.6918376612,8400,0,0.052405,0.034266
speed_h2,speed,target_speed_h2,2,random_forest,forest_balanced,5,success,,118350,2400,96,8350,2025-01-01T00:00:00+05:30,2025-04-09T14:30:00+05:30,2025-04-09T15:30:00+05:30,2025-04-09T17:00:00+05:30,2025-04-16T15:30:00+05:30,8350,6.1443824405,4.3774082834,17.2321111209,0.7155678269,8350,0,0.050082,0.035123
speed_h2,speed,target_speed_h2,2,random_forest,forest_deep,1,success,,84750,2400,96,8400,2025-01-01T00:00:00+05:30,2025-03-12T14:30:00+05:30,2025-03-12T15:30:00+05:30,2025-03-12T17:00:00+05:30,2025-03-19T16:30:00+05:30,8400,4.548986028,3.4248114313,10.8523810363,0.8447333489,8400,0,0.062416,0.040335
speed_h2,speed,target_speed_h2,2,random_forest,forest_deep,2,success,,93150,2400,96,8400,2025-01-01T00:00:00+05:30,2025-03-19T14:30:00+05:30,2025-03-19T15:30:00+05:30,2025-03-19T17:00:00+05:30,2025-03-26T16:30:00+05:30,8400,4.4791667453,3.3271021958,11.3517659175,0.8458351591,8400,0,0.071619,0.037262
speed_h2,speed,target_speed_h2,2,random_forest,forest_deep,3,success,,101550,2400,96,8400,2025-01-01T00:00:00+05:30,2025-03-26T14:30:00+05:30,2025-03-26T15:30:00+05:30,2025-03-26T17:00:00+05:30,2025-04-02T16:30:00+05:30,8400,5.041916028,3.690429582,13.1814998621,0.8140342978,8400,0,0.061962,0.03718
speed_h2,speed,target_speed_h2,2,random_forest,forest_deep,4,success,,109950,2400,96,8400,2025-01-01T00:00:00+05:30,2025-04-02T14:30:00+05:30,2025-04-02T15:30:00+05:30,2025-04-02T17:00:00+05:30,2025-04-09T16:30:00+05:30,8400,5.1142298352,3.9622973038,11.2023915886,0.7093608035,8400,0,0.072222,0.038852
speed_h2,speed,target_speed_h2,2,random_forest,forest_deep,5,success,,118350,2400,96,8350,2025-01-01T00:00:00+05:30,2025-04-09T14:30:00+05:30,2025-04-09T15:30:00+05:30,2025-04-09T17:00:00+05:30,2025-04-16T15:30:00+05:30,8350,6.1299162348,4.3766719748,17.1490953998,0.7169055726,8350,0,0.076016,0.039757
speed_h2,speed,target_speed_h2,2,xgboost,xgb_balanced,1,success,,84750,2400,96,8400,2025-01-01T00:00:00+05:30,2025-03-12T14:30:00+05:30,2025-03-12T15:30:00+05:30,2025-03-12T17:00:00+05:30,2025-03-19T16:30:00+05:30,8400,4.5307659261,3.438148825,11.1239903727,0.8459746404,8400,0,0.039729,0.020112
speed_h2,speed,target_speed_h2,2,xgboost,xgb_balanced,2,success,,93150,2400,96,8400,2025-01-01T00:00:00+05:30,2025-03-19T14:30:00+05:30,2025-03-19T15:30:00+05:30,2025-03-19T17:00:00+05:30,2025-03-26T16:30:00+05:30,8400,4.4563582788,3.3348873756,11.3315965901,0.8474012142,8400,0,0.039456,0.020412
speed_h2,speed,target_speed_h2,2,xgboost,xgb_balanced,3,success,,101550,2400,96,8400,2025-01-01T00:00:00+05:30,2025-03-26T14:30:00+05:30,2025-03-26T15:30:00+05:30,2025-03-26T17:00:00+05:30,2025-04-02T16:30:00+05:30,8400,4.9645334274,3.6268496361,13.4448743986,0.819698842,8400,0,0.036114,0.020208
speed_h2,speed,target_speed_h2,2,xgboost,xgb_balanced,4,success,,109950,2400,96,8400,2025-01-01T00:00:00+05:30,2025-04-02T14:30:00+05:30,2025-04-02T15:30:00+05:30,2025-04-02T17:00:00+05:30,2025-04-09T16:30:00+05:30,8400,4.8777937517,3.8094641385,11.1217363051,0.7356127136,8400,0,0.036504,0.02201
speed_h2,speed,target_speed_h2,2,xgboost,xgb_balanced,5,success,,118350,2400,96,8350,2025-01-01T00:00:00+05:30,2025-04-09T14:30:00+05:30,2025-04-09T15:30:00+05:30,2025-04-09T17:00:00+05:30,2025-04-16T15:30:00+05:30,8350,5.9464677071,4.2126029248,17.6349033942,0.7335962277,8350,0,0.038998,0.020608
speed_h2,speed,target_speed_h2,2,xgboost,xgb_deep,1,success,,84750,2400,96,8400,2025-01-01T00:00:00+05:30,2025-03-12T14:30:00+05:30,2025-03-12T15:30:00+05:30,2025-03-12T17:00:00+05:30,2025-03-19T16:30:00+05:30,8400,5.5585533162,4.0037108085,14.7800769759,0.768168454,8400,0,0.05697,0.02014
speed_h2,speed,target_speed_h2,2,xgboost,xgb_deep,2,success,,93150,2400,96,8400,2025-01-01T00:00:00+05:30,2025-03-19T14:30:00+05:30,2025-03-19T15:30:00+05:30,2025-03-19T17:00:00+05:30,2025-03-26T16:30:00+05:30,8400,4.4896142221,3.3721635339,11.3814758336,0.8451151537,8400,0,0.055609,0.020356
speed_h2,speed,target_speed_h2,2,xgboost,xgb_deep,3,success,,101550,2400,96,8400,2025-01-01T00:00:00+05:30,2025-03-26T14:30:00+05:30,2025-03-26T15:30:00+05:30,2025-03-26T17:00:00+05:30,2025-04-02T16:30:00+05:30,8400,5.0552535114,3.6812171013,13.661864036,0.8130491188,8400,0,0.056812,0.022272
speed_h2,speed,target_speed_h2,2,xgboost,xgb_deep,4,success,,109950,2400,96,8400,2025-01-01T00:00:00+05:30,2025-04-02T14:30:00+05:30,2025-04-02T15:30:00+05:30,2025-04-02T17:00:00+05:30,2025-04-09T16:30:00+05:30,8400,5.0294378664,3.9484501222,11.3275740394,0.7189182843,8400,0,0.060876,0.022061
speed_h2,speed,target_speed_h2,2,xgboost,xgb_deep,5,success,,118350,2400,96,8350,2025-01-01T00:00:00+05:30,2025-04-09T14:30:00+05:30,2025-04-09T15:30:00+05:30,2025-04-09T17:00:00+05:30,2025-04-16T15:30:00+05:30,8350,6.119540266,4.3454936258,17.9119209847,0.7178631364,8350,0,0.056587,0.02061
speed_h3,speed,target_speed_h3,3,linear_regression,linear_default,1,success,,84750,2400,96,8400,2025-01-01T00:00:00+05:30,2025-03-12T14:30:00+05:30,2025-03-12T16:00:00+05:30,2025-03-12T17:00:00+05:30,2025-03-19T16:30:00+05:30,8400,6.4119564275,4.9566106061,16.3235504668,0.6907820607,8400,0,0.030499,0.02108
speed_h3,speed,target_speed_h3,3,linear_regression,linear_default,2,success,,93150,2400,96,8400,2025-01-01T00:00:00+05:30,2025-03-19T14:30:00+05:30,2025-03-19T16:00:00+05:30,2025-03-19T17:00:00+05:30,2025-03-26T16:30:00+05:30,8400,6.0452708505,4.6095025994,15.687995204,0.7197470316,8400,0,0.030114,0.020223
speed_h3,speed,target_speed_h3,3,linear_regression,linear_default,3,success,,101550,2400,96,8400,2025-01-01T00:00:00+05:30,2025-03-26T14:30:00+05:30,2025-03-26T16:00:00+05:30,2025-03-26T17:00:00+05:30,2025-04-02T16:30:00+05:30,8400,6.6194502697,5.2034601273,17.6732655165,0.6792185902,8400,0,0.030585,0.020572
speed_h3,speed,target_speed_h3,3,linear_regression,linear_default,4,success,,109950,2400,96,8400,2025-01-01T00:00:00+05:30,2025-04-02T14:30:00+05:30,2025-04-02T16:00:00+05:30,2025-04-02T17:00:00+05:30,2025-04-09T16:30:00+05:30,8400,6.2642347518,4.7716253988,14.6595147047,0.5591162338,8400,0,0.030891,0.021242
speed_h3,speed,target_speed_h3,3,linear_regression,linear_default,5,success,,118350,2400,96,8325,2025-01-01T00:00:00+05:30,2025-04-09T14:30:00+05:30,2025-04-09T16:00:00+05:30,2025-04-09T17:00:00+05:30,2025-04-16T15:00:00+05:30,8325,7.0632186744,5.4545684903,19.8804122528,0.6239861735,8325,0,0.029836,0.020937
speed_h3,speed,target_speed_h3,3,decision_tree,tree_balanced,1,success,,84750,2400,96,8400,2025-01-01T00:00:00+05:30,2025-03-12T14:30:00+05:30,2025-03-12T16:00:00+05:30,2025-03-12T17:00:00+05:30,2025-03-19T16:30:00+05:30,8400,6.1512388236,4.3198588264,14.41559303,0.7154171433,8400,0,0.041226,0.020479
speed_h3,speed,target_speed_h3,3,decision_tree,tree_balanced,2,success,,93150,2400,96,8400,2025-01-01T00:00:00+05:30,2025-03-19T14:30:00+05:30,2025-03-19T16:00:00+05:30,2025-03-19T17:00:00+05:30,2025-03-26T16:30:00+05:30,8400,5.5311809321,4.0858292557,13.5787434681,0.7653857298,8400,0,0.040478,0.020214
speed_h3,speed,target_speed_h3,3,decision_tree,tree_balanced,3,success,,101550,2400,96,8400,2025-01-01T00:00:00+05:30,2025-03-26T14:30:00+05:30,2025-03-26T16:00:00+05:30,2025-03-26T17:00:00+05:30,2025-04-02T16:30:00+05:30,8400,5.7652791904,4.1224636195,14.2869227653,0.7566641871,8400,0,0.041484,0.020564
speed_h3,speed,target_speed_h3,3,decision_tree,tree_balanced,4,success,,109950,2400,96,8400,2025-01-01T00:00:00+05:30,2025-04-02T14:30:00+05:30,2025-04-02T16:00:00+05:30,2025-04-02T17:00:00+05:30,2025-04-09T16:30:00+05:30,8400,6.0054600437,4.6330104057,12.7090321738,0.5947895634,8400,0,0.040959,0.020035
speed_h3,speed,target_speed_h3,3,decision_tree,tree_balanced,5,success,,118350,2400,96,8325,2025-01-01T00:00:00+05:30,2025-04-09T14:30:00+05:30,2025-04-09T16:00:00+05:30,2025-04-09T17:00:00+05:30,2025-04-16T15:00:00+05:30,8325,7.2121342872,5.1470629101,19.9475394399,0.6079638462,8325,0,0.041791,0.020545
speed_h3,speed,target_speed_h3,3,decision_tree,tree_deep,1,success,,84750,2400,96,8400,2025-01-01T00:00:00+05:30,2025-03-12T14:30:00+05:30,2025-03-12T16:00:00+05:30,2025-03-12T17:00:00+05:30,2025-03-19T16:30:00+05:30,8400,6.6628362822,4.773709386,15.4534192107,0.6661112081,8400,0,0.045486,0.019896
speed_h3,speed,target_speed_h3,3,decision_tree,tree_deep,2,success,,93150,2400,96,8400,2025-01-01T00:00:00+05:30,2025-03-19T14:30:00+05:30,2025-03-19T16:00:00+05:30,2025-03-19T17:00:00+05:30,2025-03-26T16:30:00+05:30,8400,6.1941456261,4.5818080597,15.1682939697,0.7057736819,8400,0,0.045149,0.01949
speed_h3,speed,target_speed_h3,3,decision_tree,tree_deep,3,success,,101550,2400,96,8400,2025-01-01T00:00:00+05:30,2025-03-26T14:30:00+05:30,2025-03-26T16:00:00+05:30,2025-03-26T17:00:00+05:30,2025-04-02T16:30:00+05:30,8400,5.9849669301,4.350065995,15.1421407647,0.7377660877,8400,0,0.050825,0.023279
speed_h3,speed,target_speed_h3,3,decision_tree,tree_deep,4,success,,109950,2400,96,8400,2025-01-01T00:00:00+05:30,2025-04-02T14:30:00+05:30,2025-04-02T16:00:00+05:30,2025-04-02T17:00:00+05:30,2025-04-09T16:30:00+05:30,8400,6.4258371763,4.9252567562,13.4896828691,0.5360753033,8400,0,0.049827,0.023875
speed_h3,speed,target_speed_h3,3,decision_tree,tree_deep,5,success,,118350,2400,96,8325,2025-01-01T00:00:00+05:30,2025-04-09T14:30:00+05:30,2025-04-09T16:00:00+05:30,2025-04-09T17:00:00+05:30,2025-04-16T15:00:00+05:30,8325,7.5499391405,5.403337913,20.5617291509,0.5703790884,8325,0,0.04682,0.023481
speed_h3,speed,target_speed_h3,3,random_forest,forest_balanced,1,success,,84750,2400,96,8400,2025-01-01T00:00:00+05:30,2025-03-12T14:30:00+05:30,2025-03-12T16:00:00+05:30,2025-03-12T17:00:00+05:30,2025-03-19T16:30:00+05:30,8400,4.549926537,3.4312201398,10.7209754493,0.8442986687,8400,0,0.054981,0.039207
speed_h3,speed,target_speed_h3,3,random_forest,forest_balanced,2,success,,93150,2400,96,8400,2025-01-01T00:00:00+05:30,2025-03-19T14:30:00+05:30,2025-03-19T16:00:00+05:30,2025-03-19T17:00:00+05:30,2025-03-26T16:30:00+05:30,8400,4.377053814,3.2994923512,10.9607848332,0.8530794768,8400,0,0.053529,0.037073
speed_h3,speed,target_speed_h3,3,random_forest,forest_balanced,3,success,,101550,2400,96,8400,2025-01-01T00:00:00+05:30,2025-03-26T14:30:00+05:30,2025-03-26T16:00:00+05:30,2025-03-26T17:00:00+05:30,2025-04-02T16:30:00+05:30,8400,5.4939817806,3.9988320529,14.5913726464,0.779026714,8400,0,0.050354,0.037279
speed_h3,speed,target_speed_h3,3,random_forest,forest_balanced,4,success,,109950,2400,96,8400,2025-01-01T00:00:00+05:30,2025-04-02T14:30:00+05:30,2025-04-02T16:00:00+05:30,2025-04-02T17:00:00+05:30,2025-04-09T16:30:00+05:30,8400,5.2678137547,4.0784074105,11.4345863638,0.6882195477,8400,0,0.052541,0.040328
speed_h3,speed,target_speed_h3,3,random_forest,forest_balanced,5,success,,118350,2400,96,8325,2025-01-01T00:00:00+05:30,2025-04-09T14:30:00+05:30,2025-04-09T16:00:00+05:30,2025-04-09T17:00:00+05:30,2025-04-16T15:00:00+05:30,8325,6.7091050564,4.6705666367,18.5522342447,0.6607438763,8325,0,0.052245,0.037855
speed_h3,speed,target_speed_h3,3,random_forest,forest_deep,1,success,,84750,2400,96,8400,2025-01-01T00:00:00+05:30,2025-03-12T14:30:00+05:30,2025-03-12T16:00:00+05:30,2025-03-12T17:00:00+05:30,2025-03-19T16:30:00+05:30,8400,4.5620324672,3.4364483879,10.8587933817,0.8434690215,8400,0,0.074348,0.039948
speed_h3,speed,target_speed_h3,3,random_forest,forest_deep,2,success,,93150,2400,96,8400,2025-01-01T00:00:00+05:30,2025-03-19T14:30:00+05:30,2025-03-19T16:00:00+05:30,2025-03-19T17:00:00+05:30,2025-03-26T16:30:00+05:30,8400,4.5539930447,3.4279453209,11.4292333217,0.8409610792,8400,0,0.074913,0.039804
speed_h3,speed,target_speed_h3,3,random_forest,forest_deep,3,success,,101550,2400,96,8400,2025-01-01T00:00:00+05:30,2025-03-26T14:30:00+05:30,2025-03-26T16:00:00+05:30,2025-03-26T17:00:00+05:30,2025-04-02T16:30:00+05:30,8400,5.3473518717,3.9044646024,14.1609508095,0.7906645068,8400,0,0.085436,0.040539
speed_h3,speed,target_speed_h3,3,random_forest,forest_deep,4,success,,109950,2400,96,8400,2025-01-01T00:00:00+05:30,2025-04-02T14:30:00+05:30,2025-04-02T16:00:00+05:30,2025-04-02T17:00:00+05:30,2025-04-09T16:30:00+05:30,8400,5.6507339061,4.3498210019,12.0997069193,0.641245157,8400,0,0.076223,0.041289
speed_h3,speed,target_speed_h3,3,random_forest,forest_deep,5,success,,118350,2400,96,8325,2025-01-01T00:00:00+05:30,2025-04-09T14:30:00+05:30,2025-04-09T16:00:00+05:30,2025-04-09T17:00:00+05:30,2025-04-16T15:00:00+05:30,8325,6.5588482007,4.6558701718,17.9678066752,0.6757696464,8325,0,0.066438,0.041153
speed_h3,speed,target_speed_h3,3,xgboost,xgb_balanced,1,success,,84750,2400,96,8400,2025-01-01T00:00:00+05:30,2025-03-12T14:30:00+05:30,2025-03-12T16:00:00+05:30,2025-03-12T17:00:00+05:30,2025-03-19T16:30:00+05:30,8400,4.7012910318,3.5527999467,11.8286029893,0.833766775,8400,0,0.037988,0.021055
speed_h3,speed,target_speed_h3,3,xgboost,xgb_balanced,2,success,,93150,2400,96,8400,2025-01-01T00:00:00+05:30,2025-03-19T14:30:00+05:30,2025-03-19T16:00:00+05:30,2025-03-19T17:00:00+05:30,2025-03-26T16:30:00+05:30,8400,4.6626421721,3.4529080538,12.2928642939,0.8332818552,8400,0,0.040955,0.019892
speed_h3,speed,target_speed_h3,3,xgboost,xgb_balanced,3,success,,101550,2400,96,8400,2025-01-01T00:00:00+05:30,2025-03-26T14:30:00+05:30,2025-03-26T16:00:00+05:30,2025-03-26T17:00:00+05:30,2025-04-02T16:30:00+05:30,8400,5.196199499,3.8002483833,14.3272961087,0.8023317226,8400,0,0.041537,0.020612
speed_h3,speed,target_speed_h3,3,xgboost,xgb_balanced,4,success,,109950,2400,96,8400,2025-01-01T00:00:00+05:30,2025-04-02T14:30:00+05:30,2025-04-02T16:00:00+05:30,2025-04-02T17:00:00+05:30,2025-04-09T16:30:00+05:30,8400,5.2229524068,4.0728337157,11.7390711896,0.6935072571,8400,0,0.039168,0.023139
speed_h3,speed,target_speed_h3,3,xgboost,xgb_balanced,5,success,,118350,2400,96,8325,2025-01-01T00:00:00+05:30,2025-04-09T14:30:00+05:30,2025-04-09T16:00:00+05:30,2025-04-09T17:00:00+05:30,2025-04-16T15:00:00+05:30,8325,6.3005769129,4.5209890521,18.611631748,0.7008016834,8325,0,0.040388,0.022277
speed_h3,speed,target_speed_h3,3,xgboost,xgb_deep,1,success,,84750,2400,96,8400,2025-01-01T00:00:00+05:30,2025-03-12T14:30:00+05:30,2025-03-12T16:00:00+05:30,2025-03-12T17:00:00+05:30,2025-03-19T16:30:00+05:30,8400,4.846677729,3.631654651,11.8825365257,0.823326325,8400,0,0.064709,0.021409
speed_h3,speed,target_speed_h3,3,xgboost,xgb_deep,2,success,,93150,2400,96,8400,2025-01-01T00:00:00+05:30,2025-03-19T14:30:00+05:30,2025-03-19T16:00:00+05:30,2025-03-19T17:00:00+05:30,2025-03-26T16:30:00+05:30,8400,4.6702080372,3.524648348,11.9469751589,0.8327403638,8400,0,0.063829,0.021417
speed_h3,speed,target_speed_h3,3,xgboost,xgb_deep,3,success,,101550,2400,96,8400,2025-01-01T00:00:00+05:30,2025-03-26T14:30:00+05:30,2025-03-26T16:00:00+05:30,2025-03-26T17:00:00+05:30,2025-04-02T16:30:00+05:30,8400,5.3525987854,3.8435325626,14.6495589867,0.7902534981,8400,0,0.073363,0.020507
speed_h3,speed,target_speed_h3,3,xgboost,xgb_deep,4,success,,109950,2400,96,8400,2025-01-01T00:00:00+05:30,2025-04-02T14:30:00+05:30,2025-04-02T16:00:00+05:30,2025-04-02T17:00:00+05:30,2025-04-09T16:30:00+05:30,8400,5.2264150453,4.0659935134,11.6148561694,0.693100734,8400,0,0.07398,0.021984
speed_h3,speed,target_speed_h3,3,xgboost,xgb_deep,5,success,,118350,2400,96,8325,2025-01-01T00:00:00+05:30,2025-04-09T14:30:00+05:30,2025-04-09T16:00:00+05:30,2025-04-09T17:00:00+05:30,2025-04-16T15:00:00+05:30,8325,6.3331850526,4.5181647832,18.1443817647,0.6976967147,8325,0,0.06245,0.023382
speed_h4,speed,target_speed_h4,4,linear_regression,linear_default,1,success,,84750,2400,96,8400,2025-01-01T00:00:00+05:30,2025-03-12T14:30:00+05:30,2025-03-12T16:30:00+05:30,2025-03-12T17:00:00+05:30,2025-03-19T16:30:00+05:30,8400,7.0776707059,5.5115480103,17.8426709369,0.6216534176,8400,0,0.031373,0.02153
speed_h4,speed,target_speed_h4,4,linear_regression,linear_default,2,success,,93150,2400,96,8400,2025-01-01T00:00:00+05:30,2025-03-19T14:30:00+05:30,2025-03-19T16:30:00+05:30,2025-03-19T17:00:00+05:30,2025-03-26T16:30:00+05:30,8400,6.5606403768,5.0802683886,17.1255966158,0.6708570928,8400,0,0.033471,0.021722
speed_h4,speed,target_speed_h4,4,linear_regression,linear_default,3,success,,101550,2400,96,8400,2025-01-01T00:00:00+05:30,2025-03-26T14:30:00+05:30,2025-03-26T16:30:00+05:30,2025-03-26T17:00:00+05:30,2025-04-02T16:30:00+05:30,8400,7.1005864089,5.6105123048,18.9267970761,0.6301315186,8400,0,0.031462,0.02139
speed_h4,speed,target_speed_h4,4,linear_regression,linear_default,4,success,,109950,2400,96,8400,2025-01-01T00:00:00+05:30,2025-04-02T14:30:00+05:30,2025-04-02T16:30:00+05:30,2025-04-02T17:00:00+05:30,2025-04-09T16:30:00+05:30,8400,6.6870020522,5.0905780492,15.5815748023,0.4947627695,8400,0,0.031648,0.022068
speed_h4,speed,target_speed_h4,4,linear_regression,linear_default,5,success,,118350,2400,96,8300,2025-01-01T00:00:00+05:30,2025-04-09T14:30:00+05:30,2025-04-09T16:30:00+05:30,2025-04-09T17:00:00+05:30,2025-04-16T14:30:00+05:30,8300,7.7760521929,6.0509339464,21.7416138877,0.5439904988,8300,0,0.030516,0.019966
speed_h4,speed,target_speed_h4,4,decision_tree,tree_balanced,1,success,,84750,2400,96,8400,2025-01-01T00:00:00+05:30,2025-03-12T14:30:00+05:30,2025-03-12T16:30:00+05:30,2025-03-12T17:00:00+05:30,2025-03-19T16:30:00+05:30,8400,5.9225877789,4.3855121636,14.0357753524,0.7350694007,8400,0,0.040134,0.019036
speed_h4,speed,target_speed_h4,4,decision_tree,tree_balanced,2,success,,93150,2400,96,8400,2025-01-01T00:00:00+05:30,2025-03-19T14:30:00+05:30,2025-03-19T16:30:00+05:30,2025-03-19T17:00:00+05:30,2025-03-26T16:30:00+05:30,8400,5.6910160085,4.1327259547,14.2345762246,0.7523310001,8400,0,0.04127,0.020425
speed_h4,speed,target_speed_h4,4,decision_tree,tree_balanced,3,success,,101550,2400,96,8400,2025-01-01T00:00:00+05:30,2025-03-26T14:30:00+05:30,2025-03-26T16:30:00+05:30,2025-03-26T17:00:00+05:30,2025-04-02T16:30:00+05:30,8400,6.651958461,4.8119496845,16.9761805877,0.6753929502,8400,0,0.046976,0.021137
speed_h4,speed,target_speed_h4,4,decision_tree,tree_balanced,4,success,,109950,2400,96,8400,2025-01-01T00:00:00+05:30,2025-04-02T14:30:00+05:30,2025-04-02T16:30:00+05:30,2025-04-02T17:00:00+05:30,2025-04-09T16:30:00+05:30,8400,6.4052441943,5.0099808371,14.1294375079,0.5364422824,8400,0,0.041474,0.020374
speed_h4,speed,target_speed_h4,4,decision_tree,tree_balanced,5,success,,118350,2400,96,8300,2025-01-01T00:00:00+05:30,2025-04-09T14:30:00+05:30,2025-04-09T16:30:00+05:30,2025-04-09T17:00:00+05:30,2025-04-16T14:30:00+05:30,8300,8.5810941787,6.0553235675,22.7033660254,0.444683095,8300,0,0.041729,0.019469
speed_h4,speed,target_speed_h4,4,decision_tree,tree_deep,1,success,,84750,2400,96,8400,2025-01-01T00:00:00+05:30,2025-03-12T14:30:00+05:30,2025-03-12T16:30:00+05:30,2025-03-12T17:00:00+05:30,2025-03-19T16:30:00+05:30,8400,6.2319323192,4.6136953233,14.6605325454,0.7066712944,8400,0,0.05251,0.023885
speed_h4,speed,target_speed_h4,4,decision_tree,tree_deep,2,success,,93150,2400,96,8400,2025-01-01T00:00:00+05:30,2025-03-19T14:30:00+05:30,2025-03-19T16:30:00+05:30,2025-03-19T17:00:00+05:30,2025-03-26T16:30:00+05:30,8400,6.1989668046,4.5599451076,15.6717475473,0.7061466424,8400,0,0.046975,0.021534
speed_h4,speed,target_speed_h4,4,decision_tree,tree_deep,3,success,,101550,2400,96,8400,2025-01-01T00:00:00+05:30,2025-03-26T14:30:00+05:30,2025-03-26T16:30:00+05:30,2025-03-26T17:00:00+05:30,2025-04-02T16:30:00+05:30,8400,7.0543716068,5.1114204707,17.2251345777,0.6349304946,8400,0,0.050171,0.021004
speed_h4,speed,target_speed_h4,4,decision_tree,tree_deep,4,success,,109950,2400,96,8400,2025-01-01T00:00:00+05:30,2025-04-02T14:30:00+05:30,2025-04-02T16:30:00+05:30,2025-04-02T17:00:00+05:30,2025-04-09T16:30:00+05:30,8400,6.8699112904,5.2822376865,14.9834793609,0.4667453009,8400,0,0.048431,0.022252
speed_h4,speed,target_speed_h4,4,decision_tree,tree_deep,5,success,,118350,2400,96,8300,2025-01-01T00:00:00+05:30,2025-04-09T14:30:00+05:30,2025-04-09T16:30:00+05:30,2025-04-09T17:00:00+05:30,2025-04-16T14:30:00+05:30,8300,8.4461083228,5.9670312452,22.2440920581,0.4620166292,8300,0,0.049247,0.021248
speed_h4,speed,target_speed_h4,4,random_forest,forest_balanced,1,success,,84750,2400,96,8400,2025-01-01T00:00:00+05:30,2025-03-12T14:30:00+05:30,2025-03-12T16:30:00+05:30,2025-03-12T17:00:00+05:30,2025-03-19T16:30:00+05:30,8400,4.6787864764,3.554286696,10.8981889332,0.834660903,8400,0,0.052187,0.036579
speed_h4,speed,target_speed_h4,4,random_forest,forest_balanced,2,success,,93150,2400,96,8400,2025-01-01T00:00:00+05:30,2025-03-19T14:30:00+05:30,2025-03-19T16:30:00+05:30,2025-03-19T17:00:00+05:30,2025-03-26T16:30:00+05:30,8400,4.336031296,3.2705769733,11.0301952325,0.8562271598,8400,0,0.049955,0.037633
speed_h4,speed,target_speed_h4,4,random_forest,forest_balanced,3,success,,101550,2400,96,8400,2025-01-01T00:00:00+05:30,2025-03-26T14:30:00+05:30,2025-03-26T16:30:00+05:30,2025-03-26T17:00:00+05:30,2025-04-02T16:30:00+05:30,8400,5.6059928003,4.1148706714,14.7758257848,0.7694506183,8400,0,0.053419,0.036961
speed_h4,speed,target_speed_h4,4,random_forest,forest_balanced,4,success,,109950,2400,96,8400,2025-01-01T00:00:00+05:30,2025-04-02T14:30:00+05:30,2025-04-02T16:30:00+05:30,2025-04-02T17:00:00+05:30,2025-04-09T16:30:00+05:30,8400,5.1788692133,3.9996786119,11.4203100591,0.6969583514,8400,0,0.052948,0.041564
speed_h4,speed,target_speed_h4,4,random_forest,forest_balanced,5,success,,118350,2400,96,8300,2025-01-01T00:00:00+05:30,2025-04-09T14:30:00+05:30,2025-04-09T16:30:00+05:30,2025-04-09T17:00:00+05:30,2025-04-16T14:30:00+05:30,8300,6.6383385817,4.6844427342,18.9328278745,0.6676663201,8300,0,0.062232,0.035615
speed_h4,speed,target_speed_h4,4,random_forest,forest_deep,1,success,,84750,2400,96,8400,2025-01-01T00:00:00+05:30,2025-03-12T14:30:00+05:30,2025-03-12T16:30:00+05:30,2025-03-12T17:00:00+05:30,2025-03-19T16:30:00+05:30,8400,5.0117310721,3.732953307,12.2248756137,0.8102924448,8400,0,0.062833,0.038984
speed_h4,speed,target_speed_h4,4,random_forest,forest_deep,2,success,,93150,2400,96,8400,2025-01-01T00:00:00+05:30,2025-03-19T14:30:00+05:30,2025-03-19T16:30:00+05:30,2025-03-19T17:00:00+05:30,2025-03-26T16:30:00+05:30,8400,4.4077249504,3.3473144566,11.0201699292,0.8514334604,8400,0,0.074188,0.041704
speed_h4,speed,target_speed_h4,4,random_forest,forest_deep,3,success,,101550,2400,96,8400,2025-01-01T00:00:00+05:30,2025-03-26T14:30:00+05:30,2025-03-26T16:30:00+05:30,2025-03-26T17:00:00+05:30,2025-04-02T16:30:00+05:30,8400,5.7737288932,4.2173804788,15.0619517113,0.7554477484,8400,0,0.074836,0.038655
speed_h4,speed,target_speed_h4,4,random_forest,forest_deep,4,success,,109950,2400,96,8400,2025-01-01T00:00:00+05:30,2025-04-02T14:30:00+05:30,2025-04-02T16:30:00+05:30,2025-04-02T17:00:00+05:30,2025-04-09T16:30:00+05:30,8400,5.378616707,4.1735577781,11.9474551841,0.6731310816,8400,0,0.063896,0.041468
speed_h4,speed,target_speed_h4,4,random_forest,forest_deep,5,success,,118350,2400,96,8300,2025-01-01T00:00:00+05:30,2025-04-09T14:30:00+05:30,2025-04-09T16:30:00+05:30,2025-04-09T17:00:00+05:30,2025-04-16T14:30:00+05:30,8300,7.0516309287,5.050936313,19.7000429821,0.6249970316,8300,0,0.075267,0.041343
speed_h4,speed,target_speed_h4,4,xgboost,xgb_balanced,1,success,,84750,2400,96,8400,2025-01-01T00:00:00+05:30,2025-03-12T14:30:00+05:30,2025-03-12T16:30:00+05:30,2025-03-12T17:00:00+05:30,2025-03-19T16:30:00+05:30,8400,5.1808040283,3.8819500905,12.982625081,0.7972768065,8400,0,0.040951,0.021504
speed_h4,speed,target_speed_h4,4,xgboost,xgb_balanced,2,success,,93150,2400,96,8400,2025-01-01T00:00:00+05:30,2025-03-19T14:30:00+05:30,2025-03-19T16:30:00+05:30,2025-03-19T17:00:00+05:30,2025-03-26T16:30:00+05:30,8400,4.5807780345,3.4205066049,11.8444956301,0.8395386165,8400,0,0.041577,0.020564
speed_h4,speed,target_speed_h4,4,xgboost,xgb_balanced,3,success,,101550,2400,96,8400,2025-01-01T00:00:00+05:30,2025-03-26T14:30:00+05:30,2025-03-26T16:30:00+05:30,2025-03-26T17:00:00+05:30,2025-04-02T16:30:00+05:30,8400,5.4466660615,4.0200026355,14.5618286674,0.7823691848,8400,0,0.040057,0.021422
speed_h4,speed,target_speed_h4,4,xgboost,xgb_balanced,4,success,,109950,2400,96,8400,2025-01-01T00:00:00+05:30,2025-04-02T14:30:00+05:30,2025-04-02T16:30:00+05:30,2025-04-02T17:00:00+05:30,2025-04-09T16:30:00+05:30,8400,5.523553542,4.3044907699,12.8140158898,0.6552775488,8400,0,0.040378,0.021107
speed_h4,speed,target_speed_h4,4,xgboost,xgb_balanced,5,success,,118350,2400,96,8300,2025-01-01T00:00:00+05:30,2025-04-09T14:30:00+05:30,2025-04-09T16:30:00+05:30,2025-04-09T17:00:00+05:30,2025-04-16T14:30:00+05:30,8300,6.8252732843,4.7859423062,20.1620085702,0.6486858454,8300,0,0.044441,0.022549
speed_h4,speed,target_speed_h4,4,xgboost,xgb_deep,1,success,,84750,2400,96,8400,2025-01-01T00:00:00+05:30,2025-03-12T14:30:00+05:30,2025-03-12T16:30:00+05:30,2025-03-12T17:00:00+05:30,2025-03-19T16:30:00+05:30,8400,5.0257518469,3.8025013817,12.0909961121,0.8092295116,8400,0,0.061175,0.023221
speed_h4,speed,target_speed_h4,4,xgboost,xgb_deep,2,success,,93150,2400,96,8400,2025-01-01T00:00:00+05:30,2025-03-19T14:30:00+05:30,2025-03-19T16:30:00+05:30,2025-03-19T17:00:00+05:30,2025-03-26T16:30:00+05:30,8400,5.202111746,3.8339644849,13.4748460696,0.7930566906,8400,0,0.069616,0.020503
speed_h4,speed,target_speed_h4,4,xgboost,xgb_deep,3,success,,101550,2400,96,8400,2025-01-01T00:00:00+05:30,2025-03-26T14:30:00+05:30,2025-03-26T16:30:00+05:30,2025-03-26T17:00:00+05:30,2025-04-02T16:30:00+05:30,8400,5.8255091394,4.2345878504,15.5797399145,0.7510416675,8400,0,0.056399,0.020396
speed_h4,speed,target_speed_h4,4,xgboost,xgb_deep,4,success,,109950,2400,96,8400,2025-01-01T00:00:00+05:30,2025-04-02T14:30:00+05:30,2025-04-02T16:30:00+05:30,2025-04-02T17:00:00+05:30,2025-04-09T16:30:00+05:30,8400,5.1579609628,3.9956545477,11.7165005002,0.6994003056,8400,0,0.064142,0.021442
speed_h4,speed,target_speed_h4,4,xgboost,xgb_deep,5,success,,118350,2400,96,8300,2025-01-01T00:00:00+05:30,2025-04-09T14:30:00+05:30,2025-04-09T16:30:00+05:30,2025-04-09T17:00:00+05:30,2025-04-16T14:30:00+05:30,8300,7.0096519471,5.0349817103,20.3672757589,0.6294485933,8300,0,0.066577,0.021992
travel_time_h1,travel_time,target_travel_time_h1,1,linear_regression,linear_default,1,success,,84750,2400,96,8400,2025-01-01T00:00:00+05:30,2025-03-12T14:30:00+05:30,2025-03-12T15:00:00+05:30,2025-03-12T17:00:00+05:30,2025-03-19T16:30:00+05:30,8400,1.8619682428,1.2042746234,41.0230785247,0.4069888731,8400,0,0.032822,0.021025
travel_time_h1,travel_time,target_travel_time_h1,1,linear_regression,linear_default,2,success,,93150,2400,96,8400,2025-01-01T00:00:00+05:30,2025-03-19T14:30:00+05:30,2025-03-19T15:00:00+05:30,2025-03-19T17:00:00+05:30,2025-03-26T16:30:00+05:30,8400,1.8188265736,1.1490438054,39.8328513336,0.4232009618,8400,0,0.030227,0.019785
travel_time_h1,travel_time,target_travel_time_h1,1,linear_regression,linear_default,3,success,,101550,2400,96,8400,2025-01-01T00:00:00+05:30,2025-03-26T14:30:00+05:30,2025-03-26T15:00:00+05:30,2025-03-26T17:00:00+05:30,2025-04-02T16:30:00+05:30,8400,2.195846228,1.5323791204,54.3530986207,0.2171227224,8400,0,0.029854,0.020283
travel_time_h1,travel_time,target_travel_time_h1,1,linear_regression,linear_default,4,success,,109950,2400,96,8400,2025-01-01T00:00:00+05:30,2025-04-02T14:30:00+05:30,2025-04-02T15:00:00+05:30,2025-04-02T17:00:00+05:30,2025-04-09T16:30:00+05:30,8400,1.5892874397,1.1600172659,38.7322332985,0.274950414,8400,0,0.031682,0.0221
travel_time_h1,travel_time,target_travel_time_h1,1,linear_regression,linear_default,5,success,,118350,2400,96,8375,2025-01-01T00:00:00+05:30,2025-04-09T14:30:00+05:30,2025-04-09T15:00:00+05:30,2025-04-09T17:00:00+05:30,2025-04-16T16:00:00+05:30,8375,2.3491116782,1.3544057108,41.7532198118,0.3919534762,8375,0,0.03198,0.019729
travel_time_h1,travel_time,target_travel_time_h1,1,decision_tree,tree_balanced,1,success,,84750,2400,96,8400,2025-01-01T00:00:00+05:30,2025-03-12T14:30:00+05:30,2025-03-12T15:00:00+05:30,2025-03-12T17:00:00+05:30,2025-03-19T16:30:00+05:30,8400,2.0192077096,0.8493871082,21.5177054677,0.3026026468,8400,0,0.041963,0.021387
travel_time_h1,travel_time,target_travel_time_h1,1,decision_tree,tree_balanced,2,success,,93150,2400,96,8400,2025-01-01T00:00:00+05:30,2025-03-19T14:30:00+05:30,2025-03-19T15:00:00+05:30,2025-03-19T17:00:00+05:30,2025-03-26T16:30:00+05:30,8400,1.7381127001,0.7348667751,17.7176232676,0.4732581657,8400,0,0.041966,0.020671
travel_time_h1,travel_time,target_travel_time_h1,1,decision_tree,tree_balanced,3,success,,101550,2400,96,8400,2025-01-01T00:00:00+05:30,2025-03-26T14:30:00+05:30,2025-03-26T15:00:00+05:30,2025-03-26T17:00:00+05:30,2025-04-02T16:30:00+05:30,8400,1.7296189091,0.7666249773,17.5628877265,0.5142747397,8400,0,0.041728,0.019723
travel_time_h1,travel_time,target_travel_time_h1,1,decision_tree,tree_balanced,4,success,,109950,2400,96,8400,2025-01-01T00:00:00+05:30,2025-04-02T14:30:00+05:30,2025-04-02T15:00:00+05:30,2025-04-02T17:00:00+05:30,2025-04-09T16:30:00+05:30,8400,1.2513179528,0.6298855491,16.9801677469,0.5505326415,8400,0,0.041459,0.020254
travel_time_h1,travel_time,target_travel_time_h1,1,decision_tree,tree_balanced,5,success,,118350,2400,96,8375,2025-01-01T00:00:00+05:30,2025-04-09T14:30:00+05:30,2025-04-09T15:00:00+05:30,2025-04-09T17:00:00+05:30,2025-04-16T16:00:00+05:30,8375,2.4381992657,1.0148460921,21.9196680313,0.3449599193,8375,0,0.041597,0.019572
travel_time_h1,travel_time,target_travel_time_h1,1,decision_tree,tree_deep,1,success,,84750,2400,96,8400,2025-01-01T00:00:00+05:30,2025-03-12T14:30:00+05:30,2025-03-12T15:00:00+05:30,2025-03-12T17:00:00+05:30,2025-03-19T16:30:00+05:30,8400,2.1548625082,0.8799324531,21.1024485966,0.2057496162,8400,0,0.04652,0.020073
travel_time_h1,travel_time,target_travel_time_h1,1,decision_tree,tree_deep,2,success,,93150,2400,96,8400,2025-01-01T00:00:00+05:30,2025-03-19T14:30:00+05:30,2025-03-19T15:00:00+05:30,2025-03-19T17:00:00+05:30,2025-03-26T16:30:00+05:30,8400,1.7590129059,0.7393159936,17.1750993652,0.460514225,8400,0,0.045846,0.019585
travel_time_h1,travel_time,target_travel_time_h1,1,decision_tree,tree_deep,3,success,,101550,2400,96,8400,2025-01-01T00:00:00+05:30,2025-03-26T14:30:00+05:30,2025-03-26T15:00:00+05:30,2025-03-26T17:00:00+05:30,2025-04-02T16:30:00+05:30,8400,1.9192281079,0.8481235657,19.3229797461,0.4019423756,8400,0,0.045465,0.020535
travel_time_h1,travel_time,target_travel_time_h1,1,decision_tree,tree_deep,4,success,,109950,2400,96,8400,2025-01-01T00:00:00+05:30,2025-04-02T14:30:00+05:30,2025-04-02T15:00:00+05:30,2025-04-02T17:00:00+05:30,2025-04-09T16:30:00+05:30,8400,1.3086251175,0.628064932,16.363670864,0.508421013,8400,0,0.046482,0.020382
travel_time_h1,travel_time,target_travel_time_h1,1,decision_tree,tree_deep,5,success,,118350,2400,96,8375,2025-01-01T00:00:00+05:30,2025-04-09T14:30:00+05:30,2025-04-09T15:00:00+05:30,2025-04-09T17:00:00+05:30,2025-04-16T16:00:00+05:30,8375,2.4600264427,0.9722475242,19.4968689617,0.3331793617,8375,0,0.046038,0.020892
travel_time_h1,travel_time,target_travel_time_h1,1,random_forest,forest_balanced,1,success,,84750,2400,96,8400,2025-01-01T00:00:00+05:30,2025-03-12T14:30:00+05:30,2025-03-12T15:00:00+05:30,2025-03-12T17:00:00+05:30,2025-03-19T16:30:00+05:30,8400,1.6532323293,0.7010222671,17.8569922421,0.5324951916,8400,0,0.049742,0.036656
travel_time_h1,travel_time,target_travel_time_h1,1,random_forest,forest_balanced,2,success,,93150,2400,96,8400,2025-01-01T00:00:00+05:30,2025-03-19T14:30:00+05:30,2025-03-19T15:00:00+05:30,2025-03-19T17:00:00+05:30,2025-03-26T16:30:00+05:30,8400,1.5716164927,0.6579574502,16.2095812537,0.5693394394,8400,0,0.050291,0.035153
travel_time_h1,travel_time,target_travel_time_h1,1,random_forest,forest_balanced,3,success,,101550,2400,96,8400,2025-01-01T00:00:00+05:30,2025-03-26T14:30:00+05:30,2025-03-26T15:00:00+05:30,2025-03-26T17:00:00+05:30,2025-04-02T16:30:00+05:30,8400,1.5458680362,0.6981056151,17.4494350644,0.6119973647,8400,0,0.049831,0.034655
travel_time_h1,travel_time,target_travel_time_h1,1,random_forest,forest_balanced,4,success,,109950,2400,96,8400,2025-01-01T00:00:00+05:30,2025-04-02T14:30:00+05:30,2025-04-02T15:00:00+05:30,2025-04-02T17:00:00+05:30,2025-04-09T16:30:00+05:30,8400,1.0800606841,0.5383531384,14.8622551388,0.665143201,8400,0,0.049848,0.036036
travel_time_h1,travel_time,target_travel_time_h1,1,random_forest,forest_balanced,5,success,,118350,2400,96,8375,2025-01-01T00:00:00+05:30,2025-04-09T14:30:00+05:30,2025-04-09T15:00:00+05:30,2025-04-09T17:00:00+05:30,2025-04-16T16:00:00+05:30,8375,2.2094288865,0.8251940958,16.5576651308,0.4621148706,8375,0,0.050232,0.035781
travel_time_h1,travel_time,target_travel_time_h1,1,random_forest,forest_deep,1,success,,84750,2400,96,8400,2025-01-01T00:00:00+05:30,2025-03-12T14:30:00+05:30,2025-03-12T15:00:00+05:30,2025-03-12T17:00:00+05:30,2025-03-19T16:30:00+05:30,8400,1.6411073906,0.6854870392,16.8827214681,0.5393274808,8400,0,0.063596,0.038772
travel_time_h1,travel_time,target_travel_time_h1,1,random_forest,forest_deep,2,success,,93150,2400,96,8400,2025-01-01T00:00:00+05:30,2025-03-19T14:30:00+05:30,2025-03-19T15:00:00+05:30,2025-03-19T17:00:00+05:30,2025-03-26T16:30:00+05:30,8400,1.5080135202,0.6142080435,14.6077694762,0.6034915778,8400,0,0.071504,0.037266
travel_time_h1,travel_time,target_travel_time_h1,1,random_forest,forest_deep,3,success,,101550,2400,96,8400,2025-01-01T00:00:00+05:30,2025-03-26T14:30:00+05:30,2025-03-26T15:00:00+05:30,2025-03-26T17:00:00+05:30,2025-04-02T16:30:00+05:30,8400,1.5528977954,0.7041224055,17.3556402464,0.6084604951,8400,0,0.062481,0.037705
travel_time_h1,travel_time,target_travel_time_h1,1,random_forest,forest_deep,4,success,,109950,2400,96,8400,2025-01-01T00:00:00+05:30,2025-04-02T14:30:00+05:30,2025-04-02T15:00:00+05:30,2025-04-02T17:00:00+05:30,2025-04-09T16:30:00+05:30,8400,1.0793909206,0.5242097742,14.4716911172,0.6655583727,8400,0,0.109271,0.039946
travel_time_h1,travel_time,target_travel_time_h1,1,random_forest,forest_deep,5,success,,118350,2400,96,8375,2025-01-01T00:00:00+05:30,2025-04-09T14:30:00+05:30,2025-04-09T15:00:00+05:30,2025-04-09T17:00:00+05:30,2025-04-16T16:00:00+05:30,8375,2.2218315738,0.8112577639,15.9432310768,0.4560590563,8375,0,0.066207,0.039221
travel_time_h1,travel_time,target_travel_time_h1,1,xgboost,xgb_balanced,1,success,,84750,2400,96,8400,2025-01-01T00:00:00+05:30,2025-03-12T14:30:00+05:30,2025-03-12T15:00:00+05:30,2025-03-12T17:00:00+05:30,2025-03-19T16:30:00+05:30,8400,1.6510252921,0.8573744773,27.7403839624,0.5337425804,8400,0,0.039044,0.020847
travel_time_h1,travel_time,target_travel_time_h1,1,xgboost,xgb_balanced,2,success,,93150,2400,96,8400,2025-01-01T00:00:00+05:30,2025-03-19T14:30:00+05:30,2025-03-19T15:00:00+05:30,2025-03-19T17:00:00+05:30,2025-03-26T16:30:00+05:30,8400,1.5360585512,0.7773018635,24.50134221,0.588606442,8400,0,0.042794,0.020671
travel_time_h1,travel_time,target_travel_time_h1,1,xgboost,xgb_balanced,3,success,,101550,2400,96,8400,2025-01-01T00:00:00+05:30,2025-03-26T14:30:00+05:30,2025-03-26T15:00:00+05:30,2025-03-26T17:00:00+05:30,2025-04-02T16:30:00+05:30,8400,1.6204575273,0.8886449726,27.9214272099,0.5736511012,8400,0,0.037314,0.021625
travel_time_h1,travel_time,target_travel_time_h1,1,xgboost,xgb_balanced,4,success,,109950,2400,96,8400,2025-01-01T00:00:00+05:30,2025-04-02T14:30:00+05:30,2025-04-02T15:00:00+05:30,2025-04-02T17:00:00+05:30,2025-04-09T16:30:00+05:30,8400,1.1879045065,0.7351316424,24.385947423,0.5949339299,8400,0,0.041281,0.02064
travel_time_h1,travel_time,target_travel_time_h1,1,xgboost,xgb_balanced,5,success,,118350,2400,96,8375,2025-01-01T00:00:00+05:30,2025-04-09T14:30:00+05:30,2025-04-09T15:00:00+05:30,2025-04-09T17:00:00+05:30,2025-04-16T16:00:00+05:30,8375,2.2471229408,1.0015271817,25.641182025,0.443605089,8375,0,0.040392,0.020308
travel_time_h1,travel_time,target_travel_time_h1,1,xgboost,xgb_deep,1,success,,84750,2400,96,8400,2025-01-01T00:00:00+05:30,2025-03-12T14:30:00+05:30,2025-03-12T15:00:00+05:30,2025-03-12T17:00:00+05:30,2025-03-19T16:30:00+05:30,8400,1.7024259819,0.7763790113,22.7692470329,0.504259066,8400,0,0.059252,0.022695
travel_time_h1,travel_time,target_travel_time_h1,1,xgboost,xgb_deep,2,success,,93150,2400,96,8400,2025-01-01T00:00:00+05:30,2025-03-19T14:30:00+05:30,2025-03-19T15:00:00+05:30,2025-03-19T17:00:00+05:30,2025-03-26T16:30:00+05:30,8400,1.5318145446,0.6808013316,19.2523336859,0.5908765964,8400,0,0.058757,0.022805
travel_time_h1,travel_time,target_travel_time_h1,1,xgboost,xgb_deep,3,success,,101550,2400,96,8400,2025-01-01T00:00:00+05:30,2025-03-26T14:30:00+05:30,2025-03-26T15:00:00+05:30,2025-03-26T17:00:00+05:30,2025-04-02T16:30:00+05:30,8400,1.5654988307,0.7548099484,21.4974520525,0.602080396,8400,0,0.063178,0.021165
travel_time_h1,travel_time,target_travel_time_h1,1,xgboost,xgb_deep,4,success,,109950,2400,96,8400,2025-01-01T00:00:00+05:30,2025-04-02T14:30:00+05:30,2025-04-02T15:00:00+05:30,2025-04-02T17:00:00+05:30,2025-04-09T16:30:00+05:30,8400,1.1035019913,0.6069585287,19.4047120648,0.6504502072,8400,0,0.061473,0.021529
travel_time_h1,travel_time,target_travel_time_h1,1,xgboost,xgb_deep,5,success,,118350,2400,96,8375,2025-01-01T00:00:00+05:30,2025-04-09T14:30:00+05:30,2025-04-09T15:00:00+05:30,2025-04-09T17:00:00+05:30,2025-04-16T16:00:00+05:30,8375,2.2290823613,0.8915113251,20.3385520261,0.452503039,8375,0,0.062216,0.020239
travel_time_h2,travel_time,target_travel_time_h2,2,linear_regression,linear_default,1,success,,84750,2400,96,8400,2025-01-01T00:00:00+05:30,2025-03-12T14:30:00+05:30,2025-03-12T15:30:00+05:30,2025-03-12T17:00:00+05:30,2025-03-19T16:30:00+05:30,8400,1.970836012,1.2810963248,41.4851409772,0.3347727642,8400,0,0.038779,0.022991
travel_time_h2,travel_time,target_travel_time_h2,2,linear_regression,linear_default,2,success,,93150,2400,96,8400,2025-01-01T00:00:00+05:30,2025-03-19T14:30:00+05:30,2025-03-19T15:30:00+05:30,2025-03-19T17:00:00+05:30,2025-03-26T16:30:00+05:30,8400,1.9089338575,1.2342338196,42.2047868013,0.3645149726,8400,0,0.031549,0.0208
travel_time_h2,travel_time,target_travel_time_h2,2,linear_regression,linear_default,3,success,,101550,2400,96,8400,2025-01-01T00:00:00+05:30,2025-03-26T14:30:00+05:30,2025-03-26T15:30:00+05:30,2025-03-26T17:00:00+05:30,2025-04-02T16:30:00+05:30,8400,2.0019597794,1.30539376,44.8820554037,0.3490107405,8400,0,0.033228,0.022803
travel_time_h2,travel_time,target_travel_time_h2,2,linear_regression,linear_default,4,success,,109950,2400,96,8400,2025-01-01T00:00:00+05:30,2025-04-02T14:30:00+05:30,2025-04-02T15:30:00+05:30,2025-04-02T17:00:00+05:30,2025-04-09T16:30:00+05:30,8400,1.6675679227,1.192563143,39.1439953728,0.1950316948,8400,0,0.033795,0.024785
travel_time_h2,travel_time,target_travel_time_h2,2,linear_regression,linear_default,5,success,,118350,2400,96,8350,2025-01-01T00:00:00+05:30,2025-04-09T14:30:00+05:30,2025-04-09T15:30:00+05:30,2025-04-09T17:00:00+05:30,2025-04-16T15:30:00+05:30,8350,2.5454189808,1.4592077827,43.6197491956,0.2873937518,8350,0,0.031264,0.023073
travel_time_h2,travel_time,target_travel_time_h2,2,decision_tree,tree_balanced,1,success,,84750,2400,96,8400,2025-01-01T00:00:00+05:30,2025-03-12T14:30:00+05:30,2025-03-12T15:30:00+05:30,2025-03-12T17:00:00+05:30,2025-03-19T16:30:00+05:30,8400,1.9443266678,0.9227727516,24.0985750054,0.352548101,8400,0,0.041893,0.021129
travel_time_h2,travel_time,target_travel_time_h2,2,decision_tree,tree_balanced,2,success,,93150,2400,96,8400,2025-01-01T00:00:00+05:30,2025-03-19T14:30:00+05:30,2025-03-19T15:30:00+05:30,2025-03-19T17:00:00+05:30,2025-03-26T16:30:00+05:30,8400,1.6717063548,0.765082524,19.4785542682,0.5126471078,8400,0,0.042432,0.0208
travel_time_h2,travel_time,target_travel_time_h2,2,decision_tree,tree_balanced,3,success,,101550,2400,96,8400,2025-01-01T00:00:00+05:30,2025-03-26T14:30:00+05:30,2025-03-26T15:30:00+05:30,2025-03-26T17:00:00+05:30,2025-04-02T16:30:00+05:30,8400,1.9954972757,0.9174231871,22.0595717819,0.353206859,8400,0,0.04135,0.020502
travel_time_h2,travel_time,target_travel_time_h2,2,decision_tree,tree_balanced,4,success,,109950,2400,96,8400,2025-01-01T00:00:00+05:30,2025-04-02T14:30:00+05:30,2025-04-02T15:30:00+05:30,2025-04-02T17:00:00+05:30,2025-04-09T16:30:00+05:30,8400,1.377724464,0.7271467525,21.1703574335,0.4505395263,8400,0,0.042026,0.02065
travel_time_h2,travel_time,target_travel_time_h2,2,decision_tree,tree_balanced,5,success,,118350,2400,96,8350,2025-01-01T00:00:00+05:30,2025-04-09T14:30:00+05:30,2025-04-09T15:30:00+05:30,2025-04-09T17:00:00+05:30,2025-04-16T15:30:00+05:30,8350,2.5677299069,1.0276121085,21.0302908433,0.2748468324,8350,0,0.041836,0.021564
travel_time_h2,travel_time,target_travel_time_h2,2,decision_tree,tree_deep,1,success,,84750,2400,96,8400,2025-01-01T00:00:00+05:30,2025-03-12T14:30:00+05:30,2025-03-12T15:30:00+05:30,2025-03-12T17:00:00+05:30,2025-03-19T16:30:00+05:30,8400,2.0948146309,0.952714254,23.3237586987,0.2484459141,8400,0,0.047308,0.020999
travel_time_h2,travel_time,target_travel_time_h2,2,decision_tree,tree_deep,2,success,,93150,2400,96,8400,2025-01-01T00:00:00+05:30,2025-03-19T14:30:00+05:30,2025-03-19T15:30:00+05:30,2025-03-19T17:00:00+05:30,2025-03-26T16:30:00+05:30,8400,1.8481576814,0.8054099983,18.97587671,0.404335656,8400,0,0.047295,0.020995
travel_time_h2,travel_time,target_travel_time_h2,2,decision_tree,tree_deep,3,success,,101550,2400,96,8400,2025-01-01T00:00:00+05:30,2025-03-26T14:30:00+05:30,2025-03-26T15:30:00+05:30,2025-03-26T17:00:00+05:30,2025-04-02T16:30:00+05:30,8400,1.9399176848,0.8782693335,19.9498901672,0.3887347154,8400,0,0.045639,0.020531
travel_time_h2,travel_time,target_travel_time_h2,2,decision_tree,tree_deep,4,success,,109950,2400,96,8400,2025-01-01T00:00:00+05:30,2025-04-02T14:30:00+05:30,2025-04-02T15:30:00+05:30,2025-04-02T17:00:00+05:30,2025-04-09T16:30:00+05:30,8400,1.5211223587,0.7467696866,20.2838051737,0.3302079076,8400,0,0.045467,0.021274
travel_time_h2,travel_time,target_travel_time_h2,2,decision_tree,tree_deep,5,success,,118350,2400,96,8350,2025-01-01T00:00:00+05:30,2025-04-09T14:30:00+05:30,2025-04-09T15:30:00+05:30,2025-04-09T17:00:00+05:30,2025-04-16T15:30:00+05:30,8350,2.7482616309,1.0826290264,23.0594781721,0.1692942459,8350,0,0.045836,0.021088
travel_time_h2,travel_time,target_travel_time_h2,2,random_forest,forest_balanced,1,success,,84750,2400,96,8400,2025-01-01T00:00:00+05:30,2025-03-12T14:30:00+05:30,2025-03-12T15:30:00+05:30,2025-03-12T17:00:00+05:30,2025-03-19T16:30:00+05:30,8400,1.6116703637,0.7246070057,19.6291322557,0.55514192,8400,0,0.050128,0.037699
travel_time_h2,travel_time,target_travel_time_h2,2,random_forest,forest_balanced,2,success,,93150,2400,96,8400,2025-01-01T00:00:00+05:30,2025-03-19T14:30:00+05:30,2025-03-19T15:30:00+05:30,2025-03-19T17:00:00+05:30,2025-03-26T16:30:00+05:30,8400,1.5523896725,0.6607857689,17.0553951094,0.5797332314,8400,0,0.049239,0.035854
travel_time_h2,travel_time,target_travel_time_h2,2,random_forest,forest_balanced,3,success,,101550,2400,96,8400,2025-01-01T00:00:00+05:30,2025-03-26T14:30:00+05:30,2025-03-26T15:30:00+05:30,2025-03-26T17:00:00+05:30,2025-04-02T16:30:00+05:30,8400,1.6932235076,0.767233567,19.0701571008,0.5343155826,8400,0,0.049564,0.03504
travel_time_h2,travel_time,target_travel_time_h2,2,random_forest,forest_balanced,4,success,,109950,2400,96,8400,2025-01-01T00:00:00+05:30,2025-04-02T14:30:00+05:30,2025-04-02T15:30:00+05:30,2025-04-02T17:00:00+05:30,2025-04-09T16:30:00+05:30,8400,1.1957453184,0.6217585995,18.3498401927,0.5861060347,8400,0,0.050219,0.035941
travel_time_h2,travel_time,target_travel_time_h2,2,random_forest,forest_balanced,5,success,,118350,2400,96,8350,2025-01-01T00:00:00+05:30,2025-04-09T14:30:00+05:30,2025-04-09T15:30:00+05:30,2025-04-09T17:00:00+05:30,2025-04-16T15:30:00+05:30,8350,2.3496295827,0.9213045444,19.040728823,0.3928026431,8350,0,0.049083,0.036342
travel_time_h2,travel_time,target_travel_time_h2,2,random_forest,forest_deep,1,success,,84750,2400,96,8400,2025-01-01T00:00:00+05:30,2025-03-12T14:30:00+05:30,2025-03-12T15:30:00+05:30,2025-03-12T17:00:00+05:30,2025-03-19T16:30:00+05:30,8400,1.5959392717,0.7330252256,19.7824194636,0.5637838237,8400,0,0.072957,0.041275
travel_time_h2,travel_time,target_travel_time_h2,2,random_forest,forest_deep,2,success,,93150,2400,96,8400,2025-01-01T00:00:00+05:30,2025-03-19T14:30:00+05:30,2025-03-19T15:30:00+05:30,2025-03-19T17:00:00+05:30,2025-03-26T16:30:00+05:30,8400,1.5280268931,0.6391763915,16.0986465475,0.5928208263,8400,0,0.072395,0.038183
travel_time_h2,travel_time,target_travel_time_h2,2,random_forest,forest_deep,3,success,,101550,2400,96,8400,2025-01-01T00:00:00+05:30,2025-03-26T14:30:00+05:30,2025-03-26T15:30:00+05:30,2025-03-26T17:00:00+05:30,2025-04-02T16:30:00+05:30,8400,1.6449910593,0.7351107165,17.8123509218,0.5604682917,8400,0,0.103435,0.037689
travel_time_h2,travel_time,target_travel_time_h2,2,random_forest,forest_deep,4,success,,109950,2400,96,8400,2025-01-01T00:00:00+05:30,2025-04-02T14:30:00+05:30,2025-04-02T15:30:00+05:30,2025-04-02T17:00:00+05:30,2025-04-09T16:30:00+05:30,8400,1.1148182187,0.576639611,16.6615120585,0.6402342375,8400,0,0.075646,0.03765
travel_time_h2,travel_time,target_travel_time_h2,2,random_forest,forest_deep,5,success,,118350,2400,96,8350,2025-01-01T00:00:00+05:30,2025-04-09T14:30:00+05:30,2025-04-09T15:30:00+05:30,2025-04-09T17:00:00+05:30,2025-04-16T15:30:00+05:30,8350,2.319694288,0.8965042488,18.3859143852,0.4081759963,8350,0,0.072986,0.039483
travel_time_h2,travel_time,target_travel_time_h2,2,xgboost,xgb_balanced,1,success,,84750,2400,96,8400,2025-01-01T00:00:00+05:30,2025-03-12T14:30:00+05:30,2025-03-12T15:30:00+05:30,2025-03-12T17:00:00+05:30,2025-03-19T16:30:00+05:30,8400,1.5829618124,0.8198460224,26.6202802518,0.5708492071,8400,0,0.040028,0.02248
travel_time_h2,travel_time,target_travel_time_h2,2,xgboost,xgb_balanced,2,success,,93150,2400,96,8400,2025-01-01T00:00:00+05:30,2025-03-19T14:30:00+05:30,2025-03-19T15:30:00+05:30,2025-03-19T17:00:00+05:30,2025-03-26T16:30:00+05:30,8400,1.6092162098,0.7862551341,24.4163262518,0.5484016378,8400,0,0.045811,0.020436
travel_time_h2,travel_time,target_travel_time_h2,2,xgboost,xgb_balanced,3,success,,101550,2400,96,8400,2025-01-01T00:00:00+05:30,2025-03-26T14:30:00+05:30,2025-03-26T15:30:00+05:30,2025-03-26T17:00:00+05:30,2025-04-02T16:30:00+05:30,8400,1.6874572255,0.8884409129,26.692587437,0.5374819636,8400,0,0.040092,0.020893
travel_time_h2,travel_time,target_travel_time_h2,2,xgboost,xgb_balanced,4,success,,109950,2400,96,8400,2025-01-01T00:00:00+05:30,2025-04-02T14:30:00+05:30,2025-04-02T15:30:00+05:30,2025-04-02T17:00:00+05:30,2025-04-09T16:30:00+05:30,8400,1.2304984532,0.7629735761,25.7279106551,0.5616975885,8400,0,0.038297,0.022036
travel_time_h2,travel_time,target_travel_time_h2,2,xgboost,xgb_balanced,5,success,,118350,2400,96,8350,2025-01-01T00:00:00+05:30,2025-04-09T14:30:00+05:30,2025-04-09T15:30:00+05:30,2025-04-09T17:00:00+05:30,2025-04-16T15:30:00+05:30,8350,2.4373497281,1.0956255125,27.7908951673,0.3466185986,8350,0,0.039375,0.022963
travel_time_h2,travel_time,target_travel_time_h2,2,xgboost,xgb_deep,1,success,,84750,2400,96,8400,2025-01-01T00:00:00+05:30,2025-03-12T14:30:00+05:30,2025-03-12T15:30:00+05:30,2025-03-12T17:00:00+05:30,2025-03-19T16:30:00+05:30,8400,1.5878872948,0.7640015556,22.9082407498,0.5681743943,8400,0,0.061484,0.021306
travel_time_h2,travel_time,target_travel_time_h2,2,xgboost,xgb_deep,2,success,,93150,2400,96,8400,2025-01-01T00:00:00+05:30,2025-03-19T14:30:00+05:30,2025-03-19T15:30:00+05:30,2025-03-19T17:00:00+05:30,2025-03-26T16:30:00+05:30,8400,1.5868828523,0.7126777407,20.6366536656,0.5608495871,8400,0,0.059792,0.022703
travel_time_h2,travel_time,target_travel_time_h2,2,xgboost,xgb_deep,3,success,,101550,2400,96,8400,2025-01-01T00:00:00+05:30,2025-03-26T14:30:00+05:30,2025-03-26T15:30:00+05:30,2025-03-26T17:00:00+05:30,2025-04-02T16:30:00+05:30,8400,1.6553649777,0.7748307586,20.8509138796,0.5549071143,8400,0,0.058272,0.01995
travel_time_h2,travel_time,target_travel_time_h2,2,xgboost,xgb_deep,4,success,,109950,2400,96,8400,2025-01-01T00:00:00+05:30,2025-04-02T14:30:00+05:30,2025-04-02T15:30:00+05:30,2025-04-02T17:00:00+05:30,2025-04-09T16:30:00+05:30,8400,1.1445658234,0.6412841569,20.4467855719,0.6207782278,8400,0,0.060457,0.022638
travel_time_h2,travel_time,target_travel_time_h2,2,xgboost,xgb_deep,5,success,,118350,2400,96,8350,2025-01-01T00:00:00+05:30,2025-04-09T14:30:00+05:30,2025-04-09T15:30:00+05:30,2025-04-09T17:00:00+05:30,2025-04-16T15:30:00+05:30,8350,2.4101825599,1.0122234172,24.2716610665,0.3611028533,8350,0,0.060899,0.021385
travel_time_h3,travel_time,target_travel_time_h3,3,linear_regression,linear_default,1,success,,84750,2400,96,8400,2025-01-01T00:00:00+05:30,2025-03-12T14:30:00+05:30,2025-03-12T16:00:00+05:30,2025-03-12T17:00:00+05:30,2025-03-19T16:30:00+05:30,8400,2.0429729412,1.3284009185,45.9456334264,0.276280958,8400,0,0.030234,0.020442
travel_time_h3,travel_time,target_travel_time_h3,3,linear_regression,linear_default,2,success,,93150,2400,96,8400,2025-01-01T00:00:00+05:30,2025-03-19T14:30:00+05:30,2025-03-19T16:00:00+05:30,2025-03-19T17:00:00+05:30,2025-03-26T16:30:00+05:30,8400,2.0030320035,1.2608338156,42.5599819727,0.3042425391,8400,0,0.030058,0.019645
travel_time_h3,travel_time,target_travel_time_h3,3,linear_regression,linear_default,3,success,,101550,2400,96,8400,2025-01-01T00:00:00+05:30,2025-03-26T14:30:00+05:30,2025-03-26T16:00:00+05:30,2025-03-26T17:00:00+05:30,2025-04-02T16:30:00+05:30,8400,2.0920707753,1.3138620004,44.3725524656,0.2852087364,8400,0,0.030109,0.019997
travel_time_h3,travel_time,target_travel_time_h3,3,linear_regression,linear_default,4,success,,109950,2400,96,8400,2025-01-01T00:00:00+05:30,2025-04-02T14:30:00+05:30,2025-04-02T16:00:00+05:30,2025-04-02T17:00:00+05:30,2025-04-09T16:30:00+05:30,8400,1.6692775046,1.1653217827,39.1685792358,0.1816977511,8400,0,0.031169,0.020824
travel_time_h3,travel_time,target_travel_time_h3,3,linear_regression,linear_default,5,success,,118350,2400,96,8325,2025-01-01T00:00:00+05:30,2025-04-09T14:30:00+05:30,2025-04-09T16:00:00+05:30,2025-04-09T17:00:00+05:30,2025-04-16T15:00:00+05:30,8325,2.7386279163,1.5820763881,47.5519493102,0.1766991375,8325,0,0.029648,0.020385
travel_time_h3,travel_time,target_travel_time_h3,3,decision_tree,tree_balanced,1,success,,84750,2400,96,8400,2025-01-01T00:00:00+05:30,2025-03-12T14:30:00+05:30,2025-03-12T16:00:00+05:30,2025-03-12T17:00:00+05:30,2025-03-19T16:30:00+05:30,8400,1.6308944463,0.7236756911,17.2682239998,0.5387923756,8400,0,0.040702,0.021202
travel_time_h3,travel_time,target_travel_time_h3,3,decision_tree,tree_balanced,2,success,,93150,2400,96,8400,2025-01-01T00:00:00+05:30,2025-03-19T14:30:00+05:30,2025-03-19T16:00:00+05:30,2025-03-19T17:00:00+05:30,2025-03-26T16:30:00+05:30,8400,1.8359841921,0.7853518012,19.3261891236,0.4154522802,8400,0,0.040926,0.020053
travel_time_h3,travel_time,target_travel_time_h3,3,decision_tree,tree_balanced,3,success,,101550,2400,96,8400,2025-01-01T00:00:00+05:30,2025-03-26T14:30:00+05:30,2025-03-26T16:00:00+05:30,2025-03-26T17:00:00+05:30,2025-04-02T16:30:00+05:30,8400,1.8750691307,0.7939017534,17.2152133211,0.4258028158,8400,0,0.041989,0.019542
travel_time_h3,travel_time,target_travel_time_h3,3,decision_tree,tree_balanced,4,success,,109950,2400,96,8400,2025-01-01T00:00:00+05:30,2025-04-02T14:30:00+05:30,2025-04-02T16:00:00+05:30,2025-04-02T17:00:00+05:30,2025-04-09T16:30:00+05:30,8400,1.2291044431,0.6369716343,17.6256472673,0.5563563801,8400,0,0.040581,0.020272
travel_time_h3,travel_time,target_travel_time_h3,3,decision_tree,tree_balanced,5,success,,118350,2400,96,8325,2025-01-01T00:00:00+05:30,2025-04-09T14:30:00+05:30,2025-04-09T16:00:00+05:30,2025-04-09T17:00:00+05:30,2025-04-16T15:00:00+05:30,8325,2.6216848678,1.0972005178,24.3495737083,0.2455100079,8325,0,0.04143,0.020395
travel_time_h3,travel_time,target_travel_time_h3,3,decision_tree,tree_deep,1,success,,84750,2400,96,8400,2025-01-01T00:00:00+05:30,2025-03-12T14:30:00+05:30,2025-03-12T16:00:00+05:30,2025-03-12T17:00:00+05:30,2025-03-19T16:30:00+05:30,8400,1.6318741758,0.702338331,15.6678648736,0.5382380853,8400,0,0.046713,0.020229
travel_time_h3,travel_time,target_travel_time_h3,3,decision_tree,tree_deep,2,success,,93150,2400,96,8400,2025-01-01T00:00:00+05:30,2025-03-19T14:30:00+05:30,2025-03-19T16:00:00+05:30,2025-03-19T17:00:00+05:30,2025-03-26T16:30:00+05:30,8400,2.1536321721,0.871471387,20.6269396373,0.1956868741,8400,0,0.045738,0.020092
travel_time_h3,travel_time,target_travel_time_h3,3,decision_tree,tree_deep,3,success,,101550,2400,96,8400,2025-01-01T00:00:00+05:30,2025-03-26T14:30:00+05:30,2025-03-26T16:00:00+05:30,2025-03-26T17:00:00+05:30,2025-04-02T16:30:00+05:30,8400,1.9067745915,0.8186050098,17.6429694504,0.406220496,8400,0,0.043061,0.019711
travel_time_h3,travel_time,target_travel_time_h3,3,decision_tree,tree_deep,4,success,,109950,2400,96,8400,2025-01-01T00:00:00+05:30,2025-04-02T14:30:00+05:30,2025-04-02T16:00:00+05:30,2025-04-02T17:00:00+05:30,2025-04-09T16:30:00+05:30,8400,1.1411316895,0.5856464138,15.688578281,0.6175909206,8400,0,0.04262,0.020818
travel_time_h3,travel_time,target_travel_time_h3,3,decision_tree,tree_deep,5,success,,118350,2400,96,8325,2025-01-01T00:00:00+05:30,2025-04-09T14:30:00+05:30,2025-04-09T16:00:00+05:30,2025-04-09T17:00:00+05:30,2025-04-16T15:00:00+05:30,8325,2.715726918,1.1047486448,23.8019810875,0.1904108061,8325,0,0.044724,0.021127
travel_time_h3,travel_time,target_travel_time_h3,3,random_forest,forest_balanced,1,success,,84750,2400,96,8400,2025-01-01T00:00:00+05:30,2025-03-12T14:30:00+05:30,2025-03-12T16:00:00+05:30,2025-03-12T17:00:00+05:30,2025-03-19T16:30:00+05:30,8400,1.622037397,0.748789238,20.738674569,0.5437882187,8400,0,0.060589,0.03532
travel_time_h3,travel_time,target_travel_time_h3,3,random_forest,forest_balanced,2,success,,93150,2400,96,8400,2025-01-01T00:00:00+05:30,2025-03-19T14:30:00+05:30,2025-03-19T16:00:00+05:30,2025-03-19T17:00:00+05:30,2025-03-26T16:30:00+05:30,8400,1.518622507,0.6405707124,16.4613993238,0.6000720474,8400,0,0.051213,0.035012
travel_time_h3,travel_time,target_travel_time_h3,3,random_forest,forest_balanced,3,success,,101550,2400,96,8400,2025-01-01T00:00:00+05:30,2025-03-26T14:30:00+05:30,2025-03-26T16:00:00+05:30,2025-03-26T17:00:00+05:30,2025-04-02T16:30:00+05:30,8400,1.63355736,0.7057153742,16.8986041114,0.5641919303,8400,0,0.049767,0.034715
travel_time_h3,travel_time,target_travel_time_h3,3,random_forest,forest_balanced,4,success,,109950,2400,96,8400,2025-01-01T00:00:00+05:30,2025-04-02T14:30:00+05:30,2025-04-02T16:00:00+05:30,2025-04-02T17:00:00+05:30,2025-04-09T16:30:00+05:30,8400,1.115119355,0.6051099568,18.1019715955,0.6348264018,8400,0,0.054767,0.035762
travel_time_h3,travel_time,target_travel_time_h3,3,random_forest,forest_balanced,5,success,,118350,2400,96,8325,2025-01-01T00:00:00+05:30,2025-04-09T14:30:00+05:30,2025-04-09T16:00:00+05:30,2025-04-09T17:00:00+05:30,2025-04-16T15:00:00+05:30,8325,2.4205036111,0.978280115,21.595992485,0.3568622847,8325,0,0.06025,0.036112
travel_time_h3,travel_time,target_travel_time_h3,3,random_forest,forest_deep,1,success,,84750,2400,96,8400,2025-01-01T00:00:00+05:30,2025-03-12T14:30:00+05:30,2025-03-12T16:00:00+05:30,2025-03-12T17:00:00+05:30,2025-03-19T16:30:00+05:30,8400,1.569996068,0.7141076378,19.1202141124,0.5725927349,8400,0,0.072023,0.036762
travel_time_h3,travel_time,target_travel_time_h3,3,random_forest,forest_deep,2,success,,93150,2400,96,8400,2025-01-01T00:00:00+05:30,2025-03-19T14:30:00+05:30,2025-03-19T16:00:00+05:30,2025-03-19T17:00:00+05:30,2025-03-26T16:30:00+05:30,8400,1.5063481674,0.6316255416,16.0720848876,0.606510795,8400,0,0.073637,0.038176
travel_time_h3,travel_time,target_travel_time_h3,3,random_forest,forest_deep,3,success,,101550,2400,96,8400,2025-01-01T00:00:00+05:30,2025-03-26T14:30:00+05:30,2025-03-26T16:00:00+05:30,2025-03-26T17:00:00+05:30,2025-04-02T16:30:00+05:30,8400,1.6583031849,0.6871095321,14.9718724512,0.5508883095,8400,0,0.071904,0.0377
travel_time_h3,travel_time,target_travel_time_h3,3,random_forest,forest_deep,4,success,,109950,2400,96,8400,2025-01-01T00:00:00+05:30,2025-04-02T14:30:00+05:30,2025-04-02T16:00:00+05:30,2025-04-02T17:00:00+05:30,2025-04-09T16:30:00+05:30,8400,1.1094718189,0.5977853675,17.024667111,0.638515888,8400,0,0.073805,0.082418
travel_time_h3,travel_time,target_travel_time_h3,3,random_forest,forest_deep,5,success,,118350,2400,96,8325,2025-01-01T00:00:00+05:30,2025-04-09T14:30:00+05:30,2025-04-09T16:00:00+05:30,2025-04-09T17:00:00+05:30,2025-04-16T15:00:00+05:30,8325,2.4210049522,0.9604259206,20.7889614108,0.3565958403,8325,0,0.073354,0.03856
travel_time_h3,travel_time,target_travel_time_h3,3,xgboost,xgb_balanced,1,success,,84750,2400,96,8400,2025-01-01T00:00:00+05:30,2025-03-12T14:30:00+05:30,2025-03-12T16:00:00+05:30,2025-03-12T17:00:00+05:30,2025-03-19T16:30:00+05:30,8400,1.6295084062,0.8596633532,27.9058026253,0.5395759709,8400,0,0.039867,0.02088
travel_time_h3,travel_time,target_travel_time_h3,3,xgboost,xgb_balanced,2,success,,93150,2400,96,8400,2025-01-01T00:00:00+05:30,2025-03-19T14:30:00+05:30,2025-03-19T16:00:00+05:30,2025-03-19T17:00:00+05:30,2025-03-26T16:30:00+05:30,8400,1.6474224014,0.7971661977,24.4752612201,0.5293565381,8400,0,0.039792,0.021361
travel_time_h3,travel_time,target_travel_time_h3,3,xgboost,xgb_balanced,3,success,,101550,2400,96,8400,2025-01-01T00:00:00+05:30,2025-03-26T14:30:00+05:30,2025-03-26T16:00:00+05:30,2025-03-26T17:00:00+05:30,2025-04-02T16:30:00+05:30,8400,1.6507374846,0.7845814204,21.8786313729,0.5549769388,8400,0,0.03641,0.021004
travel_time_h3,travel_time,target_travel_time_h3,3,xgboost,xgb_balanced,4,success,,109950,2400,96,8400,2025-01-01T00:00:00+05:30,2025-04-02T14:30:00+05:30,2025-04-02T16:00:00+05:30,2025-04-02T17:00:00+05:30,2025-04-09T16:30:00+05:30,8400,1.2119953331,0.7305810394,24.7017724871,0.5686214382,8400,0,0.037602,0.020696
travel_time_h3,travel_time,target_travel_time_h3,3,xgboost,xgb_balanced,5,success,,118350,2400,96,8325,2025-01-01T00:00:00+05:30,2025-04-09T14:30:00+05:30,2025-04-09T16:00:00+05:30,2025-04-09T17:00:00+05:30,2025-04-16T15:00:00+05:30,8325,2.3807408459,1.0330918604,25.5231538768,0.3778189852,8325,0,0.036026,0.021364
travel_time_h3,travel_time,target_travel_time_h3,3,xgboost,xgb_deep,1,success,,84750,2400,96,8400,2025-01-01T00:00:00+05:30,2025-03-12T14:30:00+05:30,2025-03-12T16:00:00+05:30,2025-03-12T17:00:00+05:30,2025-03-19T16:30:00+05:30,8400,1.6210332659,0.796787578,24.3476951698,0.5443528847,8400,0,0.061927,0.022857
travel_time_h3,travel_time,target_travel_time_h3,3,xgboost,xgb_deep,2,success,,93150,2400,96,8400,2025-01-01T00:00:00+05:30,2025-03-19T14:30:00+05:30,2025-03-19T16:00:00+05:30,2025-03-19T17:00:00+05:30,2025-03-26T16:30:00+05:30,8400,1.569676533,0.7072051702,20.4698918317,0.5727299745,8400,0,0.057652,0.022295
travel_time_h3,travel_time,target_travel_time_h3,3,xgboost,xgb_deep,3,success,,101550,2400,96,8400,2025-01-01T00:00:00+05:30,2025-03-26T14:30:00+05:30,2025-03-26T16:00:00+05:30,2025-03-26T17:00:00+05:30,2025-04-02T16:30:00+05:30,8400,1.6579090795,0.7525016007,19.7002197255,0.5511017522,8400,0,0.060858,0.02154
travel_time_h3,travel_time,target_travel_time_h3,3,xgboost,xgb_deep,4,success,,109950,2400,96,8400,2025-01-01T00:00:00+05:30,2025-04-02T14:30:00+05:30,2025-04-02T16:00:00+05:30,2025-04-02T17:00:00+05:30,2025-04-09T16:30:00+05:30,8400,1.110964358,0.6149657079,19.1463203837,0.6375426464,8400,0,0.060114,0.020724
travel_time_h3,travel_time,target_travel_time_h3,3,xgboost,xgb_deep,5,success,,118350,2400,96,8325,2025-01-01T00:00:00+05:30,2025-04-09T14:30:00+05:30,2025-04-09T16:00:00+05:30,2025-04-09T17:00:00+05:30,2025-04-16T15:00:00+05:30,8325,2.410117623,0.994801229,23.6261692633,0.3623696428,8325,0,0.05687,0.022165
travel_time_h4,travel_time,target_travel_time_h4,4,linear_regression,linear_default,1,success,,84750,2400,96,8400,2025-01-01T00:00:00+05:30,2025-03-12T14:30:00+05:30,2025-03-12T16:30:00+05:30,2025-03-12T17:00:00+05:30,2025-03-19T16:30:00+05:30,8400,2.0946127193,1.3696318749,48.6855053042,0.2367296004,8400,0,0.030773,0.020679
travel_time_h4,travel_time,target_travel_time_h4,4,linear_regression,linear_default,2,success,,93150,2400,96,8400,2025-01-01T00:00:00+05:30,2025-03-19T14:30:00+05:30,2025-03-19T16:30:00+05:30,2025-03-19T17:00:00+05:30,2025-03-26T16:30:00+05:30,8400,2.0643217208,1.2956925993,44.4203107591,0.2618710185,8400,0,0.034607,0.020809
travel_time_h4,travel_time,target_travel_time_h4,4,linear_regression,linear_default,3,success,,101550,2400,96,8400,2025-01-01T00:00:00+05:30,2025-03-26T14:30:00+05:30,2025-03-26T16:30:00+05:30,2025-03-26T17:00:00+05:30,2025-04-02T16:30:00+05:30,8400,2.165608211,1.4091488318,48.5377332062,0.2330325865,8400,0,0.030513,0.020609
travel_time_h4,travel_time,target_travel_time_h4,4,linear_regression,linear_default,4,success,,109950,2400,96,8400,2025-01-01T00:00:00+05:30,2025-04-02T14:30:00+05:30,2025-04-02T16:30:00+05:30,2025-04-02T17:00:00+05:30,2025-04-09T16:30:00+05:30,8400,1.7015976312,1.1714953208,39.3205999985,0.1450818004,8400,0,0.030006,0.020121
travel_time_h4,travel_time,target_travel_time_h4,4,linear_regression,linear_default,5,success,,118350,2400,96,8300,2025-01-01T00:00:00+05:30,2025-04-09T14:30:00+05:30,2025-04-09T16:30:00+05:30,2025-04-09T17:00:00+05:30,2025-04-16T14:30:00+05:30,8300,2.8557158414,1.7224660126,51.7253102942,0.1063773489,8300,0,0.030687,0.021006
travel_time_h4,travel_time,target_travel_time_h4,4,decision_tree,tree_balanced,1,success,,84750,2400,96,8400,2025-01-01T00:00:00+05:30,2025-03-12T14:30:00+05:30,2025-03-12T16:30:00+05:30,2025-03-12T17:00:00+05:30,2025-03-19T16:30:00+05:30,8400,1.8025112971,0.8660418876,23.8297934067,0.4347677434,8400,0,0.042179,0.020467
travel_time_h4,travel_time,target_travel_time_h4,4,decision_tree,tree_balanced,2,success,,93150,2400,96,8400,2025-01-01T00:00:00+05:30,2025-03-19T14:30:00+05:30,2025-03-19T16:30:00+05:30,2025-03-19T17:00:00+05:30,2025-03-26T16:30:00+05:30,8400,2.0415413603,0.9036367784,22.8814421312,0.2780720456,8400,0,0.04199,0.019943
travel_time_h4,travel_time,target_travel_time_h4,4,decision_tree,tree_balanced,3,success,,101550,2400,96,8400,2025-01-01T00:00:00+05:30,2025-03-26T14:30:00+05:30,2025-03-26T16:30:00+05:30,2025-03-26T17:00:00+05:30,2025-04-02T16:30:00+05:30,8400,1.8273178657,0.8169466066,18.8698362912,0.4539337517,8400,0,0.042887,0.021789
travel_time_h4,travel_time,target_travel_time_h4,4,decision_tree,tree_balanced,4,success,,109950,2400,96,8400,2025-01-01T00:00:00+05:30,2025-04-02T14:30:00+05:30,2025-04-02T16:30:00+05:30,2025-04-02T17:00:00+05:30,2025-04-09T16:30:00+05:30,8400,1.4454434076,0.7586279003,21.5132707356,0.3831025099,8400,0,0.039248,0.020167
travel_time_h4,travel_time,target_travel_time_h4,4,decision_tree,tree_balanced,5,success,,118350,2400,96,8300,2025-01-01T00:00:00+05:30,2025-04-09T14:30:00+05:30,2025-04-09T16:30:00+05:30,2025-04-09T17:00:00+05:30,2025-04-16T14:30:00+05:30,8300,2.6227323467,1.0827406169,22.2052590653,0.246241657,8300,0,0.041442,0.020743
travel_time_h4,travel_time,target_travel_time_h4,4,decision_tree,tree_deep,1,success,,84750,2400,96,8400,2025-01-01T00:00:00+05:30,2025-03-12T14:30:00+05:30,2025-03-12T16:30:00+05:30,2025-03-12T17:00:00+05:30,2025-03-19T16:30:00+05:30,8400,2.0087697289,0.8243321809,20.4080547568,0.2980094629,8400,0,0.047873,0.02285
travel_time_h4,travel_time,target_travel_time_h4,4,decision_tree,tree_deep,2,success,,93150,2400,96,8400,2025-01-01T00:00:00+05:30,2025-03-19T14:30:00+05:30,2025-03-19T16:30:00+05:30,2025-03-19T17:00:00+05:30,2025-03-26T16:30:00+05:30,8400,1.9226451209,0.8162367978,19.620250144,0.3597114237,8400,0,0.045689,0.020912
travel_time_h4,travel_time,target_travel_time_h4,4,decision_tree,tree_deep,3,success,,101550,2400,96,8400,2025-01-01T00:00:00+05:30,2025-03-26T14:30:00+05:30,2025-03-26T16:30:00+05:30,2025-03-26T17:00:00+05:30,2025-04-02T16:30:00+05:30,8400,2.0366573547,0.8582222313,19.3802674241,0.3216511811,8400,0,0.046325,0.02283
travel_time_h4,travel_time,target_travel_time_h4,4,decision_tree,tree_deep,4,success,,109950,2400,96,8400,2025-01-01T00:00:00+05:30,2025-04-02T14:30:00+05:30,2025-04-02T16:30:00+05:30,2025-04-02T17:00:00+05:30,2025-04-09T16:30:00+05:30,8400,1.5322145006,0.7783180805,21.7964110791,0.3068137267,8400,0,0.043755,0.020672
travel_time_h4,travel_time,target_travel_time_h4,4,decision_tree,tree_deep,5,success,,118350,2400,96,8300,2025-01-01T00:00:00+05:30,2025-04-09T14:30:00+05:30,2025-04-09T16:30:00+05:30,2025-04-09T17:00:00+05:30,2025-04-16T14:30:00+05:30,8300,2.6077217506,1.0616148254,21.4971930669,0.2548448867,8300,0,0.045339,0.020697
travel_time_h4,travel_time,target_travel_time_h4,4,random_forest,forest_balanced,1,success,,84750,2400,96,8400,2025-01-01T00:00:00+05:30,2025-03-12T14:30:00+05:30,2025-03-12T16:30:00+05:30,2025-03-12T17:00:00+05:30,2025-03-19T16:30:00+05:30,8400,1.6101399158,0.7253823899,19.7476585008,0.5489775286,8400,0,0.049882,0.03649
travel_time_h4,travel_time,target_travel_time_h4,4,random_forest,forest_balanced,2,success,,93150,2400,96,8400,2025-01-01T00:00:00+05:30,2025-03-19T14:30:00+05:30,2025-03-19T16:30:00+05:30,2025-03-19T17:00:00+05:30,2025-03-26T16:30:00+05:30,8400,1.6079071399,0.693777566,18.1553275467,0.5521841917,8400,0,0.052914,0.034782
travel_time_h4,travel_time,target_travel_time_h4,4,random_forest,forest_balanced,3,success,,101550,2400,96,8400,2025-01-01T00:00:00+05:30,2025-03-26T14:30:00+05:30,2025-03-26T16:30:00+05:30,2025-03-26T17:00:00+05:30,2025-04-02T16:30:00+05:30,8400,1.6525039508,0.748652098,18.3031471646,0.5534170416,8400,0,0.049493,0.037173
travel_time_h4,travel_time,target_travel_time_h4,4,random_forest,forest_balanced,4,success,,109950,2400,96,8400,2025-01-01T00:00:00+05:30,2025-04-02T14:30:00+05:30,2025-04-02T16:30:00+05:30,2025-04-02T17:00:00+05:30,2025-04-09T16:30:00+05:30,8400,1.158645922,0.5932843249,17.3615883307,0.6036194895,8400,0,0.051786,0.037393
travel_time_h4,travel_time,target_travel_time_h4,4,random_forest,forest_balanced,5,success,,118350,2400,96,8300,2025-01-01T00:00:00+05:30,2025-04-09T14:30:00+05:30,2025-04-09T16:30:00+05:30,2025-04-09T17:00:00+05:30,2025-04-16T14:30:00+05:30,8300,2.4468229265,0.9926529614,21.6148237142,0.3439615869,8300,0,0.051433,0.034499
travel_time_h4,travel_time,target_travel_time_h4,4,random_forest,forest_deep,1,success,,84750,2400,96,8400,2025-01-01T00:00:00+05:30,2025-03-12T14:30:00+05:30,2025-03-12T16:30:00+05:30,2025-03-12T17:00:00+05:30,2025-03-19T16:30:00+05:30,8400,1.5941169466,0.6986704888,18.6957570555,0.5579093755,8400,0,0.072394,0.036915
travel_time_h4,travel_time,target_travel_time_h4,4,random_forest,forest_deep,2,success,,93150,2400,96,8400,2025-01-01T00:00:00+05:30,2025-03-19T14:30:00+05:30,2025-03-19T16:30:00+05:30,2025-03-19T17:00:00+05:30,2025-03-26T16:30:00+05:30,8400,1.5810472377,0.6520971207,16.2592697296,0.5670206495,8400,0,0.062614,0.04097
travel_time_h4,travel_time,target_travel_time_h4,4,random_forest,forest_deep,3,success,,101550,2400,96,8400,2025-01-01T00:00:00+05:30,2025-03-26T14:30:00+05:30,2025-03-26T16:30:00+05:30,2025-03-26T17:00:00+05:30,2025-04-02T16:30:00+05:30,8400,1.6528875934,0.7203842504,16.4838588893,0.5532096616,8400,0,0.064088,0.036629
travel_time_h4,travel_time,target_travel_time_h4,4,random_forest,forest_deep,4,success,,109950,2400,96,8400,2025-01-01T00:00:00+05:30,2025-04-02T14:30:00+05:30,2025-04-02T16:30:00+05:30,2025-04-02T17:00:00+05:30,2025-04-09T16:30:00+05:30,8400,1.1269214852,0.5763908892,16.4843096241,0.6250286074,8400,0,0.072422,0.040296
travel_time_h4,travel_time,target_travel_time_h4,4,random_forest,forest_deep,5,success,,118350,2400,96,8300,2025-01-01T00:00:00+05:30,2025-04-09T14:30:00+05:30,2025-04-09T16:30:00+05:30,2025-04-09T17:00:00+05:30,2025-04-16T14:30:00+05:30,8300,2.4278997674,1.0116595313,22.6481651078,0.3540696453,8300,0,0.07387,0.080349
travel_time_h4,travel_time,target_travel_time_h4,4,xgboost,xgb_balanced,1,success,,84750,2400,96,8400,2025-01-01T00:00:00+05:30,2025-03-12T14:30:00+05:30,2025-03-12T16:30:00+05:30,2025-03-12T17:00:00+05:30,2025-03-19T16:30:00+05:30,8400,1.6796385827,0.8974009913,29.6268676848,0.5092021722,8400,0,0.039358,0.021859
travel_time_h4,travel_time,target_travel_time_h4,4,xgboost,xgb_balanced,2,success,,93150,2400,96,8400,2025-01-01T00:00:00+05:30,2025-03-19T14:30:00+05:30,2025-03-19T16:30:00+05:30,2025-03-19T17:00:00+05:30,2025-03-26T16:30:00+05:30,8400,1.6648008587,0.8169256133,25.3254952593,0.5199327545,8400,0,0.037645,0.020472
travel_time_h4,travel_time,target_travel_time_h4,4,xgboost,xgb_balanced,3,success,,101550,2400,96,8400,2025-01-01T00:00:00+05:30,2025-03-26T14:30:00+05:30,2025-03-26T16:30:00+05:30,2025-03-26T17:00:00+05:30,2025-04-02T16:30:00+05:30,8400,1.6611760928,0.8360594372,24.2541199047,0.5487175153,8400,0,0.038379,0.019706
travel_time_h4,travel_time,target_travel_time_h4,4,xgboost,xgb_balanced,4,success,,109950,2400,96,8400,2025-01-01T00:00:00+05:30,2025-04-02T14:30:00+05:30,2025-04-02T16:30:00+05:30,2025-04-02T17:00:00+05:30,2025-04-09T16:30:00+05:30,8400,1.1787084288,0.6772459918,22.7557023242,0.5897736092,8400,0,0.040848,0.020254
travel_time_h4,travel_time,target_travel_time_h4,4,xgboost,xgb_balanced,5,success,,118350,2400,96,8300,2025-01-01T00:00:00+05:30,2025-04-09T14:30:00+05:30,2025-04-09T16:30:00+05:30,2025-04-09T17:00:00+05:30,2025-04-16T14:30:00+05:30,8300,2.5312527293,1.2077541848,33.1826802441,0.2979060919,8300,0,0.040563,0.022165
travel_time_h4,travel_time,target_travel_time_h4,4,xgboost,xgb_deep,1,success,,84750,2400,96,8400,2025-01-01T00:00:00+05:30,2025-03-12T14:30:00+05:30,2025-03-12T16:30:00+05:30,2025-03-12T17:00:00+05:30,2025-03-19T16:30:00+05:30,8400,1.6125022618,0.7969779337,24.4416499151,0.5476531061,8400,0,0.056903,0.021628
travel_time_h4,travel_time,target_travel_time_h4,4,xgboost,xgb_deep,2,success,,93150,2400,96,8400,2025-01-01T00:00:00+05:30,2025-03-19T14:30:00+05:30,2025-03-19T16:30:00+05:30,2025-03-19T17:00:00+05:30,2025-03-26T16:30:00+05:30,8400,1.7013796293,0.7528377763,21.2067105092,0.4986050558,8400,0,0.056243,0.021693
travel_time_h4,travel_time,target_travel_time_h4,4,xgboost,xgb_deep,3,success,,101550,2400,96,8400,2025-01-01T00:00:00+05:30,2025-03-26T14:30:00+05:30,2025-03-26T16:30:00+05:30,2025-03-26T17:00:00+05:30,2025-04-02T16:30:00+05:30,8400,1.7069257229,0.8028093825,22.2678857285,0.5235181309,8400,0,0.065009,0.021939
travel_time_h4,travel_time,target_travel_time_h4,4,xgboost,xgb_deep,4,success,,109950,2400,96,8400,2025-01-01T00:00:00+05:30,2025-04-02T14:30:00+05:30,2025-04-02T16:30:00+05:30,2025-04-02T17:00:00+05:30,2025-04-09T16:30:00+05:30,8400,1.1127618145,0.5816632344,17.4208250123,0.634392374,8400,0,0.062357,0.020647
travel_time_h4,travel_time,target_travel_time_h4,4,xgboost,xgb_deep,5,success,,118350,2400,96,8300,2025-01-01T00:00:00+05:30,2025-04-09T14:30:00+05:30,2025-04-09T16:30:00+05:30,2025-04-09T17:00:00+05:30,2025-04-16T14:30:00+05:30,8300,2.5085622162,1.095364006,26.8857835,0.3104370158,8300,0,0.065992,0.020158
