model_version,horizon_windows,horizon_minutes,split,dimension,slice_value,actual_label,predicted_label,rows
classical_classification_v1,1,30,test,overall,all,Free-flow,Free-flow,15352
classical_classification_v1,1,30,test,overall,all,Free-flow,Moderate,958
classical_classification_v1,1,30,test,overall,all,Free-flow,Heavy,7
classical_classification_v1,1,30,test,overall,all,Free-flow,Severe,0
classical_classification_v1,1,30,test,overall,all,Moderate,Free-flow,545
classical_classification_v1,1,30,test,overall,all,Moderate,Moderate,5404
classical_classification_v1,1,30,test,overall,all,Moderate,Heavy,579
classical_classification_v1,1,30,test,overall,all,Moderate,Severe,39
classical_classification_v1,1,30,test,overall,all,Heavy,Free-flow,2
classical_classification_v1,1,30,test,overall,all,Heavy,Moderate,444
classical_classification_v1,1,30,test,overall,all,Heavy,Heavy,1553
classical_classification_v1,1,30,test,overall,all,Heavy,Severe,677
classical_classification_v1,1,30,test,overall,all,Severe,Free-flow,0
classical_classification_v1,1,30,test,overall,all,Severe,Moderate,20
classical_classification_v1,1,30,test,overall,all,Severe,Heavy,426
classical_classification_v1,1,30,test,overall,all,Severe,Severe,1144
classical_classification_v1,1,30,test,road_id,NL-001,Free-flow,Free-flow,649
classical_classification_v1,1,30,test,road_id,NL-001,Free-flow,Moderate,37
classical_classification_v1,1,30,test,road_id,NL-001,Free-flow,Heavy,0
classical_classification_v1,1,30,test,road_id,NL-001,Free-flow,Severe,0
classical_classification_v1,1,30,test,road_id,NL-001,Moderate,Free-flow,27
classical_classification_v1,1,30,test,road_id,NL-001,Moderate,Moderate,180
classical_classification_v1,1,30,test,road_id,NL-001,Moderate,Heavy,28
classical_classification_v1,1,30,test,road_id,NL-001,Moderate,Severe,1
classical_classification_v1,1,30,test,road_id,NL-001,Heavy,Free-flow,0
classical_classification_v1,1,30,test,road_id,NL-001,Heavy,Moderate,15
classical_classification_v1,1,30,test,road_id,NL-001,Heavy,Heavy,62
classical_classification_v1,1,30,test,road_id,NL-001,Heavy,Severe,22
classical_classification_v1,1,30,test,road_id,NL-001,Severe,Free-flow,0
classical_classification_v1,1,30,test,road_id,NL-001,Severe,Moderate,0
classical_classification_v1,1,30,test,road_id,NL-001,Severe,Heavy,13
classical_classification_v1,1,30,test,road_id,NL-001,Severe,Severe,52
classical_classification_v1,1,30,test,road_id,NL-002,Free-flow,Free-flow,591
classical_classification_v1,1,30,test,road_id,NL-002,Free-flow,Moderate,44
classical_classification_v1,1,30,test,road_id,NL-002,Free-flow,Heavy,0
classical_classification_v1,1,30,test,road_id,NL-002,Free-flow,Severe,0
classical_classification_v1,1,30,test,road_id,NL-002,Moderate,Free-flow,47
classical_classification_v1,1,30,test,road_id,NL-002,Moderate,Moderate,208
classical_classification_v1,1,30,test,road_id,NL-002,Moderate,Heavy,23
classical_classification_v1,1,30,test,road_id,NL-002,Moderate,Severe,0
classical_classification_v1,1,30,test,road_id,NL-002,Heavy,Free-flow,0
classical_classification_v1,1,30,test,road_id,NL-002,Heavy,Moderate,16
classical_classification_v1,1,30,test,road_id,NL-002,Heavy,Heavy,62
classical_classification_v1,1,30,test,road_id,NL-002,Heavy,Severe,37
classical_classification_v1,1,30,test,road_id,NL-002,Severe,Free-flow,0
classical_classification_v1,1,30,test,road_id,NL-002,Severe,Moderate,0
classical_classification_v1,1,30,test,road_id,NL-002,Severe,Heavy,23
classical_classification_v1,1,30,test,road_id,NL-002,Severe,Severe,35
classical_classification_v1,1,30,test,road_id,NL-003,Free-flow,Free-flow,558
classical_classification_v1,1,30,test,road_id,NL-003,Free-flow,Moderate,37
classical_classification_v1,1,30,test,road_id,NL-003,Free-flow,Heavy,1
classical_classification_v1,1,30,test,road_id,NL-003,Free-flow,Severe,0
classical_classification_v1,1,30,test,road_id,NL-003,Moderate,Free-flow,26
classical_classification_v1,1,30,test,road_id,NL-003,Moderate,Moderate,260
classical_classification_v1,1,30,test,road_id,NL-003,Moderate,Heavy,20
classical_classification_v1,1,30,test,road_id,NL-003,Moderate,Severe,0
classical_classification_v1,1,30,test,road_id,NL-003,Heavy,Free-flow,0
classical_classification_v1,1,30,test,road_id,NL-003,Heavy,Moderate,16
classical_classification_v1,1,30,test,road_id,NL-003,Heavy,Heavy,73
classical_classification_v1,1,30,test,road_id,NL-003,Heavy,Severe,28
classical_classification_v1,1,30,test,road_id,NL-003,Severe,Free-flow,0
classical_classification_v1,1,30,test,road_id,NL-003,Severe,Moderate,1
classical_classification_v1,1,30,test,road_id,NL-003,Severe,Heavy,15
classical_classification_v1,1,30,test,road_id,NL-003,Severe,Severe,51
classical_classification_v1,1,30,test,road_id,NL-004,Free-flow,Free-flow,548
classical_classification_v1,1,30,test,road_id,NL-004,Free-flow,Moderate,39
classical_classification_v1,1,30,test,road_id,NL-004,Free-flow,Heavy,1
classical_classification_v1,1,30,test,road_id,NL-004,Free-flow,Severe,0
classical_classification_v1,1,30,test,road_id,NL-004,Moderate,Free-flow,18
classical_classification_v1,1,30,test,road_id,NL-004,Moderate,Moderate,265
classical_classification_v1,1,30,test,road_id,NL-004,Moderate,Heavy,18
classical_classification_v1,1,30,test,road_id,NL-004,Moderate,Severe,2
classical_classification_v1,1,30,test,road_id,NL-004,Heavy,Free-flow,0
classical_classification_v1,1,30,test,road_id,NL-004,Heavy,Moderate,21
classical_classification_v1,1,30,test,road_id,NL-004,Heavy,Heavy,62
classical_classification_v1,1,30,test,road_id,NL-004,Heavy,Severe,26
classical_classification_v1,1,30,test,road_id,NL-004,Severe,Free-flow,0
classical_classification_v1,1,30,test,road_id,NL-004,Severe,Moderate,0
classical_classification_v1,1,30,test,road_id,NL-004,Severe,Heavy,30
classical_classification_v1,1,30,test,road_id,NL-004,Severe,Severe,56
classical_classification_v1,1,30,test,road_id,NL-005,Free-flow,Free-flow,542
classical_classification_v1,1,30,test,road_id,NL-005,Free-flow,Moderate,43
classical_classification_v1,1,30,test,road_id,NL-005,Free-flow,Heavy,0
classical_classification_v1,1,30,test,road_id,NL-005,Free-flow,Severe,0
classical_classification_v1,1,30,test,road_id,NL-005,Moderate,Free-flow,19
classical_classification_v1,1,30,test,road_id,NL-005,Moderate,Moderate,268
classical_classification_v1,1,30,test,road_id,NL-005,Moderate,Heavy,14
classical_classification_v1,1,30,test,road_id,NL-005,Moderate,Severe,4
classical_classification_v1,1,30,test,road_id,NL-005,Heavy,Free-flow,0
classical_classification_v1,1,30,test,road_id,NL-005,Heavy,Moderate,24
classical_classification_v1,1,30,test,road_id,NL-005,Heavy,Heavy,74
classical_classification_v1,1,30,test,road_id,NL-005,Heavy,Severe,26
classical_classification_v1,1,30,test,road_id,NL-005,Severe,Free-flow,0
classical_classification_v1,1,30,test,road_id,NL-005,Severe,Moderate,0
classical_classification_v1,1,30,test,road_id,NL-005,Severe,Heavy,21
classical_classification_v1,1,30,test,road_id,NL-005,Severe,Severe,51
classical_classification_v1,1,30,test,road_id,NL-006,Free-flow,Free-flow,541
classical_classification_v1,1,30,test,road_id,NL-006,Free-flow,Moderate,35
classical_classification_v1,1,30,test,road_id,NL-006,Free-flow,Heavy,0
classical_classification_v1,1,30,test,road_id,NL-006,Free-flow,Severe,0
classical_classification_v1,1,30,test,road_id,NL-006,Moderate,Free-flow,30
classical_classification_v1,1,30,test,road_id,NL-006,Moderate,Moderate,263
classical_classification_v1,1,30,test,road_id,NL-006,Moderate,Heavy,17
classical_classification_v1,1,30,test,road_id,NL-006,Moderate,Severe,3
classical_classification_v1,1,30,test,road_id,NL-006,Heavy,Free-flow,0
classical_classification_v1,1,30,test,road_id,NL-006,Heavy,Moderate,33
classical_classification_v1,1,30,test,road_id,NL-006,Heavy,Heavy,56
classical_classification_v1,1,30,test,road_id,NL-006,Heavy,Severe,37
classical_classification_v1,1,30,test,road_id,NL-006,Severe,Free-flow,0
classical_classification_v1,1,30,test,road_id,NL-006,Severe,Moderate,0
classical_classification_v1,1,30,test,road_id,NL-006,Severe,Heavy,18
classical_classification_v1,1,30,test,road_id,NL-006,Severe,Severe,53
classical_classification_v1,1,30,test,road_id,NL-007,Free-flow,Free-flow,674
classical_classification_v1,1,30,test,road_id,NL-007,Free-flow,Moderate,32
classical_classification_v1,1,30,test,road_id,NL-007,Free-flow,Heavy,0
classical_classification_v1,1,30,test,road_id,NL-007,Free-flow,Severe,0
classical_classification_v1,1,30,test,road_id,NL-007,Moderate,Free-flow,12
classical_classification_v1,1,30,test,road_id,NL-007,Moderate,Moderate,187
classical_classification_v1,1,30,test,road_id,NL-007,Moderate,Heavy,21
classical_classification_v1,1,30,test,road_id,NL-007,Moderate,Severe,2
classical_classification_v1,1,30,test,road_id,NL-007,Heavy,Free-flow,0
classical_classification_v1,1,30,test,road_id,NL-007,Heavy,Moderate,13
classical_classification_v1,1,30,test,road_id,NL-007,Heavy,Heavy,58
classical_classification_v1,1,30,test,road_id,NL-007,Heavy,Severe,19
classical_classification_v1,1,30,test,road_id,NL-007,Severe,Free-flow,0
classical_classification_v1,1,30,test,road_id,NL-007,Severe,Moderate,2
classical_classification_v1,1,30,test,road_id,NL-007,Severe,Heavy,16
classical_classification_v1,1,30,test,road_id,NL-007,Severe,Severe,50
classical_classification_v1,1,30,test,road_id,NL-008,Free-flow,Free-flow,672
classical_classification_v1,1,30,test,road_id,NL-008,Free-flow,Moderate,45
classical_classification_v1,1,30,test,road_id,NL-008,Free-flow,Heavy,0
classical_classification_v1,1,30,test,road_id,NL-008,Free-flow,Severe,0
classical_classification_v1,1,30,test,road_id,NL-008,Moderate,Free-flow,12
classical_classification_v1,1,30,test,road_id,NL-008,Moderate,Moderate,179
classical_classification_v1,1,30,test,road_id,NL-008,Moderate,Heavy,27
classical_classification_v1,1,30,test,road_id,NL-008,Moderate,Severe,0
classical_classification_v1,1,30,test,road_id,NL-008,Heavy,Free-flow,0
classical_classification_v1,1,30,test,road_id,NL-008,Heavy,Moderate,10
classical_classification_v1,1,30,test,road_id,NL-008,Heavy,Heavy,59
classical_classification_v1,1,30,test,road_id,NL-008,Heavy,Severe,22
classical_classification_v1,1,30,test,road_id,NL-008,Severe,Free-flow,0
classical_classification_v1,1,30,test,road_id,NL-008,Severe,Moderate,1
classical_classification_v1,1,30,test,road_id,NL-008,Severe,Heavy,13
classical_classification_v1,1,30,test,road_id,NL-008,Severe,Severe,46
classical_classification_v1,1,30,test,road_id,NL-009,Free-flow,Free-flow,537
classical_classification_v1,1,30,test,road_id,NL-009,Free-flow,Moderate,34
classical_classification_v1,1,30,test,road_id,NL-009,Free-flow,Heavy,0
classical_classification_v1,1,30,test,road_id,NL-009,Free-flow,Severe,0
classical_classification_v1,1,30,test,road_id,NL-009,Moderate,Free-flow,17
classical_classification_v1,1,30,test,road_id,NL-009,Moderate,Moderate,291
classical_classification_v1,1,30,test,road_id,NL-009,Moderate,Heavy,19
classical_classification_v1,1,30,test,road_id,NL-009,Moderate,Severe,2
classical_classification_v1,1,30,test,road_id,NL-009,Heavy,Free-flow,0
classical_classification_v1,1,30,test,road_id,NL-009,Heavy,Moderate,19
classical_classification_v1,1,30,test,road_id,NL-009,Heavy,Heavy,60
classical_classification_v1,1,30,test,road_id,NL-009,Heavy,Severe,22
classical_classification_v1,1,30,test,road_id,NL-009,Severe,Free-flow,0
classical_classification_v1,1,30,test,road_id,NL-009,Severe,Moderate,4
classical_classification_v1,1,30,test,road_id,NL-009,Severe,Heavy,29
classical_classification_v1,1,30,test,road_id,NL-009,Severe,Severe,52
classical_classification_v1,1,30,test,road_id,NL-010,Free-flow,Free-flow,660
classical_classification_v1,1,30,test,road_id,NL-010,Free-flow,Moderate,41
classical_classification_v1,1,30,test,road_id,NL-010,Free-flow,Heavy,0
classical_classification_v1,1,30,test,road_id,NL-010,Free-flow,Severe,0
classical_classification_v1,1,30,test,road_id,NL-010,Moderate,Free-flow,21
classical_classification_v1,1,30,test,road_id,NL-010,Moderate,Moderate,176
classical_classification_v1,1,30,test,road_id,NL-010,Moderate,Heavy,27
classical_classification_v1,1,30,test,road_id,NL-010,Moderate,Severe,1
classical_classification_v1,1,30,test,road_id,NL-010,Heavy,Free-flow,0
classical_classification_v1,1,30,test,road_id,NL-010,Heavy,Moderate,9
classical_classification_v1,1,30,test,road_id,NL-010,Heavy,Heavy,62
classical_classification_v1,1,30,test,road_id,NL-010,Heavy,Severe,23
classical_classification_v1,1,30,test,road_id,NL-010,Severe,Free-flow,0
classical_classification_v1,1,30,test,road_id,NL-010,Severe,Moderate,0
classical_classification_v1,1,30,test,road_id,NL-010,Severe,Heavy,13
classical_classification_v1,1,30,test,road_id,NL-010,Severe,Severe,53
classical_classification_v1,1,30,test,road_id,NL-011,Free-flow,Free-flow,685
classical_classification_v1,1,30,test,road_id,NL-011,Free-flow,Moderate,31
classical_classification_v1,1,30,test,road_id,NL-011,Free-flow,Heavy,0
classical_classification_v1,1,30,test,road_id,NL-011,Free-flow,Severe,0
classical_classification_v1,1,30,test,road_id,NL-011,Moderate,Free-flow,11
classical_classification_v1,1,30,test,road_id,NL-011,Moderate,Moderate,173
classical_classification_v1,1,30,test,road_id,NL-011,Moderate,Heavy,33
classical_classification_v1,1,30,test,road_id,NL-011,Moderate,Severe,1
classical_classification_v1,1,30,test,road_id,NL-011,Heavy,Free-flow,0
classical_classification_v1,1,30,test,road_id,NL-011,Heavy,Moderate,10
classical_classification_v1,1,30,test,road_id,NL-011,Heavy,Heavy,59
classical_classification_v1,1,30,test,road_id,NL-011,Heavy,Severe,27
classical_classification_v1,1,30,test,road_id,NL-011,Severe,Free-flow,0
classical_classification_v1,1,30,test,road_id,NL-011,Severe,Moderate,0
classical_classification_v1,1,30,test,road_id,NL-011,Severe,Heavy,18
classical_classification_v1,1,30,test,road_id,NL-011,Severe,Severe,38
classical_classification_v1,1,30,test,road_id,NL-012,Free-flow,Free-flow,538
classical_classification_v1,1,30,test,road_id,NL-012,Free-flow,Moderate,43
classical_classification_v1,1,30,test,road_id,NL-012,Free-flow,Heavy,0
classical_classification_v1,1,30,test,road_id,NL-012,Free-flow,Severe,0
classical_classification_v1,1,30,test,road_id,NL-012,Moderate,Free-flow,14
classical_classification_v1,1,30,test,road_id,NL-012,Moderate,Moderate,273
classical_classification_v1,1,30,test,road_id,NL-012,Moderate,Heavy,20
classical_classification_v1,1,30,test,road_id,NL-012,Moderate,Severe,1
classical_classification_v1,1,30,test,road_id,NL-012,Heavy,Free-flow,0
classical_classification_v1,1,30,test,road_id,NL-012,Heavy,Moderate,25
classical_classification_v1,1,30,test,road_id,NL-012,Heavy,Heavy,70
classical_classification_v1,1,30,test,road_id,NL-012,Heavy,Severe,31
classical_classification_v1,1,30,test,road_id,NL-012,Severe,Free-flow,0
classical_classification_v1,1,30,test,road_id,NL-012,Severe,Moderate,1
classical_classification_v1,1,30,test,road_id,NL-012,Severe,Heavy,27
classical_classification_v1,1,30,test,road_id,NL-012,Severe,Severe,43
classical_classification_v1,1,30,test,road_id,NL-013,Free-flow,Free-flow,539
classical_classification_v1,1,30,test,road_id,NL-013,Free-flow,Moderate,33
classical_classification_v1,1,30,test,road_id,NL-013,Free-flow,Heavy,0
classical_classification_v1,1,30,test,road_id,NL-013,Free-flow,Severe,0
classical_classification_v1,1,30,test,road_id,NL-013,Moderate,Free-flow,14
classical_classification_v1,1,30,test,road_id,NL-013,Moderate,Moderate,281
classical_classification_v1,1,30,test,road_id,NL-013,Moderate,Heavy,21
classical_classification_v1,1,30,test,road_id,NL-013,Moderate,Severe,0
classical_classification_v1,1,30,test,road_id,NL-013,Heavy,Free-flow,0
classical_classification_v1,1,30,test,road_id,NL-013,Heavy,Moderate,32
classical_classification_v1,1,30,test,road_id,NL-013,Heavy,Heavy,65
classical_classification_v1,1,30,test,road_id,NL-013,Heavy,Severe,21
classical_classification_v1,1,30,test,road_id,NL-013,Severe,Free-flow,0
classical_classification_v1,1,30,test,road_id,NL-013,Severe,Moderate,1
classical_classification_v1,1,30,test,road_id,NL-013,Severe,Heavy,18
classical_classification_v1,1,30,test,road_id,NL-013,Severe,Severe,61
classical_classification_v1,1,30,test,road_id,NL-014,Free-flow,Free-flow,696
classical_classification_v1,1,30,test,road_id,NL-014,Free-flow,Moderate,39
classical_classification_v1,1,30,test,road_id,NL-014,Free-flow,Heavy,2
classical_classification_v1,1,30,test,road_id,NL-014,Free-flow,Severe,0
classical_classification_v1,1,30,test,road_id,NL-014,Moderate,Free-flow,15
classical_classification_v1,1,30,test,road_id,NL-014,Moderate,Moderate,155
classical_classification_v1,1,30,test,road_id,NL-014,Moderate,Heavy,27
classical_classification_v1,1,30,test,road_id,NL-014,Moderate,Severe,1
classical_classification_v1,1,30,test,road_id,NL-014,Heavy,Free-flow,1
classical_classification_v1,1,30,test,road_id,NL-014,Heavy,Moderate,14
classical_classification_v1,1,30,test,road_id,NL-014,Heavy,Heavy,64
classical_classification_v1,1,30,test,road_id,NL-014,Heavy,Severe,17
classical_classification_v1,1,30,test,road_id,NL-014,Severe,Free-flow,0
classical_classification_v1,1,30,test,road_id,NL-014,Severe,Moderate,0
classical_classification_v1,1,30,test,road_id,NL-014,Severe,Heavy,15
classical_classification_v1,1,30,test,road_id,NL-014,Severe,Severe,40
classical_classification_v1,1,30,test,road_id,NL-015,Free-flow,Free-flow,537
classical_classification_v1,1,30,test,road_id,NL-015,Free-flow,Moderate,36
classical_classification_v1,1,30,test,road_id,NL-015,Free-flow,Heavy,0
classical_classification_v1,1,30,test,road_id,NL-015,Free-flow,Severe,0
classical_classification_v1,1,30,test,road_id,NL-015,Moderate,Free-flow,21
classical_classification_v1,1,30,test,road_id,NL-015,Moderate,Moderate,280
classical_classification_v1,1,30,test,road_id,NL-015,Moderate,Heavy,22
classical_classification_v1,1,30,test,road_id,NL-015,Moderate,Severe,1
classical_classification_v1,1,30,test,road_id,NL-015,Heavy,Free-flow,0
classical_classification_v1,1,30,test,road_id,NL-015,Heavy,Moderate,30
classical_classification_v1,1,30,test,road_id,NL-015,Heavy,Heavy,63
classical_classification_v1,1,30,test,road_id,NL-015,Heavy,Severe,39
classical_classification_v1,1,30,test,road_id,NL-015,Severe,Free-flow,0
classical_classification_v1,1,30,test,road_id,NL-015,Severe,Moderate,1
classical_classification_v1,1,30,test,road_id,NL-015,Severe,Heavy,21
classical_classification_v1,1,30,test,road_id,NL-015,Severe,Severe,35
classical_classification_v1,1,30,test,road_id,NL-016,Free-flow,Free-flow,617
classical_classification_v1,1,30,test,road_id,NL-016,Free-flow,Moderate,38
classical_classification_v1,1,30,test,road_id,NL-016,Free-flow,Heavy,0
classical_classification_v1,1,30,test,road_id,NL-016,Free-flow,Severe,0
classical_classification_v1,1,30,test,road_id,NL-016,Moderate,Free-flow,33
classical_classification_v1,1,30,test,road_id,NL-016,Moderate,Moderate,193
classical_classification_v1,1,30,test,road_id,NL-016,Moderate,Heavy,26
classical_classification_v1,1,30,test,road_id,NL-016,Moderate,Severe,2
classical_classification_v1,1,30,test,road_id,NL-016,Heavy,Free-flow,0
classical_classification_v1,1,30,test,road_id,NL-016,Heavy,Moderate,19
classical_classification_v1,1,30,test,road_id,NL-016,Heavy,Heavy,63
classical_classification_v1,1,30,test,road_id,NL-016,Heavy,Severe,39
classical_classification_v1,1,30,test,road_id,NL-016,Severe,Free-flow,0
classical_classification_v1,1,30,test,road_id,NL-016,Severe,Moderate,0
classical_classification_v1,1,30,test,road_id,NL-016,Severe,Heavy,14
classical_classification_v1,1,30,test,road_id,NL-016,Severe,Severe,42
classical_classification_v1,1,30,test,road_id,NL-017,Free-flow,Free-flow,685
classical_classification_v1,1,30,test,road_id,NL-017,Free-flow,Moderate,31
classical_classification_v1,1,30,test,road_id,NL-017,Free-flow,Heavy,0
classical_classification_v1,1,30,test,road_id,NL-017,Free-flow,Severe,0
classical_classification_v1,1,30,test,road_id,NL-017,Moderate,Free-flow,15
classical_classification_v1,1,30,test,road_id,NL-017,Moderate,Moderate,175
classical_classification_v1,1,30,test,road_id,NL-017,Moderate,Heavy,22
classical_classification_v1,1,30,test,road_id,NL-017,Moderate,Severe,3
classical_classification_v1,1,30,test,road_id,NL-017,Heavy,Free-flow,0
classical_classification_v1,1,30,test,road_id,NL-017,Heavy,Moderate,16
classical_classification_v1,1,30,test,road_id,NL-017,Heavy,Heavy,65
classical_classification_v1,1,30,test,road_id,NL-017,Heavy,Severe,26
classical_classification_v1,1,30,test,road_id,NL-017,Severe,Free-flow,0
classical_classification_v1,1,30,test,road_id,NL-017,Severe,Moderate,0
classical_classification_v1,1,30,test,road_id,NL-017,Severe,Heavy,8
classical_classification_v1,1,30,test,road_id,NL-017,Severe,Severe,40
classical_classification_v1,1,30,test,road_id,NL-018,Free-flow,Free-flow,563
classical_classification_v1,1,30,test,road_id,NL-018,Free-flow,Moderate,60
classical_classification_v1,1,30,test,road_id,NL-018,Free-flow,Heavy,0
classical_classification_v1,1,30,test,road_id,NL-018,Free-flow,Severe,0
classical_classification_v1,1,30,test,road_id,NL-018,Moderate,Free-flow,26
classical_classification_v1,1,30,test,road_id,NL-018,Moderate,Moderate,246
classical_classification_v1,1,30,test,road_id,NL-018,Moderate,Heavy,29
classical_classification_v1,1,30,test,road_id,NL-018,Moderate,Severe,0
classical_classification_v1,1,30,test,road_id,NL-018,Heavy,Free-flow,1
classical_classification_v1,1,30,test,road_id,NL-018,Heavy,Moderate,16
classical_classification_v1,1,30,test,road_id,NL-018,Heavy,Heavy,62
classical_classification_v1,1,30,test,road_id,NL-018,Heavy,Severe,26
classical_classification_v1,1,30,test,road_id,NL-018,Severe,Free-flow,0
classical_classification_v1,1,30,test,road_id,NL-018,Severe,Moderate,1
classical_classification_v1,1,30,test,road_id,NL-018,Severe,Heavy,17
classical_classification_v1,1,30,test,road_id,NL-018,Severe,Severe,39
classical_classification_v1,1,30,test,road_id,NL-019,Free-flow,Free-flow,549
classical_classification_v1,1,30,test,road_id,NL-019,Free-flow,Moderate,42
classical_classification_v1,1,30,test,road_id,NL-019,Free-flow,Heavy,2
classical_classification_v1,1,30,test,road_id,NL-019,Free-flow,Severe,0
classical_classification_v1,1,30,test,road_id,NL-019,Moderate,Free-flow,23
classical_classification_v1,1,30,test,road_id,NL-019,Moderate,Moderate,264
classical_classification_v1,1,30,test,road_id,NL-019,Moderate,Heavy,15
classical_classification_v1,1,30,test,road_id,NL-019,Moderate,Severe,3
classical_classification_v1,1,30,test,road_id,NL-019,Heavy,Free-flow,0
classical_classification_v1,1,30,test,road_id,NL-019,Heavy,Moderate,21
classical_classification_v1,1,30,test,road_id,NL-019,Heavy,Heavy,65
classical_classification_v1,1,30,test,road_id,NL-019,Heavy,Severe,29
classical_classification_v1,1,30,test,road_id,NL-019,Severe,Free-flow,0
classical_classification_v1,1,30,test,road_id,NL-019,Severe,Moderate,1
classical_classification_v1,1,30,test,road_id,NL-019,Severe,Heavy,23
classical_classification_v1,1,30,test,road_id,NL-019,Severe,Severe,49
classical_classification_v1,1,30,test,road_id,NL-020,Free-flow,Free-flow,677
classical_classification_v1,1,30,test,road_id,NL-020,Free-flow,Moderate,40
classical_classification_v1,1,30,test,road_id,NL-020,Free-flow,Heavy,0
classical_classification_v1,1,30,test,road_id,NL-020,Free-flow,Severe,0
classical_classification_v1,1,30,test,road_id,NL-020,Moderate,Free-flow,26
classical_classification_v1,1,30,test,road_id,NL-020,Moderate,Moderate,161
classical_classification_v1,1,30,test,road_id,NL-020,Moderate,Heavy,20
classical_classification_v1,1,30,test,road_id,NL-020,Moderate,Severe,1
classical_classification_v1,1,30,test,road_id,NL-020,Heavy,Free-flow,0
classical_classification_v1,1,30,test,road_id,NL-020,Heavy,Moderate,21
classical_classification_v1,1,30,test,road_id,NL-020,Heavy,Heavy,58
classical_classification_v1,1,30,test,road_id,NL-020,Heavy,Severe,21
classical_classification_v1,1,30,test,road_id,NL-020,Severe,Free-flow,0
classical_classification_v1,1,30,test,road_id,NL-020,Severe,Moderate,3
classical_classification_v1,1,30,test,road_id,NL-020,Severe,Heavy,16
classical_classification_v1,1,30,test,road_id,NL-020,Severe,Severe,42
classical_classification_v1,1,30,test,road_id,NL-021,Free-flow,Free-flow,623
classical_classification_v1,1,30,test,road_id,NL-021,Free-flow,Moderate,44
classical_classification_v1,1,30,test,road_id,NL-021,Free-flow,Heavy,0
classical_classification_v1,1,30,test,road_id,NL-021,Free-flow,Severe,0
classical_classification_v1,1,30,test,road_id,NL-021,Moderate,Free-flow,31
classical_classification_v1,1,30,test,road_id,NL-021,Moderate,Moderate,201
classical_classification_v1,1,30,test,road_id,NL-021,Moderate,Heavy,23
classical_classification_v1,1,30,test,road_id,NL-021,Moderate,Severe,5
classical_classification_v1,1,30,test,road_id,NL-021,Heavy,Free-flow,0
classical_classification_v1,1,30,test,road_id,NL-021,Heavy,Moderate,12
classical_classification_v1,1,30,test,road_id,NL-021,Heavy,Heavy,66
classical_classification_v1,1,30,test,road_id,NL-021,Heavy,Severe,26
classical_classification_v1,1,30,test,road_id,NL-021,Severe,Free-flow,0
classical_classification_v1,1,30,test,road_id,NL-021,Severe,Moderate,2
classical_classification_v1,1,30,test,road_id,NL-021,Severe,Heavy,11
classical_classification_v1,1,30,test,road_id,NL-021,Severe,Severe,42
classical_classification_v1,1,30,test,road_id,NL-022,Free-flow,Free-flow,698
classical_classification_v1,1,30,test,road_id,NL-022,Free-flow,Moderate,30
classical_classification_v1,1,30,test,road_id,NL-022,Free-flow,Heavy,0
classical_classification_v1,1,30,test,road_id,NL-022,Free-flow,Severe,0
classical_classification_v1,1,30,test,road_id,NL-022,Moderate,Free-flow,11
classical_classification_v1,1,30,test,road_id,NL-022,Moderate,Moderate,171
classical_classification_v1,1,30,test,road_id,NL-022,Moderate,Heavy,23
classical_classification_v1,1,30,test,road_id,NL-022,Moderate,Severe,2
classical_classification_v1,1,30,test,road_id,NL-022,Heavy,Free-flow,0
classical_classification_v1,1,30,test,road_id,NL-022,Heavy,Moderate,13
classical_classification_v1,1,30,test,road_id,NL-022,Heavy,Heavy,52
classical_classification_v1,1,30,test,road_id,NL-022,Heavy,Severe,27
classical_classification_v1,1,30,test,road_id,NL-022,Severe,Free-flow,0
classical_classification_v1,1,30,test,road_id,NL-022,Severe,Moderate,0
classical_classification_v1,1,30,test,road_id,NL-022,Severe,Heavy,12
classical_classification_v1,1,30,test,road_id,NL-022,Severe,Severe,47
classical_classification_v1,1,30,test,road_id,NL-023,Free-flow,Free-flow,627
classical_classification_v1,1,30,test,road_id,NL-023,Free-flow,Moderate,41
classical_classification_v1,1,30,test,road_id,NL-023,Free-flow,Heavy,1
classical_classification_v1,1,30,test,road_id,NL-023,Free-flow,Severe,0
classical_classification_v1,1,30,test,road_id,NL-023,Moderate,Free-flow,29
classical_classification_v1,1,30,test,road_id,NL-023,Moderate,Moderate,197
classical_classification_v1,1,30,test,road_id,NL-023,Moderate,Heavy,24
classical_classification_v1,1,30,test,road_id,NL-023,Moderate,Severe,1
classical_classification_v1,1,30,test,road_id,NL-023,Heavy,Free-flow,0
classical_classification_v1,1,30,test,road_id,NL-023,Heavy,Moderate,14
classical_classification_v1,1,30,test,road_id,NL-023,Heavy,Heavy,64
classical_classification_v1,1,30,test,road_id,NL-023,Heavy,Severe,33
classical_classification_v1,1,30,test,road_id,NL-023,Severe,Free-flow,0
classical_classification_v1,1,30,test,road_id,NL-023,Severe,Moderate,0
classical_classification_v1,1,30,test,road_id,NL-023,Severe,Heavy,12
classical_classification_v1,1,30,test,road_id,NL-023,Severe,Severe,43
classical_classification_v1,1,30,test,road_id,NL-024,Free-flow,Free-flow,657
classical_classification_v1,1,30,test,road_id,NL-024,Free-flow,Moderate,37
classical_classification_v1,1,30,test,road_id,NL-024,Free-flow,Heavy,0
classical_classification_v1,1,30,test,road_id,NL-024,Free-flow,Severe,0
classical_classification_v1,1,30,test,road_id,NL-024,Moderate,Free-flow,28
classical_classification_v1,1,30,test,road_id,NL-024,Moderate,Moderate,184
classical_classification_v1,1,30,test,road_id,NL-024,Moderate,Heavy,28
classical_classification_v1,1,30,test,road_id,NL-024,Moderate,Severe,2
classical_classification_v1,1,30,test,road_id,NL-024,Heavy,Free-flow,0
classical_classification_v1,1,30,test,road_id,NL-024,Heavy,Moderate,11
classical_classification_v1,1,30,test,road_id,NL-024,Heavy,Heavy,58
classical_classification_v1,1,30,test,road_id,NL-024,Heavy,Severe,19
classical_classification_v1,1,30,test,road_id,NL-024,Severe,Free-flow,0
classical_classification_v1,1,30,test,road_id,NL-024,Severe,Moderate,1
classical_classification_v1,1,30,test,road_id,NL-024,Severe,Heavy,14
classical_classification_v1,1,30,test,road_id,NL-024,Severe,Severe,47
classical_classification_v1,1,30,test,road_id,NL-025,Free-flow,Free-flow,689
classical_classification_v1,1,30,test,road_id,NL-025,Free-flow,Moderate,26
classical_classification_v1,1,30,test,road_id,NL-025,Free-flow,Heavy,0
classical_classification_v1,1,30,test,road_id,NL-025,Free-flow,Severe,0
classical_classification_v1,1,30,test,road_id,NL-025,Moderate,Free-flow,19
classical_classification_v1,1,30,test,road_id,NL-025,Moderate,Moderate,173
classical_classification_v1,1,30,test,road_id,NL-025,Moderate,Heavy,32
classical_classification_v1,1,30,test,road_id,NL-025,Moderate,Severe,1
classical_classification_v1,1,30,test,road_id,NL-025,Heavy,Free-flow,0
classical_classification_v1,1,30,test,road_id,NL-025,Heavy,Moderate,14
classical_classification_v1,1,30,test,road_id,NL-025,Heavy,Heavy,51
classical_classification_v1,1,30,test,road_id,NL-025,Heavy,Severe,34
classical_classification_v1,1,30,test,road_id,NL-025,Severe,Free-flow,0
classical_classification_v1,1,30,test,road_id,NL-025,Severe,Moderate,1
classical_classification_v1,1,30,test,road_id,NL-025,Severe,Heavy,9
classical_classification_v1,1,30,test,road_id,NL-025,Severe,Severe,37
classical_classification_v1,1,30,test,origin_hour,0,Free-flow,Free-flow,1100
classical_classification_v1,1,30,test,origin_hour,0,Free-flow,Moderate,0
classical_classification_v1,1,30,test,origin_hour,0,Free-flow,Heavy,0
classical_classification_v1,1,30,test,origin_hour,0,Free-flow,Severe,0
classical_classification_v1,1,30,test,origin_hour,0,Moderate,Free-flow,0
classical_classification_v1,1,30,test,origin_hour,0,Moderate,Moderate,0
classical_classification_v1,1,30,test,origin_hour,0,Moderate,Heavy,0
classical_classification_v1,1,30,test,origin_hour,0,Moderate,Severe,0
classical_classification_v1,1,30,test,origin_hour,0,Heavy,Free-flow,0
classical_classification_v1,1,30,test,origin_hour,0,Heavy,Moderate,0
classical_classification_v1,1,30,test,origin_hour,0,Heavy,Heavy,0
classical_classification_v1,1,30,test,origin_hour,0,Heavy,Severe,0
classical_classification_v1,1,30,test,origin_hour,0,Severe,Free-flow,0
classical_classification_v1,1,30,test,origin_hour,0,Severe,Moderate,0
classical_classification_v1,1,30,test,origin_hour,0,Severe,Heavy,0
classical_classification_v1,1,30,test,origin_hour,0,Severe,Severe,0
classical_classification_v1,1,30,test,origin_hour,1,Free-flow,Free-flow,1100
classical_classification_v1,1,30,test,origin_hour,1,Free-flow,Moderate,0
classical_classification_v1,1,30,test,origin_hour,1,Free-flow,Heavy,0
classical_classification_v1,1,30,test,origin_hour,1,Free-flow,Severe,0
classical_classification_v1,1,30,test,origin_hour,1,Moderate,Free-flow,0
classical_classification_v1,1,30,test,origin_hour,1,Moderate,Moderate,0
classical_classification_v1,1,30,test,origin_hour,1,Moderate,Heavy,0
classical_classification_v1,1,30,test,origin_hour,1,Moderate,Severe,0
classical_classification_v1,1,30,test,origin_hour,1,Heavy,Free-flow,0
classical_classification_v1,1,30,test,origin_hour,1,Heavy,Moderate,0
classical_classification_v1,1,30,test,origin_hour,1,Heavy,Heavy,0
classical_classification_v1,1,30,test,origin_hour,1,Heavy,Severe,0
classical_classification_v1,1,30,test,origin_hour,1,Severe,Free-flow,0
classical_classification_v1,1,30,test,origin_hour,1,Severe,Moderate,0
classical_classification_v1,1,30,test,origin_hour,1,Severe,Heavy,0
classical_classification_v1,1,30,test,origin_hour,1,Severe,Severe,0
classical_classification_v1,1,30,test,origin_hour,2,Free-flow,Free-flow,1100
classical_classification_v1,1,30,test,origin_hour,2,Free-flow,Moderate,0
classical_classification_v1,1,30,test,origin_hour,2,Free-flow,Heavy,0
classical_classification_v1,1,30,test,origin_hour,2,Free-flow,Severe,0
classical_classification_v1,1,30,test,origin_hour,2,Moderate,Free-flow,0
classical_classification_v1,1,30,test,origin_hour,2,Moderate,Moderate,0
classical_classification_v1,1,30,test,origin_hour,2,Moderate,Heavy,0
classical_classification_v1,1,30,test,origin_hour,2,Moderate,Severe,0
classical_classification_v1,1,30,test,origin_hour,2,Heavy,Free-flow,0
classical_classification_v1,1,30,test,origin_hour,2,Heavy,Moderate,0
classical_classification_v1,1,30,test,origin_hour,2,Heavy,Heavy,0
classical_classification_v1,1,30,test,origin_hour,2,Heavy,Severe,0
classical_classification_v1,1,30,test,origin_hour,2,Severe,Free-flow,0
classical_classification_v1,1,30,test,origin_hour,2,Severe,Moderate,0
classical_classification_v1,1,30,test,origin_hour,2,Severe,Heavy,0
classical_classification_v1,1,30,test,origin_hour,2,Severe,Severe,0
classical_classification_v1,1,30,test,origin_hour,3,Free-flow,Free-flow,1100
classical_classification_v1,1,30,test,origin_hour,3,Free-flow,Moderate,0
classical_classification_v1,1,30,test,origin_hour,3,Free-flow,Heavy,0
classical_classification_v1,1,30,test,origin_hour,3,Free-flow,Severe,0
classical_classification_v1,1,30,test,origin_hour,3,Moderate,Free-flow,0
classical_classification_v1,1,30,test,origin_hour,3,Moderate,Moderate,0
classical_classification_v1,1,30,test,origin_hour,3,Moderate,Heavy,0
classical_classification_v1,1,30,test,origin_hour,3,Moderate,Severe,0
classical_classification_v1,1,30,test,origin_hour,3,Heavy,Free-flow,0
classical_classification_v1,1,30,test,origin_hour,3,Heavy,Moderate,0
classical_classification_v1,1,30,test,origin_hour,3,Heavy,Heavy,0
classical_classification_v1,1,30,test,origin_hour,3,Heavy,Severe,0
classical_classification_v1,1,30,test,origin_hour,3,Severe,Free-flow,0
classical_classification_v1,1,30,test,origin_hour,3,Severe,Moderate,0
classical_classification_v1,1,30,test,origin_hour,3,Severe,Heavy,0
classical_classification_v1,1,30,test,origin_hour,3,Severe,Severe,0
classical_classification_v1,1,30,test,origin_hour,4,Free-flow,Free-flow,1100
classical_classification_v1,1,30,test,origin_hour,4,Free-flow,Moderate,0
classical_classification_v1,1,30,test,origin_hour,4,Free-flow,Heavy,0
classical_classification_v1,1,30,test,origin_hour,4,Free-flow,Severe,0
classical_classification_v1,1,30,test,origin_hour,4,Moderate,Free-flow,0
classical_classification_v1,1,30,test,origin_hour,4,Moderate,Moderate,0
classical_classification_v1,1,30,test,origin_hour,4,Moderate,Heavy,0
classical_classification_v1,1,30,test,origin_hour,4,Moderate,Severe,0
classical_classification_v1,1,30,test,origin_hour,4,Heavy,Free-flow,0
classical_classification_v1,1,30,test,origin_hour,4,Heavy,Moderate,0
classical_classification_v1,1,30,test,origin_hour,4,Heavy,Heavy,0
classical_classification_v1,1,30,test,origin_hour,4,Heavy,Severe,0
classical_classification_v1,1,30,test,origin_hour,4,Severe,Free-flow,0
classical_classification_v1,1,30,test,origin_hour,4,Severe,Moderate,0
classical_classification_v1,1,30,test,origin_hour,4,Severe,Heavy,0
classical_classification_v1,1,30,test,origin_hour,4,Severe,Severe,0
classical_classification_v1,1,30,test,origin_hour,5,Free-flow,Free-flow,1085
classical_classification_v1,1,30,test,origin_hour,5,Free-flow,Moderate,3
classical_classification_v1,1,30,test,origin_hour,5,Free-flow,Heavy,0
classical_classification_v1,1,30,test,origin_hour,5,Free-flow,Severe,0
classical_classification_v1,1,30,test,origin_hour,5,Moderate,Free-flow,5
classical_classification_v1,1,30,test,origin_hour,5,Moderate,Moderate,7
classical_classification_v1,1,30,test,origin_hour,5,Moderate,Heavy,0
classical_classification_v1,1,30,test,origin_hour,5,Moderate,Severe,0
classical_classification_v1,1,30,test,origin_hour,5,Heavy,Free-flow,0
classical_classification_v1,1,30,test,origin_hour,5,Heavy,Moderate,0
classical_classification_v1,1,30,test,origin_hour,5,Heavy,Heavy,0
classical_classification_v1,1,30,test,origin_hour,5,Heavy,Severe,0
classical_classification_v1,1,30,test,origin_hour,5,Severe,Free-flow,0
classical_classification_v1,1,30,test,origin_hour,5,Severe,Moderate,0
classical_classification_v1,1,30,test,origin_hour,5,Severe,Heavy,0
classical_classification_v1,1,30,test,origin_hour,5,Severe,Severe,0
classical_classification_v1,1,30,test,origin_hour,6,Free-flow,Free-flow,467
classical_classification_v1,1,30,test,origin_hour,6,Free-flow,Moderate,81
classical_classification_v1,1,30,test,origin_hour,6,Free-flow,Heavy,0
classical_classification_v1,1,30,test,origin_hour,6,Free-flow,Severe,0
classical_classification_v1,1,30,test,origin_hour,6,Moderate,Free-flow,59
classical_classification_v1,1,30,test,origin_hour,6,Moderate,Moderate,458
classical_classification_v1,1,30,test,origin_hour,6,Moderate,Heavy,6
classical_classification_v1,1,30,test,origin_hour,6,Moderate,Severe,0
classical_classification_v1,1,30,test,origin_hour,6,Heavy,Free-flow,0
classical_classification_v1,1,30,test,origin_hour,6,Heavy,Moderate,14
classical_classification_v1,1,30,test,origin_hour,6,Heavy,Heavy,13
classical_classification_v1,1,30,test,origin_hour,6,Heavy,Severe,1
classical_classification_v1,1,30,test,origin_hour,6,Severe,Free-flow,0
classical_classification_v1,1,30,test,origin_hour,6,Severe,Moderate,0
classical_classification_v1,1,30,test,origin_hour,6,Severe,Heavy,1
classical_classification_v1,1,30,test,origin_hour,6,Severe,Severe,0
classical_classification_v1,1,30,test,origin_hour,7,Free-flow,Free-flow,52
classical_classification_v1,1,30,test,origin_hour,7,Free-flow,Moderate,8
classical_classification_v1,1,30,test,origin_hour,7,Free-flow,Heavy,1
classical_classification_v1,1,30,test,origin_hour,7,Free-flow,Severe,0
classical_classification_v1,1,30,test,origin_hour,7,Moderate,Free-flow,2
classical_classification_v1,1,30,test,origin_hour,7,Moderate,Moderate,291
classical_classification_v1,1,30,test,origin_hour,7,Moderate,Heavy,88
classical_classification_v1,1,30,test,origin_hour,7,Moderate,Severe,5
classical_classification_v1,1,30,test,origin_hour,7,Heavy,Free-flow,0
classical_classification_v1,1,30,test,origin_hour,7,Heavy,Moderate,42
classical_classification_v1,1,30,test,origin_hour,7,Heavy,Heavy,241
classical_classification_v1,1,30,test,origin_hour,7,Heavy,Severe,125
classical_classification_v1,1,30,test,origin_hour,7,Severe,Free-flow,0
classical_classification_v1,1,30,test,origin_hour,7,Severe,Moderate,1
classical_classification_v1,1,30,test,origin_hour,7,Severe,Heavy,57
classical_classification_v1,1,30,test,origin_hour,7,Severe,Severe,187
classical_classification_v1,1,30,test,origin_hour,8,Free-flow,Free-flow,44
classical_classification_v1,1,30,test,origin_hour,8,Free-flow,Moderate,2
classical_classification_v1,1,30,test,origin_hour,8,Free-flow,Heavy,0
classical_classification_v1,1,30,test,origin_hour,8,Free-flow,Severe,0
classical_classification_v1,1,30,test,origin_hour,8,Moderate,Free-flow,4
classical_classification_v1,1,30,test,origin_hour,8,Moderate,Moderate,176
classical_classification_v1,1,30,test,origin_hour,8,Moderate,Heavy,19
classical_classification_v1,1,30,test,origin_hour,8,Moderate,Severe,8
classical_classification_v1,1,30,test,origin_hour,8,Heavy,Free-flow,0
classical_classification_v1,1,30,test,origin_hour,8,Heavy,Moderate,90
classical_classification_v1,1,30,test,origin_hour,8,Heavy,Heavy,29
classical_classification_v1,1,30,test,origin_hour,8,Heavy,Severe,191
classical_classification_v1,1,30,test,origin_hour,8,Severe,Free-flow,0
classical_classification_v1,1,30,test,origin_hour,8,Severe,Moderate,6
classical_classification_v1,1,30,test,origin_hour,8,Severe,Heavy,16
classical_classification_v1,1,30,test,origin_hour,8,Severe,Severe,540
classical_classification_v1,1,30,test,origin_hour,9,Free-flow,Free-flow,46
classical_classification_v1,1,30,test,origin_hour,9,Free-flow,Moderate,33
classical_classification_v1,1,30,test,origin_hour,9,Free-flow,Heavy,3
classical_classification_v1,1,30,test,origin_hour,9,Free-flow,Severe,0
classical_classification_v1,1,30,test,origin_hour,9,Moderate,Free-flow,6
classical_classification_v1,1,30,test,origin_hour,9,Moderate,Moderate,448
classical_classification_v1,1,30,test,origin_hour,9,Moderate,Heavy,88
classical_classification_v1,1,30,test,origin_hour,9,Moderate,Severe,3
classical_classification_v1,1,30,test,origin_hour,9,Heavy,Free-flow,1
classical_classification_v1,1,30,test,origin_hour,9,Heavy,Moderate,78
classical_classification_v1,1,30,test,origin_hour,9,Heavy,Heavy,298
classical_classification_v1,1,30,test,origin_hour,9,Heavy,Severe,25
classical_classification_v1,1,30,test,origin_hour,9,Severe,Free-flow,0
classical_classification_v1,1,30,test,origin_hour,9,Severe,Moderate,4
classical_classification_v1,1,30,test,origin_hour,9,Severe,Heavy,73
classical_classification_v1,1,30,test,origin_hour,9,Severe,Severe,44
classical_classification_v1,1,30,test,origin_hour,10,Free-flow,Free-flow,317
classical_classification_v1,1,30,test,origin_hour,10,Free-flow,Moderate,120
classical_classification_v1,1,30,test,origin_hour,10,Free-flow,Heavy,0
classical_classification_v1,1,30,test,origin_hour,10,Free-flow,Severe,0
classical_classification_v1,1,30,test,origin_hour,10,Moderate,Free-flow,48
classical_classification_v1,1,30,test,origin_hour,10,Moderate,Moderate,616
classical_classification_v1,1,30,test,origin_hour,10,Moderate,Heavy,7
classical_classification_v1,1,30,test,origin_hour,10,Moderate,Severe,0
classical_classification_v1,1,30,test,origin_hour,10,Heavy,Free-flow,0
classical_classification_v1,1,30,test,origin_hour,10,Heavy,Moderate,27
classical_classification_v1,1,30,test,origin_hour,10,Heavy,Heavy,13
classical_classification_v1,1,30,test,origin_hour,10,Heavy,Severe,0
classical_classification_v1,1,30,test,origin_hour,10,Severe,Free-flow,0
classical_classification_v1,1,30,test,origin_hour,10,Severe,Moderate,0
classical_classification_v1,1,30,test,origin_hour,10,Severe,Heavy,2
classical_classification_v1,1,30,test,origin_hour,10,Severe,Severe,0
classical_classification_v1,1,30,test,origin_hour,11,Free-flow,Free-flow,698
classical_classification_v1,1,30,test,origin_hour,11,Free-flow,Moderate,109
classical_classification_v1,1,30,test,origin_hour,11,Free-flow,Heavy,0
classical_classification_v1,1,30,test,origin_hour,11,Free-flow,Severe,0
classical_classification_v1,1,30,test,origin_hour,11,Moderate,Free-flow,78
classical_classification_v1,1,30,test,origin_hour,11,Moderate,Moderate,260
classical_classification_v1,1,30,test,origin_hour,11,Moderate,Heavy,0
classical_classification_v1,1,30,test,origin_hour,11,Moderate,Severe,0
classical_classification_v1,1,30,test,origin_hour,11,Heavy,Free-flow,0
classical_classification_v1,1,30,test,origin_hour,11,Heavy,Moderate,5
classical_classification_v1,1,30,test,origin_hour,11,Heavy,Heavy,0
classical_classification_v1,1,30,test,origin_hour,11,Heavy,Severe,0
classical_classification_v1,1,30,test,origin_hour,11,Severe,Free-flow,0
classical_classification_v1,1,30,test,origin_hour,11,Severe,Moderate,0
classical_classification_v1,1,30,test,origin_hour,11,Severe,Heavy,0
classical_classification_v1,1,30,test,origin_hour,11,Severe,Severe,0
classical_classification_v1,1,30,test,origin_hour,12,Free-flow,Free-flow,750
classical_classification_v1,1,30,test,origin_hour,12,Free-flow,Moderate,116
classical_classification_v1,1,30,test,origin_hour,12,Free-flow,Heavy,0
classical_classification_v1,1,30,test,origin_hour,12,Free-flow,Severe,0
classical_classification_v1,1,30,test,origin_hour,12,Moderate,Free-flow,53
classical_classification_v1,1,30,test,origin_hour,12,Moderate,Moderate,228
classical_classification_v1,1,30,test,origin_hour,12,Moderate,Heavy,0
classical_classification_v1,1,30,test,origin_hour,12,Moderate,Severe,0
classical_classification_v1,1,30,test,origin_hour,12,Heavy,Free-flow,0
classical_classification_v1,1,30,test,origin_hour,12,Heavy,Moderate,3
classical_classification_v1,1,30,test,origin_hour,12,Heavy,Heavy,0
classical_classification_v1,1,30,test,origin_hour,12,Heavy,Severe,0
classical_classification_v1,1,30,test,origin_hour,12,Severe,Free-flow,0
classical_classification_v1,1,30,test,origin_hour,12,Severe,Moderate,0
classical_classification_v1,1,30,test,origin_hour,12,Severe,Heavy,0
classical_classification_v1,1,30,test,origin_hour,12,Severe,Severe,0
classical_classification_v1,1,30,test,origin_hour,13,Free-flow,Free-flow,737
classical_classification_v1,1,30,test,origin_hour,13,Free-flow,Moderate,89
classical_classification_v1,1,30,test,origin_hour,13,Free-flow,Heavy,0
classical_classification_v1,1,30,test,origin_hour,13,Free-flow,Severe,0
classical_classification_v1,1,30,test,origin_hour,13,Moderate,Free-flow,76
classical_classification_v1,1,30,test,origin_hour,13,Moderate,Moderate,245
classical_classification_v1,1,30,test,origin_hour,13,Moderate,Heavy,1
classical_classification_v1,1,30,test,origin_hour,13,Moderate,Severe,0
classical_classification_v1,1,30,test,origin_hour,13,Heavy,Free-flow,0
classical_classification_v1,1,30,test,origin_hour,13,Heavy,Moderate,2
classical_classification_v1,1,30,test,origin_hour,13,Heavy,Heavy,0
classical_classification_v1,1,30,test,origin_hour,13,Heavy,Severe,0
classical_classification_v1,1,30,test,origin_hour,13,Severe,Free-flow,0
classical_classification_v1,1,30,test,origin_hour,13,Severe,Moderate,0
classical_classification_v1,1,30,test,origin_hour,13,Severe,Heavy,0
classical_classification_v1,1,30,test,origin_hour,13,Severe,Severe,0
classical_classification_v1,1,30,test,origin_hour,14,Free-flow,Free-flow,556
classical_classification_v1,1,30,test,origin_hour,14,Free-flow,Moderate,110
classical_classification_v1,1,30,test,origin_hour,14,Free-flow,Heavy,0
classical_classification_v1,1,30,test,origin_hour,14,Free-flow,Severe,0
classical_classification_v1,1,30,test,origin_hour,14,Moderate,Free-flow,84
classical_classification_v1,1,30,test,origin_hour,14,Moderate,Moderate,391
classical_classification_v1,1,30,test,origin_hour,14,Moderate,Heavy,0
classical_classification_v1,1,30,test,origin_hour,14,Moderate,Severe,0
classical_classification_v1,1,30,test,origin_hour,14,Heavy,Free-flow,0
classical_classification_v1,1,30,test,origin_hour,14,Heavy,Moderate,8
classical_classification_v1,1,30,test,origin_hour,14,Heavy,Heavy,1
classical_classification_v1,1,30,test,origin_hour,14,Heavy,Severe,0
classical_classification_v1,1,30,test,origin_hour,14,Severe,Free-flow,0
classical_classification_v1,1,30,test,origin_hour,14,Severe,Moderate,0
classical_classification_v1,1,30,test,origin_hour,14,Severe,Heavy,0
classical_classification_v1,1,30,test,origin_hour,14,Severe,Severe,0
classical_classification_v1,1,30,test,origin_hour,15,Free-flow,Free-flow,218
classical_classification_v1,1,30,test,origin_hour,15,Free-flow,Moderate,68
classical_classification_v1,1,30,test,origin_hour,15,Free-flow,Heavy,0
classical_classification_v1,1,30,test,origin_hour,15,Free-flow,Severe,0
classical_classification_v1,1,30,test,origin_hour,15,Moderate,Free-flow,50
classical_classification_v1,1,30,test,origin_hour,15,Moderate,Moderate,720
classical_classification_v1,1,30,test,origin_hour,15,Moderate,Heavy,9
classical_classification_v1,1,30,test,origin_hour,15,Moderate,Severe,2
classical_classification_v1,1,30,test,origin_hour,15,Heavy,Free-flow,0
classical_classification_v1,1,30,test,origin_hour,15,Heavy,Moderate,50
classical_classification_v1,1,30,test,origin_hour,15,Heavy,Heavy,19
classical_classification_v1,1,30,test,origin_hour,15,Heavy,Severe,5
classical_classification_v1,1,30,test,origin_hour,15,Severe,Free-flow,0
classical_classification_v1,1,30,test,origin_hour,15,Severe,Moderate,2
classical_classification_v1,1,30,test,origin_hour,15,Severe,Heavy,2
classical_classification_v1,1,30,test,origin_hour,15,Severe,Severe,5
classical_classification_v1,1,30,test,origin_hour,16,Free-flow,Free-flow,52
classical_classification_v1,1,30,test,origin_hour,16,Free-flow,Moderate,15
classical_classification_v1,1,30,test,origin_hour,16,Free-flow,Heavy,1
classical_classification_v1,1,30,test,origin_hour,16,Free-flow,Severe,0
classical_classification_v1,1,30,test,origin_hour,16,Moderate,Free-flow,3
classical_classification_v1,1,30,test,origin_hour,16,Moderate,Moderate,333
classical_classification_v1,1,30,test,origin_hour,16,Moderate,Heavy,176
classical_classification_v1,1,30,test,origin_hour,16,Moderate,Severe,1
classical_classification_v1,1,30,test,origin_hour,16,Heavy,Free-flow,1
classical_classification_v1,1,30,test,origin_hour,16,Heavy,Moderate,35
classical_classification_v1,1,30,test,origin_hour,16,Heavy,Heavy,393
classical_classification_v1,1,30,test,origin_hour,16,Heavy,Severe,5
classical_classification_v1,1,30,test,origin_hour,16,Severe,Free-flow,0
classical_classification_v1,1,30,test,origin_hour,16,Severe,Moderate,2
classical_classification_v1,1,30,test,origin_hour,16,Severe,Heavy,86
classical_classification_v1,1,30,test,origin_hour,16,Severe,Severe,47
classical_classification_v1,1,30,test,origin_hour,17,Free-flow,Free-flow,48
classical_classification_v1,1,30,test,origin_hour,17,Free-flow,Moderate,3
classical_classification_v1,1,30,test,origin_hour,17,Free-flow,Heavy,0
classical_classification_v1,1,30,test,origin_hour,17,Free-flow,Severe,0
classical_classification_v1,1,30,test,origin_hour,17,Moderate,Free-flow,0
classical_classification_v1,1,30,test,origin_hour,17,Moderate,Moderate,264
classical_classification_v1,1,30,test,origin_hour,17,Moderate,Heavy,15
classical_classification_v1,1,30,test,origin_hour,17,Moderate,Severe,18
classical_classification_v1,1,30,test,origin_hour,17,Heavy,Free-flow,0
classical_classification_v1,1,30,test,origin_hour,17,Heavy,Moderate,39
classical_classification_v1,1,30,test,origin_hour,17,Heavy,Heavy,101
classical_classification_v1,1,30,test,origin_hour,17,Heavy,Severe,298
classical_classification_v1,1,30,test,origin_hour,17,Severe,Free-flow,0
classical_classification_v1,1,30,test,origin_hour,17,Severe,Moderate,4
classical_classification_v1,1,30,test,origin_hour,17,Severe,Heavy,87
classical_classification_v1,1,30,test,origin_hour,17,Severe,Severe,273
classical_classification_v1,1,30,test,origin_hour,18,Free-flow,Free-flow,49
classical_classification_v1,1,30,test,origin_hour,18,Free-flow,Moderate,17
classical_classification_v1,1,30,test,origin_hour,18,Free-flow,Heavy,1
classical_classification_v1,1,30,test,origin_hour,18,Free-flow,Severe,0
classical_classification_v1,1,30,test,origin_hour,18,Moderate,Free-flow,1
classical_classification_v1,1,30,test,origin_hour,18,Moderate,Moderate,296
classical_classification_v1,1,30,test,origin_hour,18,Moderate,Heavy,159
classical_classification_v1,1,30,test,origin_hour,18,Moderate,Severe,1
classical_classification_v1,1,30,test,origin_hour,18,Heavy,Free-flow,0
classical_classification_v1,1,30,test,origin_hour,18,Heavy,Moderate,21
classical_classification_v1,1,30,test,origin_hour,18,Heavy,Heavy,435
classical_classification_v1,1,30,test,origin_hour,18,Heavy,Severe,25
classical_classification_v1,1,30,test,origin_hour,18,Severe,Free-flow,0
classical_classification_v1,1,30,test,origin_hour,18,Severe,Moderate,0
classical_classification_v1,1,30,test,origin_hour,18,Severe,Heavy,97
classical_classification_v1,1,30,test,origin_hour,18,Severe,Severe,48
classical_classification_v1,1,30,test,origin_hour,19,Free-flow,Free-flow,238
classical_classification_v1,1,30,test,origin_hour,19,Free-flow,Moderate,169
classical_classification_v1,1,30,test,origin_hour,19,Free-flow,Heavy,1
classical_classification_v1,1,30,test,origin_hour,19,Free-flow,Severe,0
classical_classification_v1,1,30,test,origin_hour,19,Moderate,Free-flow,28
classical_classification_v1,1,30,test,origin_hour,19,Moderate,Moderate,654
classical_classification_v1,1,30,test,origin_hour,19,Moderate,Heavy,11
classical_classification_v1,1,30,test,origin_hour,19,Moderate,Severe,1
classical_classification_v1,1,30,test,origin_hour,19,Heavy,Free-flow,0
classical_classification_v1,1,30,test,origin_hour,19,Heavy,Moderate,30
classical_classification_v1,1,30,test,origin_hour,19,Heavy,Heavy,10
classical_classification_v1,1,30,test,origin_hour,19,Heavy,Severe,2
classical_classification_v1,1,30,test,origin_hour,19,Severe,Free-flow,0
classical_classification_v1,1,30,test,origin_hour,19,Severe,Moderate,1
classical_classification_v1,1,30,test,origin_hour,19,Severe,Heavy,5
classical_classification_v1,1,30,test,origin_hour,19,Severe,Severe,0
classical_classification_v1,1,30,test,origin_hour,20,Free-flow,Free-flow,1070
classical_classification_v1,1,30,test,origin_hour,20,Free-flow,Moderate,15
classical_classification_v1,1,30,test,origin_hour,20,Free-flow,Heavy,0
classical_classification_v1,1,30,test,origin_hour,20,Free-flow,Severe,0
classical_classification_v1,1,30,test,origin_hour,20,Moderate,Free-flow,48
classical_classification_v1,1,30,test,origin_hour,20,Moderate,Moderate,17
classical_classification_v1,1,30,test,origin_hour,20,Moderate,Heavy,0
classical_classification_v1,1,30,test,origin_hour,20,Moderate,Severe,0
classical_classification_v1,1,30,test,origin_hour,20,Heavy,Free-flow,0
classical_classification_v1,1,30,test,origin_hour,20,Heavy,Moderate,0
classical_classification_v1,1,30,test,origin_hour,20,Heavy,Heavy,0
classical_classification_v1,1,30,test,origin_hour,20,Heavy,Severe,0
classical_classification_v1,1,30,test,origin_hour,20,Severe,Free-flow,0
classical_classification_v1,1,30,test,origin_hour,20,Severe,Moderate,0
classical_classification_v1,1,30,test,origin_hour,20,Severe,Heavy,0
classical_classification_v1,1,30,test,origin_hour,20,Severe,Severe,0
classical_classification_v1,1,30,test,origin_hour,21,Free-flow,Free-flow,1150
classical_classification_v1,1,30,test,origin_hour,21,Free-flow,Moderate,0
classical_classification_v1,1,30,test,origin_hour,21,Free-flow,Heavy,0
classical_classification_v1,1,30,test,origin_hour,21,Free-flow,Severe,0
classical_classification_v1,1,30,test,origin_hour,21,Moderate,Free-flow,0
classical_classification_v1,1,30,test,origin_hour,21,Moderate,Moderate,0
classical_classification_v1,1,30,test,origin_hour,21,Moderate,Heavy,0
classical_classification_v1,1,30,test,origin_hour,21,Moderate,Severe,0
classical_classification_v1,1,30,test,origin_hour,21,Heavy,Free-flow,0
classical_classification_v1,1,30,test,origin_hour,21,Heavy,Moderate,0
classical_classification_v1,1,30,test,origin_hour,21,Heavy,Heavy,0
classical_classification_v1,1,30,test,origin_hour,21,Heavy,Severe,0
classical_classification_v1,1,30,test,origin_hour,21,Severe,Free-flow,0
classical_classification_v1,1,30,test,origin_hour,21,Severe,Moderate,0
classical_classification_v1,1,30,test,origin_hour,21,Severe,Heavy,0
classical_classification_v1,1,30,test,origin_hour,21,Severe,Severe,0
classical_classification_v1,1,30,test,origin_hour,22,Free-flow,Free-flow,1150
classical_classification_v1,1,30,test,origin_hour,22,Free-flow,Moderate,0
classical_classification_v1,1,30,test,origin_hour,22,Free-flow,Heavy,0
classical_classification_v1,1,30,test,origin_hour,22,Free-flow,Severe,0
classical_classification_v1,1,30,test,origin_hour,22,Moderate,Free-flow,0
classical_classification_v1,1,30,test,origin_hour,22,Moderate,Moderate,0
classical_classification_v1,1,30,test,origin_hour,22,Moderate,Heavy,0
classical_classification_v1,1,30,test,origin_hour,22,Moderate,Severe,0
classical_classification_v1,1,30,test,origin_hour,22,Heavy,Free-flow,0
classical_classification_v1,1,30,test,origin_hour,22,Heavy,Moderate,0
classical_classification_v1,1,30,test,origin_hour,22,Heavy,Heavy,0
classical_classification_v1,1,30,test,origin_hour,22,Heavy,Severe,0
classical_classification_v1,1,30,test,origin_hour,22,Severe,Free-flow,0
classical_classification_v1,1,30,test,origin_hour,22,Severe,Moderate,0
classical_classification_v1,1,30,test,origin_hour,22,Severe,Heavy,0
classical_classification_v1,1,30,test,origin_hour,22,Severe,Severe,0
classical_classification_v1,1,30,test,origin_hour,23,Free-flow,Free-flow,1125
classical_classification_v1,1,30,test,origin_hour,23,Free-flow,Moderate,0
classical_classification_v1,1,30,test,origin_hour,23,Free-flow,Heavy,0
classical_classification_v1,1,30,test,origin_hour,23,Free-flow,Severe,0
classical_classification_v1,1,30,test,origin_hour,23,Moderate,Free-flow,0
classical_classification_v1,1,30,test,origin_hour,23,Moderate,Moderate,0
classical_classification_v1,1,30,test,origin_hour,23,Moderate,Heavy,0
classical_classification_v1,1,30,test,origin_hour,23,Moderate,Severe,0
classical_classification_v1,1,30,test,origin_hour,23,Heavy,Free-flow,0
classical_classification_v1,1,30,test,origin_hour,23,Heavy,Moderate,0
classical_classification_v1,1,30,test,origin_hour,23,Heavy,Heavy,0
classical_classification_v1,1,30,test,origin_hour,23,Heavy,Severe,0
classical_classification_v1,1,30,test,origin_hour,23,Severe,Free-flow,0
classical_classification_v1,1,30,test,origin_hour,23,Severe,Moderate,0
classical_classification_v1,1,30,test,origin_hour,23,Severe,Heavy,0
classical_classification_v1,1,30,test,origin_hour,23,Severe,Severe,0
classical_classification_v1,1,30,test,weekday,Friday,Free-flow,Free-flow,2109
classical_classification_v1,1,30,test,weekday,Friday,Free-flow,Moderate,206
classical_classification_v1,1,30,test,weekday,Friday,Free-flow,Heavy,0
classical_classification_v1,1,30,test,weekday,Friday,Free-flow,Severe,0
classical_classification_v1,1,30,test,weekday,Friday,Moderate,Free-flow,86
classical_classification_v1,1,30,test,weekday,Friday,Moderate,Moderate,907
classical_classification_v1,1,30,test,weekday,Friday,Moderate,Heavy,119
classical_classification_v1,1,30,test,weekday,Friday,Moderate,Severe,6
classical_classification_v1,1,30,test,weekday,Friday,Heavy,Free-flow,0
classical_classification_v1,1,30,test,weekday,Friday,Heavy,Moderate,51
classical_classification_v1,1,30,test,weekday,Friday,Heavy,Heavy,393
classical_classification_v1,1,30,test,weekday,Friday,Heavy,Severe,168
classical_classification_v1,1,30,test,weekday,Friday,Severe,Free-flow,0
classical_classification_v1,1,30,test,weekday,Friday,Severe,Moderate,2
classical_classification_v1,1,30,test,weekday,Friday,Severe,Heavy,97
classical_classification_v1,1,30,test,weekday,Friday,Severe,Severe,231
classical_classification_v1,1,30,test,weekday,Monday,Free-flow,Free-flow,1818
classical_classification_v1,1,30,test,weekday,Monday,Free-flow,Moderate,144
classical_classification_v1,1,30,test,weekday,Monday,Free-flow,Heavy,7
classical_classification_v1,1,30,test,weekday,Monday,Free-flow,Severe,0
classical_classification_v1,1,30,test,weekday,Monday,Moderate,Free-flow,104
classical_classification_v1,1,30,test,weekday,Monday,Moderate,Moderate,677
classical_classification_v1,1,30,test,weekday,Monday,Moderate,Heavy,103
classical_classification_v1,1,30,test,weekday,Monday,Moderate,Severe,6
classical_classification_v1,1,30,test,weekday,Monday,Heavy,Free-flow,2
classical_classification_v1,1,30,test,weekday,Monday,Heavy,Moderate,59
classical_classification_v1,1,30,test,weekday,Monday,Heavy,Heavy,299
classical_classification_v1,1,30,test,weekday,Monday,Heavy,Severe,118
classical_classification_v1,1,30,test,weekday,Monday,Severe,Free-flow,0
classical_classification_v1,1,30,test,weekday,Monday,Severe,Moderate,2
classical_classification_v1,1,30,test,weekday,Monday,Severe,Heavy,90
classical_classification_v1,1,30,test,weekday,Monday,Severe,Severe,171
classical_classification_v1,1,30,test,weekday,Saturday,Free-flow,Free-flow,3310
classical_classification_v1,1,30,test,weekday,Saturday,Free-flow,Moderate,136
classical_classification_v1,1,30,test,weekday,Saturday,Free-flow,Heavy,0
classical_classification_v1,1,30,test,weekday,Saturday,Free-flow,Severe,0
classical_classification_v1,1,30,test,weekday,Saturday,Moderate,Free-flow,84
classical_classification_v1,1,30,test,weekday,Saturday,Moderate,Moderate,1102
classical_classification_v1,1,30,test,weekday,Saturday,Moderate,Heavy,10
classical_classification_v1,1,30,test,weekday,Saturday,Moderate,Severe,0
classical_classification_v1,1,30,test,weekday,Saturday,Heavy,Free-flow,0
classical_classification_v1,1,30,test,weekday,Saturday,Heavy,Moderate,120
classical_classification_v1,1,30,test,weekday,Saturday,Heavy,Heavy,5
classical_classification_v1,1,30,test,weekday,Saturday,Heavy,Severe,0
classical_classification_v1,1,30,test,weekday,Saturday,Severe,Free-flow,0
classical_classification_v1,1,30,test,weekday,Saturday,Severe,Moderate,8
classical_classification_v1,1,30,test,weekday,Saturday,Severe,Heavy,0
classical_classification_v1,1,30,test,weekday,Saturday,Severe,Severe,0
classical_classification_v1,1,30,test,weekday,Sunday,Free-flow,Free-flow,2859
classical_classification_v1,1,30,test,weekday,Sunday,Free-flow,Moderate,86
classical_classification_v1,1,30,test,weekday,Sunday,Free-flow,Heavy,0
classical_classification_v1,1,30,test,weekday,Sunday,Free-flow,Severe,0
classical_classification_v1,1,30,test,weekday,Sunday,Moderate,Free-flow,50
classical_classification_v1,1,30,test,weekday,Sunday,Moderate,Moderate,535
classical_classification_v1,1,30,test,weekday,Sunday,Moderate,Heavy,10
classical_classification_v1,1,30,test,weekday,Sunday,Moderate,Severe,0
classical_classification_v1,1,30,test,weekday,Sunday,Heavy,Free-flow,0
classical_classification_v1,1,30,test,weekday,Sunday,Heavy,Moderate,55
classical_classification_v1,1,30,test,weekday,Sunday,Heavy,Heavy,5
classical_classification_v1,1,30,test,weekday,Sunday,Heavy,Severe,0
classical_classification_v1,1,30,test,weekday,Sunday,Severe,Free-flow,0
classical_classification_v1,1,30,test,weekday,Sunday,Severe,Moderate,0
classical_classification_v1,1,30,test,weekday,Sunday,Severe,Heavy,0
classical_classification_v1,1,30,test,weekday,Sunday,Severe,Severe,0
classical_classification_v1,1,30,test,weekday,Thursday,Free-flow,Free-flow,1651
classical_classification_v1,1,30,test,weekday,Thursday,Free-flow,Moderate,112
classical_classification_v1,1,30,test,weekday,Thursday,Free-flow,Heavy,0
classical_classification_v1,1,30,test,weekday,Thursday,Free-flow,Severe,0
classical_classification_v1,1,30,test,weekday,Thursday,Moderate,Free-flow,66
classical_classification_v1,1,30,test,weekday,Thursday,Moderate,Moderate,739
classical_classification_v1,1,30,test,weekday,Thursday,Moderate,Heavy,94
classical_classification_v1,1,30,test,weekday,Thursday,Moderate,Severe,10
classical_classification_v1,1,30,test,weekday,Thursday,Heavy,Free-flow,0
classical_classification_v1,1,30,test,weekday,Thursday,Heavy,Moderate,73
classical_classification_v1,1,30,test,weekday,Thursday,Heavy,Heavy,243
classical_classification_v1,1,30,test,weekday,Thursday,Heavy,Severe,139
classical_classification_v1,1,30,test,weekday,Thursday,Severe,Free-flow,0
classical_classification_v1,1,30,test,weekday,Thursday,Severe,Moderate,4
classical_classification_v1,1,30,test,weekday,Thursday,Severe,Heavy,85
classical_classification_v1,1,30,test,weekday,Thursday,Severe,Severe,384
classical_classification_v1,1,30,test,weekday,Tuesday,Free-flow,Free-flow,1795
classical_classification_v1,1,30,test,weekday,Tuesday,Free-flow,Moderate,136
classical_classification_v1,1,30,test,weekday,Tuesday,Free-flow,Heavy,0
classical_classification_v1,1,30,test,weekday,Tuesday,Free-flow,Severe,0
classical_classification_v1,1,30,test,weekday,Tuesday,Moderate,Free-flow,69
classical_classification_v1,1,30,test,weekday,Tuesday,Moderate,Moderate,733
classical_classification_v1,1,30,test,weekday,Tuesday,Moderate,Heavy,115
classical_classification_v1,1,30,test,weekday,Tuesday,Moderate,Severe,7
classical_classification_v1,1,30,test,weekday,Tuesday,Heavy,Free-flow,0
classical_classification_v1,1,30,test,weekday,Tuesday,Heavy,Moderate,42
classical_classification_v1,1,30,test,weekday,Tuesday,Heavy,Heavy,313
classical_classification_v1,1,30,test,weekday,Tuesday,Heavy,Severe,114
classical_classification_v1,1,30,test,weekday,Tuesday,Severe,Free-flow,0
classical_classification_v1,1,30,test,weekday,Tuesday,Severe,Moderate,2
classical_classification_v1,1,30,test,weekday,Tuesday,Severe,Heavy,90
classical_classification_v1,1,30,test,weekday,Tuesday,Severe,Severe,184
classical_classification_v1,1,30,test,weekday,Wednesday,Free-flow,Free-flow,1810
classical_classification_v1,1,30,test,weekday,Wednesday,Free-flow,Moderate,138
classical_classification_v1,1,30,test,weekday,Wednesday,Free-flow,Heavy,0
classical_classification_v1,1,30,test,weekday,Wednesday,Free-flow,Severe,0
classical_classification_v1,1,30,test,weekday,Wednesday,Moderate,Free-flow,86
classical_classification_v1,1,30,test,weekday,Wednesday,Moderate,Moderate,711
classical_classification_v1,1,30,test,weekday,Wednesday,Moderate,Heavy,128
classical_classification_v1,1,30,test,weekday,Wednesday,Moderate,Severe,10
classical_classification_v1,1,30,test,weekday,Wednesday,Heavy,Free-flow,0
classical_classification_v1,1,30,test,weekday,Wednesday,Heavy,Moderate,44
classical_classification_v1,1,30,test,weekday,Wednesday,Heavy,Heavy,295
classical_classification_v1,1,30,test,weekday,Wednesday,Heavy,Severe,138
classical_classification_v1,1,30,test,weekday,Wednesday,Severe,Free-flow,0
classical_classification_v1,1,30,test,weekday,Wednesday,Severe,Moderate,2
classical_classification_v1,1,30,test,weekday,Wednesday,Severe,Heavy,64
classical_classification_v1,1,30,test,weekday,Wednesday,Severe,Severe,174
classical_classification_v1,1,30,test,weekday_type,weekday,Free-flow,Free-flow,9183
classical_classification_v1,1,30,test,weekday_type,weekday,Free-flow,Moderate,736
classical_classification_v1,1,30,test,weekday_type,weekday,Free-flow,Heavy,7
classical_classification_v1,1,30,test,weekday_type,weekday,Free-flow,Severe,0
classical_classification_v1,1,30,test,weekday_type,weekday,Moderate,Free-flow,411
classical_classification_v1,1,30,test,weekday_type,weekday,Moderate,Moderate,3767
classical_classification_v1,1,30,test,weekday_type,weekday,Moderate,Heavy,559
classical_classification_v1,1,30,test,weekday_type,weekday,Moderate,Severe,39
classical_classification_v1,1,30,test,weekday_type,weekday,Heavy,Free-flow,2
classical_classification_v1,1,30,test,weekday_type,weekday,Heavy,Moderate,269
classical_classification_v1,1,30,test,weekday_type,weekday,Heavy,Heavy,1543
classical_classification_v1,1,30,test,weekday_type,weekday,Heavy,Severe,677
classical_classification_v1,1,30,test,weekday_type,weekday,Severe,Free-flow,0
classical_classification_v1,1,30,test,weekday_type,weekday,Severe,Moderate,12
classical_classification_v1,1,30,test,weekday_type,weekday,Severe,Heavy,426
classical_classification_v1,1,30,test,weekday_type,weekday,Severe,Severe,1144
classical_classification_v1,1,30,test,weekday_type,weekend,Free-flow,Free-flow,6169
classical_classification_v1,1,30,test,weekday_type,weekend,Free-flow,Moderate,222
classical_classification_v1,1,30,test,weekday_type,weekend,Free-flow,Heavy,0
classical_classification_v1,1,30,test,weekday_type,weekend,Free-flow,Severe,0
classical_classification_v1,1,30,test,weekday_type,weekend,Moderate,Free-flow,134
classical_classification_v1,1,30,test,weekday_type,weekend,Moderate,Moderate,1637
classical_classification_v1,1,30,test,weekday_type,weekend,Moderate,Heavy,20
classical_classification_v1,1,30,test,weekday_type,weekend,Moderate,Severe,0
classical_classification_v1,1,30,test,weekday_type,weekend,Heavy,Free-flow,0
classical_classification_v1,1,30,test,weekday_type,weekend,Heavy,Moderate,175
classical_classification_v1,1,30,test,weekday_type,weekend,Heavy,Heavy,10
classical_classification_v1,1,30,test,weekday_type,weekend,Heavy,Severe,0
classical_classification_v1,1,30,test,weekday_type,weekend,Severe,Free-flow,0
classical_classification_v1,1,30,test,weekday_type,weekend,Severe,Moderate,8
classical_classification_v1,1,30,test,weekday_type,weekend,Severe,Heavy,0
classical_classification_v1,1,30,test,weekday_type,weekend,Severe,Severe,0
classical_classification_v1,1,30,test,peak_status,evening_peak,Free-flow,Free-flow,335
classical_classification_v1,1,30,test,peak_status,evening_peak,Free-flow,Moderate,189
classical_classification_v1,1,30,test,peak_status,evening_peak,Free-flow,Heavy,2
classical_classification_v1,1,30,test,peak_status,evening_peak,Free-flow,Severe,0
classical_classification_v1,1,30,test,peak_status,evening_peak,Moderate,Free-flow,29
classical_classification_v1,1,30,test,peak_status,evening_peak,Moderate,Moderate,1214
classical_classification_v1,1,30,test,peak_status,evening_peak,Moderate,Heavy,185
classical_classification_v1,1,30,test,peak_status,evening_peak,Moderate,Severe,20
classical_classification_v1,1,30,test,peak_status,evening_peak,Heavy,Free-flow,0
classical_classification_v1,1,30,test,peak_status,evening_peak,Heavy,Moderate,90
classical_classification_v1,1,30,test,peak_status,evening_peak,Heavy,Heavy,546
classical_classification_v1,1,30,test,peak_status,evening_peak,Heavy,Severe,325
classical_classification_v1,1,30,test,peak_status,evening_peak,Severe,Free-flow,0
classical_classification_v1,1,30,test,peak_status,evening_peak,Severe,Moderate,5
classical_classification_v1,1,30,test,peak_status,evening_peak,Severe,Heavy,189
classical_classification_v1,1,30,test,peak_status,evening_peak,Severe,Severe,321
classical_classification_v1,1,30,test,peak_status,morning_peak,Free-flow,Free-flow,142
classical_classification_v1,1,30,test,peak_status,morning_peak,Free-flow,Moderate,43
classical_classification_v1,1,30,test,peak_status,morning_peak,Free-flow,Heavy,4
classical_classification_v1,1,30,test,peak_status,morning_peak,Free-flow,Severe,0
classical_classification_v1,1,30,test,peak_status,morning_peak,Moderate,Free-flow,12
classical_classification_v1,1,30,test,peak_status,morning_peak,Moderate,Moderate,915
classical_classification_v1,1,30,test,peak_status,morning_peak,Moderate,Heavy,195
classical_classification_v1,1,30,test,peak_status,morning_peak,Moderate,Severe,16
classical_classification_v1,1,30,test,peak_status,morning_peak,Heavy,Free-flow,1
classical_classification_v1,1,30,test,peak_status,morning_peak,Heavy,Moderate,210
classical_classification_v1,1,30,test,peak_status,morning_peak,Heavy,Heavy,568
classical_classification_v1,1,30,test,peak_status,morning_peak,Heavy,Severe,341
classical_classification_v1,1,30,test,peak_status,morning_peak,Severe,Free-flow,0
classical_classification_v1,1,30,test,peak_status,morning_peak,Severe,Moderate,11
classical_classification_v1,1,30,test,peak_status,morning_peak,Severe,Heavy,146
classical_classification_v1,1,30,test,peak_status,morning_peak,Severe,Severe,771
classical_classification_v1,1,30,test,peak_status,off_peak,Free-flow,Free-flow,14875
classical_classification_v1,1,30,test,peak_status,off_peak,Free-flow,Moderate,726
classical_classification_v1,1,30,test,peak_status,off_peak,Free-flow,Heavy,1
classical_classification_v1,1,30,test,peak_status,off_peak,Free-flow,Severe,0
classical_classification_v1,1,30,test,peak_status,off_peak,Moderate,Free-flow,504
classical_classification_v1,1,30,test,peak_status,off_peak,Moderate,Moderate,3275
classical_classification_v1,1,30,test,peak_status,off_peak,Moderate,Heavy,199
classical_classification_v1,1,30,test,peak_status,off_peak,Moderate,Severe,3
classical_classification_v1,1,30,test,peak_status,off_peak,Heavy,Free-flow,1
classical_classification_v1,1,30,test,peak_status,off_peak,Heavy,Moderate,144
classical_classification_v1,1,30,test,peak_status,off_peak,Heavy,Heavy,439
classical_classification_v1,1,30,test,peak_status,off_peak,Heavy,Severe,11
classical_classification_v1,1,30,test,peak_status,off_peak,Severe,Free-flow,0
classical_classification_v1,1,30,test,peak_status,off_peak,Severe,Moderate,4
classical_classification_v1,1,30,test,peak_status,off_peak,Severe,Heavy,91
classical_classification_v1,1,30,test,peak_status,off_peak,Severe,Severe,52
classical_classification_v1,1,30,test,weather_condition,Clear,Free-flow,Free-flow,11589
classical_classification_v1,1,30,test,weather_condition,Clear,Free-flow,Moderate,704
classical_classification_v1,1,30,test,weather_condition,Clear,Free-flow,Heavy,7
classical_classification_v1,1,30,test,weather_condition,Clear,Free-flow,Severe,0
classical_classification_v1,1,30,test,weather_condition,Clear,Moderate,Free-flow,408
classical_classification_v1,1,30,test,weather_condition,Clear,Moderate,Moderate,4143
classical_classification_v1,1,30,test,weather_condition,Clear,Moderate,Heavy,402
classical_classification_v1,1,30,test,weather_condition,Clear,Moderate,Severe,23
classical_classification_v1,1,30,test,weather_condition,Clear,Heavy,Free-flow,2
classical_classification_v1,1,30,test,weather_condition,Clear,Heavy,Moderate,347
classical_classification_v1,1,30,test,weather_condition,Clear,Heavy,Heavy,1145
classical_classification_v1,1,30,test,weather_condition,Clear,Heavy,Severe,480
classical_classification_v1,1,30,test,weather_condition,Clear,Severe,Free-flow,0
classical_classification_v1,1,30,test,weather_condition,Clear,Severe,Moderate,15
classical_classification_v1,1,30,test,weather_condition,Clear,Severe,Heavy,313
classical_classification_v1,1,30,test,weather_condition,Clear,Severe,Severe,836
classical_classification_v1,1,30,test,weather_condition,Cloudy,Free-flow,Free-flow,2369
classical_classification_v1,1,30,test,weather_condition,Cloudy,Free-flow,Moderate,166
classical_classification_v1,1,30,test,weather_condition,Cloudy,Free-flow,Heavy,0
classical_classification_v1,1,30,test,weather_condition,Cloudy,Free-flow,Severe,0
classical_classification_v1,1,30,test,weather_condition,Cloudy,Moderate,Free-flow,87
classical_classification_v1,1,30,test,weather_condition,Cloudy,Moderate,Moderate,901
classical_classification_v1,1,30,test,weather_condition,Cloudy,Moderate,Heavy,110
classical_classification_v1,1,30,test,weather_condition,Cloudy,Moderate,Severe,8
classical_classification_v1,1,30,test,weather_condition,Cloudy,Heavy,Free-flow,0
classical_classification_v1,1,30,test,weather_condition,Cloudy,Heavy,Moderate,62
classical_classification_v1,1,30,test,weather_condition,Cloudy,Heavy,Heavy,268
classical_classification_v1,1,30,test,weather_condition,Cloudy,Heavy,Severe,128
classical_classification_v1,1,30,test,weather_condition,Cloudy,Severe,Free-flow,0
classical_classification_v1,1,30,test,weather_condition,Cloudy,Severe,Moderate,3
classical_classification_v1,1,30,test,weather_condition,Cloudy,Severe,Heavy,71
classical_classification_v1,1,30,test,weather_condition,Cloudy,Severe,Severe,259
classical_classification_v1,1,30,test,weather_condition,Fog,Free-flow,Free-flow,111
classical_classification_v1,1,30,test,weather_condition,Fog,Free-flow,Moderate,12
classical_classification_v1,1,30,test,weather_condition,Fog,Free-flow,Heavy,0
classical_classification_v1,1,30,test,weather_condition,Fog,Free-flow,Severe,0
classical_classification_v1,1,30,test,weather_condition,Fog,Moderate,Free-flow,2
classical_classification_v1,1,30,test,weather_condition,Fog,Moderate,Moderate,27
classical_classification_v1,1,30,test,weather_condition,Fog,Moderate,Heavy,0
classical_classification_v1,1,30,test,weather_condition,Fog,Moderate,Severe,0
classical_classification_v1,1,30,test,weather_condition,Fog,Heavy,Free-flow,0
classical_classification_v1,1,30,test,weather_condition,Fog,Heavy,Moderate,6
classical_classification_v1,1,30,test,weather_condition,Fog,Heavy,Heavy,1
classical_classification_v1,1,30,test,weather_condition,Fog,Heavy,Severe,2
classical_classification_v1,1,30,test,weather_condition,Fog,Severe,Free-flow,0
classical_classification_v1,1,30,test,weather_condition,Fog,Severe,Moderate,0
classical_classification_v1,1,30,test,weather_condition,Fog,Severe,Heavy,2
classical_classification_v1,1,30,test,weather_condition,Fog,Severe,Severe,3
classical_classification_v1,1,30,test,weather_condition,Overcast,Free-flow,Free-flow,537
classical_classification_v1,1,30,test,weather_condition,Overcast,Free-flow,Moderate,43
classical_classification_v1,1,30,test,weather_condition,Overcast,Free-flow,Heavy,0
classical_classification_v1,1,30,test,weather_condition,Overcast,Free-flow,Severe,0
classical_classification_v1,1,30,test,weather_condition,Overcast,Moderate,Free-flow,26
classical_classification_v1,1,30,test,weather_condition,Overcast,Moderate,Moderate,169
classical_classification_v1,1,30,test,weather_condition,Overcast,Moderate,Heavy,26
classical_classification_v1,1,30,test,weather_condition,Overcast,Moderate,Severe,2
classical_classification_v1,1,30,test,weather_condition,Overcast,Heavy,Free-flow,0
classical_classification_v1,1,30,test,weather_condition,Overcast,Heavy,Moderate,12
classical_classification_v1,1,30,test,weather_condition,Overcast,Heavy,Heavy,58
classical_classification_v1,1,30,test,weather_condition,Overcast,Heavy,Severe,37
classical_classification_v1,1,30,test,weather_condition,Overcast,Severe,Free-flow,0
classical_classification_v1,1,30,test,weather_condition,Overcast,Severe,Moderate,1
classical_classification_v1,1,30,test,weather_condition,Overcast,Severe,Heavy,17
classical_classification_v1,1,30,test,weather_condition,Overcast,Severe,Severe,42
classical_classification_v1,1,30,test,weather_condition,Rain,Free-flow,Free-flow,746
classical_classification_v1,1,30,test,weather_condition,Rain,Free-flow,Moderate,33
classical_classification_v1,1,30,test,weather_condition,Rain,Free-flow,Heavy,0
classical_classification_v1,1,30,test,weather_condition,Rain,Free-flow,Severe,0
classical_classification_v1,1,30,test,weather_condition,Rain,Moderate,Free-flow,22
classical_classification_v1,1,30,test,weather_condition,Rain,Moderate,Moderate,164
classical_classification_v1,1,30,test,weather_condition,Rain,Moderate,Heavy,41
classical_classification_v1,1,30,test,weather_condition,Rain,Moderate,Severe,6
classical_classification_v1,1,30,test,weather_condition,Rain,Heavy,Free-flow,0
classical_classification_v1,1,30,test,weather_condition,Rain,Heavy,Moderate,17
classical_classification_v1,1,30,test,weather_condition,Rain,Heavy,Heavy,81
classical_classification_v1,1,30,test,weather_condition,Rain,Heavy,Severe,30
classical_classification_v1,1,30,test,weather_condition,Rain,Severe,Free-flow,0
classical_classification_v1,1,30,test,weather_condition,Rain,Severe,Moderate,1
classical_classification_v1,1,30,test,weather_condition,Rain,Severe,Heavy,23
classical_classification_v1,1,30,test,weather_condition,Rain,Severe,Severe,4
classical_classification_v1,1,30,test,actual_congestion,Free-flow,Free-flow,Free-flow,15352
classical_classification_v1,1,30,test,actual_congestion,Free-flow,Free-flow,Moderate,958
classical_classification_v1,1,30,test,actual_congestion,Free-flow,Free-flow,Heavy,7
classical_classification_v1,1,30,test,actual_congestion,Free-flow,Free-flow,Severe,0
classical_classification_v1,1,30,test,actual_congestion,Free-flow,Moderate,Free-flow,0
classical_classification_v1,1,30,test,actual_congestion,Free-flow,Moderate,Moderate,0
classical_classification_v1,1,30,test,actual_congestion,Free-flow,Moderate,Heavy,0
classical_classification_v1,1,30,test,actual_congestion,Free-flow,Moderate,Severe,0
classical_classification_v1,1,30,test,actual_congestion,Free-flow,Heavy,Free-flow,0
classical_classification_v1,1,30,test,actual_congestion,Free-flow,Heavy,Moderate,0
classical_classification_v1,1,30,test,actual_congestion,Free-flow,Heavy,Heavy,0
classical_classification_v1,1,30,test,actual_congestion,Free-flow,Heavy,Severe,0
classical_classification_v1,1,30,test,actual_congestion,Free-flow,Severe,Free-flow,0
classical_classification_v1,1,30,test,actual_congestion,Free-flow,Severe,Moderate,0
classical_classification_v1,1,30,test,actual_congestion,Free-flow,Severe,Heavy,0
classical_classification_v1,1,30,test,actual_congestion,Free-flow,Severe,Severe,0
classical_classification_v1,1,30,test,actual_congestion,Heavy,Free-flow,Free-flow,0
classical_classification_v1,1,30,test,actual_congestion,Heavy,Free-flow,Moderate,0
classical_classification_v1,1,30,test,actual_congestion,Heavy,Free-flow,Heavy,0
classical_classification_v1,1,30,test,actual_congestion,Heavy,Free-flow,Severe,0
classical_classification_v1,1,30,test,actual_congestion,Heavy,Moderate,Free-flow,0
classical_classification_v1,1,30,test,actual_congestion,Heavy,Moderate,Moderate,0
classical_classification_v1,1,30,test,actual_congestion,Heavy,Moderate,Heavy,0
classical_classification_v1,1,30,test,actual_congestion,Heavy,Moderate,Severe,0
classical_classification_v1,1,30,test,actual_congestion,Heavy,Heavy,Free-flow,2
classical_classification_v1,1,30,test,actual_congestion,Heavy,Heavy,Moderate,444
classical_classification_v1,1,30,test,actual_congestion,Heavy,Heavy,Heavy,1553
classical_classification_v1,1,30,test,actual_congestion,Heavy,Heavy,Severe,677
classical_classification_v1,1,30,test,actual_congestion,Heavy,Severe,Free-flow,0
classical_classification_v1,1,30,test,actual_congestion,Heavy,Severe,Moderate,0
classical_classification_v1,1,30,test,actual_congestion,Heavy,Severe,Heavy,0
classical_classification_v1,1,30,test,actual_congestion,Heavy,Severe,Severe,0
classical_classification_v1,1,30,test,actual_congestion,Moderate,Free-flow,Free-flow,0
classical_classification_v1,1,30,test,actual_congestion,Moderate,Free-flow,Moderate,0
classical_classification_v1,1,30,test,actual_congestion,Moderate,Free-flow,Heavy,0
classical_classification_v1,1,30,test,actual_congestion,Moderate,Free-flow,Severe,0
classical_classification_v1,1,30,test,actual_congestion,Moderate,Moderate,Free-flow,545
classical_classification_v1,1,30,test,actual_congestion,Moderate,Moderate,Moderate,5404
classical_classification_v1,1,30,test,actual_congestion,Moderate,Moderate,Heavy,579
classical_classification_v1,1,30,test,actual_congestion,Moderate,Moderate,Severe,39
classical_classification_v1,1,30,test,actual_congestion,Moderate,Heavy,Free-flow,0
classical_classification_v1,1,30,test,actual_congestion,Moderate,Heavy,Moderate,0
classical_classification_v1,1,30,test,actual_congestion,Moderate,Heavy,Heavy,0
classical_classification_v1,1,30,test,actual_congestion,Moderate,Heavy,Severe,0
classical_classification_v1,1,30,test,actual_congestion,Moderate,Severe,Free-flow,0
classical_classification_v1,1,30,test,actual_congestion,Moderate,Severe,Moderate,0
classical_classification_v1,1,30,test,actual_congestion,Moderate,Severe,Heavy,0
classical_classification_v1,1,30,test,actual_congestion,Moderate,Severe,Severe,0
classical_classification_v1,1,30,test,actual_congestion,Severe,Free-flow,Free-flow,0
classical_classification_v1,1,30,test,actual_congestion,Severe,Free-flow,Moderate,0
classical_classification_v1,1,30,test,actual_congestion,Severe,Free-flow,Heavy,0
classical_classification_v1,1,30,test,actual_congestion,Severe,Free-flow,Severe,0
classical_classification_v1,1,30,test,actual_congestion,Severe,Moderate,Free-flow,0
classical_classification_v1,1,30,test,actual_congestion,Severe,Moderate,Moderate,0
classical_classification_v1,1,30,test,actual_congestion,Severe,Moderate,Heavy,0
classical_classification_v1,1,30,test,actual_congestion,Severe,Moderate,Severe,0
classical_classification_v1,1,30,test,actual_congestion,Severe,Heavy,Free-flow,0
classical_classification_v1,1,30,test,actual_congestion,Severe,Heavy,Moderate,0
classical_classification_v1,1,30,test,actual_congestion,Severe,Heavy,Heavy,0
classical_classification_v1,1,30,test,actual_congestion,Severe,Heavy,Severe,0
classical_classification_v1,1,30,test,actual_congestion,Severe,Severe,Free-flow,0
classical_classification_v1,1,30,test,actual_congestion,Severe,Severe,Moderate,20
classical_classification_v1,1,30,test,actual_congestion,Severe,Severe,Heavy,426
classical_classification_v1,1,30,test,actual_congestion,Severe,Severe,Severe,1144
classical_classification_v1,1,30,validation,overall,all,Free-flow,Free-flow,15443
classical_classification_v1,1,30,validation,overall,all,Free-flow,Moderate,1041
classical_classification_v1,1,30,validation,overall,all,Free-flow,Heavy,2
classical_classification_v1,1,30,validation,overall,all,Free-flow,Severe,0
classical_classification_v1,1,30,validation,overall,all,Moderate,Free-flow,607
classical_classification_v1,1,30,validation,overall,all,Moderate,Moderate,5329
classical_classification_v1,1,30,validation,overall,all,Moderate,Heavy,620
classical_classification_v1,1,30,validation,overall,all,Moderate,Severe,39
classical_classification_v1,1,30,validation,overall,all,Heavy,Free-flow,4
classical_classification_v1,1,30,validation,overall,all,Heavy,Moderate,403
classical_classification_v1,1,30,validation,overall,all,Heavy,Heavy,1576
classical_classification_v1,1,30,validation,overall,all,Heavy,Severe,630
classical_classification_v1,1,30,validation,overall,all,Severe,Free-flow,1
classical_classification_v1,1,30,validation,overall,all,Severe,Moderate,11
classical_classification_v1,1,30,validation,overall,all,Severe,Heavy,413
classical_classification_v1,1,30,validation,overall,all,Severe,Severe,1031
classical_classification_v1,1,30,validation,road_id,NL-001,Free-flow,Free-flow,665
classical_classification_v1,1,30,validation,road_id,NL-001,Free-flow,Moderate,34
classical_classification_v1,1,30,validation,road_id,NL-001,Free-flow,Heavy,1
classical_classification_v1,1,30,validation,road_id,NL-001,Free-flow,Severe,0
classical_classification_v1,1,30,validation,road_id,NL-001,Moderate,Free-flow,24
classical_classification_v1,1,30,validation,road_id,NL-001,Moderate,Moderate,176
classical_classification_v1,1,30,validation,road_id,NL-001,Moderate,Heavy,28
classical_classification_v1,1,30,validation,road_id,NL-001,Moderate,Severe,2
classical_classification_v1,1,30,validation,road_id,NL-001,Heavy,Free-flow,1
classical_classification_v1,1,30,validation,road_id,NL-001,Heavy,Moderate,14
classical_classification_v1,1,30,validation,road_id,NL-001,Heavy,Heavy,68
classical_classification_v1,1,30,validation,road_id,NL-001,Heavy,Severe,24
classical_classification_v1,1,30,validation,road_id,NL-001,Severe,Free-flow,0
classical_classification_v1,1,30,validation,road_id,NL-001,Severe,Moderate,0
classical_classification_v1,1,30,validation,road_id,NL-001,Severe,Heavy,10
classical_classification_v1,1,30,validation,road_id,NL-001,Severe,Severe,39
classical_classification_v1,1,30,validation,road_id,NL-002,Free-flow,Free-flow,593
classical_classification_v1,1,30,validation,road_id,NL-002,Free-flow,Moderate,54
classical_classification_v1,1,30,validation,road_id,NL-002,Free-flow,Heavy,0
classical_classification_v1,1,30,validation,road_id,NL-002,Free-flow,Severe,0
classical_classification_v1,1,30,validation,road_id,NL-002,Moderate,Free-flow,31
classical_classification_v1,1,30,validation,road_id,NL-002,Moderate,Moderate,211
classical_classification_v1,1,30,validation,road_id,NL-002,Moderate,Heavy,29
classical_classification_v1,1,30,validation,road_id,NL-002,Moderate,Severe,3
classical_classification_v1,1,30,validation,road_id,NL-002,Heavy,Free-flow,0
classical_classification_v1,1,30,validation,road_id,NL-002,Heavy,Moderate,19
classical_classification_v1,1,30,validation,road_id,NL-002,Heavy,Heavy,59
classical_classification_v1,1,30,validation,road_id,NL-002,Heavy,Severe,21
classical_classification_v1,1,30,validation,road_id,NL-002,Severe,Free-flow,0
classical_classification_v1,1,30,validation,road_id,NL-002,Severe,Moderate,0
classical_classification_v1,1,30,validation,road_id,NL-002,Severe,Heavy,22
classical_classification_v1,1,30,validation,road_id,NL-002,Severe,Severe,44
classical_classification_v1,1,30,validation,road_id,NL-003,Free-flow,Free-flow,557
classical_classification_v1,1,30,validation,road_id,NL-003,Free-flow,Moderate,57
classical_classification_v1,1,30,validation,road_id,NL-003,Free-flow,Heavy,0
classical_classification_v1,1,30,validation,road_id,NL-003,Free-flow,Severe,0
classical_classification_v1,1,30,validation,road_id,NL-003,Moderate,Free-flow,28
classical_classification_v1,1,30,validation,road_id,NL-003,Moderate,Moderate,239
classical_classification_v1,1,30,validation,road_id,NL-003,Moderate,Heavy,20
classical_classification_v1,1,30,validation,road_id,NL-003,Moderate,Severe,1
classical_classification_v1,1,30,validation,road_id,NL-003,Heavy,Free-flow,0
classical_classification_v1,1,30,validation,road_id,NL-003,Heavy,Moderate,20
classical_classification_v1,1,30,validation,road_id,NL-003,Heavy,Heavy,68
classical_classification_v1,1,30,validation,road_id,NL-003,Heavy,Severe,28
classical_classification_v1,1,30,validation,road_id,NL-003,Severe,Free-flow,0
classical_classification_v1,1,30,validation,road_id,NL-003,Severe,Moderate,0
classical_classification_v1,1,30,validation,road_id,NL-003,Severe,Heavy,27
classical_classification_v1,1,30,validation,road_id,NL-003,Severe,Severe,41
classical_classification_v1,1,30,validation,road_id,NL-004,Free-flow,Free-flow,541
classical_classification_v1,1,30,validation,road_id,NL-004,Free-flow,Moderate,31
classical_classification_v1,1,30,validation,road_id,NL-004,Free-flow,Heavy,0
classical_classification_v1,1,30,validation,road_id,NL-004,Free-flow,Severe,0
classical_classification_v1,1,30,validation,road_id,NL-004,Moderate,Free-flow,30
classical_classification_v1,1,30,validation,road_id,NL-004,Moderate,Moderate,273
classical_classification_v1,1,30,validation,road_id,NL-004,Moderate,Heavy,27
classical_classification_v1,1,30,validation,road_id,NL-004,Moderate,Severe,1
classical_classification_v1,1,30,validation,road_id,NL-004,Heavy,Free-flow,0
classical_classification_v1,1,30,validation,road_id,NL-004,Heavy,Moderate,25
classical_classification_v1,1,30,validation,road_id,NL-004,Heavy,Heavy,61
classical_classification_v1,1,30,validation,road_id,NL-004,Heavy,Severe,35
classical_classification_v1,1,30,validation,road_id,NL-004,Severe,Free-flow,1
classical_classification_v1,1,30,validation,road_id,NL-004,Severe,Moderate,1
classical_classification_v1,1,30,validation,road_id,NL-004,Severe,Heavy,14
classical_classification_v1,1,30,validation,road_id,NL-004,Severe,Severe,46
classical_classification_v1,1,30,validation,road_id,NL-005,Free-flow,Free-flow,542
classical_classification_v1,1,30,validation,road_id,NL-005,Free-flow,Moderate,37
classical_classification_v1,1,30,validation,road_id,NL-005,Free-flow,Heavy,0
classical_classification_v1,1,30,validation,road_id,NL-005,Free-flow,Severe,0
classical_classification_v1,1,30,validation,road_id,NL-005,Moderate,Free-flow,19
classical_classification_v1,1,30,validation,road_id,NL-005,Moderate,Moderate,276
classical_classification_v1,1,30,validation,road_id,NL-005,Moderate,Heavy,18
classical_classification_v1,1,30,validation,road_id,NL-005,Moderate,Severe,0
classical_classification_v1,1,30,validation,road_id,NL-005,Heavy,Free-flow,0
classical_classification_v1,1,30,validation,road_id,NL-005,Heavy,Moderate,24
classical_classification_v1,1,30,validation,road_id,NL-005,Heavy,Heavy,71
classical_classification_v1,1,30,validation,road_id,NL-005,Heavy,Severe,25
classical_classification_v1,1,30,validation,road_id,NL-005,Severe,Free-flow,0
classical_classification_v1,1,30,validation,road_id,NL-005,Severe,Moderate,1
classical_classification_v1,1,30,validation,road_id,NL-005,Severe,Heavy,18
classical_classification_v1,1,30,validation,road_id,NL-005,Severe,Severe,55
classical_classification_v1,1,30,validation,road_id,NL-006,Free-flow,Free-flow,545
classical_classification_v1,1,30,validation,road_id,NL-006,Free-flow,Moderate,36
classical_classification_v1,1,30,validation,road_id,NL-006,Free-flow,Heavy,0
classical_classification_v1,1,30,validation,road_id,NL-006,Free-flow,Severe,0
classical_classification_v1,1,30,validation,road_id,NL-006,Moderate,Free-flow,23
classical_classification_v1,1,30,validation,road_id,NL-006,Moderate,Moderate,271
classical_classification_v1,1,30,validation,road_id,NL-006,Moderate,Heavy,27
classical_classification_v1,1,30,validation,road_id,NL-006,Moderate,Severe,1
classical_classification_v1,1,30,validation,road_id,NL-006,Heavy,Free-flow,1
classical_classification_v1,1,30,validation,road_id,NL-006,Heavy,Moderate,27
classical_classification_v1,1,30,validation,road_id,NL-006,Heavy,Heavy,58
classical_classification_v1,1,30,validation,road_id,NL-006,Heavy,Severe,30
classical_classification_v1,1,30,validation,road_id,NL-006,Severe,Free-flow,0
classical_classification_v1,1,30,validation,road_id,NL-006,Severe,Moderate,1
classical_classification_v1,1,30,validation,road_id,NL-006,Severe,Heavy,21
classical_classification_v1,1,30,validation,road_id,NL-006,Severe,Severe,45
classical_classification_v1,1,30,validation,road_id,NL-007,Free-flow,Free-flow,667
classical_classification_v1,1,30,validation,road_id,NL-007,Free-flow,Moderate,35
classical_classification_v1,1,30,validation,road_id,NL-007,Free-flow,Heavy,0
classical_classification_v1,1,30,validation,road_id,NL-007,Free-flow,Severe,0
classical_classification_v1,1,30,validation,road_id,NL-007,Moderate,Free-flow,20
classical_classification_v1,1,30,validation,road_id,NL-007,Moderate,Moderate,179
classical_classification_v1,1,30,validation,road_id,NL-007,Moderate,Heavy,31
classical_classification_v1,1,30,validation,road_id,NL-007,Moderate,Severe,1
classical_classification_v1,1,30,validation,road_id,NL-007,Heavy,Free-flow,0
classical_classification_v1,1,30,validation,road_id,NL-007,Heavy,Moderate,12
classical_classification_v1,1,30,validation,road_id,NL-007,Heavy,Heavy,59
classical_classification_v1,1,30,validation,road_id,NL-007,Heavy,Severe,24
classical_classification_v1,1,30,validation,road_id,NL-007,Severe,Free-flow,0
classical_classification_v1,1,30,validation,road_id,NL-007,Severe,Moderate,0
classical_classification_v1,1,30,validation,road_id,NL-007,Severe,Heavy,17
classical_classification_v1,1,30,validation,road_id,NL-007,Severe,Severe,41
classical_classification_v1,1,30,validation,road_id,NL-008,Free-flow,Free-flow,676
classical_classification_v1,1,30,validation,road_id,NL-008,Free-flow,Moderate,38
classical_classification_v1,1,30,validation,road_id,NL-008,Free-flow,Heavy,0
classical_classification_v1,1,30,validation,road_id,NL-008,Free-flow,Severe,0
classical_classification_v1,1,30,validation,road_id,NL-008,Moderate,Free-flow,13
classical_classification_v1,1,30,validation,road_id,NL-008,Moderate,Moderate,178
classical_classification_v1,1,30,validation,road_id,NL-008,Moderate,Heavy,24
classical_classification_v1,1,30,validation,road_id,NL-008,Moderate,Severe,0
classical_classification_v1,1,30,validation,road_id,NL-008,Heavy,Free-flow,0
classical_classification_v1,1,30,validation,road_id,NL-008,Heavy,Moderate,15
classical_classification_v1,1,30,validation,road_id,NL-008,Heavy,Heavy,61
classical_classification_v1,1,30,validation,road_id,NL-008,Heavy,Severe,22
classical_classification_v1,1,30,validation,road_id,NL-008,Severe,Free-flow,0
classical_classification_v1,1,30,validation,road_id,NL-008,Severe,Moderate,0
classical_classification_v1,1,30,validation,road_id,NL-008,Severe,Heavy,16
classical_classification_v1,1,30,validation,road_id,NL-008,Severe,Severe,43
classical_classification_v1,1,30,validation,road_id,NL-009,Free-flow,Free-flow,540
classical_classification_v1,1,30,validation,road_id,NL-009,Free-flow,Moderate,48
classical_classification_v1,1,30,validation,road_id,NL-009,Free-flow,Heavy,0
classical_classification_v1,1,30,validation,road_id,NL-009,Free-flow,Severe,0
classical_classification_v1,1,30,validation,road_id,NL-009,Moderate,Free-flow,35
classical_classification_v1,1,30,validation,road_id,NL-009,Moderate,Moderate,260
classical_classification_v1,1,30,validation,road_id,NL-009,Moderate,Heavy,18
classical_classification_v1,1,30,validation,road_id,NL-009,Moderate,Severe,1
classical_classification_v1,1,30,validation,road_id,NL-009,Heavy,Free-flow,0
classical_classification_v1,1,30,validation,road_id,NL-009,Heavy,Moderate,20
classical_classification_v1,1,30,validation,road_id,NL-009,Heavy,Heavy,70
classical_classification_v1,1,30,validation,road_id,NL-009,Heavy,Severe,29
classical_classification_v1,1,30,validation,road_id,NL-009,Severe,Free-flow,0
classical_classification_v1,1,30,validation,road_id,NL-009,Severe,Moderate,0
classical_classification_v1,1,30,validation,road_id,NL-009,Severe,Heavy,21
classical_classification_v1,1,30,validation,road_id,NL-009,Severe,Severe,44
classical_classification_v1,1,30,validation,road_id,NL-010,Free-flow,Free-flow,668
classical_classification_v1,1,30,validation,road_id,NL-010,Free-flow,Moderate,41
classical_classification_v1,1,30,validation,road_id,NL-010,Free-flow,Heavy,0
classical_classification_v1,1,30,validation,road_id,NL-010,Free-flow,Severe,0
classical_classification_v1,1,30,validation,road_id,NL-010,Moderate,Free-flow,25
classical_classification_v1,1,30,validation,road_id,NL-010,Moderate,Moderate,174
classical_classification_v1,1,30,validation,road_id,NL-010,Moderate,Heavy,28
classical_classification_v1,1,30,validation,road_id,NL-010,Moderate,Severe,2
classical_classification_v1,1,30,validation,road_id,NL-010,Heavy,Free-flow,0
classical_classification_v1,1,30,validation,road_id,NL-010,Heavy,Moderate,11
classical_classification_v1,1,30,validation,road_id,NL-010,Heavy,Heavy,65
classical_classification_v1,1,30,validation,road_id,NL-010,Heavy,Severe,28
classical_classification_v1,1,30,validation,road_id,NL-010,Severe,Free-flow,0
classical_classification_v1,1,30,validation,road_id,NL-010,Severe,Moderate,0
classical_classification_v1,1,30,validation,road_id,NL-010,Severe,Heavy,6
classical_classification_v1,1,30,validation,road_id,NL-010,Severe,Severe,38
classical_classification_v1,1,30,validation,road_id,NL-011,Free-flow,Free-flow,699
classical_classification_v1,1,30,validation,road_id,NL-011,Free-flow,Moderate,34
classical_classification_v1,1,30,validation,road_id,NL-011,Free-flow,Heavy,0
classical_classification_v1,1,30,validation,road_id,NL-011,Free-flow,Severe,0
classical_classification_v1,1,30,validation,road_id,NL-011,Moderate,Free-flow,16
classical_classification_v1,1,30,validation,road_id,NL-011,Moderate,Moderate,156
classical_classification_v1,1,30,validation,road_id,NL-011,Moderate,Heavy,24
classical_classification_v1,1,30,validation,road_id,NL-011,Moderate,Severe,2
classical_classification_v1,1,30,validation,road_id,NL-011,Heavy,Free-flow,0
classical_classification_v1,1,30,validation,road_id,NL-011,Heavy,Moderate,20
classical_classification_v1,1,30,validation,road_id,NL-011,Heavy,Heavy,58
classical_classification_v1,1,30,validation,road_id,NL-011,Heavy,Severe,26
classical_classification_v1,1,30,validation,road_id,NL-011,Severe,Free-flow,0
classical_classification_v1,1,30,validation,road_id,NL-011,Severe,Moderate,0
classical_classification_v1,1,30,validation,road_id,NL-011,Severe,Heavy,14
classical_classification_v1,1,30,validation,road_id,NL-011,Severe,Severe,37
classical_classification_v1,1,30,validation,road_id,NL-012,Free-flow,Free-flow,536
classical_classification_v1,1,30,validation,road_id,NL-012,Free-flow,Moderate,41
classical_classification_v1,1,30,validation,road_id,NL-012,Free-flow,Heavy,0
classical_classification_v1,1,30,validation,road_id,NL-012,Free-flow,Severe,0
classical_classification_v1,1,30,validation,road_id,NL-012,Moderate,Free-flow,19
classical_classification_v1,1,30,validation,road_id,NL-012,Moderate,Moderate,294
classical_classification_v1,1,30,validation,road_id,NL-012,Moderate,Heavy,24
classical_classification_v1,1,30,validation,road_id,NL-012,Moderate,Severe,2
classical_classification_v1,1,30,validation,road_id,NL-012,Heavy,Free-flow,0
classical_classification_v1,1,30,validation,road_id,NL-012,Heavy,Moderate,21
classical_classification_v1,1,30,validation,road_id,NL-012,Heavy,Heavy,68
classical_classification_v1,1,30,validation,road_id,NL-012,Heavy,Severe,17
classical_classification_v1,1,30,validation,road_id,NL-012,Severe,Free-flow,0
classical_classification_v1,1,30,validation,road_id,NL-012,Severe,Moderate,1
classical_classification_v1,1,30,validation,road_id,NL-012,Severe,Heavy,20
classical_classification_v1,1,30,validation,road_id,NL-012,Severe,Severe,43
classical_classification_v1,1,30,validation,road_id,NL-013,Free-flow,Free-flow,543
classical_classification_v1,1,30,validation,road_id,NL-013,Free-flow,Moderate,47
classical_classification_v1,1,30,validation,road_id,NL-013,Free-flow,Heavy,0
classical_classification_v1,1,30,validation,road_id,NL-013,Free-flow,Severe,0
classical_classification_v1,1,30,validation,road_id,NL-013,Moderate,Free-flow,21
classical_classification_v1,1,30,validation,road_id,NL-013,Moderate,Moderate,274
classical_classification_v1,1,30,validation,road_id,NL-013,Moderate,Heavy,23
classical_classification_v1,1,30,validation,road_id,NL-013,Moderate,Severe,2
classical_classification_v1,1,30,validation,road_id,NL-013,Heavy,Free-flow,0
classical_classification_v1,1,30,validation,road_id,NL-013,Heavy,Moderate,24
classical_classification_v1,1,30,validation,road_id,NL-013,Heavy,Heavy,56
classical_classification_v1,1,30,validation,road_id,NL-013,Heavy,Severe,29
classical_classification_v1,1,30,validation,road_id,NL-013,Severe,Free-flow,0
classical_classification_v1,1,30,validation,road_id,NL-013,Severe,Moderate,0
classical_classification_v1,1,30,validation,road_id,NL-013,Severe,Heavy,22
classical_classification_v1,1,30,validation,road_id,NL-013,Severe,Severe,45
classical_classification_v1,1,30,validation,road_id,NL-014,Free-flow,Free-flow,695
classical_classification_v1,1,30,validation,road_id,NL-014,Free-flow,Moderate,38
classical_classification_v1,1,30,validation,road_id,NL-014,Free-flow,Heavy,0
classical_classification_v1,1,30,validation,road_id,NL-014,Free-flow,Severe,0
classical_classification_v1,1,30,validation,road_id,NL-014,Moderate,Free-flow,14
classical_classification_v1,1,30,validation,road_id,NL-014,Moderate,Moderate,171
classical_classification_v1,1,30,validation,road_id,NL-014,Moderate,Heavy,24
classical_classification_v1,1,30,validation,road_id,NL-014,Moderate,Severe,1
classical_classification_v1,1,30,validation,road_id,NL-014,Heavy,Free-flow,0
classical_classification_v1,1,30,validation,road_id,NL-014,Heavy,Moderate,10
classical_classification_v1,1,30,validation,road_id,NL-014,Heavy,Heavy,62
classical_classification_v1,1,30,validation,road_id,NL-014,Heavy,Severe,22
classical_classification_v1,1,30,validation,road_id,NL-014,Severe,Free-flow,0
classical_classification_v1,1,30,validation,road_id,NL-014,Severe,Moderate,1
classical_classification_v1,1,30,validation,road_id,NL-014,Severe,Heavy,18
classical_classification_v1,1,30,validation,road_id,NL-014,Severe,Severe,30
classical_classification_v1,1,30,validation,road_id,NL-015,Free-flow,Free-flow,540
classical_classification_v1,1,30,validation,road_id,NL-015,Free-flow,Moderate,30
classical_classification_v1,1,30,validation,road_id,NL-015,Free-flow,Heavy,0
classical_classification_v1,1,30,validation,road_id,NL-015,Free-flow,Severe,0
classical_classification_v1,1,30,validation,road_id,NL-015,Moderate,Free-flow,24
classical_classification_v1,1,30,validation,road_id,NL-015,Moderate,Moderate,286
classical_classification_v1,1,30,validation,road_id,NL-015,Moderate,Heavy,23
classical_classification_v1,1,30,validation,road_id,NL-015,Moderate,Severe,3
classical_classification_v1,1,30,validation,road_id,NL-015,Heavy,Free-flow,0
classical_classification_v1,1,30,validation,road_id,NL-015,Heavy,Moderate,22
classical_classification_v1,1,30,validation,road_id,NL-015,Heavy,Heavy,61
classical_classification_v1,1,30,validation,road_id,NL-015,Heavy,Severe,28
classical_classification_v1,1,30,validation,road_id,NL-015,Severe,Free-flow,0
classical_classification_v1,1,30,validation,road_id,NL-015,Severe,Moderate,0
classical_classification_v1,1,30,validation,road_id,NL-015,Severe,Heavy,21
classical_classification_v1,1,30,validation,road_id,NL-015,Severe,Severe,48
classical_classification_v1,1,30,validation,road_id,NL-016,Free-flow,Free-flow,606
classical_classification_v1,1,30,validation,road_id,NL-016,Free-flow,Moderate,49
classical_classification_v1,1,30,validation,road_id,NL-016,Free-flow,Heavy,1
classical_classification_v1,1,30,validation,road_id,NL-016,Free-flow,Severe,0
classical_classification_v1,1,30,validation,road_id,NL-016,Moderate,Free-flow,37
classical_classification_v1,1,30,validation,road_id,NL-016,Moderate,Moderate,207
classical_classification_v1,1,30,validation,road_id,NL-016,Moderate,Heavy,27
classical_classification_v1,1,30,validation,road_id,NL-016,Moderate,Severe,1
classical_classification_v1,1,30,validation,road_id,NL-016,Heavy,Free-flow,0
classical_classification_v1,1,30,validation,road_id,NL-016,Heavy,Moderate,6
classical_classification_v1,1,30,validation,road_id,NL-016,Heavy,Heavy,71
classical_classification_v1,1,30,validation,road_id,NL-016,Heavy,Severe,31
classical_classification_v1,1,30,validation,road_id,NL-016,Severe,Free-flow,0
classical_classification_v1,1,30,validation,road_id,NL-016,Severe,Moderate,1
classical_classification_v1,1,30,validation,road_id,NL-016,Severe,Heavy,13
classical_classification_v1,1,30,validation,road_id,NL-016,Severe,Severe,36
classical_classification_v1,1,30,validation,road_id,NL-017,Free-flow,Free-flow,689
classical_classification_v1,1,30,validation,road_id,NL-017,Free-flow,Moderate,44
classical_classification_v1,1,30,validation,road_id,NL-017,Free-flow,Heavy,0
classical_classification_v1,1,30,validation,road_id,NL-017,Free-flow,Severe,0
classical_classification_v1,1,30,validation,road_id,NL-017,Moderate,Free-flow,22
classical_classification_v1,1,30,validation,road_id,NL-017,Moderate,Moderate,151
classical_classification_v1,1,30,validation,road_id,NL-017,Moderate,Heavy,23
classical_classification_v1,1,30,validation,road_id,NL-017,Moderate,Severe,1
classical_classification_v1,1,30,validation,road_id,NL-017,Heavy,Free-flow,0
classical_classification_v1,1,30,validation,road_id,NL-017,Heavy,Moderate,14
classical_classification_v1,1,30,validation,road_id,NL-017,Heavy,Heavy,59
classical_classification_v1,1,30,validation,road_id,NL-017,Heavy,Severe,26
classical_classification_v1,1,30,validation,road_id,NL-017,Severe,Free-flow,0
classical_classification_v1,1,30,validation,road_id,NL-017,Severe,Moderate,0
classical_classification_v1,1,30,validation,road_id,NL-017,Severe,Heavy,19
classical_classification_v1,1,30,validation,road_id,NL-017,Severe,Severe,38
classical_classification_v1,1,30,validation,road_id,NL-018,Free-flow,Free-flow,572
classical_classification_v1,1,30,validation,road_id,NL-018,Free-flow,Moderate,67
classical_classification_v1,1,30,validation,road_id,NL-018,Free-flow,Heavy,0
classical_classification_v1,1,30,validation,road_id,NL-018,Free-flow,Severe,0
classical_classification_v1,1,30,validation,road_id,NL-018,Moderate,Free-flow,22
classical_classification_v1,1,30,validation,road_id,NL-018,Moderate,Moderate,232
classical_classification_v1,1,30,validation,road_id,NL-018,Moderate,Heavy,25
classical_classification_v1,1,30,validation,road_id,NL-018,Moderate,Severe,1
classical_classification_v1,1,30,validation,road_id,NL-018,Heavy,Free-flow,1
classical_classification_v1,1,30,validation,road_id,NL-018,Heavy,Moderate,13
classical_classification_v1,1,30,validation,road_id,NL-018,Heavy,Heavy,73
classical_classification_v1,1,30,validation,road_id,NL-018,Heavy,Severe,21
classical_classification_v1,1,30,validation,road_id,NL-018,Severe,Free-flow,0
classical_classification_v1,1,30,validation,road_id,NL-018,Severe,Moderate,0
classical_classification_v1,1,30,validation,road_id,NL-018,Severe,Heavy,16
classical_classification_v1,1,30,validation,road_id,NL-018,Severe,Severe,43
classical_classification_v1,1,30,validation,road_id,NL-019,Free-flow,Free-flow,551
classical_classification_v1,1,30,validation,road_id,NL-019,Free-flow,Moderate,47
classical_classification_v1,1,30,validation,road_id,NL-019,Free-flow,Heavy,0
classical_classification_v1,1,30,validation,road_id,NL-019,Free-flow,Severe,0
classical_classification_v1,1,30,validation,road_id,NL-019,Moderate,Free-flow,30
classical_classification_v1,1,30,validation,road_id,NL-019,Moderate,Moderate,263
classical_classification_v1,1,30,validation,road_id,NL-019,Moderate,Heavy,16
classical_classification_v1,1,30,validation,road_id,NL-019,Moderate,Severe,3
classical_classification_v1,1,30,validation,road_id,NL-019,Heavy,Free-flow,0
classical_classification_v1,1,30,validation,road_id,NL-019,Heavy,Moderate,17
classical_classification_v1,1,30,validation,road_id,NL-019,Heavy,Heavy,59
classical_classification_v1,1,30,validation,road_id,NL-019,Heavy,Severe,25
classical_classification_v1,1,30,validation,road_id,NL-019,Severe,Free-flow,0
classical_classification_v1,1,30,validation,road_id,NL-019,Severe,Moderate,3
classical_classification_v1,1,30,validation,road_id,NL-019,Severe,Heavy,26
classical_classification_v1,1,30,validation,road_id,NL-019,Severe,Severe,46
classical_classification_v1,1,30,validation,road_id,NL-020,Free-flow,Free-flow,695
classical_classification_v1,1,30,validation,road_id,NL-020,Free-flow,Moderate,38
classical_classification_v1,1,30,validation,road_id,NL-020,Free-flow,Heavy,0
classical_classification_v1,1,30,validation,road_id,NL-020,Free-flow,Severe,0
classical_classification_v1,1,30,validation,road_id,NL-020,Moderate,Free-flow,17
classical_classification_v1,1,30,validation,road_id,NL-020,Moderate,Moderate,170
classical_classification_v1,1,30,validation,road_id,NL-020,Moderate,Heavy,16
classical_classification_v1,1,30,validation,road_id,NL-020,Moderate,Severe,0
classical_classification_v1,1,30,validation,road_id,NL-020,Heavy,Free-flow,0
classical_classification_v1,1,30,validation,road_id,NL-020,Heavy,Moderate,12
classical_classification_v1,1,30,validation,road_id,NL-020,Heavy,Heavy,69
classical_classification_v1,1,30,validation,road_id,NL-020,Heavy,Severe,21
classical_classification_v1,1,30,validation,road_id,NL-020,Severe,Free-flow,0
classical_classification_v1,1,30,validation,road_id,NL-020,Severe,Moderate,0
classical_classification_v1,1,30,validation,road_id,NL-020,Severe,Heavy,15
classical_classification_v1,1,30,validation,road_id,NL-020,Severe,Severe,33
classical_classification_v1,1,30,validation,road_id,NL-021,Free-flow,Free-flow,629
classical_classification_v1,1,30,validation,road_id,NL-021,Free-flow,Moderate,40
classical_classification_v1,1,30,validation,road_id,NL-021,Free-flow,Heavy,0
classical_classification_v1,1,30,validation,road_id,NL-021,Free-flow,Severe,0
classical_classification_v1,1,30,validation,road_id,NL-021,Moderate,Free-flow,42
classical_classification_v1,1,30,validation,road_id,NL-021,Moderate,Moderate,192
classical_classification_v1,1,30,validation,road_id,NL-021,Moderate,Heavy,29
classical_classification_v1,1,30,validation,road_id,NL-021,Moderate,Severe,3
classical_classification_v1,1,30,validation,road_id,NL-021,Heavy,Free-flow,0
classical_classification_v1,1,30,validation,road_id,NL-021,Heavy,Moderate,10
classical_classification_v1,1,30,validation,road_id,NL-021,Heavy,Heavy,67
classical_classification_v1,1,30,validation,road_id,NL-021,Heavy,Severe,18
classical_classification_v1,1,30,validation,road_id,NL-021,Severe,Free-flow,0
classical_classification_v1,1,30,validation,road_id,NL-021,Severe,Moderate,0
classical_classification_v1,1,30,validation,road_id,NL-021,Severe,Heavy,13
classical_classification_v1,1,30,validation,road_id,NL-021,Severe,Severe,43
classical_classification_v1,1,30,validation,road_id,NL-022,Free-flow,Free-flow,706
classical_classification_v1,1,30,validation,road_id,NL-022,Free-flow,Moderate,35
classical_classification_v1,1,30,validation,road_id,NL-022,Free-flow,Heavy,0
classical_classification_v1,1,30,validation,road_id,NL-022,Free-flow,Severe,0
classical_classification_v1,1,30,validation,road_id,NL-022,Moderate,Free-flow,13
classical_classification_v1,1,30,validation,road_id,NL-022,Moderate,Moderate,163
classical_classification_v1,1,30,validation,road_id,NL-022,Moderate,Heavy,33
classical_classification_v1,1,30,validation,road_id,NL-022,Moderate,Severe,3
classical_classification_v1,1,30,validation,road_id,NL-022,Heavy,Free-flow,1
classical_classification_v1,1,30,validation,road_id,NL-022,Heavy,Moderate,12
classical_classification_v1,1,30,validation,road_id,NL-022,Heavy,Heavy,49
classical_classification_v1,1,30,validation,road_id,NL-022,Heavy,Severe,21
classical_classification_v1,1,30,validation,road_id,NL-022,Severe,Free-flow,0
classical_classification_v1,1,30,validation,road_id,NL-022,Severe,Moderate,0
classical_classification_v1,1,30,validation,road_id,NL-022,Severe,Heavy,11
classical_classification_v1,1,30,validation,road_id,NL-022,Severe,Severe,39
classical_classification_v1,1,30,validation,road_id,NL-023,Free-flow,Free-flow,626
classical_classification_v1,1,30,validation,road_id,NL-023,Free-flow,Moderate,49
classical_classification_v1,1,30,validation,road_id,NL-023,Free-flow,Heavy,0
classical_classification_v1,1,30,validation,road_id,NL-023,Free-flow,Severe,0
classical_classification_v1,1,30,validation,road_id,NL-023,Moderate,Free-flow,34
classical_classification_v1,1,30,validation,road_id,NL-023,Moderate,Moderate,198
classical_classification_v1,1,30,validation,road_id,NL-023,Moderate,Heavy,21
classical_classification_v1,1,30,validation,road_id,NL-023,Moderate,Severe,0
classical_classification_v1,1,30,validation,road_id,NL-023,Heavy,Free-flow,0
classical_classification_v1,1,30,validation,road_id,NL-023,Heavy,Moderate,9
classical_classification_v1,1,30,validation,road_id,NL-023,Heavy,Heavy,67
classical_classification_v1,1,30,validation,road_id,NL-023,Heavy,Severe,24
classical_classification_v1,1,30,validation,road_id,NL-023,Severe,Free-flow,0
classical_classification_v1,1,30,validation,road_id,NL-023,Severe,Moderate,2
classical_classification_v1,1,30,validation,road_id,NL-023,Severe,Heavy,12
classical_classification_v1,1,30,validation,road_id,NL-023,Severe,Severe,44
classical_classification_v1,1,30,validation,road_id,NL-024,Free-flow,Free-flow,662
classical_classification_v1,1,30,validation,road_id,NL-024,Free-flow,Moderate,33
classical_classification_v1,1,30,validation,road_id,NL-024,Free-flow,Heavy,0
classical_classification_v1,1,30,validation,road_id,NL-024,Free-flow,Severe,0
classical_classification_v1,1,30,validation,road_id,NL-024,Moderate,Free-flow,33
classical_classification_v1,1,30,validation,road_id,NL-024,Moderate,Moderate,174
classical_classification_v1,1,30,validation,road_id,NL-024,Moderate,Heavy,32
classical_classification_v1,1,30,validation,road_id,NL-024,Moderate,Severe,4
classical_classification_v1,1,30,validation,road_id,NL-024,Heavy,Free-flow,0
classical_classification_v1,1,30,validation,road_id,NL-024,Heavy,Moderate,15
classical_classification_v1,1,30,validation,road_id,NL-024,Heavy,Heavy,64
classical_classification_v1,1,30,validation,road_id,NL-024,Heavy,Severe,28
classical_classification_v1,1,30,validation,road_id,NL-024,Severe,Free-flow,0
classical_classification_v1,1,30,validation,road_id,NL-024,Severe,Moderate,0
classical_classification_v1,1,30,validation,road_id,NL-024,Severe,Heavy,11
classical_classification_v1,1,30,validation,road_id,NL-024,Severe,Severe,30
classical_classification_v1,1,30,validation,road_id,NL-025,Free-flow,Free-flow,700
classical_classification_v1,1,30,validation,road_id,NL-025,Free-flow,Moderate,38
classical_classification_v1,1,30,validation,road_id,NL-025,Free-flow,Heavy,0
classical_classification_v1,1,30,validation,road_id,NL-025,Free-flow,Severe,0
classical_classification_v1,1,30,validation,road_id,NL-025,Moderate,Free-flow,15
classical_classification_v1,1,30,validation,road_id,NL-025,Moderate,Moderate,161
classical_classification_v1,1,30,validation,road_id,NL-025,Moderate,Heavy,30
classical_classification_v1,1,30,validation,road_id,NL-025,Moderate,Severe,1
classical_classification_v1,1,30,validation,road_id,NL-025,Heavy,Free-flow,0
classical_classification_v1,1,30,validation,road_id,NL-025,Heavy,Moderate,11
classical_classification_v1,1,30,validation,road_id,NL-025,Heavy,Heavy,53
classical_classification_v1,1,30,validation,road_id,NL-025,Heavy,Severe,27
classical_classification_v1,1,30,validation,road_id,NL-025,Severe,Free-flow,0
classical_classification_v1,1,30,validation,road_id,NL-025,Severe,Moderate,0
classical_classification_v1,1,30,validation,road_id,NL-025,Severe,Heavy,10
classical_classification_v1,1,30,validation,road_id,NL-025,Severe,Severe,40
classical_classification_v1,1,30,validation,origin_hour,0,Free-flow,Free-flow,1150
classical_classification_v1,1,30,validation,origin_hour,0,Free-flow,Moderate,0
classical_classification_v1,1,30,validation,origin_hour,0,Free-flow,Heavy,0
classical_classification_v1,1,30,validation,origin_hour,0,Free-flow,Severe,0
classical_classification_v1,1,30,validation,origin_hour,0,Moderate,Free-flow,0
classical_classification_v1,1,30,validation,origin_hour,0,Moderate,Moderate,0
classical_classification_v1,1,30,validation,origin_hour,0,Moderate,Heavy,0
classical_classification_v1,1,30,validation,origin_hour,0,Moderate,Severe,0
classical_classification_v1,1,30,validation,origin_hour,0,Heavy,Free-flow,0
classical_classification_v1,1,30,validation,origin_hour,0,Heavy,Moderate,0
classical_classification_v1,1,30,validation,origin_hour,0,Heavy,Heavy,0
classical_classification_v1,1,30,validation,origin_hour,0,Heavy,Severe,0
classical_classification_v1,1,30,validation,origin_hour,0,Severe,Free-flow,0
classical_classification_v1,1,30,validation,origin_hour,0,Severe,Moderate,0
classical_classification_v1,1,30,validation,origin_hour,0,Severe,Heavy,0
classical_classification_v1,1,30,validation,origin_hour,0,Severe,Severe,0
classical_classification_v1,1,30,validation,origin_hour,1,Free-flow,Free-flow,1150
classical_classification_v1,1,30,validation,origin_hour,1,Free-flow,Moderate,0
classical_classification_v1,1,30,validation,origin_hour,1,Free-flow,Heavy,0
classical_classification_v1,1,30,validation,origin_hour,1,Free-flow,Severe,0
classical_classification_v1,1,30,validation,origin_hour,1,Moderate,Free-flow,0
classical_classification_v1,1,30,validation,origin_hour,1,Moderate,Moderate,0
classical_classification_v1,1,30,validation,origin_hour,1,Moderate,Heavy,0
classical_classification_v1,1,30,validation,origin_hour,1,Moderate,Severe,0
classical_classification_v1,1,30,validation,origin_hour,1,Heavy,Free-flow,0
classical_classification_v1,1,30,validation,origin_hour,1,Heavy,Moderate,0
classical_classification_v1,1,30,validation,origin_hour,1,Heavy,Heavy,0
classical_classification_v1,1,30,validation,origin_hour,1,Heavy,Severe,0
classical_classification_v1,1,30,validation,origin_hour,1,Severe,Free-flow,0
classical_classification_v1,1,30,validation,origin_hour,1,Severe,Moderate,0
classical_classification_v1,1,30,validation,origin_hour,1,Severe,Heavy,0
classical_classification_v1,1,30,validation,origin_hour,1,Severe,Severe,0
classical_classification_v1,1,30,validation,origin_hour,2,Free-flow,Free-flow,1150
classical_classification_v1,1,30,validation,origin_hour,2,Free-flow,Moderate,0
classical_classification_v1,1,30,validation,origin_hour,2,Free-flow,Heavy,0
classical_classification_v1,1,30,validation,origin_hour,2,Free-flow,Severe,0
classical_classification_v1,1,30,validation,origin_hour,2,Moderate,Free-flow,0
classical_classification_v1,1,30,validation,origin_hour,2,Moderate,Moderate,0
classical_classification_v1,1,30,validation,origin_hour,2,Moderate,Heavy,0
classical_classification_v1,1,30,validation,origin_hour,2,Moderate,Severe,0
classical_classification_v1,1,30,validation,origin_hour,2,Heavy,Free-flow,0
classical_classification_v1,1,30,validation,origin_hour,2,Heavy,Moderate,0
classical_classification_v1,1,30,validation,origin_hour,2,Heavy,Heavy,0
classical_classification_v1,1,30,validation,origin_hour,2,Heavy,Severe,0
classical_classification_v1,1,30,validation,origin_hour,2,Severe,Free-flow,0
classical_classification_v1,1,30,validation,origin_hour,2,Severe,Moderate,0
classical_classification_v1,1,30,validation,origin_hour,2,Severe,Heavy,0
classical_classification_v1,1,30,validation,origin_hour,2,Severe,Severe,0
classical_classification_v1,1,30,validation,origin_hour,3,Free-flow,Free-flow,1150
classical_classification_v1,1,30,validation,origin_hour,3,Free-flow,Moderate,0
classical_classification_v1,1,30,validation,origin_hour,3,Free-flow,Heavy,0
classical_classification_v1,1,30,validation,origin_hour,3,Free-flow,Severe,0
classical_classification_v1,1,30,validation,origin_hour,3,Moderate,Free-flow,0
classical_classification_v1,1,30,validation,origin_hour,3,Moderate,Moderate,0
classical_classification_v1,1,30,validation,origin_hour,3,Moderate,Heavy,0
classical_classification_v1,1,30,validation,origin_hour,3,Moderate,Severe,0
classical_classification_v1,1,30,validation,origin_hour,3,Heavy,Free-flow,0
classical_classification_v1,1,30,validation,origin_hour,3,Heavy,Moderate,0
classical_classification_v1,1,30,validation,origin_hour,3,Heavy,Heavy,0
classical_classification_v1,1,30,validation,origin_hour,3,Heavy,Severe,0
classical_classification_v1,1,30,validation,origin_hour,3,Severe,Free-flow,0
classical_classification_v1,1,30,validation,origin_hour,3,Severe,Moderate,0
classical_classification_v1,1,30,validation,origin_hour,3,Severe,Heavy,0
classical_classification_v1,1,30,validation,origin_hour,3,Severe,Severe,0
classical_classification_v1,1,30,validation,origin_hour,4,Free-flow,Free-flow,1150
classical_classification_v1,1,30,validation,origin_hour,4,Free-flow,Moderate,0
classical_classification_v1,1,30,validation,origin_hour,4,Free-flow,Heavy,0
classical_classification_v1,1,30,validation,origin_hour,4,Free-flow,Severe,0
classical_classification_v1,1,30,validation,origin_hour,4,Moderate,Free-flow,0
classical_classification_v1,1,30,validation,origin_hour,4,Moderate,Moderate,0
classical_classification_v1,1,30,validation,origin_hour,4,Moderate,Heavy,0
classical_classification_v1,1,30,validation,origin_hour,4,Moderate,Severe,0
classical_classification_v1,1,30,validation,origin_hour,4,Heavy,Free-flow,0
classical_classification_v1,1,30,validation,origin_hour,4,Heavy,Moderate,0
classical_classification_v1,1,30,validation,origin_hour,4,Heavy,Heavy,0
classical_classification_v1,1,30,validation,origin_hour,4,Heavy,Severe,0
classical_classification_v1,1,30,validation,origin_hour,4,Severe,Free-flow,0
classical_classification_v1,1,30,validation,origin_hour,4,Severe,Moderate,0
classical_classification_v1,1,30,validation,origin_hour,4,Severe,Heavy,0
classical_classification_v1,1,30,validation,origin_hour,4,Severe,Severe,0
classical_classification_v1,1,30,validation,origin_hour,5,Free-flow,Free-flow,1148
classical_classification_v1,1,30,validation,origin_hour,5,Free-flow,Moderate,0
classical_classification_v1,1,30,validation,origin_hour,5,Free-flow,Heavy,0
classical_classification_v1,1,30,validation,origin_hour,5,Free-flow,Severe,0
classical_classification_v1,1,30,validation,origin_hour,5,Moderate,Free-flow,2
classical_classification_v1,1,30,validation,origin_hour,5,Moderate,Moderate,0
classical_classification_v1,1,30,validation,origin_hour,5,Moderate,Heavy,0
classical_classification_v1,1,30,validation,origin_hour,5,Moderate,Severe,0
classical_classification_v1,1,30,validation,origin_hour,5,Heavy,Free-flow,0
classical_classification_v1,1,30,validation,origin_hour,5,Heavy,Moderate,0
classical_classification_v1,1,30,validation,origin_hour,5,Heavy,Heavy,0
classical_classification_v1,1,30,validation,origin_hour,5,Heavy,Severe,0
classical_classification_v1,1,30,validation,origin_hour,5,Severe,Free-flow,0
classical_classification_v1,1,30,validation,origin_hour,5,Severe,Moderate,0
classical_classification_v1,1,30,validation,origin_hour,5,Severe,Heavy,0
classical_classification_v1,1,30,validation,origin_hour,5,Severe,Severe,0
classical_classification_v1,1,30,validation,origin_hour,6,Free-flow,Free-flow,485
classical_classification_v1,1,30,validation,origin_hour,6,Free-flow,Moderate,82
classical_classification_v1,1,30,validation,origin_hour,6,Free-flow,Heavy,0
classical_classification_v1,1,30,validation,origin_hour,6,Free-flow,Severe,0
classical_classification_v1,1,30,validation,origin_hour,6,Moderate,Free-flow,72
classical_classification_v1,1,30,validation,origin_hour,6,Moderate,Moderate,496
classical_classification_v1,1,30,validation,origin_hour,6,Moderate,Heavy,0
classical_classification_v1,1,30,validation,origin_hour,6,Moderate,Severe,0
classical_classification_v1,1,30,validation,origin_hour,6,Heavy,Free-flow,0
classical_classification_v1,1,30,validation,origin_hour,6,Heavy,Moderate,15
classical_classification_v1,1,30,validation,origin_hour,6,Heavy,Heavy,0
classical_classification_v1,1,30,validation,origin_hour,6,Heavy,Severe,0
classical_classification_v1,1,30,validation,origin_hour,6,Severe,Free-flow,0
classical_classification_v1,1,30,validation,origin_hour,6,Severe,Moderate,0
classical_classification_v1,1,30,validation,origin_hour,6,Severe,Heavy,0
classical_classification_v1,1,30,validation,origin_hour,6,Severe,Severe,0
classical_classification_v1,1,30,validation,origin_hour,7,Free-flow,Free-flow,20
classical_classification_v1,1,30,validation,origin_hour,7,Free-flow,Moderate,14
classical_classification_v1,1,30,validation,origin_hour,7,Free-flow,Heavy,0
classical_classification_v1,1,30,validation,origin_hour,7,Free-flow,Severe,0
classical_classification_v1,1,30,validation,origin_hour,7,Moderate,Free-flow,12
classical_classification_v1,1,30,validation,origin_hour,7,Moderate,Moderate,292
classical_classification_v1,1,30,validation,origin_hour,7,Moderate,Heavy,112
classical_classification_v1,1,30,validation,origin_hour,7,Moderate,Severe,5
classical_classification_v1,1,30,validation,origin_hour,7,Heavy,Free-flow,1
classical_classification_v1,1,30,validation,origin_hour,7,Heavy,Moderate,33
classical_classification_v1,1,30,validation,origin_hour,7,Heavy,Heavy,296
classical_classification_v1,1,30,validation,origin_hour,7,Heavy,Severe,112
classical_classification_v1,1,30,validation,origin_hour,7,Severe,Free-flow,1
classical_classification_v1,1,30,validation,origin_hour,7,Severe,Moderate,2
classical_classification_v1,1,30,validation,origin_hour,7,Severe,Heavy,82
classical_classification_v1,1,30,validation,origin_hour,7,Severe,Severe,168
classical_classification_v1,1,30,validation,origin_hour,8,Free-flow,Free-flow,0
classical_classification_v1,1,30,validation,origin_hour,8,Free-flow,Moderate,1
classical_classification_v1,1,30,validation,origin_hour,8,Free-flow,Heavy,0
classical_classification_v1,1,30,validation,origin_hour,8,Free-flow,Severe,0
classical_classification_v1,1,30,validation,origin_hour,8,Moderate,Free-flow,0
classical_classification_v1,1,30,validation,origin_hour,8,Moderate,Moderate,207
classical_classification_v1,1,30,validation,origin_hour,8,Moderate,Heavy,36
classical_classification_v1,1,30,validation,origin_hour,8,Moderate,Severe,8
classical_classification_v1,1,30,validation,origin_hour,8,Heavy,Free-flow,0
classical_classification_v1,1,30,validation,origin_hour,8,Heavy,Moderate,81
classical_classification_v1,1,30,validation,origin_hour,8,Heavy,Heavy,18
classical_classification_v1,1,30,validation,origin_hour,8,Heavy,Severe,177
classical_classification_v1,1,30,validation,origin_hour,8,Severe,Free-flow,0
classical_classification_v1,1,30,validation,origin_hour,8,Severe,Moderate,4
classical_classification_v1,1,30,validation,origin_hour,8,Severe,Heavy,5
classical_classification_v1,1,30,validation,origin_hour,8,Severe,Severe,563
classical_classification_v1,1,30,validation,origin_hour,9,Free-flow,Free-flow,19
classical_classification_v1,1,30,validation,origin_hour,9,Free-flow,Moderate,27
classical_classification_v1,1,30,validation,origin_hour,9,Free-flow,Heavy,1
classical_classification_v1,1,30,validation,origin_hour,9,Free-flow,Severe,0
classical_classification_v1,1,30,validation,origin_hour,9,Moderate,Free-flow,7
classical_classification_v1,1,30,validation,origin_hour,9,Moderate,Moderate,450
classical_classification_v1,1,30,validation,origin_hour,9,Moderate,Heavy,92
classical_classification_v1,1,30,validation,origin_hour,9,Moderate,Severe,4
classical_classification_v1,1,30,validation,origin_hour,9,Heavy,Free-flow,1
classical_classification_v1,1,30,validation,origin_hour,9,Heavy,Moderate,83
classical_classification_v1,1,30,validation,origin_hour,9,Heavy,Heavy,301
classical_classification_v1,1,30,validation,origin_hour,9,Heavy,Severe,15
classical_classification_v1,1,30,validation,origin_hour,9,Severe,Free-flow,0
classical_classification_v1,1,30,validation,origin_hour,9,Severe,Moderate,3
classical_classification_v1,1,30,validation,origin_hour,9,Severe,Heavy,78
classical_classification_v1,1,30,validation,origin_hour,9,Severe,Severe,19
classical_classification_v1,1,30,validation,origin_hour,10,Free-flow,Free-flow,291
classical_classification_v1,1,30,validation,origin_hour,10,Free-flow,Moderate,135
classical_classification_v1,1,30,validation,origin_hour,10,Free-flow,Heavy,0
classical_classification_v1,1,30,validation,origin_hour,10,Free-flow,Severe,0
classical_classification_v1,1,30,validation,origin_hour,10,Moderate,Free-flow,53
classical_classification_v1,1,30,validation,origin_hour,10,Moderate,Moderate,613
classical_classification_v1,1,30,validation,origin_hour,10,Moderate,Heavy,0
classical_classification_v1,1,30,validation,origin_hour,10,Moderate,Severe,0
classical_classification_v1,1,30,validation,origin_hour,10,Heavy,Free-flow,0
classical_classification_v1,1,30,validation,origin_hour,10,Heavy,Moderate,8
classical_classification_v1,1,30,validation,origin_hour,10,Heavy,Heavy,0
classical_classification_v1,1,30,validation,origin_hour,10,Heavy,Severe,0
classical_classification_v1,1,30,validation,origin_hour,10,Severe,Free-flow,0
classical_classification_v1,1,30,validation,origin_hour,10,Severe,Moderate,0
classical_classification_v1,1,30,validation,origin_hour,10,Severe,Heavy,0
classical_classification_v1,1,30,validation,origin_hour,10,Severe,Severe,0
classical_classification_v1,1,30,validation,origin_hour,11,Free-flow,Free-flow,681
classical_classification_v1,1,30,validation,origin_hour,11,Free-flow,Moderate,108
classical_classification_v1,1,30,validation,origin_hour,11,Free-flow,Heavy,0
classical_classification_v1,1,30,validation,origin_hour,11,Free-flow,Severe,0
classical_classification_v1,1,30,validation,origin_hour,11,Moderate,Free-flow,98
classical_classification_v1,1,30,validation,origin_hour,11,Moderate,Moderate,213
classical_classification_v1,1,30,validation,origin_hour,11,Moderate,Heavy,0
classical_classification_v1,1,30,validation,origin_hour,11,Moderate,Severe,0
classical_classification_v1,1,30,validation,origin_hour,11,Heavy,Free-flow,0
classical_classification_v1,1,30,validation,origin_hour,11,Heavy,Moderate,0
classical_classification_v1,1,30,validation,origin_hour,11,Heavy,Heavy,0
classical_classification_v1,1,30,validation,origin_hour,11,Heavy,Severe,0
classical_classification_v1,1,30,validation,origin_hour,11,Severe,Free-flow,0
classical_classification_v1,1,30,validation,origin_hour,11,Severe,Moderate,0
classical_classification_v1,1,30,validation,origin_hour,11,Severe,Heavy,0
classical_classification_v1,1,30,validation,origin_hour,11,Severe,Severe,0
classical_classification_v1,1,30,validation,origin_hour,12,Free-flow,Free-flow,733
classical_classification_v1,1,30,validation,origin_hour,12,Free-flow,Moderate,118
classical_classification_v1,1,30,validation,origin_hour,12,Free-flow,Heavy,0
classical_classification_v1,1,30,validation,origin_hour,12,Free-flow,Severe,0
classical_classification_v1,1,30,validation,origin_hour,12,Moderate,Free-flow,68
classical_classification_v1,1,30,validation,origin_hour,12,Moderate,Moderate,181
classical_classification_v1,1,30,validation,origin_hour,12,Moderate,Heavy,0
classical_classification_v1,1,30,validation,origin_hour,12,Moderate,Severe,0
classical_classification_v1,1,30,validation,origin_hour,12,Heavy,Free-flow,0
classical_classification_v1,1,30,validation,origin_hour,12,Heavy,Moderate,0
classical_classification_v1,1,30,validation,origin_hour,12,Heavy,Heavy,0
classical_classification_v1,1,30,validation,origin_hour,12,Heavy,Severe,0
classical_classification_v1,1,30,validation,origin_hour,12,Severe,Free-flow,0
classical_classification_v1,1,30,validation,origin_hour,12,Severe,Moderate,0
classical_classification_v1,1,30,validation,origin_hour,12,Severe,Heavy,0
classical_classification_v1,1,30,validation,origin_hour,12,Severe,Severe,0
classical_classification_v1,1,30,validation,origin_hour,13,Free-flow,Free-flow,746
classical_classification_v1,1,30,validation,origin_hour,13,Free-flow,Moderate,96
classical_classification_v1,1,30,validation,origin_hour,13,Free-flow,Heavy,0
classical_classification_v1,1,30,validation,origin_hour,13,Free-flow,Severe,0
classical_classification_v1,1,30,validation,origin_hour,13,Moderate,Free-flow,52
classical_classification_v1,1,30,validation,origin_hour,13,Moderate,Moderate,206
classical_classification_v1,1,30,validation,origin_hour,13,Moderate,Heavy,0
classical_classification_v1,1,30,validation,origin_hour,13,Moderate,Severe,0
classical_classification_v1,1,30,validation,origin_hour,13,Heavy,Free-flow,0
classical_classification_v1,1,30,validation,origin_hour,13,Heavy,Moderate,0
classical_classification_v1,1,30,validation,origin_hour,13,Heavy,Heavy,0
classical_classification_v1,1,30,validation,origin_hour,13,Heavy,Severe,0
classical_classification_v1,1,30,validation,origin_hour,13,Severe,Free-flow,0
classical_classification_v1,1,30,validation,origin_hour,13,Severe,Moderate,0
classical_classification_v1,1,30,validation,origin_hour,13,Severe,Heavy,0
classical_classification_v1,1,30,validation,origin_hour,13,Severe,Severe,0
classical_classification_v1,1,30,validation,origin_hour,14,Free-flow,Free-flow,530
classical_classification_v1,1,30,validation,origin_hour,14,Free-flow,Moderate,118
classical_classification_v1,1,30,validation,origin_hour,14,Free-flow,Heavy,0
classical_classification_v1,1,30,validation,origin_hour,14,Free-flow,Severe,0
classical_classification_v1,1,30,validation,origin_hour,14,Moderate,Free-flow,107
classical_classification_v1,1,30,validation,origin_hour,14,Moderate,Moderate,345
classical_classification_v1,1,30,validation,origin_hour,14,Moderate,Heavy,0
classical_classification_v1,1,30,validation,origin_hour,14,Moderate,Severe,0
classical_classification_v1,1,30,validation,origin_hour,14,Heavy,Free-flow,0
classical_classification_v1,1,30,validation,origin_hour,14,Heavy,Moderate,0
classical_classification_v1,1,30,validation,origin_hour,14,Heavy,Heavy,0
classical_classification_v1,1,30,validation,origin_hour,14,Heavy,Severe,0
classical_classification_v1,1,30,validation,origin_hour,14,Severe,Free-flow,0
classical_classification_v1,1,30,validation,origin_hour,14,Severe,Moderate,0
classical_classification_v1,1,30,validation,origin_hour,14,Severe,Heavy,0
classical_classification_v1,1,30,validation,origin_hour,14,Severe,Severe,0
classical_classification_v1,1,30,validation,origin_hour,15,Free-flow,Free-flow,204
classical_classification_v1,1,30,validation,origin_hour,15,Free-flow,Moderate,91
classical_classification_v1,1,30,validation,origin_hour,15,Free-flow,Heavy,0
classical_classification_v1,1,30,validation,origin_hour,15,Free-flow,Severe,0
classical_classification_v1,1,30,validation,origin_hour,15,Moderate,Free-flow,42
classical_classification_v1,1,30,validation,origin_hour,15,Moderate,Moderate,712
classical_classification_v1,1,30,validation,origin_hour,15,Moderate,Heavy,7
classical_classification_v1,1,30,validation,origin_hour,15,Moderate,Severe,0
classical_classification_v1,1,30,validation,origin_hour,15,Heavy,Free-flow,1
classical_classification_v1,1,30,validation,origin_hour,15,Heavy,Moderate,42
classical_classification_v1,1,30,validation,origin_hour,15,Heavy,Heavy,1
classical_classification_v1,1,30,validation,origin_hour,15,Heavy,Severe,0
classical_classification_v1,1,30,validation,origin_hour,15,Severe,Free-flow,0
classical_classification_v1,1,30,validation,origin_hour,15,Severe,Moderate,0
classical_classification_v1,1,30,validation,origin_hour,15,Severe,Heavy,0
classical_classification_v1,1,30,validation,origin_hour,15,Severe,Severe,0
classical_classification_v1,1,30,validation,origin_hour,16,Free-flow,Free-flow,26
classical_classification_v1,1,30,validation,origin_hour,16,Free-flow,Moderate,33
classical_classification_v1,1,30,validation,origin_hour,16,Free-flow,Heavy,0
classical_classification_v1,1,30,validation,origin_hour,16,Free-flow,Severe,0
classical_classification_v1,1,30,validation,origin_hour,16,Moderate,Free-flow,3
classical_classification_v1,1,30,validation,origin_hour,16,Moderate,Moderate,354
classical_classification_v1,1,30,validation,origin_hour,16,Moderate,Heavy,177
classical_classification_v1,1,30,validation,origin_hour,16,Moderate,Severe,0
classical_classification_v1,1,30,validation,origin_hour,16,Heavy,Free-flow,1
classical_classification_v1,1,30,validation,origin_hour,16,Heavy,Moderate,43
classical_classification_v1,1,30,validation,origin_hour,16,Heavy,Heavy,392
classical_classification_v1,1,30,validation,origin_hour,16,Heavy,Severe,2
classical_classification_v1,1,30,validation,origin_hour,16,Severe,Free-flow,0
classical_classification_v1,1,30,validation,origin_hour,16,Severe,Moderate,0
classical_classification_v1,1,30,validation,origin_hour,16,Severe,Heavy,69
classical_classification_v1,1,30,validation,origin_hour,16,Severe,Severe,0
classical_classification_v1,1,30,validation,origin_hour,17,Free-flow,Free-flow,4
classical_classification_v1,1,30,validation,origin_hour,17,Free-flow,Moderate,11
classical_classification_v1,1,30,validation,origin_hour,17,Free-flow,Heavy,0
classical_classification_v1,1,30,validation,origin_hour,17,Free-flow,Severe,0
classical_classification_v1,1,30,validation,origin_hour,17,Moderate,Free-flow,4
classical_classification_v1,1,30,validation,origin_hour,17,Moderate,Moderate,292
classical_classification_v1,1,30,validation,origin_hour,17,Moderate,Heavy,15
classical_classification_v1,1,30,validation,origin_hour,17,Moderate,Severe,19
classical_classification_v1,1,30,validation,origin_hour,17,Heavy,Free-flow,0
classical_classification_v1,1,30,validation,origin_hour,17,Heavy,Moderate,36
classical_classification_v1,1,30,validation,origin_hour,17,Heavy,Heavy,118
classical_classification_v1,1,30,validation,origin_hour,17,Heavy,Severe,314
classical_classification_v1,1,30,validation,origin_hour,17,Severe,Free-flow,0
classical_classification_v1,1,30,validation,origin_hour,17,Severe,Moderate,2
classical_classification_v1,1,30,validation,origin_hour,17,Severe,Heavy,67
classical_classification_v1,1,30,validation,origin_hour,17,Severe,Severe,268
classical_classification_v1,1,30,validation,origin_hour,18,Free-flow,Free-flow,20
classical_classification_v1,1,30,validation,origin_hour,18,Free-flow,Moderate,28
classical_classification_v1,1,30,validation,origin_hour,18,Free-flow,Heavy,1
classical_classification_v1,1,30,validation,origin_hour,18,Free-flow,Severe,0
classical_classification_v1,1,30,validation,origin_hour,18,Moderate,Free-flow,4
classical_classification_v1,1,30,validation,origin_hour,18,Moderate,Moderate,305
classical_classification_v1,1,30,validation,origin_hour,18,Moderate,Heavy,180
classical_classification_v1,1,30,validation,origin_hour,18,Moderate,Severe,3
classical_classification_v1,1,30,validation,origin_hour,18,Heavy,Free-flow,0
classical_classification_v1,1,30,validation,origin_hour,18,Heavy,Moderate,26
classical_classification_v1,1,30,validation,origin_hour,18,Heavy,Heavy,448
classical_classification_v1,1,30,validation,origin_hour,18,Heavy,Severe,10
classical_classification_v1,1,30,validation,origin_hour,18,Severe,Free-flow,0
classical_classification_v1,1,30,validation,origin_hour,18,Severe,Moderate,0
classical_classification_v1,1,30,validation,origin_hour,18,Severe,Heavy,112
classical_classification_v1,1,30,validation,origin_hour,18,Severe,Severe,13
classical_classification_v1,1,30,validation,origin_hour,19,Free-flow,Free-flow,249
classical_classification_v1,1,30,validation,origin_hour,19,Free-flow,Moderate,169
classical_classification_v1,1,30,validation,origin_hour,19,Free-flow,Heavy,0
classical_classification_v1,1,30,validation,origin_hour,19,Free-flow,Severe,0
classical_classification_v1,1,30,validation,origin_hour,19,Moderate,Free-flow,32
classical_classification_v1,1,30,validation,origin_hour,19,Moderate,Moderate,661
classical_classification_v1,1,30,validation,origin_hour,19,Moderate,Heavy,1
classical_classification_v1,1,30,validation,origin_hour,19,Moderate,Severe,0
classical_classification_v1,1,30,validation,origin_hour,19,Heavy,Free-flow,0
classical_classification_v1,1,30,validation,origin_hour,19,Heavy,Moderate,36
classical_classification_v1,1,30,validation,origin_hour,19,Heavy,Heavy,2
classical_classification_v1,1,30,validation,origin_hour,19,Heavy,Severe,0
classical_classification_v1,1,30,validation,origin_hour,19,Severe,Free-flow,0
classical_classification_v1,1,30,validation,origin_hour,19,Severe,Moderate,0
classical_classification_v1,1,30,validation,origin_hour,19,Severe,Heavy,0
classical_classification_v1,1,30,validation,origin_hour,19,Severe,Severe,0
classical_classification_v1,1,30,validation,origin_hour,20,Free-flow,Free-flow,1087
classical_classification_v1,1,30,validation,origin_hour,20,Free-flow,Moderate,10
classical_classification_v1,1,30,validation,origin_hour,20,Free-flow,Heavy,0
classical_classification_v1,1,30,validation,origin_hour,20,Free-flow,Severe,0
classical_classification_v1,1,30,validation,origin_hour,20,Moderate,Free-flow,51
classical_classification_v1,1,30,validation,origin_hour,20,Moderate,Moderate,2
classical_classification_v1,1,30,validation,origin_hour,20,Moderate,Heavy,0
classical_classification_v1,1,30,validation,origin_hour,20,Moderate,Severe,0
classical_classification_v1,1,30,validation,origin_hour,20,Heavy,Free-flow,0
classical_classification_v1,1,30,validation,origin_hour,20,Heavy,Moderate,0
classical_classification_v1,1,30,validation,origin_hour,20,Heavy,Heavy,0
classical_classification_v1,1,30,validation,origin_hour,20,Heavy,Severe,0
classical_classification_v1,1,30,validation,origin_hour,20,Severe,Free-flow,0
classical_classification_v1,1,30,validation,origin_hour,20,Severe,Moderate,0
classical_classification_v1,1,30,validation,origin_hour,20,Severe,Heavy,0
classical_classification_v1,1,30,validation,origin_hour,20,Severe,Severe,0
classical_classification_v1,1,30,validation,origin_hour,21,Free-flow,Free-flow,1150
classical_classification_v1,1,30,validation,origin_hour,21,Free-flow,Moderate,0
classical_classification_v1,1,30,validation,origin_hour,21,Free-flow,Heavy,0
classical_classification_v1,1,30,validation,origin_hour,21,Free-flow,Severe,0
classical_classification_v1,1,30,validation,origin_hour,21,Moderate,Free-flow,0
classical_classification_v1,1,30,validation,origin_hour,21,Moderate,Moderate,0
classical_classification_v1,1,30,validation,origin_hour,21,Moderate,Heavy,0
classical_classification_v1,1,30,validation,origin_hour,21,Moderate,Severe,0
classical_classification_v1,1,30,validation,origin_hour,21,Heavy,Free-flow,0
classical_classification_v1,1,30,validation,origin_hour,21,Heavy,Moderate,0
classical_classification_v1,1,30,validation,origin_hour,21,Heavy,Heavy,0
classical_classification_v1,1,30,validation,origin_hour,21,Heavy,Severe,0
classical_classification_v1,1,30,validation,origin_hour,21,Severe,Free-flow,0
classical_classification_v1,1,30,validation,origin_hour,21,Severe,Moderate,0
classical_classification_v1,1,30,validation,origin_hour,21,Severe,Heavy,0
classical_classification_v1,1,30,validation,origin_hour,21,Severe,Severe,0
classical_classification_v1,1,30,validation,origin_hour,22,Free-flow,Free-flow,1150
classical_classification_v1,1,30,validation,origin_hour,22,Free-flow,Moderate,0
classical_classification_v1,1,30,validation,origin_hour,22,Free-flow,Heavy,0
classical_classification_v1,1,30,validation,origin_hour,22,Free-flow,Severe,0
classical_classification_v1,1,30,validation,origin_hour,22,Moderate,Free-flow,0
classical_classification_v1,1,30,validation,origin_hour,22,Moderate,Moderate,0
classical_classification_v1,1,30,validation,origin_hour,22,Moderate,Heavy,0
classical_classification_v1,1,30,validation,origin_hour,22,Moderate,Severe,0
classical_classification_v1,1,30,validation,origin_hour,22,Heavy,Free-flow,0
classical_classification_v1,1,30,validation,origin_hour,22,Heavy,Moderate,0
classical_classification_v1,1,30,validation,origin_hour,22,Heavy,Heavy,0
classical_classification_v1,1,30,validation,origin_hour,22,Heavy,Severe,0
classical_classification_v1,1,30,validation,origin_hour,22,Severe,Free-flow,0
classical_classification_v1,1,30,validation,origin_hour,22,Severe,Moderate,0
classical_classification_v1,1,30,validation,origin_hour,22,Severe,Heavy,0
classical_classification_v1,1,30,validation,origin_hour,22,Severe,Severe,0
classical_classification_v1,1,30,validation,origin_hour,23,Free-flow,Free-flow,1150
classical_classification_v1,1,30,validation,origin_hour,23,Free-flow,Moderate,0
classical_classification_v1,1,30,validation,origin_hour,23,Free-flow,Heavy,0
classical_classification_v1,1,30,validation,origin_hour,23,Free-flow,Severe,0
classical_classification_v1,1,30,validation,origin_hour,23,Moderate,Free-flow,0
classical_classification_v1,1,30,validation,origin_hour,23,Moderate,Moderate,0
classical_classification_v1,1,30,validation,origin_hour,23,Moderate,Heavy,0
classical_classification_v1,1,30,validation,origin_hour,23,Moderate,Severe,0
classical_classification_v1,1,30,validation,origin_hour,23,Heavy,Free-flow,0
classical_classification_v1,1,30,validation,origin_hour,23,Heavy,Moderate,0
classical_classification_v1,1,30,validation,origin_hour,23,Heavy,Heavy,0
classical_classification_v1,1,30,validation,origin_hour,23,Heavy,Severe,0
classical_classification_v1,1,30,validation,origin_hour,23,Severe,Free-flow,0
classical_classification_v1,1,30,validation,origin_hour,23,Severe,Moderate,0
classical_classification_v1,1,30,validation,origin_hour,23,Severe,Heavy,0
classical_classification_v1,1,30,validation,origin_hour,23,Severe,Severe,0
classical_classification_v1,1,30,validation,weekday,Friday,Free-flow,Free-flow,2087
classical_classification_v1,1,30,validation,weekday,Friday,Free-flow,Moderate,156
classical_classification_v1,1,30,validation,weekday,Friday,Free-flow,Heavy,0
classical_classification_v1,1,30,validation,weekday,Friday,Free-flow,Severe,0
classical_classification_v1,1,30,validation,weekday,Friday,Moderate,Free-flow,86
classical_classification_v1,1,30,validation,weekday,Friday,Moderate,Moderate,752
classical_classification_v1,1,30,validation,weekday,Friday,Moderate,Heavy,115
classical_classification_v1,1,30,validation,weekday,Friday,Moderate,Severe,4
classical_classification_v1,1,30,validation,weekday,Friday,Heavy,Free-flow,0
classical_classification_v1,1,30,validation,weekday,Friday,Heavy,Moderate,48
classical_classification_v1,1,30,validation,weekday,Friday,Heavy,Heavy,313
classical_classification_v1,1,30,validation,weekday,Friday,Heavy,Severe,139
classical_classification_v1,1,30,validation,weekday,Friday,Severe,Free-flow,0
classical_classification_v1,1,30,validation,weekday,Friday,Severe,Moderate,0
classical_classification_v1,1,30,validation,weekday,Friday,Severe,Heavy,77
classical_classification_v1,1,30,validation,weekday,Friday,Severe,Severe,223
classical_classification_v1,1,30,validation,weekday,Monday,Free-flow,Free-flow,1832
classical_classification_v1,1,30,validation,weekday,Monday,Free-flow,Moderate,157
classical_classification_v1,1,30,validation,weekday,Monday,Free-flow,Heavy,0
classical_classification_v1,1,30,validation,weekday,Monday,Free-flow,Severe,0
classical_classification_v1,1,30,validation,weekday,Monday,Moderate,Free-flow,99
classical_classification_v1,1,30,validation,weekday,Monday,Moderate,Moderate,659
classical_classification_v1,1,30,validation,weekday,Monday,Moderate,Heavy,107
classical_classification_v1,1,30,validation,weekday,Monday,Moderate,Severe,15
classical_classification_v1,1,30,validation,weekday,Monday,Heavy,Free-flow,0
classical_classification_v1,1,30,validation,weekday,Monday,Heavy,Moderate,55
classical_classification_v1,1,30,validation,weekday,Monday,Heavy,Heavy,290
classical_classification_v1,1,30,validation,weekday,Monday,Heavy,Severe,119
classical_classification_v1,1,30,validation,weekday,Monday,Severe,Free-flow,0
classical_classification_v1,1,30,validation,weekday,Monday,Severe,Moderate,3
classical_classification_v1,1,30,validation,weekday,Monday,Severe,Heavy,75
classical_classification_v1,1,30,validation,weekday,Monday,Severe,Severe,189
classical_classification_v1,1,30,validation,weekday,Saturday,Free-flow,Free-flow,2477
classical_classification_v1,1,30,validation,weekday,Saturday,Free-flow,Moderate,105
classical_classification_v1,1,30,validation,weekday,Saturday,Free-flow,Heavy,0
classical_classification_v1,1,30,validation,weekday,Saturday,Free-flow,Severe,0
classical_classification_v1,1,30,validation,weekday,Saturday,Moderate,Free-flow,71
classical_classification_v1,1,30,validation,weekday,Saturday,Moderate,Moderate,842
classical_classification_v1,1,30,validation,weekday,Saturday,Moderate,Heavy,12
classical_classification_v1,1,30,validation,weekday,Saturday,Moderate,Severe,0
classical_classification_v1,1,30,validation,weekday,Saturday,Heavy,Free-flow,1
classical_classification_v1,1,30,validation,weekday,Saturday,Heavy,Moderate,81
classical_classification_v1,1,30,validation,weekday,Saturday,Heavy,Heavy,5
classical_classification_v1,1,30,validation,weekday,Saturday,Heavy,Severe,0
classical_classification_v1,1,30,validation,weekday,Saturday,Severe,Free-flow,0
classical_classification_v1,1,30,validation,weekday,Saturday,Severe,Moderate,5
classical_classification_v1,1,30,validation,weekday,Saturday,Severe,Heavy,1
classical_classification_v1,1,30,validation,weekday,Saturday,Severe,Severe,0
classical_classification_v1,1,30,validation,weekday,Sunday,Free-flow,Free-flow,2507
classical_classification_v1,1,30,validation,weekday,Sunday,Free-flow,Moderate,102
classical_classification_v1,1,30,validation,weekday,Sunday,Free-flow,Heavy,0
classical_classification_v1,1,30,validation,weekday,Sunday,Free-flow,Severe,0
classical_classification_v1,1,30,validation,weekday,Sunday,Moderate,Free-flow,59
classical_classification_v1,1,30,validation,weekday,Sunday,Moderate,Moderate,816
classical_classification_v1,1,30,validation,weekday,Sunday,Moderate,Heavy,23
classical_classification_v1,1,30,validation,weekday,Sunday,Moderate,Severe,0
classical_classification_v1,1,30,validation,weekday,Sunday,Heavy,Free-flow,0
classical_classification_v1,1,30,validation,weekday,Sunday,Heavy,Moderate,80
classical_classification_v1,1,30,validation,weekday,Sunday,Heavy,Heavy,13
classical_classification_v1,1,30,validation,weekday,Sunday,Heavy,Severe,0
classical_classification_v1,1,30,validation,weekday,Sunday,Severe,Free-flow,0
classical_classification_v1,1,30,validation,weekday,Sunday,Severe,Moderate,0
classical_classification_v1,1,30,validation,weekday,Sunday,Severe,Heavy,0
classical_classification_v1,1,30,validation,weekday,Sunday,Severe,Severe,0
classical_classification_v1,1,30,validation,weekday,Thursday,Free-flow,Free-flow,2381
classical_classification_v1,1,30,validation,weekday,Thursday,Free-flow,Moderate,199
classical_classification_v1,1,30,validation,weekday,Thursday,Free-flow,Heavy,0
classical_classification_v1,1,30,validation,weekday,Thursday,Free-flow,Severe,0
classical_classification_v1,1,30,validation,weekday,Thursday,Moderate,Free-flow,118
classical_classification_v1,1,30,validation,weekday,Thursday,Moderate,Moderate,955
classical_classification_v1,1,30,validation,weekday,Thursday,Moderate,Heavy,162
classical_classification_v1,1,30,validation,weekday,Thursday,Moderate,Severe,7
classical_classification_v1,1,30,validation,weekday,Thursday,Heavy,Free-flow,0
classical_classification_v1,1,30,validation,weekday,Thursday,Heavy,Moderate,43
classical_classification_v1,1,30,validation,weekday,Thursday,Heavy,Heavy,400
classical_classification_v1,1,30,validation,weekday,Thursday,Heavy,Severe,155
classical_classification_v1,1,30,validation,weekday,Thursday,Severe,Free-flow,0
classical_classification_v1,1,30,validation,weekday,Thursday,Severe,Moderate,0
classical_classification_v1,1,30,validation,weekday,Thursday,Severe,Heavy,119
classical_classification_v1,1,30,validation,weekday,Thursday,Severe,Severe,261
classical_classification_v1,1,30,validation,weekday,Tuesday,Free-flow,Free-flow,1784
classical_classification_v1,1,30,validation,weekday,Tuesday,Free-flow,Moderate,160
classical_classification_v1,1,30,validation,weekday,Tuesday,Free-flow,Heavy,0
classical_classification_v1,1,30,validation,weekday,Tuesday,Free-flow,Severe,0
classical_classification_v1,1,30,validation,weekday,Tuesday,Moderate,Free-flow,83
classical_classification_v1,1,30,validation,weekday,Tuesday,Moderate,Moderate,688
classical_classification_v1,1,30,validation,weekday,Tuesday,Moderate,Heavy,109
classical_classification_v1,1,30,validation,weekday,Tuesday,Moderate,Severe,6
classical_classification_v1,1,30,validation,weekday,Tuesday,Heavy,Free-flow,0
classical_classification_v1,1,30,validation,weekday,Tuesday,Heavy,Moderate,48
classical_classification_v1,1,30,validation,weekday,Tuesday,Heavy,Heavy,306
classical_classification_v1,1,30,validation,weekday,Tuesday,Heavy,Severe,126
classical_classification_v1,1,30,validation,weekday,Tuesday,Severe,Free-flow,0
classical_classification_v1,1,30,validation,weekday,Tuesday,Severe,Moderate,1
classical_classification_v1,1,30,validation,weekday,Tuesday,Severe,Heavy,83
classical_classification_v1,1,30,validation,weekday,Tuesday,Severe,Severe,206
classical_classification_v1,1,30,validation,weekday,Wednesday,Free-flow,Free-flow,2375
classical_classification_v1,1,30,validation,weekday,Wednesday,Free-flow,Moderate,162
classical_classification_v1,1,30,validation,weekday,Wednesday,Free-flow,Heavy,2
classical_classification_v1,1,30,validation,weekday,Wednesday,Free-flow,Severe,0
classical_classification_v1,1,30,validation,weekday,Wednesday,Moderate,Free-flow,91
classical_classification_v1,1,30,validation,weekday,Wednesday,Moderate,Moderate,617
classical_classification_v1,1,30,validation,weekday,Wednesday,Moderate,Heavy,92
classical_classification_v1,1,30,validation,weekday,Wednesday,Moderate,Severe,7
classical_classification_v1,1,30,validation,weekday,Wednesday,Heavy,Free-flow,3
classical_classification_v1,1,30,validation,weekday,Wednesday,Heavy,Moderate,48
classical_classification_v1,1,30,validation,weekday,Wednesday,Heavy,Heavy,249
classical_classification_v1,1,30,validation,weekday,Wednesday,Heavy,Severe,91
classical_classification_v1,1,30,validation,weekday,Wednesday,Severe,Free-flow,1
classical_classification_v1,1,30,validation,weekday,Wednesday,Severe,Moderate,2
classical_classification_v1,1,30,validation,weekday,Wednesday,Severe,Heavy,58
classical_classification_v1,1,30,validation,weekday,Wednesday,Severe,Severe,152
classical_classification_v1,1,30,validation,weekday_type,weekday,Free-flow,Free-flow,10459
classical_classification_v1,1,30,validation,weekday_type,weekday,Free-flow,Moderate,834
classical_classification_v1,1,30,validation,weekday_type,weekday,Free-flow,Heavy,2
classical_classification_v1,1,30,validation,weekday_type,weekday,Free-flow,Severe,0
classical_classification_v1,1,30,validation,weekday_type,weekday,Moderate,Free-flow,477
classical_classification_v1,1,30,validation,weekday_type,weekday,Moderate,Moderate,3671
classical_classification_v1,1,30,validation,weekday_type,weekday,Moderate,Heavy,585
classical_classification_v1,1,30,validation,weekday_type,weekday,Moderate,Severe,39
classical_classification_v1,1,30,validation,weekday_type,weekday,Heavy,Free-flow,3
classical_classification_v1,1,30,validation,weekday_type,weekday,Heavy,Moderate,242
classical_classification_v1,1,30,validation,weekday_type,weekday,Heavy,Heavy,1558
classical_classification_v1,1,30,validation,weekday_type,weekday,Heavy,Severe,630
classical_classification_v1,1,30,validation,weekday_type,weekday,Severe,Free-flow,1
classical_classification_v1,1,30,validation,weekday_type,weekday,Severe,Moderate,6
classical_classification_v1,1,30,validation,weekday_type,weekday,Severe,Heavy,412
classical_classification_v1,1,30,validation,weekday_type,weekday,Severe,Severe,1031
classical_classification_v1,1,30,validation,weekday_type,weekend,Free-flow,Free-flow,4984
classical_classification_v1,1,30,validation,weekday_type,weekend,Free-flow,Moderate,207
classical_classification_v1,1,30,validation,weekday_type,weekend,Free-flow,Heavy,0
classical_classification_v1,1,30,validation,weekday_type,weekend,Free-flow,Severe,0
classical_classification_v1,1,30,validation,weekday_type,weekend,Moderate,Free-flow,130
classical_classification_v1,1,30,validation,weekday_type,weekend,Moderate,Moderate,1658
classical_classification_v1,1,30,validation,weekday_type,weekend,Moderate,Heavy,35
classical_classification_v1,1,30,validation,weekday_type,weekend,Moderate,Severe,0
classical_classification_v1,1,30,validation,weekday_type,weekend,Heavy,Free-flow,1
classical_classification_v1,1,30,validation,weekday_type,weekend,Heavy,Moderate,161
classical_classification_v1,1,30,validation,weekday_type,weekend,Heavy,Heavy,18
classical_classification_v1,1,30,validation,weekday_type,weekend,Heavy,Severe,0
classical_classification_v1,1,30,validation,weekday_type,weekend,Severe,Free-flow,0
classical_classification_v1,1,30,validation,weekday_type,weekend,Severe,Moderate,5
classical_classification_v1,1,30,validation,weekday_type,weekend,Severe,Heavy,1
classical_classification_v1,1,30,validation,weekday_type,weekend,Severe,Severe,0
classical_classification_v1,1,30,validation,peak_status,evening_peak,Free-flow,Free-flow,273
classical_classification_v1,1,30,validation,peak_status,evening_peak,Free-flow,Moderate,208
classical_classification_v1,1,30,validation,peak_status,evening_peak,Free-flow,Heavy,1
classical_classification_v1,1,30,validation,peak_status,evening_peak,Free-flow,Severe,0
classical_classification_v1,1,30,validation,peak_status,evening_peak,Moderate,Free-flow,40
classical_classification_v1,1,30,validation,peak_status,evening_peak,Moderate,Moderate,1258
classical_classification_v1,1,30,validation,peak_status,evening_peak,Moderate,Heavy,196
classical_classification_v1,1,30,validation,peak_status,evening_peak,Moderate,Severe,22
classical_classification_v1,1,30,validation,peak_status,evening_peak,Heavy,Free-flow,0
classical_classification_v1,1,30,validation,peak_status,evening_peak,Heavy,Moderate,98
classical_classification_v1,1,30,validation,peak_status,evening_peak,Heavy,Heavy,568
classical_classification_v1,1,30,validation,peak_status,evening_peak,Heavy,Severe,324
classical_classification_v1,1,30,validation,peak_status,evening_peak,Severe,Free-flow,0
classical_classification_v1,1,30,validation,peak_status,evening_peak,Severe,Moderate,2
classical_classification_v1,1,30,validation,peak_status,evening_peak,Severe,Heavy,179
classical_classification_v1,1,30,validation,peak_status,evening_peak,Severe,Severe,281
classical_classification_v1,1,30,validation,peak_status,morning_peak,Free-flow,Free-flow,39
classical_classification_v1,1,30,validation,peak_status,morning_peak,Free-flow,Moderate,42
classical_classification_v1,1,30,validation,peak_status,morning_peak,Free-flow,Heavy,1
classical_classification_v1,1,30,validation,peak_status,morning_peak,Free-flow,Severe,0
classical_classification_v1,1,30,validation,peak_status,morning_peak,Moderate,Free-flow,19
classical_classification_v1,1,30,validation,peak_status,morning_peak,Moderate,Moderate,949
classical_classification_v1,1,30,validation,peak_status,morning_peak,Moderate,Heavy,240
classical_classification_v1,1,30,validation,peak_status,morning_peak,Moderate,Severe,17
classical_classification_v1,1,30,validation,peak_status,morning_peak,Heavy,Free-flow,2
classical_classification_v1,1,30,validation,peak_status,morning_peak,Heavy,Moderate,197
classical_classification_v1,1,30,validation,peak_status,morning_peak,Heavy,Heavy,615
classical_classification_v1,1,30,validation,peak_status,morning_peak,Heavy,Severe,304
classical_classification_v1,1,30,validation,peak_status,morning_peak,Severe,Free-flow,1
classical_classification_v1,1,30,validation,peak_status,morning_peak,Severe,Moderate,9
classical_classification_v1,1,30,validation,peak_status,morning_peak,Severe,Heavy,165
classical_classification_v1,1,30,validation,peak_status,morning_peak,Severe,Severe,750
classical_classification_v1,1,30,validation,peak_status,off_peak,Free-flow,Free-flow,15131
classical_classification_v1,1,30,validation,peak_status,off_peak,Free-flow,Moderate,791
classical_classification_v1,1,30,validation,peak_status,off_peak,Free-flow,Heavy,0
classical_classification_v1,1,30,validation,peak_status,off_peak,Free-flow,Severe,0
classical_classification_v1,1,30,validation,peak_status,off_peak,Moderate,Free-flow,548
classical_classification_v1,1,30,validation,peak_status,off_peak,Moderate,Moderate,3122
classical_classification_v1,1,30,validation,peak_status,off_peak,Moderate,Heavy,184
classical_classification_v1,1,30,validation,peak_status,off_peak,Moderate,Severe,0
classical_classification_v1,1,30,validation,peak_status,off_peak,Heavy,Free-flow,2
classical_classification_v1,1,30,validation,peak_status,off_peak,Heavy,Moderate,108
classical_classification_v1,1,30,validation,peak_status,off_peak,Heavy,Heavy,393
classical_classification_v1,1,30,validation,peak_status,off_peak,Heavy,Severe,2
classical_classification_v1,1,30,validation,peak_status,off_peak,Severe,Free-flow,0
classical_classification_v1,1,30,validation,peak_status,off_peak,Severe,Moderate,0
classical_classification_v1,1,30,validation,peak_status,off_peak,Severe,Heavy,69
classical_classification_v1,1,30,validation,peak_status,off_peak,Severe,Severe,0
classical_classification_v1,1,30,validation,weather_condition,Clear,Free-flow,Free-flow,11787
classical_classification_v1,1,30,validation,weather_condition,Clear,Free-flow,Moderate,741
classical_classification_v1,1,30,validation,weather_condition,Clear,Free-flow,Heavy,1
classical_classification_v1,1,30,validation,weather_condition,Clear,Free-flow,Severe,0
classical_classification_v1,1,30,validation,weather_condition,Clear,Moderate,Free-flow,465
classical_classification_v1,1,30,validation,weather_condition,Clear,Moderate,Moderate,3897
classical_classification_v1,1,30,validation,weather_condition,Clear,Moderate,Heavy,414
classical_classification_v1,1,30,validation,weather_condition,Clear,Moderate,Severe,24
classical_classification_v1,1,30,validation,weather_condition,Clear,Heavy,Free-flow,3
classical_classification_v1,1,30,validation,weather_condition,Clear,Heavy,Moderate,293
classical_classification_v1,1,30,validation,weather_condition,Clear,Heavy,Heavy,1121
classical_classification_v1,1,30,validation,weather_condition,Clear,Heavy,Severe,455
classical_classification_v1,1,30,validation,weather_condition,Clear,Severe,Free-flow,0
classical_classification_v1,1,30,validation,weather_condition,Clear,Severe,Moderate,4
classical_classification_v1,1,30,validation,weather_condition,Clear,Severe,Heavy,307
classical_classification_v1,1,30,validation,weather_condition,Clear,Severe,Severe,830
classical_classification_v1,1,30,validation,weather_condition,Cloudy,Free-flow,Free-flow,2623
classical_classification_v1,1,30,validation,weather_condition,Cloudy,Free-flow,Moderate,216
classical_classification_v1,1,30,validation,weather_condition,Cloudy,Free-flow,Heavy,0
classical_classification_v1,1,30,validation,weather_condition,Cloudy,Free-flow,Severe,0
classical_classification_v1,1,30,validation,weather_condition,Cloudy,Moderate,Free-flow,110
classical_classification_v1,1,30,validation,weather_condition,Cloudy,Moderate,Moderate,1066
classical_classification_v1,1,30,validation,weather_condition,Cloudy,Moderate,Heavy,157
classical_classification_v1,1,30,validation,weather_condition,Cloudy,Moderate,Severe,11
classical_classification_v1,1,30,validation,weather_condition,Cloudy,Heavy,Free-flow,0
classical_classification_v1,1,30,validation,weather_condition,Cloudy,Heavy,Moderate,84
classical_classification_v1,1,30,validation,weather_condition,Cloudy,Heavy,Heavy,368
classical_classification_v1,1,30,validation,weather_condition,Cloudy,Heavy,Severe,144
classical_classification_v1,1,30,validation,weather_condition,Cloudy,Severe,Free-flow,0
classical_classification_v1,1,30,validation,weather_condition,Cloudy,Severe,Moderate,6
classical_classification_v1,1,30,validation,weather_condition,Cloudy,Severe,Heavy,92
classical_classification_v1,1,30,validation,weather_condition,Cloudy,Severe,Severe,155
classical_classification_v1,1,30,validation,weather_condition,Fog,Free-flow,Free-flow,137
classical_classification_v1,1,30,validation,weather_condition,Fog,Free-flow,Moderate,6
classical_classification_v1,1,30,validation,weather_condition,Fog,Free-flow,Heavy,0
classical_classification_v1,1,30,validation,weather_condition,Fog,Free-flow,Severe,0
classical_classification_v1,1,30,validation,weather_condition,Fog,Moderate,Free-flow,13
classical_classification_v1,1,30,validation,weather_condition,Fog,Moderate,Moderate,16
classical_classification_v1,1,30,validation,weather_condition,Fog,Moderate,Heavy,2
classical_classification_v1,1,30,validation,weather_condition,Fog,Moderate,Severe,0
classical_classification_v1,1,30,validation,weather_condition,Fog,Heavy,Free-flow,1
classical_classification_v1,1,30,validation,weather_condition,Fog,Heavy,Moderate,0
classical_classification_v1,1,30,validation,weather_condition,Fog,Heavy,Heavy,0
classical_classification_v1,1,30,validation,weather_condition,Fog,Heavy,Severe,0
classical_classification_v1,1,30,validation,weather_condition,Fog,Severe,Free-flow,1
classical_classification_v1,1,30,validation,weather_condition,Fog,Severe,Moderate,0
classical_classification_v1,1,30,validation,weather_condition,Fog,Severe,Heavy,0
classical_classification_v1,1,30,validation,weather_condition,Fog,Severe,Severe,0
classical_classification_v1,1,30,validation,weather_condition,Overcast,Free-flow,Free-flow,494
classical_classification_v1,1,30,validation,weather_condition,Overcast,Free-flow,Moderate,34
classical_classification_v1,1,30,validation,weather_condition,Overcast,Free-flow,Heavy,1
classical_classification_v1,1,30,validation,weather_condition,Overcast,Free-flow,Severe,0
classical_classification_v1,1,30,validation,weather_condition,Overcast,Moderate,Free-flow,11
classical_classification_v1,1,30,validation,weather_condition,Overcast,Moderate,Moderate,179
classical_classification_v1,1,30,validation,weather_condition,Overcast,Moderate,Heavy,9
classical_classification_v1,1,30,validation,weather_condition,Overcast,Moderate,Severe,4
classical_classification_v1,1,30,validation,weather_condition,Overcast,Heavy,Free-flow,0
classical_classification_v1,1,30,validation,weather_condition,Overcast,Heavy,Moderate,10
classical_classification_v1,1,30,validation,weather_condition,Overcast,Heavy,Heavy,32
classical_classification_v1,1,30,validation,weather_condition,Overcast,Heavy,Severe,30
classical_classification_v1,1,30,validation,weather_condition,Overcast,Severe,Free-flow,0
classical_classification_v1,1,30,validation,weather_condition,Overcast,Severe,Moderate,0
classical_classification_v1,1,30,validation,weather_condition,Overcast,Severe,Heavy,8
classical_classification_v1,1,30,validation,weather_condition,Overcast,Severe,Severe,44
classical_classification_v1,1,30,validation,weather_condition,Rain,Free-flow,Free-flow,402
classical_classification_v1,1,30,validation,weather_condition,Rain,Free-flow,Moderate,44
classical_classification_v1,1,30,validation,weather_condition,Rain,Free-flow,Heavy,0
classical_classification_v1,1,30,validation,weather_condition,Rain,Free-flow,Severe,0
classical_classification_v1,1,30,validation,weather_condition,Rain,Moderate,Free-flow,8
classical_classification_v1,1,30,validation,weather_condition,Rain,Moderate,Moderate,171
classical_classification_v1,1,30,validation,weather_condition,Rain,Moderate,Heavy,38
classical_classification_v1,1,30,validation,weather_condition,Rain,Moderate,Severe,0
classical_classification_v1,1,30,validation,weather_condition,Rain,Heavy,Free-flow,0
classical_classification_v1,1,30,validation,weather_condition,Rain,Heavy,Moderate,16
classical_classification_v1,1,30,validation,weather_condition,Rain,Heavy,Heavy,55
classical_classification_v1,1,30,validation,weather_condition,Rain,Heavy,Severe,1
classical_classification_v1,1,30,validation,weather_condition,Rain,Severe,Free-flow,0
classical_classification_v1,1,30,validation,weather_condition,Rain,Severe,Moderate,1
classical_classification_v1,1,30,validation,weather_condition,Rain,Severe,Heavy,6
classical_classification_v1,1,30,validation,weather_condition,Rain,Severe,Severe,2
classical_classification_v1,1,30,validation,actual_congestion,Free-flow,Free-flow,Free-flow,15443
classical_classification_v1,1,30,validation,actual_congestion,Free-flow,Free-flow,Moderate,1041
classical_classification_v1,1,30,validation,actual_congestion,Free-flow,Free-flow,Heavy,2
classical_classification_v1,1,30,validation,actual_congestion,Free-flow,Free-flow,Severe,0
classical_classification_v1,1,30,validation,actual_congestion,Free-flow,Moderate,Free-flow,0
classical_classification_v1,1,30,validation,actual_congestion,Free-flow,Moderate,Moderate,0
classical_classification_v1,1,30,validation,actual_congestion,Free-flow,Moderate,Heavy,0
classical_classification_v1,1,30,validation,actual_congestion,Free-flow,Moderate,Severe,0
classical_classification_v1,1,30,validation,actual_congestion,Free-flow,Heavy,Free-flow,0
classical_classification_v1,1,30,validation,actual_congestion,Free-flow,Heavy,Moderate,0
classical_classification_v1,1,30,validation,actual_congestion,Free-flow,Heavy,Heavy,0
classical_classification_v1,1,30,validation,actual_congestion,Free-flow,Heavy,Severe,0
classical_classification_v1,1,30,validation,actual_congestion,Free-flow,Severe,Free-flow,0
classical_classification_v1,1,30,validation,actual_congestion,Free-flow,Severe,Moderate,0
classical_classification_v1,1,30,validation,actual_congestion,Free-flow,Severe,Heavy,0
classical_classification_v1,1,30,validation,actual_congestion,Free-flow,Severe,Severe,0
classical_classification_v1,1,30,validation,actual_congestion,Heavy,Free-flow,Free-flow,0
classical_classification_v1,1,30,validation,actual_congestion,Heavy,Free-flow,Moderate,0
classical_classification_v1,1,30,validation,actual_congestion,Heavy,Free-flow,Heavy,0
classical_classification_v1,1,30,validation,actual_congestion,Heavy,Free-flow,Severe,0
classical_classification_v1,1,30,validation,actual_congestion,Heavy,Moderate,Free-flow,0
classical_classification_v1,1,30,validation,actual_congestion,Heavy,Moderate,Moderate,0
classical_classification_v1,1,30,validation,actual_congestion,Heavy,Moderate,Heavy,0
classical_classification_v1,1,30,validation,actual_congestion,Heavy,Moderate,Severe,0
classical_classification_v1,1,30,validation,actual_congestion,Heavy,Heavy,Free-flow,4
classical_classification_v1,1,30,validation,actual_congestion,Heavy,Heavy,Moderate,403
classical_classification_v1,1,30,validation,actual_congestion,Heavy,Heavy,Heavy,1576
classical_classification_v1,1,30,validation,actual_congestion,Heavy,Heavy,Severe,630
classical_classification_v1,1,30,validation,actual_congestion,Heavy,Severe,Free-flow,0
classical_classification_v1,1,30,validation,actual_congestion,Heavy,Severe,Moderate,0
classical_classification_v1,1,30,validation,actual_congestion,Heavy,Severe,Heavy,0
classical_classification_v1,1,30,validation,actual_congestion,Heavy,Severe,Severe,0
classical_classification_v1,1,30,validation,actual_congestion,Moderate,Free-flow,Free-flow,0
classical_classification_v1,1,30,validation,actual_congestion,Moderate,Free-flow,Moderate,0
classical_classification_v1,1,30,validation,actual_congestion,Moderate,Free-flow,Heavy,0
classical_classification_v1,1,30,validation,actual_congestion,Moderate,Free-flow,Severe,0
classical_classification_v1,1,30,validation,actual_congestion,Moderate,Moderate,Free-flow,607
classical_classification_v1,1,30,validation,actual_congestion,Moderate,Moderate,Moderate,5329
classical_classification_v1,1,30,validation,actual_congestion,Moderate,Moderate,Heavy,620
classical_classification_v1,1,30,validation,actual_congestion,Moderate,Moderate,Severe,39
classical_classification_v1,1,30,validation,actual_congestion,Moderate,Heavy,Free-flow,0
classical_classification_v1,1,30,validation,actual_congestion,Moderate,Heavy,Moderate,0
classical_classification_v1,1,30,validation,actual_congestion,Moderate,Heavy,Heavy,0
classical_classification_v1,1,30,validation,actual_congestion,Moderate,Heavy,Severe,0
classical_classification_v1,1,30,validation,actual_congestion,Moderate,Severe,Free-flow,0
classical_classification_v1,1,30,validation,actual_congestion,Moderate,Severe,Moderate,0
classical_classification_v1,1,30,validation,actual_congestion,Moderate,Severe,Heavy,0
classical_classification_v1,1,30,validation,actual_congestion,Moderate,Severe,Severe,0
classical_classification_v1,1,30,validation,actual_congestion,Severe,Free-flow,Free-flow,0
classical_classification_v1,1,30,validation,actual_congestion,Severe,Free-flow,Moderate,0
classical_classification_v1,1,30,validation,actual_congestion,Severe,Free-flow,Heavy,0
classical_classification_v1,1,30,validation,actual_congestion,Severe,Free-flow,Severe,0
classical_classification_v1,1,30,validation,actual_congestion,Severe,Moderate,Free-flow,0
classical_classification_v1,1,30,validation,actual_congestion,Severe,Moderate,Moderate,0
classical_classification_v1,1,30,validation,actual_congestion,Severe,Moderate,Heavy,0
classical_classification_v1,1,30,validation,actual_congestion,Severe,Moderate,Severe,0
classical_classification_v1,1,30,validation,actual_congestion,Severe,Heavy,Free-flow,0
classical_classification_v1,1,30,validation,actual_congestion,Severe,Heavy,Moderate,0
classical_classification_v1,1,30,validation,actual_congestion,Severe,Heavy,Heavy,0
classical_classification_v1,1,30,validation,actual_congestion,Severe,Heavy,Severe,0
classical_classification_v1,1,30,validation,actual_congestion,Severe,Severe,Free-flow,1
classical_classification_v1,1,30,validation,actual_congestion,Severe,Severe,Moderate,11
classical_classification_v1,1,30,validation,actual_congestion,Severe,Severe,Heavy,413
classical_classification_v1,1,30,validation,actual_congestion,Severe,Severe,Severe,1031
classical_classification_v1,2,60,test,overall,all,Free-flow,Free-flow,15048
classical_classification_v1,2,60,test,overall,all,Free-flow,Moderate,1263
classical_classification_v1,2,60,test,overall,all,Free-flow,Heavy,6
classical_classification_v1,2,60,test,overall,all,Free-flow,Severe,0
classical_classification_v1,2,60,test,overall,all,Moderate,Free-flow,408
classical_classification_v1,2,60,test,overall,all,Moderate,Moderate,5245
classical_classification_v1,2,60,test,overall,all,Moderate,Heavy,874
classical_classification_v1,2,60,test,overall,all,Moderate,Severe,40
classical_classification_v1,2,60,test,overall,all,Heavy,Free-flow,3
classical_classification_v1,2,60,test,overall,all,Heavy,Moderate,292
classical_classification_v1,2,60,test,overall,all,Heavy,Heavy,1676
classical_classification_v1,2,60,test,overall,all,Heavy,Severe,700
classical_classification_v1,2,60,test,overall,all,Severe,Free-flow,2
classical_classification_v1,2,60,test,overall,all,Severe,Moderate,10
classical_classification_v1,2,60,test,overall,all,Severe,Heavy,387
classical_classification_v1,2,60,test,overall,all,Severe,Severe,1171
classical_classification_v1,2,60,test,road_id,NL-001,Free-flow,Free-flow,633
classical_classification_v1,2,60,test,road_id,NL-001,Free-flow,Moderate,53
classical_classification_v1,2,60,test,road_id,NL-001,Free-flow,Heavy,0
classical_classification_v1,2,60,test,road_id,NL-001,Free-flow,Severe,0
classical_classification_v1,2,60,test,road_id,NL-001,Moderate,Free-flow,19
classical_classification_v1,2,60,test,road_id,NL-001,Moderate,Moderate,180
classical_classification_v1,2,60,test,road_id,NL-001,Moderate,Heavy,34
classical_classification_v1,2,60,test,road_id,NL-001,Moderate,Severe,3
classical_classification_v1,2,60,test,road_id,NL-001,Heavy,Free-flow,0
classical_classification_v1,2,60,test,road_id,NL-001,Heavy,Moderate,7
classical_classification_v1,2,60,test,road_id,NL-001,Heavy,Heavy,71
classical_classification_v1,2,60,test,road_id,NL-001,Heavy,Severe,21
classical_classification_v1,2,60,test,road_id,NL-001,Severe,Free-flow,0
classical_classification_v1,2,60,test,road_id,NL-001,Severe,Moderate,0
classical_classification_v1,2,60,test,road_id,NL-001,Severe,Heavy,9
classical_classification_v1,2,60,test,road_id,NL-001,Severe,Severe,55
classical_classification_v1,2,60,test,road_id,NL-002,Free-flow,Free-flow,577
classical_classification_v1,2,60,test,road_id,NL-002,Free-flow,Moderate,58
classical_classification_v1,2,60,test,road_id,NL-002,Free-flow,Heavy,0
classical_classification_v1,2,60,test,road_id,NL-002,Free-flow,Severe,0
classical_classification_v1,2,60,test,road_id,NL-002,Moderate,Free-flow,33
classical_classification_v1,2,60,test,road_id,NL-002,Moderate,Moderate,214
classical_classification_v1,2,60,test,road_id,NL-002,Moderate,Heavy,30
classical_classification_v1,2,60,test,road_id,NL-002,Moderate,Severe,1
classical_classification_v1,2,60,test,road_id,NL-002,Heavy,Free-flow,0
classical_classification_v1,2,60,test,road_id,NL-002,Heavy,Moderate,11
classical_classification_v1,2,60,test,road_id,NL-002,Heavy,Heavy,67
classical_classification_v1,2,60,test,road_id,NL-002,Heavy,Severe,36
classical_classification_v1,2,60,test,road_id,NL-002,Severe,Free-flow,0
classical_classification_v1,2,60,test,road_id,NL-002,Severe,Moderate,0
classical_classification_v1,2,60,test,road_id,NL-002,Severe,Heavy,18
classical_classification_v1,2,60,test,road_id,NL-002,Severe,Severe,40
classical_classification_v1,2,60,test,road_id,NL-003,Free-flow,Free-flow,552
classical_classification_v1,2,60,test,road_id,NL-003,Free-flow,Moderate,43
classical_classification_v1,2,60,test,road_id,NL-003,Free-flow,Heavy,1
classical_classification_v1,2,60,test,road_id,NL-003,Free-flow,Severe,0
classical_classification_v1,2,60,test,road_id,NL-003,Moderate,Free-flow,27
classical_classification_v1,2,60,test,road_id,NL-003,Moderate,Moderate,255
classical_classification_v1,2,60,test,road_id,NL-003,Moderate,Heavy,24
classical_classification_v1,2,60,test,road_id,NL-003,Moderate,Severe,0
classical_classification_v1,2,60,test,road_id,NL-003,Heavy,Free-flow,0
classical_classification_v1,2,60,test,road_id,NL-003,Heavy,Moderate,12
classical_classification_v1,2,60,test,road_id,NL-003,Heavy,Heavy,81
classical_classification_v1,2,60,test,road_id,NL-003,Heavy,Severe,24
classical_classification_v1,2,60,test,road_id,NL-003,Severe,Free-flow,0
classical_classification_v1,2,60,test,road_id,NL-003,Severe,Moderate,1
classical_classification_v1,2,60,test,road_id,NL-003,Severe,Heavy,13
classical_classification_v1,2,60,test,road_id,NL-003,Severe,Severe,52
classical_classification_v1,2,60,test,road_id,NL-004,Free-flow,Free-flow,540
classical_classification_v1,2,60,test,road_id,NL-004,Free-flow,Moderate,48
classical_classification_v1,2,60,test,road_id,NL-004,Free-flow,Heavy,0
classical_classification_v1,2,60,test,road_id,NL-004,Free-flow,Severe,0
classical_classification_v1,2,60,test,road_id,NL-004,Moderate,Free-flow,17
classical_classification_v1,2,60,test,road_id,NL-004,Moderate,Moderate,264
classical_classification_v1,2,60,test,road_id,NL-004,Moderate,Heavy,20
classical_classification_v1,2,60,test,road_id,NL-004,Moderate,Severe,2
classical_classification_v1,2,60,test,road_id,NL-004,Heavy,Free-flow,0
classical_classification_v1,2,60,test,road_id,NL-004,Heavy,Moderate,18
classical_classification_v1,2,60,test,road_id,NL-004,Heavy,Heavy,65
classical_classification_v1,2,60,test,road_id,NL-004,Heavy,Severe,26
classical_classification_v1,2,60,test,road_id,NL-004,Severe,Free-flow,0
classical_classification_v1,2,60,test,road_id,NL-004,Severe,Moderate,0
classical_classification_v1,2,60,test,road_id,NL-004,Severe,Heavy,30
classical_classification_v1,2,60,test,road_id,NL-004,Severe,Severe,55
classical_classification_v1,2,60,test,road_id,NL-005,Free-flow,Free-flow,543
classical_classification_v1,2,60,test,road_id,NL-005,Free-flow,Moderate,42
classical_classification_v1,2,60,test,road_id,NL-005,Free-flow,Heavy,0
classical_classification_v1,2,60,test,road_id,NL-005,Free-flow,Severe,0
classical_classification_v1,2,60,test,road_id,NL-005,Moderate,Free-flow,21
classical_classification_v1,2,60,test,road_id,NL-005,Moderate,Moderate,262
classical_classification_v1,2,60,test,road_id,NL-005,Moderate,Heavy,16
classical_classification_v1,2,60,test,road_id,NL-005,Moderate,Severe,6
classical_classification_v1,2,60,test,road_id,NL-005,Heavy,Free-flow,0
classical_classification_v1,2,60,test,road_id,NL-005,Heavy,Moderate,15
classical_classification_v1,2,60,test,road_id,NL-005,Heavy,Heavy,82
classical_classification_v1,2,60,test,road_id,NL-005,Heavy,Severe,27
classical_classification_v1,2,60,test,road_id,NL-005,Severe,Free-flow,0
classical_classification_v1,2,60,test,road_id,NL-005,Severe,Moderate,0
classical_classification_v1,2,60,test,road_id,NL-005,Severe,Heavy,20
classical_classification_v1,2,60,test,road_id,NL-005,Severe,Severe,51
classical_classification_v1,2,60,test,road_id,NL-006,Free-flow,Free-flow,539
classical_classification_v1,2,60,test,road_id,NL-006,Free-flow,Moderate,37
classical_classification_v1,2,60,test,road_id,NL-006,Free-flow,Heavy,0
classical_classification_v1,2,60,test,road_id,NL-006,Free-flow,Severe,0
classical_classification_v1,2,60,test,road_id,NL-006,Moderate,Free-flow,16
classical_classification_v1,2,60,test,road_id,NL-006,Moderate,Moderate,272
classical_classification_v1,2,60,test,road_id,NL-006,Moderate,Heavy,23
classical_classification_v1,2,60,test,road_id,NL-006,Moderate,Severe,2
classical_classification_v1,2,60,test,road_id,NL-006,Heavy,Free-flow,0
classical_classification_v1,2,60,test,road_id,NL-006,Heavy,Moderate,23
classical_classification_v1,2,60,test,road_id,NL-006,Heavy,Heavy,72
classical_classification_v1,2,60,test,road_id,NL-006,Heavy,Severe,31
classical_classification_v1,2,60,test,road_id,NL-006,Severe,Free-flow,0
classical_classification_v1,2,60,test,road_id,NL-006,Severe,Moderate,0
classical_classification_v1,2,60,test,road_id,NL-006,Severe,Heavy,21
classical_classification_v1,2,60,test,road_id,NL-006,Severe,Severe,49
classical_classification_v1,2,60,test,road_id,NL-007,Free-flow,Free-flow,654
classical_classification_v1,2,60,test,road_id,NL-007,Free-flow,Moderate,52
classical_classification_v1,2,60,test,road_id,NL-007,Free-flow,Heavy,0
classical_classification_v1,2,60,test,road_id,NL-007,Free-flow,Severe,0
classical_classification_v1,2,60,test,road_id,NL-007,Moderate,Free-flow,4
classical_classification_v1,2,60,test,road_id,NL-007,Moderate,Moderate,176
classical_classification_v1,2,60,test,road_id,NL-007,Moderate,Heavy,41
classical_classification_v1,2,60,test,road_id,NL-007,Moderate,Severe,1
classical_classification_v1,2,60,test,road_id,NL-007,Heavy,Free-flow,0
classical_classification_v1,2,60,test,road_id,NL-007,Heavy,Moderate,7
classical_classification_v1,2,60,test,road_id,NL-007,Heavy,Heavy,59
classical_classification_v1,2,60,test,road_id,NL-007,Heavy,Severe,24
classical_classification_v1,2,60,test,road_id,NL-007,Severe,Free-flow,0
classical_classification_v1,2,60,test,road_id,NL-007,Severe,Moderate,2
classical_classification_v1,2,60,test,road_id,NL-007,Severe,Heavy,15
classical_classification_v1,2,60,test,road_id,NL-007,Severe,Severe,50
classical_classification_v1,2,60,test,road_id,NL-008,Free-flow,Free-flow,655
classical_classification_v1,2,60,test,road_id,NL-008,Free-flow,Moderate,62
classical_classification_v1,2,60,test,road_id,NL-008,Free-flow,Heavy,0
classical_classification_v1,2,60,test,road_id,NL-008,Free-flow,Severe,0
classical_classification_v1,2,60,test,road_id,NL-008,Moderate,Free-flow,7
classical_classification_v1,2,60,test,road_id,NL-008,Moderate,Moderate,162
classical_classification_v1,2,60,test,road_id,NL-008,Moderate,Heavy,49
classical_classification_v1,2,60,test,road_id,NL-008,Moderate,Severe,0
classical_classification_v1,2,60,test,road_id,NL-008,Heavy,Free-flow,0
classical_classification_v1,2,60,test,road_id,NL-008,Heavy,Moderate,4
classical_classification_v1,2,60,test,road_id,NL-008,Heavy,Heavy,64
classical_classification_v1,2,60,test,road_id,NL-008,Heavy,Severe,23
classical_classification_v1,2,60,test,road_id,NL-008,Severe,Free-flow,0
classical_classification_v1,2,60,test,road_id,NL-008,Severe,Moderate,0
classical_classification_v1,2,60,test,road_id,NL-008,Severe,Heavy,8
classical_classification_v1,2,60,test,road_id,NL-008,Severe,Severe,51
classical_classification_v1,2,60,test,road_id,NL-009,Free-flow,Free-flow,536
classical_classification_v1,2,60,test,road_id,NL-009,Free-flow,Moderate,35
classical_classification_v1,2,60,test,road_id,NL-009,Free-flow,Heavy,0
classical_classification_v1,2,60,test,road_id,NL-009,Free-flow,Severe,0
classical_classification_v1,2,60,test,road_id,NL-009,Moderate,Free-flow,21
classical_classification_v1,2,60,test,road_id,NL-009,Moderate,Moderate,274
classical_classification_v1,2,60,test,road_id,NL-009,Moderate,Heavy,33
classical_classification_v1,2,60,test,road_id,NL-009,Moderate,Severe,1
classical_classification_v1,2,60,test,road_id,NL-009,Heavy,Free-flow,0
classical_classification_v1,2,60,test,road_id,NL-009,Heavy,Moderate,16
classical_classification_v1,2,60,test,road_id,NL-009,Heavy,Heavy,64
classical_classification_v1,2,60,test,road_id,NL-009,Heavy,Severe,20
classical_classification_v1,2,60,test,road_id,NL-009,Severe,Free-flow,0
classical_classification_v1,2,60,test,road_id,NL-009,Severe,Moderate,2
classical_classification_v1,2,60,test,road_id,NL-009,Severe,Heavy,31
classical_classification_v1,2,60,test,road_id,NL-009,Severe,Severe,52
classical_classification_v1,2,60,test,road_id,NL-010,Free-flow,Free-flow,639
classical_classification_v1,2,60,test,road_id,NL-010,Free-flow,Moderate,62
classical_classification_v1,2,60,test,road_id,NL-010,Free-flow,Heavy,0
classical_classification_v1,2,60,test,road_id,NL-010,Free-flow,Severe,0
classical_classification_v1,2,60,test,road_id,NL-010,Moderate,Free-flow,13
classical_classification_v1,2,60,test,road_id,NL-010,Moderate,Moderate,166
classical_classification_v1,2,60,test,road_id,NL-010,Moderate,Heavy,46
classical_classification_v1,2,60,test,road_id,NL-010,Moderate,Severe,0
classical_classification_v1,2,60,test,road_id,NL-010,Heavy,Free-flow,0
classical_classification_v1,2,60,test,road_id,NL-010,Heavy,Moderate,4
classical_classification_v1,2,60,test,road_id,NL-010,Heavy,Heavy,68
classical_classification_v1,2,60,test,road_id,NL-010,Heavy,Severe,22
classical_classification_v1,2,60,test,road_id,NL-010,Severe,Free-flow,0
classical_classification_v1,2,60,test,road_id,NL-010,Severe,Moderate,0
classical_classification_v1,2,60,test,road_id,NL-010,Severe,Heavy,8
classical_classification_v1,2,60,test,road_id,NL-010,Severe,Severe,57
classical_classification_v1,2,60,test,road_id,NL-011,Free-flow,Free-flow,668
classical_classification_v1,2,60,test,road_id,NL-011,Free-flow,Moderate,48
classical_classification_v1,2,60,test,road_id,NL-011,Free-flow,Heavy,0
classical_classification_v1,2,60,test,road_id,NL-011,Free-flow,Severe,0
classical_classification_v1,2,60,test,road_id,NL-011,Moderate,Free-flow,4
classical_classification_v1,2,60,test,road_id,NL-011,Moderate,Moderate,171
classical_classification_v1,2,60,test,road_id,NL-011,Moderate,Heavy,42
classical_classification_v1,2,60,test,road_id,NL-011,Moderate,Severe,1
classical_classification_v1,2,60,test,road_id,NL-011,Heavy,Free-flow,0
classical_classification_v1,2,60,test,road_id,NL-011,Heavy,Moderate,6
classical_classification_v1,2,60,test,road_id,NL-011,Heavy,Heavy,59
classical_classification_v1,2,60,test,road_id,NL-011,Heavy,Severe,31
classical_classification_v1,2,60,test,road_id,NL-011,Severe,Free-flow,0
classical_classification_v1,2,60,test,road_id,NL-011,Severe,Moderate,0
classical_classification_v1,2,60,test,road_id,NL-011,Severe,Heavy,16
classical_classification_v1,2,60,test,road_id,NL-011,Severe,Severe,39
classical_classification_v1,2,60,test,road_id,NL-012,Free-flow,Free-flow,537
classical_classification_v1,2,60,test,road_id,NL-012,Free-flow,Moderate,44
classical_classification_v1,2,60,test,road_id,NL-012,Free-flow,Heavy,0
classical_classification_v1,2,60,test,road_id,NL-012,Free-flow,Severe,0
classical_classification_v1,2,60,test,road_id,NL-012,Moderate,Free-flow,17
classical_classification_v1,2,60,test,road_id,NL-012,Moderate,Moderate,268
classical_classification_v1,2,60,test,road_id,NL-012,Moderate,Heavy,23
classical_classification_v1,2,60,test,road_id,NL-012,Moderate,Severe,0
classical_classification_v1,2,60,test,road_id,NL-012,Heavy,Free-flow,0
classical_classification_v1,2,60,test,road_id,NL-012,Heavy,Moderate,22
classical_classification_v1,2,60,test,road_id,NL-012,Heavy,Heavy,74
classical_classification_v1,2,60,test,road_id,NL-012,Heavy,Severe,30
classical_classification_v1,2,60,test,road_id,NL-012,Severe,Free-flow,0
classical_classification_v1,2,60,test,road_id,NL-012,Severe,Moderate,0
classical_classification_v1,2,60,test,road_id,NL-012,Severe,Heavy,24
classical_classification_v1,2,60,test,road_id,NL-012,Severe,Severe,46
classical_classification_v1,2,60,test,road_id,NL-013,Free-flow,Free-flow,537
classical_classification_v1,2,60,test,road_id,NL-013,Free-flow,Moderate,35
classical_classification_v1,2,60,test,road_id,NL-013,Free-flow,Heavy,0
classical_classification_v1,2,60,test,road_id,NL-013,Free-flow,Severe,0
classical_classification_v1,2,60,test,road_id,NL-013,Moderate,Free-flow,9
classical_classification_v1,2,60,test,road_id,NL-013,Moderate,Moderate,283
classical_classification_v1,2,60,test,road_id,NL-013,Moderate,Heavy,23
classical_classification_v1,2,60,test,road_id,NL-013,Moderate,Severe,1
classical_classification_v1,2,60,test,road_id,NL-013,Heavy,Free-flow,0
classical_classification_v1,2,60,test,road_id,NL-013,Heavy,Moderate,25
classical_classification_v1,2,60,test,road_id,NL-013,Heavy,Heavy,73
classical_classification_v1,2,60,test,road_id,NL-013,Heavy,Severe,20
classical_classification_v1,2,60,test,road_id,NL-013,Severe,Free-flow,0
classical_classification_v1,2,60,test,road_id,NL-013,Severe,Moderate,1
classical_classification_v1,2,60,test,road_id,NL-013,Severe,Heavy,23
classical_classification_v1,2,60,test,road_id,NL-013,Severe,Severe,55
classical_classification_v1,2,60,test,road_id,NL-014,Free-flow,Free-flow,685
classical_classification_v1,2,60,test,road_id,NL-014,Free-flow,Moderate,50
classical_classification_v1,2,60,test,road_id,NL-014,Free-flow,Heavy,2
classical_classification_v1,2,60,test,road_id,NL-014,Free-flow,Severe,0
classical_classification_v1,2,60,test,road_id,NL-014,Moderate,Free-flow,12
classical_classification_v1,2,60,test,road_id,NL-014,Moderate,Moderate,138
classical_classification_v1,2,60,test,road_id,NL-014,Moderate,Heavy,47
classical_classification_v1,2,60,test,road_id,NL-014,Moderate,Severe,1
classical_classification_v1,2,60,test,road_id,NL-014,Heavy,Free-flow,0
classical_classification_v1,2,60,test,road_id,NL-014,Heavy,Moderate,10
classical_classification_v1,2,60,test,road_id,NL-014,Heavy,Heavy,60
classical_classification_v1,2,60,test,road_id,NL-014,Heavy,Severe,26
classical_classification_v1,2,60,test,road_id,NL-014,Severe,Free-flow,1
classical_classification_v1,2,60,test,road_id,NL-014,Severe,Moderate,0
classical_classification_v1,2,60,test,road_id,NL-014,Severe,Heavy,6
classical_classification_v1,2,60,test,road_id,NL-014,Severe,Severe,47
classical_classification_v1,2,60,test,road_id,NL-015,Free-flow,Free-flow,535
classical_classification_v1,2,60,test,road_id,NL-015,Free-flow,Moderate,38
classical_classification_v1,2,60,test,road_id,NL-015,Free-flow,Heavy,0
classical_classification_v1,2,60,test,road_id,NL-015,Free-flow,Severe,0
classical_classification_v1,2,60,test,road_id,NL-015,Moderate,Free-flow,23
classical_classification_v1,2,60,test,road_id,NL-015,Moderate,Moderate,267
classical_classification_v1,2,60,test,road_id,NL-015,Moderate,Heavy,32
classical_classification_v1,2,60,test,road_id,NL-015,Moderate,Severe,2
classical_classification_v1,2,60,test,road_id,NL-015,Heavy,Free-flow,0
classical_classification_v1,2,60,test,road_id,NL-015,Heavy,Moderate,25
classical_classification_v1,2,60,test,road_id,NL-015,Heavy,Heavy,63
classical_classification_v1,2,60,test,road_id,NL-015,Heavy,Severe,44
classical_classification_v1,2,60,test,road_id,NL-015,Severe,Free-flow,0
classical_classification_v1,2,60,test,road_id,NL-015,Severe,Moderate,1
classical_classification_v1,2,60,test,road_id,NL-015,Severe,Heavy,20
classical_classification_v1,2,60,test,road_id,NL-015,Severe,Severe,35
classical_classification_v1,2,60,test,road_id,NL-016,Free-flow,Free-flow,596
classical_classification_v1,2,60,test,road_id,NL-016,Free-flow,Moderate,59
classical_classification_v1,2,60,test,road_id,NL-016,Free-flow,Heavy,0
classical_classification_v1,2,60,test,road_id,NL-016,Free-flow,Severe,0
classical_classification_v1,2,60,test,road_id,NL-016,Moderate,Free-flow,25
classical_classification_v1,2,60,test,road_id,NL-016,Moderate,Moderate,195
classical_classification_v1,2,60,test,road_id,NL-016,Moderate,Heavy,32
classical_classification_v1,2,60,test,road_id,NL-016,Moderate,Severe,2
classical_classification_v1,2,60,test,road_id,NL-016,Heavy,Free-flow,0
classical_classification_v1,2,60,test,road_id,NL-016,Heavy,Moderate,14
classical_classification_v1,2,60,test,road_id,NL-016,Heavy,Heavy,69
classical_classification_v1,2,60,test,road_id,NL-016,Heavy,Severe,37
classical_classification_v1,2,60,test,road_id,NL-016,Severe,Free-flow,0
classical_classification_v1,2,60,test,road_id,NL-016,Severe,Moderate,0
classical_classification_v1,2,60,test,road_id,NL-016,Severe,Heavy,14
classical_classification_v1,2,60,test,road_id,NL-016,Severe,Severe,42
classical_classification_v1,2,60,test,road_id,NL-017,Free-flow,Free-flow,665
classical_classification_v1,2,60,test,road_id,NL-017,Free-flow,Moderate,51
classical_classification_v1,2,60,test,road_id,NL-017,Free-flow,Heavy,0
classical_classification_v1,2,60,test,road_id,NL-017,Free-flow,Severe,0
classical_classification_v1,2,60,test,road_id,NL-017,Moderate,Free-flow,10
classical_classification_v1,2,60,test,road_id,NL-017,Moderate,Moderate,160
classical_classification_v1,2,60,test,road_id,NL-017,Moderate,Heavy,42
classical_classification_v1,2,60,test,road_id,NL-017,Moderate,Severe,3
classical_classification_v1,2,60,test,road_id,NL-017,Heavy,Free-flow,0
classical_classification_v1,2,60,test,road_id,NL-017,Heavy,Moderate,9
classical_classification_v1,2,60,test,road_id,NL-017,Heavy,Heavy,67
classical_classification_v1,2,60,test,road_id,NL-017,Heavy,Severe,30
classical_classification_v1,2,60,test,road_id,NL-017,Severe,Free-flow,0
classical_classification_v1,2,60,test,road_id,NL-017,Severe,Moderate,0
classical_classification_v1,2,60,test,road_id,NL-017,Severe,Heavy,9
classical_classification_v1,2,60,test,road_id,NL-017,Severe,Severe,39
classical_classification_v1,2,60,test,road_id,NL-018,Free-flow,Free-flow,563
classical_classification_v1,2,60,test,road_id,NL-018,Free-flow,Moderate,60
classical_classification_v1,2,60,test,road_id,NL-018,Free-flow,Heavy,0
classical_classification_v1,2,60,test,road_id,NL-018,Free-flow,Severe,0
classical_classification_v1,2,60,test,road_id,NL-018,Moderate,Free-flow,21
classical_classification_v1,2,60,test,road_id,NL-018,Moderate,Moderate,235
classical_classification_v1,2,60,test,road_id,NL-018,Moderate,Heavy,45
classical_classification_v1,2,60,test,road_id,NL-018,Moderate,Severe,0
classical_classification_v1,2,60,test,road_id,NL-018,Heavy,Free-flow,1
classical_classification_v1,2,60,test,road_id,NL-018,Heavy,Moderate,13
classical_classification_v1,2,60,test,road_id,NL-018,Heavy,Heavy,63
classical_classification_v1,2,60,test,road_id,NL-018,Heavy,Severe,28
classical_classification_v1,2,60,test,road_id,NL-018,Severe,Free-flow,0
classical_classification_v1,2,60,test,road_id,NL-018,Severe,Moderate,0
classical_classification_v1,2,60,test,road_id,NL-018,Severe,Heavy,12
classical_classification_v1,2,60,test,road_id,NL-018,Severe,Severe,44
classical_classification_v1,2,60,test,road_id,NL-019,Free-flow,Free-flow,541
classical_classification_v1,2,60,test,road_id,NL-019,Free-flow,Moderate,50
classical_classification_v1,2,60,test,road_id,NL-019,Free-flow,Heavy,2
classical_classification_v1,2,60,test,road_id,NL-019,Free-flow,Severe,0
classical_classification_v1,2,60,test,road_id,NL-019,Moderate,Free-flow,19
classical_classification_v1,2,60,test,road_id,NL-019,Moderate,Moderate,260
classical_classification_v1,2,60,test,road_id,NL-019,Moderate,Heavy,25
classical_classification_v1,2,60,test,road_id,NL-019,Moderate,Severe,1
classical_classification_v1,2,60,test,road_id,NL-019,Heavy,Free-flow,0
classical_classification_v1,2,60,test,road_id,NL-019,Heavy,Moderate,15
classical_classification_v1,2,60,test,road_id,NL-019,Heavy,Heavy,69
classical_classification_v1,2,60,test,road_id,NL-019,Heavy,Severe,31
classical_classification_v1,2,60,test,road_id,NL-019,Severe,Free-flow,1
classical_classification_v1,2,60,test,road_id,NL-019,Severe,Moderate,1
classical_classification_v1,2,60,test,road_id,NL-019,Severe,Heavy,22
classical_classification_v1,2,60,test,road_id,NL-019,Severe,Severe,48
classical_classification_v1,2,60,test,road_id,NL-020,Free-flow,Free-flow,659
classical_classification_v1,2,60,test,road_id,NL-020,Free-flow,Moderate,58
classical_classification_v1,2,60,test,road_id,NL-020,Free-flow,Heavy,0
classical_classification_v1,2,60,test,road_id,NL-020,Free-flow,Severe,0
classical_classification_v1,2,60,test,road_id,NL-020,Moderate,Free-flow,13
classical_classification_v1,2,60,test,road_id,NL-020,Moderate,Moderate,155
classical_classification_v1,2,60,test,road_id,NL-020,Moderate,Heavy,37
classical_classification_v1,2,60,test,road_id,NL-020,Moderate,Severe,3
classical_classification_v1,2,60,test,road_id,NL-020,Heavy,Free-flow,0
classical_classification_v1,2,60,test,road_id,NL-020,Heavy,Moderate,7
classical_classification_v1,2,60,test,road_id,NL-020,Heavy,Heavy,70
classical_classification_v1,2,60,test,road_id,NL-020,Heavy,Severe,23
classical_classification_v1,2,60,test,road_id,NL-020,Severe,Free-flow,0
classical_classification_v1,2,60,test,road_id,NL-020,Severe,Moderate,1
classical_classification_v1,2,60,test,road_id,NL-020,Severe,Heavy,13
classical_classification_v1,2,60,test,road_id,NL-020,Severe,Severe,46
classical_classification_v1,2,60,test,road_id,NL-021,Free-flow,Free-flow,607
classical_classification_v1,2,60,test,road_id,NL-021,Free-flow,Moderate,60
classical_classification_v1,2,60,test,road_id,NL-021,Free-flow,Heavy,0
classical_classification_v1,2,60,test,road_id,NL-021,Free-flow,Severe,0
classical_classification_v1,2,60,test,road_id,NL-021,Moderate,Free-flow,20
classical_classification_v1,2,60,test,road_id,NL-021,Moderate,Moderate,200
classical_classification_v1,2,60,test,road_id,NL-021,Moderate,Heavy,37
classical_classification_v1,2,60,test,road_id,NL-021,Moderate,Severe,3
classical_classification_v1,2,60,test,road_id,NL-021,Heavy,Free-flow,0
classical_classification_v1,2,60,test,road_id,NL-021,Heavy,Moderate,7
classical_classification_v1,2,60,test,road_id,NL-021,Heavy,Heavy,71
classical_classification_v1,2,60,test,road_id,NL-021,Heavy,Severe,26
classical_classification_v1,2,60,test,road_id,NL-021,Severe,Free-flow,0
classical_classification_v1,2,60,test,road_id,NL-021,Severe,Moderate,1
classical_classification_v1,2,60,test,road_id,NL-021,Severe,Heavy,7
classical_classification_v1,2,60,test,road_id,NL-021,Severe,Severe,46
classical_classification_v1,2,60,test,road_id,NL-022,Free-flow,Free-flow,674
classical_classification_v1,2,60,test,road_id,NL-022,Free-flow,Moderate,54
classical_classification_v1,2,60,test,road_id,NL-022,Free-flow,Heavy,0
classical_classification_v1,2,60,test,road_id,NL-022,Free-flow,Severe,0
classical_classification_v1,2,60,test,road_id,NL-022,Moderate,Free-flow,6
classical_classification_v1,2,60,test,road_id,NL-022,Moderate,Moderate,158
classical_classification_v1,2,60,test,road_id,NL-022,Moderate,Heavy,42
classical_classification_v1,2,60,test,road_id,NL-022,Moderate,Severe,1
classical_classification_v1,2,60,test,road_id,NL-022,Heavy,Free-flow,1
classical_classification_v1,2,60,test,road_id,NL-022,Heavy,Moderate,5
classical_classification_v1,2,60,test,road_id,NL-022,Heavy,Heavy,57
classical_classification_v1,2,60,test,road_id,NL-022,Heavy,Severe,29
classical_classification_v1,2,60,test,road_id,NL-022,Severe,Free-flow,0
classical_classification_v1,2,60,test,road_id,NL-022,Severe,Moderate,0
classical_classification_v1,2,60,test,road_id,NL-022,Severe,Heavy,12
classical_classification_v1,2,60,test,road_id,NL-022,Severe,Severe,46
classical_classification_v1,2,60,test,road_id,NL-023,Free-flow,Free-flow,607
classical_classification_v1,2,60,test,road_id,NL-023,Free-flow,Moderate,61
classical_classification_v1,2,60,test,road_id,NL-023,Free-flow,Heavy,1
classical_classification_v1,2,60,test,road_id,NL-023,Free-flow,Severe,0
classical_classification_v1,2,60,test,road_id,NL-023,Moderate,Free-flow,21
classical_classification_v1,2,60,test,road_id,NL-023,Moderate,Moderate,193
classical_classification_v1,2,60,test,road_id,NL-023,Moderate,Heavy,35
classical_classification_v1,2,60,test,road_id,NL-023,Moderate,Severe,2
classical_classification_v1,2,60,test,road_id,NL-023,Heavy,Free-flow,0
classical_classification_v1,2,60,test,road_id,NL-023,Heavy,Moderate,8
classical_classification_v1,2,60,test,road_id,NL-023,Heavy,Heavy,68
classical_classification_v1,2,60,test,road_id,NL-023,Heavy,Severe,34
classical_classification_v1,2,60,test,road_id,NL-023,Severe,Free-flow,0
classical_classification_v1,2,60,test,road_id,NL-023,Severe,Moderate,0
classical_classification_v1,2,60,test,road_id,NL-023,Severe,Heavy,14
classical_classification_v1,2,60,test,road_id,NL-023,Severe,Severe,41
classical_classification_v1,2,60,test,road_id,NL-024,Free-flow,Free-flow,639
classical_classification_v1,2,60,test,road_id,NL-024,Free-flow,Moderate,55
classical_classification_v1,2,60,test,road_id,NL-024,Free-flow,Heavy,0
classical_classification_v1,2,60,test,road_id,NL-024,Free-flow,Severe,0
classical_classification_v1,2,60,test,road_id,NL-024,Moderate,Free-flow,21
classical_classification_v1,2,60,test,road_id,NL-024,Moderate,Moderate,173
classical_classification_v1,2,60,test,road_id,NL-024,Moderate,Heavy,46
classical_classification_v1,2,60,test,road_id,NL-024,Moderate,Severe,2
classical_classification_v1,2,60,test,road_id,NL-024,Heavy,Free-flow,1
classical_classification_v1,2,60,test,road_id,NL-024,Heavy,Moderate,4
classical_classification_v1,2,60,test,road_id,NL-024,Heavy,Heavy,61
classical_classification_v1,2,60,test,road_id,NL-024,Heavy,Severe,22
classical_classification_v1,2,60,test,road_id,NL-024,Severe,Free-flow,0
classical_classification_v1,2,60,test,road_id,NL-024,Severe,Moderate,0
classical_classification_v1,2,60,test,road_id,NL-024,Severe,Heavy,14
classical_classification_v1,2,60,test,road_id,NL-024,Severe,Severe,47
classical_classification_v1,2,60,test,road_id,NL-025,Free-flow,Free-flow,667
classical_classification_v1,2,60,test,road_id,NL-025,Free-flow,Moderate,48
classical_classification_v1,2,60,test,road_id,NL-025,Free-flow,Heavy,0
classical_classification_v1,2,60,test,road_id,NL-025,Free-flow,Severe,0
classical_classification_v1,2,60,test,road_id,NL-025,Moderate,Free-flow,9
classical_classification_v1,2,60,test,road_id,NL-025,Moderate,Moderate,164
classical_classification_v1,2,60,test,road_id,NL-025,Moderate,Heavy,50
classical_classification_v1,2,60,test,road_id,NL-025,Moderate,Severe,2
classical_classification_v1,2,60,test,road_id,NL-025,Heavy,Free-flow,0
classical_classification_v1,2,60,test,road_id,NL-025,Heavy,Moderate,5
classical_classification_v1,2,60,test,road_id,NL-025,Heavy,Heavy,59
classical_classification_v1,2,60,test,road_id,NL-025,Heavy,Severe,35
classical_classification_v1,2,60,test,road_id,NL-025,Severe,Free-flow,0
classical_classification_v1,2,60,test,road_id,NL-025,Severe,Moderate,0
classical_classification_v1,2,60,test,road_id,NL-025,Severe,Heavy,8
classical_classification_v1,2,60,test,road_id,NL-025,Severe,Severe,38
classical_classification_v1,2,60,test,origin_hour,0,Free-flow,Free-flow,1100
classical_classification_v1,2,60,test,origin_hour,0,Free-flow,Moderate,0
classical_classification_v1,2,60,test,origin_hour,0,Free-flow,Heavy,0
classical_classification_v1,2,60,test,origin_hour,0,Free-flow,Severe,0
classical_classification_v1,2,60,test,origin_hour,0,Moderate,Free-flow,0
classical_classification_v1,2,60,test,origin_hour,0,Moderate,Moderate,0
classical_classification_v1,2,60,test,origin_hour,0,Moderate,Heavy,0
classical_classification_v1,2,60,test,origin_hour,0,Moderate,Severe,0
classical_classification_v1,2,60,test,origin_hour,0,Heavy,Free-flow,0
classical_classification_v1,2,60,test,origin_hour,0,Heavy,Moderate,0
classical_classification_v1,2,60,test,origin_hour,0,Heavy,Heavy,0
classical_classification_v1,2,60,test,origin_hour,0,Heavy,Severe,0
classical_classification_v1,2,60,test,origin_hour,0,Severe,Free-flow,0
classical_classification_v1,2,60,test,origin_hour,0,Severe,Moderate,0
classical_classification_v1,2,60,test,origin_hour,0,Severe,Heavy,0
classical_classification_v1,2,60,test,origin_hour,0,Severe,Severe,0
classical_classification_v1,2,60,test,origin_hour,1,Free-flow,Free-flow,1100
classical_classification_v1,2,60,test,origin_hour,1,Free-flow,Moderate,0
classical_classification_v1,2,60,test,origin_hour,1,Free-flow,Heavy,0
classical_classification_v1,2,60,test,origin_hour,1,Free-flow,Severe,0
classical_classification_v1,2,60,test,origin_hour,1,Moderate,Free-flow,0
classical_classification_v1,2,60,test,origin_hour,1,Moderate,Moderate,0
classical_classification_v1,2,60,test,origin_hour,1,Moderate,Heavy,0
classical_classification_v1,2,60,test,origin_hour,1,Moderate,Severe,0
classical_classification_v1,2,60,test,origin_hour,1,Heavy,Free-flow,0
classical_classification_v1,2,60,test,origin_hour,1,Heavy,Moderate,0
classical_classification_v1,2,60,test,origin_hour,1,Heavy,Heavy,0
classical_classification_v1,2,60,test,origin_hour,1,Heavy,Severe,0
classical_classification_v1,2,60,test,origin_hour,1,Severe,Free-flow,0
classical_classification_v1,2,60,test,origin_hour,1,Severe,Moderate,0
classical_classification_v1,2,60,test,origin_hour,1,Severe,Heavy,0
classical_classification_v1,2,60,test,origin_hour,1,Severe,Severe,0
classical_classification_v1,2,60,test,origin_hour,2,Free-flow,Free-flow,1100
classical_classification_v1,2,60,test,origin_hour,2,Free-flow,Moderate,0
classical_classification_v1,2,60,test,origin_hour,2,Free-flow,Heavy,0
classical_classification_v1,2,60,test,origin_hour,2,Free-flow,Severe,0
classical_classification_v1,2,60,test,origin_hour,2,Moderate,Free-flow,0
classical_classification_v1,2,60,test,origin_hour,2,Moderate,Moderate,0
classical_classification_v1,2,60,test,origin_hour,2,Moderate,Heavy,0
classical_classification_v1,2,60,test,origin_hour,2,Moderate,Severe,0
classical_classification_v1,2,60,test,origin_hour,2,Heavy,Free-flow,0
classical_classification_v1,2,60,test,origin_hour,2,Heavy,Moderate,0
classical_classification_v1,2,60,test,origin_hour,2,Heavy,Heavy,0
classical_classification_v1,2,60,test,origin_hour,2,Heavy,Severe,0
classical_classification_v1,2,60,test,origin_hour,2,Severe,Free-flow,0
classical_classification_v1,2,60,test,origin_hour,2,Severe,Moderate,0
classical_classification_v1,2,60,test,origin_hour,2,Severe,Heavy,0
classical_classification_v1,2,60,test,origin_hour,2,Severe,Severe,0
classical_classification_v1,2,60,test,origin_hour,3,Free-flow,Free-flow,1100
classical_classification_v1,2,60,test,origin_hour,3,Free-flow,Moderate,0
classical_classification_v1,2,60,test,origin_hour,3,Free-flow,Heavy,0
classical_classification_v1,2,60,test,origin_hour,3,Free-flow,Severe,0
classical_classification_v1,2,60,test,origin_hour,3,Moderate,Free-flow,0
classical_classification_v1,2,60,test,origin_hour,3,Moderate,Moderate,0
classical_classification_v1,2,60,test,origin_hour,3,Moderate,Heavy,0
classical_classification_v1,2,60,test,origin_hour,3,Moderate,Severe,0
classical_classification_v1,2,60,test,origin_hour,3,Heavy,Free-flow,0
classical_classification_v1,2,60,test,origin_hour,3,Heavy,Moderate,0
classical_classification_v1,2,60,test,origin_hour,3,Heavy,Heavy,0
classical_classification_v1,2,60,test,origin_hour,3,Heavy,Severe,0
classical_classification_v1,2,60,test,origin_hour,3,Severe,Free-flow,0
classical_classification_v1,2,60,test,origin_hour,3,Severe,Moderate,0
classical_classification_v1,2,60,test,origin_hour,3,Severe,Heavy,0
classical_classification_v1,2,60,test,origin_hour,3,Severe,Severe,0
classical_classification_v1,2,60,test,origin_hour,4,Free-flow,Free-flow,1099
classical_classification_v1,2,60,test,origin_hour,4,Free-flow,Moderate,0
classical_classification_v1,2,60,test,origin_hour,4,Free-flow,Heavy,0
classical_classification_v1,2,60,test,origin_hour,4,Free-flow,Severe,0
classical_classification_v1,2,60,test,origin_hour,4,Moderate,Free-flow,1
classical_classification_v1,2,60,test,origin_hour,4,Moderate,Moderate,0
classical_classification_v1,2,60,test,origin_hour,4,Moderate,Heavy,0
classical_classification_v1,2,60,test,origin_hour,4,Moderate,Severe,0
classical_classification_v1,2,60,test,origin_hour,4,Heavy,Free-flow,0
classical_classification_v1,2,60,test,origin_hour,4,Heavy,Moderate,0
classical_classification_v1,2,60,test,origin_hour,4,Heavy,Heavy,0
classical_classification_v1,2,60,test,origin_hour,4,Heavy,Severe,0
classical_classification_v1,2,60,test,origin_hour,4,Severe,Free-flow,0
classical_classification_v1,2,60,test,origin_hour,4,Severe,Moderate,0
classical_classification_v1,2,60,test,origin_hour,4,Severe,Heavy,0
classical_classification_v1,2,60,test,origin_hour,4,Severe,Severe,0
classical_classification_v1,2,60,test,origin_hour,5,Free-flow,Free-flow,884
classical_classification_v1,2,60,test,origin_hour,5,Free-flow,Moderate,59
classical_classification_v1,2,60,test,origin_hour,5,Free-flow,Heavy,0
classical_classification_v1,2,60,test,origin_hour,5,Free-flow,Severe,0
classical_classification_v1,2,60,test,origin_hour,5,Moderate,Free-flow,23
classical_classification_v1,2,60,test,origin_hour,5,Moderate,Moderate,134
classical_classification_v1,2,60,test,origin_hour,5,Moderate,Heavy,0
classical_classification_v1,2,60,test,origin_hour,5,Moderate,Severe,0
classical_classification_v1,2,60,test,origin_hour,5,Heavy,Free-flow,0
classical_classification_v1,2,60,test,origin_hour,5,Heavy,Moderate,0
classical_classification_v1,2,60,test,origin_hour,5,Heavy,Heavy,0
classical_classification_v1,2,60,test,origin_hour,5,Heavy,Severe,0
classical_classification_v1,2,60,test,origin_hour,5,Severe,Free-flow,0
classical_classification_v1,2,60,test,origin_hour,5,Severe,Moderate,0
classical_classification_v1,2,60,test,origin_hour,5,Severe,Heavy,0
classical_classification_v1,2,60,test,origin_hour,5,Severe,Severe,0
classical_classification_v1,2,60,test,origin_hour,6,Free-flow,Free-flow,122
classical_classification_v1,2,60,test,origin_hour,6,Free-flow,Moderate,58
classical_classification_v1,2,60,test,origin_hour,6,Free-flow,Heavy,1
classical_classification_v1,2,60,test,origin_hour,6,Free-flow,Severe,0
classical_classification_v1,2,60,test,origin_hour,6,Moderate,Free-flow,27
classical_classification_v1,2,60,test,origin_hour,6,Moderate,Moderate,488
classical_classification_v1,2,60,test,origin_hour,6,Moderate,Heavy,115
classical_classification_v1,2,60,test,origin_hour,6,Moderate,Severe,0
classical_classification_v1,2,60,test,origin_hour,6,Heavy,Free-flow,0
classical_classification_v1,2,60,test,origin_hour,6,Heavy,Moderate,18
classical_classification_v1,2,60,test,origin_hour,6,Heavy,Heavy,228
classical_classification_v1,2,60,test,origin_hour,6,Heavy,Severe,5
classical_classification_v1,2,60,test,origin_hour,6,Severe,Free-flow,0
classical_classification_v1,2,60,test,origin_hour,6,Severe,Moderate,1
classical_classification_v1,2,60,test,origin_hour,6,Severe,Heavy,16
classical_classification_v1,2,60,test,origin_hour,6,Severe,Severe,21
classical_classification_v1,2,60,test,origin_hour,7,Free-flow,Free-flow,46
classical_classification_v1,2,60,test,origin_hour,7,Free-flow,Moderate,0
classical_classification_v1,2,60,test,origin_hour,7,Free-flow,Heavy,0
classical_classification_v1,2,60,test,origin_hour,7,Free-flow,Severe,0
classical_classification_v1,2,60,test,origin_hour,7,Moderate,Free-flow,4
classical_classification_v1,2,60,test,origin_hour,7,Moderate,Moderate,189
classical_classification_v1,2,60,test,origin_hour,7,Moderate,Heavy,26
classical_classification_v1,2,60,test,origin_hour,7,Moderate,Severe,9
classical_classification_v1,2,60,test,origin_hour,7,Heavy,Free-flow,0
classical_classification_v1,2,60,test,origin_hour,7,Heavy,Moderate,66
classical_classification_v1,2,60,test,origin_hour,7,Heavy,Heavy,19
classical_classification_v1,2,60,test,origin_hour,7,Heavy,Severe,242
classical_classification_v1,2,60,test,origin_hour,7,Severe,Free-flow,1
classical_classification_v1,2,60,test,origin_hour,7,Severe,Moderate,2
classical_classification_v1,2,60,test,origin_hour,7,Severe,Heavy,3
classical_classification_v1,2,60,test,origin_hour,7,Severe,Severe,493
classical_classification_v1,2,60,test,origin_hour,8,Free-flow,Free-flow,47
classical_classification_v1,2,60,test,origin_hour,8,Free-flow,Moderate,1
classical_classification_v1,2,60,test,origin_hour,8,Free-flow,Heavy,3
classical_classification_v1,2,60,test,origin_hour,8,Free-flow,Severe,0
classical_classification_v1,2,60,test,origin_hour,8,Moderate,Free-flow,3
classical_classification_v1,2,60,test,origin_hour,8,Moderate,Moderate,188
classical_classification_v1,2,60,test,origin_hour,8,Moderate,Heavy,109
classical_classification_v1,2,60,test,origin_hour,8,Moderate,Severe,6
classical_classification_v1,2,60,test,origin_hour,8,Heavy,Free-flow,0
classical_classification_v1,2,60,test,origin_hour,8,Heavy,Moderate,22
classical_classification_v1,2,60,test,origin_hour,8,Heavy,Heavy,266
classical_classification_v1,2,60,test,origin_hour,8,Heavy,Severe,123
classical_classification_v1,2,60,test,origin_hour,8,Severe,Free-flow,0
classical_classification_v1,2,60,test,origin_hour,8,Severe,Moderate,2
classical_classification_v1,2,60,test,origin_hour,8,Severe,Heavy,84
classical_classification_v1,2,60,test,origin_hour,8,Severe,Severe,271
classical_classification_v1,2,60,test,origin_hour,9,Free-flow,Free-flow,160
classical_classification_v1,2,60,test,origin_hour,9,Free-flow,Moderate,54
classical_classification_v1,2,60,test,origin_hour,9,Free-flow,Heavy,0
classical_classification_v1,2,60,test,origin_hour,9,Free-flow,Severe,0
classical_classification_v1,2,60,test,origin_hour,9,Moderate,Free-flow,28
classical_classification_v1,2,60,test,origin_hour,9,Moderate,Moderate,539
classical_classification_v1,2,60,test,origin_hour,9,Moderate,Heavy,164
classical_classification_v1,2,60,test,origin_hour,9,Moderate,Severe,2
classical_classification_v1,2,60,test,origin_hour,9,Heavy,Free-flow,0
classical_classification_v1,2,60,test,origin_hour,9,Heavy,Moderate,46
classical_classification_v1,2,60,test,origin_hour,9,Heavy,Heavy,129
classical_classification_v1,2,60,test,origin_hour,9,Heavy,Severe,11
classical_classification_v1,2,60,test,origin_hour,9,Severe,Free-flow,0
classical_classification_v1,2,60,test,origin_hour,9,Severe,Moderate,1
classical_classification_v1,2,60,test,origin_hour,9,Severe,Heavy,6
classical_classification_v1,2,60,test,origin_hour,9,Severe,Severe,10
classical_classification_v1,2,60,test,origin_hour,10,Free-flow,Free-flow,421
classical_classification_v1,2,60,test,origin_hour,10,Free-flow,Moderate,242
classical_classification_v1,2,60,test,origin_hour,10,Free-flow,Heavy,0
classical_classification_v1,2,60,test,origin_hour,10,Free-flow,Severe,0
classical_classification_v1,2,60,test,origin_hour,10,Moderate,Free-flow,26
classical_classification_v1,2,60,test,origin_hour,10,Moderate,Moderate,447
classical_classification_v1,2,60,test,origin_hour,10,Moderate,Heavy,4
classical_classification_v1,2,60,test,origin_hour,10,Moderate,Severe,0
classical_classification_v1,2,60,test,origin_hour,10,Heavy,Free-flow,0
classical_classification_v1,2,60,test,origin_hour,10,Heavy,Moderate,6
classical_classification_v1,2,60,test,origin_hour,10,Heavy,Heavy,4
classical_classification_v1,2,60,test,origin_hour,10,Heavy,Severe,0
classical_classification_v1,2,60,test,origin_hour,10,Severe,Free-flow,0
classical_classification_v1,2,60,test,origin_hour,10,Severe,Moderate,0
classical_classification_v1,2,60,test,origin_hour,10,Severe,Heavy,0
classical_classification_v1,2,60,test,origin_hour,10,Severe,Severe,0
classical_classification_v1,2,60,test,origin_hour,11,Free-flow,Free-flow,713
classical_classification_v1,2,60,test,origin_hour,11,Free-flow,Moderate,136
classical_classification_v1,2,60,test,origin_hour,11,Free-flow,Heavy,0
classical_classification_v1,2,60,test,origin_hour,11,Free-flow,Severe,0
classical_classification_v1,2,60,test,origin_hour,11,Moderate,Free-flow,69
classical_classification_v1,2,60,test,origin_hour,11,Moderate,Moderate,227
classical_classification_v1,2,60,test,origin_hour,11,Moderate,Heavy,0
classical_classification_v1,2,60,test,origin_hour,11,Moderate,Severe,0
classical_classification_v1,2,60,test,origin_hour,11,Heavy,Free-flow,0
classical_classification_v1,2,60,test,origin_hour,11,Heavy,Moderate,5
classical_classification_v1,2,60,test,origin_hour,11,Heavy,Heavy,0
classical_classification_v1,2,60,test,origin_hour,11,Heavy,Severe,0
classical_classification_v1,2,60,test,origin_hour,11,Severe,Free-flow,0
classical_classification_v1,2,60,test,origin_hour,11,Severe,Moderate,0
classical_classification_v1,2,60,test,origin_hour,11,Severe,Heavy,0
classical_classification_v1,2,60,test,origin_hour,11,Severe,Severe,0
classical_classification_v1,2,60,test,origin_hour,12,Free-flow,Free-flow,729
classical_classification_v1,2,60,test,origin_hour,12,Free-flow,Moderate,125
classical_classification_v1,2,60,test,origin_hour,12,Free-flow,Heavy,0
classical_classification_v1,2,60,test,origin_hour,12,Free-flow,Severe,0
classical_classification_v1,2,60,test,origin_hour,12,Moderate,Free-flow,58
classical_classification_v1,2,60,test,origin_hour,12,Moderate,Moderate,236
classical_classification_v1,2,60,test,origin_hour,12,Moderate,Heavy,0
classical_classification_v1,2,60,test,origin_hour,12,Moderate,Severe,0
classical_classification_v1,2,60,test,origin_hour,12,Heavy,Free-flow,0
classical_classification_v1,2,60,test,origin_hour,12,Heavy,Moderate,2
classical_classification_v1,2,60,test,origin_hour,12,Heavy,Heavy,0
classical_classification_v1,2,60,test,origin_hour,12,Heavy,Severe,0
classical_classification_v1,2,60,test,origin_hour,12,Severe,Free-flow,0
classical_classification_v1,2,60,test,origin_hour,12,Severe,Moderate,0
classical_classification_v1,2,60,test,origin_hour,12,Severe,Heavy,0
classical_classification_v1,2,60,test,origin_hour,12,Severe,Severe,0
classical_classification_v1,2,60,test,origin_hour,13,Free-flow,Free-flow,655
classical_classification_v1,2,60,test,origin_hour,13,Free-flow,Moderate,130
classical_classification_v1,2,60,test,origin_hour,13,Free-flow,Heavy,0
classical_classification_v1,2,60,test,origin_hour,13,Free-flow,Severe,0
classical_classification_v1,2,60,test,origin_hour,13,Moderate,Free-flow,74
classical_classification_v1,2,60,test,origin_hour,13,Moderate,Moderate,283
classical_classification_v1,2,60,test,origin_hour,13,Moderate,Heavy,3
classical_classification_v1,2,60,test,origin_hour,13,Moderate,Severe,0
classical_classification_v1,2,60,test,origin_hour,13,Heavy,Free-flow,0
classical_classification_v1,2,60,test,origin_hour,13,Heavy,Moderate,3
classical_classification_v1,2,60,test,origin_hour,13,Heavy,Heavy,2
classical_classification_v1,2,60,test,origin_hour,13,Heavy,Severe,0
classical_classification_v1,2,60,test,origin_hour,13,Severe,Free-flow,0
classical_classification_v1,2,60,test,origin_hour,13,Severe,Moderate,0
classical_classification_v1,2,60,test,origin_hour,13,Severe,Heavy,0
classical_classification_v1,2,60,test,origin_hour,13,Severe,Severe,0
classical_classification_v1,2,60,test,origin_hour,14,Free-flow,Free-flow,337
classical_classification_v1,2,60,test,origin_hour,14,Free-flow,Moderate,139
classical_classification_v1,2,60,test,origin_hour,14,Free-flow,Heavy,0
classical_classification_v1,2,60,test,origin_hour,14,Free-flow,Severe,0
classical_classification_v1,2,60,test,origin_hour,14,Moderate,Free-flow,28
classical_classification_v1,2,60,test,origin_hour,14,Moderate,Moderate,617
classical_classification_v1,2,60,test,origin_hour,14,Moderate,Heavy,6
classical_classification_v1,2,60,test,origin_hour,14,Moderate,Severe,0
classical_classification_v1,2,60,test,origin_hour,14,Heavy,Free-flow,0
classical_classification_v1,2,60,test,origin_hour,14,Heavy,Moderate,8
classical_classification_v1,2,60,test,origin_hour,14,Heavy,Heavy,14
classical_classification_v1,2,60,test,origin_hour,14,Heavy,Severe,0
classical_classification_v1,2,60,test,origin_hour,14,Severe,Free-flow,0
classical_classification_v1,2,60,test,origin_hour,14,Severe,Moderate,0
classical_classification_v1,2,60,test,origin_hour,14,Severe,Heavy,1
classical_classification_v1,2,60,test,origin_hour,14,Severe,Severe,0
classical_classification_v1,2,60,test,origin_hour,15,Free-flow,Free-flow,72
classical_classification_v1,2,60,test,origin_hour,15,Free-flow,Moderate,73
classical_classification_v1,2,60,test,origin_hour,15,Free-flow,Heavy,0
classical_classification_v1,2,60,test,origin_hour,15,Free-flow,Severe,0
classical_classification_v1,2,60,test,origin_hour,15,Moderate,Free-flow,17
classical_classification_v1,2,60,test,origin_hour,15,Moderate,Moderate,521
classical_classification_v1,2,60,test,origin_hour,15,Moderate,Heavy,185
classical_classification_v1,2,60,test,origin_hour,15,Moderate,Severe,1
classical_classification_v1,2,60,test,origin_hour,15,Heavy,Free-flow,0
classical_classification_v1,2,60,test,origin_hour,15,Heavy,Moderate,40
classical_classification_v1,2,60,test,origin_hour,15,Heavy,Heavy,196
classical_classification_v1,2,60,test,origin_hour,15,Heavy,Severe,9
classical_classification_v1,2,60,test,origin_hour,15,Severe,Free-flow,0
classical_classification_v1,2,60,test,origin_hour,15,Severe,Moderate,1
classical_classification_v1,2,60,test,origin_hour,15,Severe,Heavy,9
classical_classification_v1,2,60,test,origin_hour,15,Severe,Severe,26
classical_classification_v1,2,60,test,origin_hour,16,Free-flow,Free-flow,49
classical_classification_v1,2,60,test,origin_hour,16,Free-flow,Moderate,1
classical_classification_v1,2,60,test,origin_hour,16,Free-flow,Heavy,1
classical_classification_v1,2,60,test,origin_hour,16,Free-flow,Severe,0
classical_classification_v1,2,60,test,origin_hour,16,Moderate,Free-flow,1
classical_classification_v1,2,60,test,origin_hour,16,Moderate,Moderate,275
classical_classification_v1,2,60,test,origin_hour,16,Moderate,Heavy,66
classical_classification_v1,2,60,test,origin_hour,16,Moderate,Severe,11
classical_classification_v1,2,60,test,origin_hour,16,Heavy,Free-flow,3
classical_classification_v1,2,60,test,origin_hour,16,Heavy,Moderate,22
classical_classification_v1,2,60,test,origin_hour,16,Heavy,Heavy,326
classical_classification_v1,2,60,test,origin_hour,16,Heavy,Severe,121
classical_classification_v1,2,60,test,origin_hour,16,Severe,Free-flow,0
classical_classification_v1,2,60,test,origin_hour,16,Severe,Moderate,2
classical_classification_v1,2,60,test,origin_hour,16,Severe,Heavy,144
classical_classification_v1,2,60,test,origin_hour,16,Severe,Severe,128
classical_classification_v1,2,60,test,origin_hour,17,Free-flow,Free-flow,50
classical_classification_v1,2,60,test,origin_hour,17,Free-flow,Moderate,2
classical_classification_v1,2,60,test,origin_hour,17,Free-flow,Heavy,0
classical_classification_v1,2,60,test,origin_hour,17,Free-flow,Severe,0
classical_classification_v1,2,60,test,origin_hour,17,Moderate,Free-flow,0
classical_classification_v1,2,60,test,origin_hour,17,Moderate,Moderate,272
classical_classification_v1,2,60,test,origin_hour,17,Moderate,Heavy,40
classical_classification_v1,2,60,test,origin_hour,17,Moderate,Severe,10
classical_classification_v1,2,60,test,origin_hour,17,Heavy,Free-flow,0
classical_classification_v1,2,60,test,origin_hour,17,Heavy,Moderate,26
classical_classification_v1,2,60,test,origin_hour,17,Heavy,Heavy,251
classical_classification_v1,2,60,test,origin_hour,17,Heavy,Severe,178
classical_classification_v1,2,60,test,origin_hour,17,Severe,Free-flow,1
classical_classification_v1,2,60,test,origin_hour,17,Severe,Moderate,0
classical_classification_v1,2,60,test,origin_hour,17,Severe,Heavy,111
classical_classification_v1,2,60,test,origin_hour,17,Severe,Severe,209
classical_classification_v1,2,60,test,origin_hour,18,Free-flow,Free-flow,48
classical_classification_v1,2,60,test,origin_hour,18,Free-flow,Moderate,108
classical_classification_v1,2,60,test,origin_hour,18,Free-flow,Heavy,1
classical_classification_v1,2,60,test,origin_hour,18,Free-flow,Severe,0
classical_classification_v1,2,60,test,origin_hour,18,Moderate,Free-flow,4
classical_classification_v1,2,60,test,origin_hour,18,Moderate,Moderate,534
classical_classification_v1,2,60,test,origin_hour,18,Moderate,Heavy,150
classical_classification_v1,2,60,test,origin_hour,18,Moderate,Severe,1
classical_classification_v1,2,60,test,origin_hour,18,Heavy,Free-flow,0
classical_classification_v1,2,60,test,origin_hour,18,Heavy,Moderate,28
classical_classification_v1,2,60,test,origin_hour,18,Heavy,Heavy,238
classical_classification_v1,2,60,test,origin_hour,18,Heavy,Severe,11
classical_classification_v1,2,60,test,origin_hour,18,Severe,Free-flow,0
classical_classification_v1,2,60,test,origin_hour,18,Severe,Moderate,1
classical_classification_v1,2,60,test,origin_hour,18,Severe,Heavy,13
classical_classification_v1,2,60,test,origin_hour,18,Severe,Severe,13
classical_classification_v1,2,60,test,origin_hour,19,Free-flow,Free-flow,672
classical_classification_v1,2,60,test,origin_hour,19,Free-flow,Moderate,135
classical_classification_v1,2,60,test,origin_hour,19,Free-flow,Heavy,0
classical_classification_v1,2,60,test,origin_hour,19,Free-flow,Severe,0
classical_classification_v1,2,60,test,origin_hour,19,Moderate,Free-flow,42
classical_classification_v1,2,60,test,origin_hour,19,Moderate,Moderate,292
classical_classification_v1,2,60,test,origin_hour,19,Moderate,Heavy,6
classical_classification_v1,2,60,test,origin_hour,19,Moderate,Severe,0
classical_classification_v1,2,60,test,origin_hour,19,Heavy,Free-flow,0
classical_classification_v1,2,60,test,origin_hour,19,Heavy,Moderate,0
classical_classification_v1,2,60,test,origin_hour,19,Heavy,Heavy,3
classical_classification_v1,2,60,test,origin_hour,19,Heavy,Severe,0
classical_classification_v1,2,60,test,origin_hour,19,Severe,Free-flow,0
classical_classification_v1,2,60,test,origin_hour,19,Severe,Moderate,0
classical_classification_v1,2,60,test,origin_hour,19,Severe,Heavy,0
classical_classification_v1,2,60,test,origin_hour,19,Severe,Severe,0
classical_classification_v1,2,60,test,origin_hour,20,Free-flow,Free-flow,1144
classical_classification_v1,2,60,test,origin_hour,20,Free-flow,Moderate,0
classical_classification_v1,2,60,test,origin_hour,20,Free-flow,Heavy,0
classical_classification_v1,2,60,test,origin_hour,20,Free-flow,Severe,0
classical_classification_v1,2,60,test,origin_hour,20,Moderate,Free-flow,3
classical_classification_v1,2,60,test,origin_hour,20,Moderate,Moderate,3
classical_classification_v1,2,60,test,origin_hour,20,Moderate,Heavy,0
classical_classification_v1,2,60,test,origin_hour,20,Moderate,Severe,0
classical_classification_v1,2,60,test,origin_hour,20,Heavy,Free-flow,0
classical_classification_v1,2,60,test,origin_hour,20,Heavy,Moderate,0
classical_classification_v1,2,60,test,origin_hour,20,Heavy,Heavy,0
classical_classification_v1,2,60,test,origin_hour,20,Heavy,Severe,0
classical_classification_v1,2,60,test,origin_hour,20,Severe,Free-flow,0
classical_classification_v1,2,60,test,origin_hour,20,Severe,Moderate,0
classical_classification_v1,2,60,test,origin_hour,20,Severe,Heavy,0
classical_classification_v1,2,60,test,origin_hour,20,Severe,Severe,0
classical_classification_v1,2,60,test,origin_hour,21,Free-flow,Free-flow,1150
classical_classification_v1,2,60,test,origin_hour,21,Free-flow,Moderate,0
classical_classification_v1,2,60,test,origin_hour,21,Free-flow,Heavy,0
classical_classification_v1,2,60,test,origin_hour,21,Free-flow,Severe,0
classical_classification_v1,2,60,test,origin_hour,21,Moderate,Free-flow,0
classical_classification_v1,2,60,test,origin_hour,21,Moderate,Moderate,0
classical_classification_v1,2,60,test,origin_hour,21,Moderate,Heavy,0
classical_classification_v1,2,60,test,origin_hour,21,Moderate,Severe,0
classical_classification_v1,2,60,test,origin_hour,21,Heavy,Free-flow,0
classical_classification_v1,2,60,test,origin_hour,21,Heavy,Moderate,0
classical_classification_v1,2,60,test,origin_hour,21,Heavy,Heavy,0
classical_classification_v1,2,60,test,origin_hour,21,Heavy,Severe,0
classical_classification_v1,2,60,test,origin_hour,21,Severe,Free-flow,0
classical_classification_v1,2,60,test,origin_hour,21,Severe,Moderate,0
classical_classification_v1,2,60,test,origin_hour,21,Severe,Heavy,0
classical_classification_v1,2,60,test,origin_hour,21,Severe,Severe,0
classical_classification_v1,2,60,test,origin_hour,22,Free-flow,Free-flow,1150
classical_classification_v1,2,60,test,origin_hour,22,Free-flow,Moderate,0
classical_classification_v1,2,60,test,origin_hour,22,Free-flow,Heavy,0
classical_classification_v1,2,60,test,origin_hour,22,Free-flow,Severe,0
classical_classification_v1,2,60,test,origin_hour,22,Moderate,Free-flow,0
classical_classification_v1,2,60,test,origin_hour,22,Moderate,Moderate,0
classical_classification_v1,2,60,test,origin_hour,22,Moderate,Heavy,0
classical_classification_v1,2,60,test,origin_hour,22,Moderate,Severe,0
classical_classification_v1,2,60,test,origin_hour,22,Heavy,Free-flow,0
classical_classification_v1,2,60,test,origin_hour,22,Heavy,Moderate,0
classical_classification_v1,2,60,test,origin_hour,22,Heavy,Heavy,0
classical_classification_v1,2,60,test,origin_hour,22,Heavy,Severe,0
classical_classification_v1,2,60,test,origin_hour,22,Severe,Free-flow,0
classical_classification_v1,2,60,test,origin_hour,22,Severe,Moderate,0
classical_classification_v1,2,60,test,origin_hour,22,Severe,Heavy,0
classical_classification_v1,2,60,test,origin_hour,22,Severe,Severe,0
classical_classification_v1,2,60,test,origin_hour,23,Free-flow,Free-flow,1100
classical_classification_v1,2,60,test,origin_hour,23,Free-flow,Moderate,0
classical_classification_v1,2,60,test,origin_hour,23,Free-flow,Heavy,0
classical_classification_v1,2,60,test,origin_hour,23,Free-flow,Severe,0
classical_classification_v1,2,60,test,origin_hour,23,Moderate,Free-flow,0
classical_classification_v1,2,60,test,origin_hour,23,Moderate,Moderate,0
classical_classification_v1,2,60,test,origin_hour,23,Moderate,Heavy,0
classical_classification_v1,2,60,test,origin_hour,23,Moderate,Severe,0
classical_classification_v1,2,60,test,origin_hour,23,Heavy,Free-flow,0
classical_classification_v1,2,60,test,origin_hour,23,Heavy,Moderate,0
classical_classification_v1,2,60,test,origin_hour,23,Heavy,Heavy,0
classical_classification_v1,2,60,test,origin_hour,23,Heavy,Severe,0
classical_classification_v1,2,60,test,origin_hour,23,Severe,Free-flow,0
classical_classification_v1,2,60,test,origin_hour,23,Severe,Moderate,0
classical_classification_v1,2,60,test,origin_hour,23,Severe,Heavy,0
classical_classification_v1,2,60,test,origin_hour,23,Severe,Severe,0
classical_classification_v1,2,60,test,weekday,Friday,Free-flow,Free-flow,2064
classical_classification_v1,2,60,test,weekday,Friday,Free-flow,Moderate,276
classical_classification_v1,2,60,test,weekday,Friday,Free-flow,Heavy,0
classical_classification_v1,2,60,test,weekday,Friday,Free-flow,Severe,0
classical_classification_v1,2,60,test,weekday,Friday,Moderate,Free-flow,65
classical_classification_v1,2,60,test,weekday,Friday,Moderate,Moderate,861
classical_classification_v1,2,60,test,weekday,Friday,Moderate,Heavy,185
classical_classification_v1,2,60,test,weekday,Friday,Moderate,Severe,7
classical_classification_v1,2,60,test,weekday,Friday,Heavy,Free-flow,0
classical_classification_v1,2,60,test,weekday,Friday,Heavy,Moderate,25
classical_classification_v1,2,60,test,weekday,Friday,Heavy,Heavy,427
classical_classification_v1,2,60,test,weekday,Friday,Heavy,Severe,155
classical_classification_v1,2,60,test,weekday,Friday,Severe,Free-flow,0
classical_classification_v1,2,60,test,weekday,Friday,Severe,Moderate,1
classical_classification_v1,2,60,test,weekday,Friday,Severe,Heavy,93
classical_classification_v1,2,60,test,weekday,Friday,Severe,Severe,216
classical_classification_v1,2,60,test,weekday,Monday,Free-flow,Free-flow,1762
classical_classification_v1,2,60,test,weekday,Monday,Free-flow,Moderate,201
classical_classification_v1,2,60,test,weekday,Monday,Free-flow,Heavy,6
classical_classification_v1,2,60,test,weekday,Monday,Free-flow,Severe,0
classical_classification_v1,2,60,test,weekday,Monday,Moderate,Free-flow,64
classical_classification_v1,2,60,test,weekday,Monday,Moderate,Moderate,677
classical_classification_v1,2,60,test,weekday,Monday,Moderate,Heavy,140
classical_classification_v1,2,60,test,weekday,Monday,Moderate,Severe,9
classical_classification_v1,2,60,test,weekday,Monday,Heavy,Free-flow,3
classical_classification_v1,2,60,test,weekday,Monday,Heavy,Moderate,24
classical_classification_v1,2,60,test,weekday,Monday,Heavy,Heavy,311
classical_classification_v1,2,60,test,weekday,Monday,Heavy,Severe,140
classical_classification_v1,2,60,test,weekday,Monday,Severe,Free-flow,2
classical_classification_v1,2,60,test,weekday,Monday,Severe,Moderate,0
classical_classification_v1,2,60,test,weekday,Monday,Severe,Heavy,73
classical_classification_v1,2,60,test,weekday,Monday,Severe,Severe,188
classical_classification_v1,2,60,test,weekday,Saturday,Free-flow,Free-flow,3243
classical_classification_v1,2,60,test,weekday,Saturday,Free-flow,Moderate,178
classical_classification_v1,2,60,test,weekday,Saturday,Free-flow,Heavy,0
classical_classification_v1,2,60,test,weekday,Saturday,Free-flow,Severe,0
classical_classification_v1,2,60,test,weekday,Saturday,Moderate,Free-flow,78
classical_classification_v1,2,60,test,weekday,Saturday,Moderate,Moderate,1062
classical_classification_v1,2,60,test,weekday,Saturday,Moderate,Heavy,56
classical_classification_v1,2,60,test,weekday,Saturday,Moderate,Severe,0
classical_classification_v1,2,60,test,weekday,Saturday,Heavy,Free-flow,0
classical_classification_v1,2,60,test,weekday,Saturday,Heavy,Moderate,94
classical_classification_v1,2,60,test,weekday,Saturday,Heavy,Heavy,31
classical_classification_v1,2,60,test,weekday,Saturday,Heavy,Severe,0
classical_classification_v1,2,60,test,weekday,Saturday,Severe,Free-flow,0
classical_classification_v1,2,60,test,weekday,Saturday,Severe,Moderate,6
classical_classification_v1,2,60,test,weekday,Saturday,Severe,Heavy,2
classical_classification_v1,2,60,test,weekday,Saturday,Severe,Severe,0
classical_classification_v1,2,60,test,weekday,Sunday,Free-flow,Free-flow,2841
classical_classification_v1,2,60,test,weekday,Sunday,Free-flow,Moderate,104
classical_classification_v1,2,60,test,weekday,Sunday,Free-flow,Heavy,0
classical_classification_v1,2,60,test,weekday,Sunday,Free-flow,Severe,0
classical_classification_v1,2,60,test,weekday,Sunday,Moderate,Free-flow,32
classical_classification_v1,2,60,test,weekday,Sunday,Moderate,Moderate,535
classical_classification_v1,2,60,test,weekday,Sunday,Moderate,Heavy,28
classical_classification_v1,2,60,test,weekday,Sunday,Moderate,Severe,0
classical_classification_v1,2,60,test,weekday,Sunday,Heavy,Free-flow,0
classical_classification_v1,2,60,test,weekday,Sunday,Heavy,Moderate,47
classical_classification_v1,2,60,test,weekday,Sunday,Heavy,Heavy,13
classical_classification_v1,2,60,test,weekday,Sunday,Heavy,Severe,0
classical_classification_v1,2,60,test,weekday,Sunday,Severe,Free-flow,0
classical_classification_v1,2,60,test,weekday,Sunday,Severe,Moderate,0
classical_classification_v1,2,60,test,weekday,Sunday,Severe,Heavy,0
classical_classification_v1,2,60,test,weekday,Sunday,Severe,Severe,0
classical_classification_v1,2,60,test,weekday,Thursday,Free-flow,Free-flow,1630
classical_classification_v1,2,60,test,weekday,Thursday,Free-flow,Moderate,133
classical_classification_v1,2,60,test,weekday,Thursday,Free-flow,Heavy,0
classical_classification_v1,2,60,test,weekday,Thursday,Free-flow,Severe,0
classical_classification_v1,2,60,test,weekday,Thursday,Moderate,Free-flow,51
classical_classification_v1,2,60,test,weekday,Thursday,Moderate,Moderate,722
classical_classification_v1,2,60,test,weekday,Thursday,Moderate,Heavy,128
classical_classification_v1,2,60,test,weekday,Thursday,Moderate,Severe,8
classical_classification_v1,2,60,test,weekday,Thursday,Heavy,Free-flow,0
classical_classification_v1,2,60,test,weekday,Thursday,Heavy,Moderate,49
classical_classification_v1,2,60,test,weekday,Thursday,Heavy,Heavy,275
classical_classification_v1,2,60,test,weekday,Thursday,Heavy,Severe,131
classical_classification_v1,2,60,test,weekday,Thursday,Severe,Free-flow,0
classical_classification_v1,2,60,test,weekday,Thursday,Severe,Moderate,1
classical_classification_v1,2,60,test,weekday,Thursday,Severe,Heavy,79
classical_classification_v1,2,60,test,weekday,Thursday,Severe,Severe,393
classical_classification_v1,2,60,test,weekday,Tuesday,Free-flow,Free-flow,1749
classical_classification_v1,2,60,test,weekday,Tuesday,Free-flow,Moderate,182
classical_classification_v1,2,60,test,weekday,Tuesday,Free-flow,Heavy,0
classical_classification_v1,2,60,test,weekday,Tuesday,Free-flow,Severe,0
classical_classification_v1,2,60,test,weekday,Tuesday,Moderate,Free-flow,54
classical_classification_v1,2,60,test,weekday,Tuesday,Moderate,Moderate,708
classical_classification_v1,2,60,test,weekday,Tuesday,Moderate,Heavy,155
classical_classification_v1,2,60,test,weekday,Tuesday,Moderate,Severe,7
classical_classification_v1,2,60,test,weekday,Tuesday,Heavy,Free-flow,0
classical_classification_v1,2,60,test,weekday,Tuesday,Heavy,Moderate,27
classical_classification_v1,2,60,test,weekday,Tuesday,Heavy,Heavy,305
classical_classification_v1,2,60,test,weekday,Tuesday,Heavy,Severe,137
classical_classification_v1,2,60,test,weekday,Tuesday,Severe,Free-flow,0
classical_classification_v1,2,60,test,weekday,Tuesday,Severe,Moderate,1
classical_classification_v1,2,60,test,weekday,Tuesday,Severe,Heavy,79
classical_classification_v1,2,60,test,weekday,Tuesday,Severe,Severe,196
classical_classification_v1,2,60,test,weekday,Wednesday,Free-flow,Free-flow,1759
classical_classification_v1,2,60,test,weekday,Wednesday,Free-flow,Moderate,189
classical_classification_v1,2,60,test,weekday,Wednesday,Free-flow,Heavy,0
classical_classification_v1,2,60,test,weekday,Wednesday,Free-flow,Severe,0
classical_classification_v1,2,60,test,weekday,Wednesday,Moderate,Free-flow,64
classical_classification_v1,2,60,test,weekday,Wednesday,Moderate,Moderate,680
classical_classification_v1,2,60,test,weekday,Wednesday,Moderate,Heavy,182
classical_classification_v1,2,60,test,weekday,Wednesday,Moderate,Severe,9
classical_classification_v1,2,60,test,weekday,Wednesday,Heavy,Free-flow,0
classical_classification_v1,2,60,test,weekday,Wednesday,Heavy,Moderate,26
classical_classification_v1,2,60,test,weekday,Wednesday,Heavy,Heavy,314
classical_classification_v1,2,60,test,weekday,Wednesday,Heavy,Severe,137
classical_classification_v1,2,60,test,weekday,Wednesday,Severe,Free-flow,0
classical_classification_v1,2,60,test,weekday,Wednesday,Severe,Moderate,1
classical_classification_v1,2,60,test,weekday,Wednesday,Severe,Heavy,61
classical_classification_v1,2,60,test,weekday,Wednesday,Severe,Severe,178
classical_classification_v1,2,60,test,weekday_type,weekday,Free-flow,Free-flow,8964
classical_classification_v1,2,60,test,weekday_type,weekday,Free-flow,Moderate,981
classical_classification_v1,2,60,test,weekday_type,weekday,Free-flow,Heavy,6
classical_classification_v1,2,60,test,weekday_type,weekday,Free-flow,Severe,0
classical_classification_v1,2,60,test,weekday_type,weekday,Moderate,Free-flow,298
classical_classification_v1,2,60,test,weekday_type,weekday,Moderate,Moderate,3648
classical_classification_v1,2,60,test,weekday_type,weekday,Moderate,Heavy,790
classical_classification_v1,2,60,test,weekday_type,weekday,Moderate,Severe,40
classical_classification_v1,2,60,test,weekday_type,weekday,Heavy,Free-flow,3
classical_classification_v1,2,60,test,weekday_type,weekday,Heavy,Moderate,151
classical_classification_v1,2,60,test,weekday_type,weekday,Heavy,Heavy,1632
classical_classification_v1,2,60,test,weekday_type,weekday,Heavy,Severe,700
classical_classification_v1,2,60,test,weekday_type,weekday,Severe,Free-flow,2
classical_classification_v1,2,60,test,weekday_type,weekday,Severe,Moderate,4
classical_classification_v1,2,60,test,weekday_type,weekday,Severe,Heavy,385
classical_classification_v1,2,60,test,weekday_type,weekday,Severe,Severe,1171
classical_classification_v1,2,60,test,weekday_type,weekend,Free-flow,Free-flow,6084
classical_classification_v1,2,60,test,weekday_type,weekend,Free-flow,Moderate,282
classical_classification_v1,2,60,test,weekday_type,weekend,Free-flow,Heavy,0
classical_classification_v1,2,60,test,weekday_type,weekend,Free-flow,Severe,0
classical_classification_v1,2,60,test,weekday_type,weekend,Moderate,Free-flow,110
classical_classification_v1,2,60,test,weekday_type,weekend,Moderate,Moderate,1597
classical_classification_v1,2,60,test,weekday_type,weekend,Moderate,Heavy,84
classical_classification_v1,2,60,test,weekday_type,weekend,Moderate,Severe,0
classical_classification_v1,2,60,test,weekday_type,weekend,Heavy,Free-flow,0
classical_classification_v1,2,60,test,weekday_type,weekend,Heavy,Moderate,141
classical_classification_v1,2,60,test,weekday_type,weekend,Heavy,Heavy,44
classical_classification_v1,2,60,test,weekday_type,weekend,Heavy,Severe,0
classical_classification_v1,2,60,test,weekday_type,weekend,Severe,Free-flow,0
classical_classification_v1,2,60,test,weekday_type,weekend,Severe,Moderate,6
classical_classification_v1,2,60,test,weekday_type,weekend,Severe,Heavy,2
classical_classification_v1,2,60,test,weekday_type,weekend,Severe,Severe,0
classical_classification_v1,2,60,test,peak_status,evening_peak,Free-flow,Free-flow,770
classical_classification_v1,2,60,test,peak_status,evening_peak,Free-flow,Moderate,245
classical_classification_v1,2,60,test,peak_status,evening_peak,Free-flow,Heavy,1
classical_classification_v1,2,60,test,peak_status,evening_peak,Free-flow,Severe,0
classical_classification_v1,2,60,test,peak_status,evening_peak,Moderate,Free-flow,46
classical_classification_v1,2,60,test,peak_status,evening_peak,Moderate,Moderate,1098
classical_classification_v1,2,60,test,peak_status,evening_peak,Moderate,Heavy,196
classical_classification_v1,2,60,test,peak_status,evening_peak,Moderate,Severe,11
classical_classification_v1,2,60,test,peak_status,evening_peak,Heavy,Free-flow,0
classical_classification_v1,2,60,test,peak_status,evening_peak,Heavy,Moderate,54
classical_classification_v1,2,60,test,peak_status,evening_peak,Heavy,Heavy,492
classical_classification_v1,2,60,test,peak_status,evening_peak,Heavy,Severe,189
classical_classification_v1,2,60,test,peak_status,evening_peak,Severe,Free-flow,1
classical_classification_v1,2,60,test,peak_status,evening_peak,Severe,Moderate,1
classical_classification_v1,2,60,test,peak_status,evening_peak,Severe,Heavy,124
classical_classification_v1,2,60,test,peak_status,evening_peak,Severe,Severe,222
classical_classification_v1,2,60,test,peak_status,morning_peak,Free-flow,Free-flow,253
classical_classification_v1,2,60,test,peak_status,morning_peak,Free-flow,Moderate,55
classical_classification_v1,2,60,test,peak_status,morning_peak,Free-flow,Heavy,3
classical_classification_v1,2,60,test,peak_status,morning_peak,Free-flow,Severe,0
classical_classification_v1,2,60,test,peak_status,morning_peak,Moderate,Free-flow,35
classical_classification_v1,2,60,test,peak_status,morning_peak,Moderate,Moderate,916
classical_classification_v1,2,60,test,peak_status,morning_peak,Moderate,Heavy,299
classical_classification_v1,2,60,test,peak_status,morning_peak,Moderate,Severe,17
classical_classification_v1,2,60,test,peak_status,morning_peak,Heavy,Free-flow,0
classical_classification_v1,2,60,test,peak_status,morning_peak,Heavy,Moderate,134
classical_classification_v1,2,60,test,peak_status,morning_peak,Heavy,Heavy,414
classical_classification_v1,2,60,test,peak_status,morning_peak,Heavy,Severe,376
classical_classification_v1,2,60,test,peak_status,morning_peak,Severe,Free-flow,1
classical_classification_v1,2,60,test,peak_status,morning_peak,Severe,Moderate,5
classical_classification_v1,2,60,test,peak_status,morning_peak,Severe,Heavy,93
classical_classification_v1,2,60,test,peak_status,morning_peak,Severe,Severe,774
classical_classification_v1,2,60,test,peak_status,off_peak,Free-flow,Free-flow,14025
classical_classification_v1,2,60,test,peak_status,off_peak,Free-flow,Moderate,963
classical_classification_v1,2,60,test,peak_status,off_peak,Free-flow,Heavy,2
classical_classification_v1,2,60,test,peak_status,off_peak,Free-flow,Severe,0
classical_classification_v1,2,60,test,peak_status,off_peak,Moderate,Free-flow,327
classical_classification_v1,2,60,test,peak_status,off_peak,Moderate,Moderate,3231
classical_classification_v1,2,60,test,peak_status,off_peak,Moderate,Heavy,379
classical_classification_v1,2,60,test,peak_status,off_peak,Moderate,Severe,12
classical_classification_v1,2,60,test,peak_status,off_peak,Heavy,Free-flow,3
classical_classification_v1,2,60,test,peak_status,off_peak,Heavy,Moderate,104
classical_classification_v1,2,60,test,peak_status,off_peak,Heavy,Heavy,770
classical_classification_v1,2,60,test,peak_status,off_peak,Heavy,Severe,135
classical_classification_v1,2,60,test,peak_status,off_peak,Severe,Free-flow,0
classical_classification_v1,2,60,test,peak_status,off_peak,Severe,Moderate,4
classical_classification_v1,2,60,test,peak_status,off_peak,Severe,Heavy,170
classical_classification_v1,2,60,test,peak_status,off_peak,Severe,Severe,175
classical_classification_v1,2,60,test,weather_condition,Clear,Free-flow,Free-flow,11379
classical_classification_v1,2,60,test,weather_condition,Clear,Free-flow,Moderate,978
classical_classification_v1,2,60,test,weather_condition,Clear,Free-flow,Heavy,6
classical_classification_v1,2,60,test,weather_condition,Clear,Free-flow,Severe,0
classical_classification_v1,2,60,test,weather_condition,Clear,Moderate,Free-flow,298
classical_classification_v1,2,60,test,weather_condition,Clear,Moderate,Moderate,4058
classical_classification_v1,2,60,test,weather_condition,Clear,Moderate,Heavy,609
classical_classification_v1,2,60,test,weather_condition,Clear,Moderate,Severe,25
classical_classification_v1,2,60,test,weather_condition,Clear,Heavy,Free-flow,3
classical_classification_v1,2,60,test,weather_condition,Clear,Heavy,Moderate,237
classical_classification_v1,2,60,test,weather_condition,Clear,Heavy,Heavy,1228
classical_classification_v1,2,60,test,weather_condition,Clear,Heavy,Severe,470
classical_classification_v1,2,60,test,weather_condition,Clear,Severe,Free-flow,2
classical_classification_v1,2,60,test,weather_condition,Clear,Severe,Moderate,8
classical_classification_v1,2,60,test,weather_condition,Clear,Severe,Heavy,292
classical_classification_v1,2,60,test,weather_condition,Clear,Severe,Severe,804
classical_classification_v1,2,60,test,weather_condition,Cloudy,Free-flow,Free-flow,2322
classical_classification_v1,2,60,test,weather_condition,Cloudy,Free-flow,Moderate,194
classical_classification_v1,2,60,test,weather_condition,Cloudy,Free-flow,Heavy,0
classical_classification_v1,2,60,test,weather_condition,Cloudy,Free-flow,Severe,0
classical_classification_v1,2,60,test,weather_condition,Cloudy,Moderate,Free-flow,61
classical_classification_v1,2,60,test,weather_condition,Cloudy,Moderate,Moderate,822
classical_classification_v1,2,60,test,weather_condition,Cloudy,Moderate,Heavy,165
classical_classification_v1,2,60,test,weather_condition,Cloudy,Moderate,Severe,8
classical_classification_v1,2,60,test,weather_condition,Cloudy,Heavy,Free-flow,0
classical_classification_v1,2,60,test,weather_condition,Cloudy,Heavy,Moderate,30
classical_classification_v1,2,60,test,weather_condition,Cloudy,Heavy,Heavy,316
classical_classification_v1,2,60,test,weather_condition,Cloudy,Heavy,Severe,137
classical_classification_v1,2,60,test,weather_condition,Cloudy,Severe,Free-flow,0
classical_classification_v1,2,60,test,weather_condition,Cloudy,Severe,Moderate,1
classical_classification_v1,2,60,test,weather_condition,Cloudy,Severe,Heavy,70
classical_classification_v1,2,60,test,weather_condition,Cloudy,Severe,Severe,298
classical_classification_v1,2,60,test,weather_condition,Fog,Free-flow,Free-flow,79
classical_classification_v1,2,60,test,weather_condition,Fog,Free-flow,Moderate,12
classical_classification_v1,2,60,test,weather_condition,Fog,Free-flow,Heavy,0
classical_classification_v1,2,60,test,weather_condition,Fog,Free-flow,Severe,0
classical_classification_v1,2,60,test,weather_condition,Fog,Moderate,Free-flow,2
classical_classification_v1,2,60,test,weather_condition,Fog,Moderate,Moderate,33
classical_classification_v1,2,60,test,weather_condition,Fog,Moderate,Heavy,13
classical_classification_v1,2,60,test,weather_condition,Fog,Moderate,Severe,0
classical_classification_v1,2,60,test,weather_condition,Fog,Heavy,Free-flow,0
classical_classification_v1,2,60,test,weather_condition,Fog,Heavy,Moderate,7
classical_classification_v1,2,60,test,weather_condition,Fog,Heavy,Heavy,3
classical_classification_v1,2,60,test,weather_condition,Fog,Heavy,Severe,4
classical_classification_v1,2,60,test,weather_condition,Fog,Severe,Free-flow,0
classical_classification_v1,2,60,test,weather_condition,Fog,Severe,Moderate,0
classical_classification_v1,2,60,test,weather_condition,Fog,Severe,Heavy,1
classical_classification_v1,2,60,test,weather_condition,Fog,Severe,Severe,12
classical_classification_v1,2,60,test,weather_condition,Overcast,Free-flow,Free-flow,522
classical_classification_v1,2,60,test,weather_condition,Overcast,Free-flow,Moderate,42
classical_classification_v1,2,60,test,weather_condition,Overcast,Free-flow,Heavy,0
classical_classification_v1,2,60,test,weather_condition,Overcast,Free-flow,Severe,0
classical_classification_v1,2,60,test,weather_condition,Overcast,Moderate,Free-flow,23
classical_classification_v1,2,60,test,weather_condition,Overcast,Moderate,Moderate,184
classical_classification_v1,2,60,test,weather_condition,Overcast,Moderate,Heavy,30
classical_classification_v1,2,60,test,weather_condition,Overcast,Moderate,Severe,1
classical_classification_v1,2,60,test,weather_condition,Overcast,Heavy,Free-flow,0
classical_classification_v1,2,60,test,weather_condition,Overcast,Heavy,Moderate,15
classical_classification_v1,2,60,test,weather_condition,Overcast,Heavy,Heavy,73
classical_classification_v1,2,60,test,weather_condition,Overcast,Heavy,Severe,29
classical_classification_v1,2,60,test,weather_condition,Overcast,Severe,Free-flow,0
classical_classification_v1,2,60,test,weather_condition,Overcast,Severe,Moderate,1
classical_classification_v1,2,60,test,weather_condition,Overcast,Severe,Heavy,13
classical_classification_v1,2,60,test,weather_condition,Overcast,Severe,Severe,37
classical_classification_v1,2,60,test,weather_condition,Rain,Free-flow,Free-flow,746
classical_classification_v1,2,60,test,weather_condition,Rain,Free-flow,Moderate,37
classical_classification_v1,2,60,test,weather_condition,Rain,Free-flow,Heavy,0
classical_classification_v1,2,60,test,weather_condition,Rain,Free-flow,Severe,0
classical_classification_v1,2,60,test,weather_condition,Rain,Moderate,Free-flow,24
classical_classification_v1,2,60,test,weather_condition,Rain,Moderate,Moderate,148
classical_classification_v1,2,60,test,weather_condition,Rain,Moderate,Heavy,57
classical_classification_v1,2,60,test,weather_condition,Rain,Moderate,Severe,6
classical_classification_v1,2,60,test,weather_condition,Rain,Heavy,Free-flow,0
classical_classification_v1,2,60,test,weather_condition,Rain,Heavy,Moderate,3
classical_classification_v1,2,60,test,weather_condition,Rain,Heavy,Heavy,56
classical_classification_v1,2,60,test,weather_condition,Rain,Heavy,Severe,60
classical_classification_v1,2,60,test,weather_condition,Rain,Severe,Free-flow,0
classical_classification_v1,2,60,test,weather_condition,Rain,Severe,Moderate,0
classical_classification_v1,2,60,test,weather_condition,Rain,Severe,Heavy,11
classical_classification_v1,2,60,test,weather_condition,Rain,Severe,Severe,20
classical_classification_v1,2,60,test,actual_congestion,Free-flow,Free-flow,Free-flow,15048
classical_classification_v1,2,60,test,actual_congestion,Free-flow,Free-flow,Moderate,1263
classical_classification_v1,2,60,test,actual_congestion,Free-flow,Free-flow,Heavy,6
classical_classification_v1,2,60,test,actual_congestion,Free-flow,Free-flow,Severe,0
classical_classification_v1,2,60,test,actual_congestion,Free-flow,Moderate,Free-flow,0
classical_classification_v1,2,60,test,actual_congestion,Free-flow,Moderate,Moderate,0
classical_classification_v1,2,60,test,actual_congestion,Free-flow,Moderate,Heavy,0
classical_classification_v1,2,60,test,actual_congestion,Free-flow,Moderate,Severe,0
classical_classification_v1,2,60,test,actual_congestion,Free-flow,Heavy,Free-flow,0
classical_classification_v1,2,60,test,actual_congestion,Free-flow,Heavy,Moderate,0
classical_classification_v1,2,60,test,actual_congestion,Free-flow,Heavy,Heavy,0
classical_classification_v1,2,60,test,actual_congestion,Free-flow,Heavy,Severe,0
classical_classification_v1,2,60,test,actual_congestion,Free-flow,Severe,Free-flow,0
classical_classification_v1,2,60,test,actual_congestion,Free-flow,Severe,Moderate,0
classical_classification_v1,2,60,test,actual_congestion,Free-flow,Severe,Heavy,0
classical_classification_v1,2,60,test,actual_congestion,Free-flow,Severe,Severe,0
classical_classification_v1,2,60,test,actual_congestion,Heavy,Free-flow,Free-flow,0
classical_classification_v1,2,60,test,actual_congestion,Heavy,Free-flow,Moderate,0
classical_classification_v1,2,60,test,actual_congestion,Heavy,Free-flow,Heavy,0
classical_classification_v1,2,60,test,actual_congestion,Heavy,Free-flow,Severe,0
classical_classification_v1,2,60,test,actual_congestion,Heavy,Moderate,Free-flow,0
classical_classification_v1,2,60,test,actual_congestion,Heavy,Moderate,Moderate,0
classical_classification_v1,2,60,test,actual_congestion,Heavy,Moderate,Heavy,0
classical_classification_v1,2,60,test,actual_congestion,Heavy,Moderate,Severe,0
classical_classification_v1,2,60,test,actual_congestion,Heavy,Heavy,Free-flow,3
classical_classification_v1,2,60,test,actual_congestion,Heavy,Heavy,Moderate,292
classical_classification_v1,2,60,test,actual_congestion,Heavy,Heavy,Heavy,1676
classical_classification_v1,2,60,test,actual_congestion,Heavy,Heavy,Severe,700
classical_classification_v1,2,60,test,actual_congestion,Heavy,Severe,Free-flow,0
classical_classification_v1,2,60,test,actual_congestion,Heavy,Severe,Moderate,0
classical_classification_v1,2,60,test,actual_congestion,Heavy,Severe,Heavy,0
classical_classification_v1,2,60,test,actual_congestion,Heavy,Severe,Severe,0
classical_classification_v1,2,60,test,actual_congestion,Moderate,Free-flow,Free-flow,0
classical_classification_v1,2,60,test,actual_congestion,Moderate,Free-flow,Moderate,0
classical_classification_v1,2,60,test,actual_congestion,Moderate,Free-flow,Heavy,0
classical_classification_v1,2,60,test,actual_congestion,Moderate,Free-flow,Severe,0
classical_classification_v1,2,60,test,actual_congestion,Moderate,Moderate,Free-flow,408
classical_classification_v1,2,60,test,actual_congestion,Moderate,Moderate,Moderate,5245
classical_classification_v1,2,60,test,actual_congestion,Moderate,Moderate,Heavy,874
classical_classification_v1,2,60,test,actual_congestion,Moderate,Moderate,Severe,40
classical_classification_v1,2,60,test,actual_congestion,Moderate,Heavy,Free-flow,0
classical_classification_v1,2,60,test,actual_congestion,Moderate,Heavy,Moderate,0
classical_classification_v1,2,60,test,actual_congestion,Moderate,Heavy,Heavy,0
classical_classification_v1,2,60,test,actual_congestion,Moderate,Heavy,Severe,0
classical_classification_v1,2,60,test,actual_congestion,Moderate,Severe,Free-flow,0
classical_classification_v1,2,60,test,actual_congestion,Moderate,Severe,Moderate,0
classical_classification_v1,2,60,test,actual_congestion,Moderate,Severe,Heavy,0
classical_classification_v1,2,60,test,actual_congestion,Moderate,Severe,Severe,0
classical_classification_v1,2,60,test,actual_congestion,Severe,Free-flow,Free-flow,0
classical_classification_v1,2,60,test,actual_congestion,Severe,Free-flow,Moderate,0
classical_classification_v1,2,60,test,actual_congestion,Severe,Free-flow,Heavy,0
classical_classification_v1,2,60,test,actual_congestion,Severe,Free-flow,Severe,0
classical_classification_v1,2,60,test,actual_congestion,Severe,Moderate,Free-flow,0
classical_classification_v1,2,60,test,actual_congestion,Severe,Moderate,Moderate,0
classical_classification_v1,2,60,test,actual_congestion,Severe,Moderate,Heavy,0
classical_classification_v1,2,60,test,actual_congestion,Severe,Moderate,Severe,0
classical_classification_v1,2,60,test,actual_congestion,Severe,Heavy,Free-flow,0
classical_classification_v1,2,60,test,actual_congestion,Severe,Heavy,Moderate,0
classical_classification_v1,2,60,test,actual_congestion,Severe,Heavy,Heavy,0
classical_classification_v1,2,60,test,actual_congestion,Severe,Heavy,Severe,0
classical_classification_v1,2,60,test,actual_congestion,Severe,Severe,Free-flow,2
classical_classification_v1,2,60,test,actual_congestion,Severe,Severe,Moderate,10
classical_classification_v1,2,60,test,actual_congestion,Severe,Severe,Heavy,387
classical_classification_v1,2,60,test,actual_congestion,Severe,Severe,Severe,1171
classical_classification_v1,2,60,validation,overall,all,Free-flow,Free-flow,15158
classical_classification_v1,2,60,validation,overall,all,Free-flow,Moderate,1327
classical_classification_v1,2,60,validation,overall,all,Free-flow,Heavy,1
classical_classification_v1,2,60,validation,overall,all,Free-flow,Severe,0
classical_classification_v1,2,60,validation,overall,all,Moderate,Free-flow,469
classical_classification_v1,2,60,validation,overall,all,Moderate,Moderate,5206
classical_classification_v1,2,60,validation,overall,all,Moderate,Heavy,888
classical_classification_v1,2,60,validation,overall,all,Moderate,Severe,32
classical_classification_v1,2,60,validation,overall,all,Heavy,Free-flow,4
classical_classification_v1,2,60,validation,overall,all,Heavy,Moderate,256
classical_classification_v1,2,60,validation,overall,all,Heavy,Heavy,1713
classical_classification_v1,2,60,validation,overall,all,Heavy,Severe,627
classical_classification_v1,2,60,validation,overall,all,Severe,Free-flow,1
classical_classification_v1,2,60,validation,overall,all,Severe,Moderate,4
classical_classification_v1,2,60,validation,overall,all,Severe,Heavy,392
classical_classification_v1,2,60,validation,overall,all,Severe,Severe,1047
classical_classification_v1,2,60,validation,road_id,NL-001,Free-flow,Free-flow,643
classical_classification_v1,2,60,validation,road_id,NL-001,Free-flow,Moderate,57
classical_classification_v1,2,60,validation,road_id,NL-001,Free-flow,Heavy,0
classical_classification_v1,2,60,validation,road_id,NL-001,Free-flow,Severe,0
classical_classification_v1,2,60,validation,road_id,NL-001,Moderate,Free-flow,20
classical_classification_v1,2,60,validation,road_id,NL-001,Moderate,Moderate,165
classical_classification_v1,2,60,validation,road_id,NL-001,Moderate,Heavy,43
classical_classification_v1,2,60,validation,road_id,NL-001,Moderate,Severe,2
classical_classification_v1,2,60,validation,road_id,NL-001,Heavy,Free-flow,1
classical_classification_v1,2,60,validation,road_id,NL-001,Heavy,Moderate,11
classical_classification_v1,2,60,validation,road_id,NL-001,Heavy,Heavy,65
classical_classification_v1,2,60,validation,road_id,NL-001,Heavy,Severe,30
classical_classification_v1,2,60,validation,road_id,NL-001,Severe,Free-flow,0
classical_classification_v1,2,60,validation,road_id,NL-001,Severe,Moderate,0
classical_classification_v1,2,60,validation,road_id,NL-001,Severe,Heavy,11
classical_classification_v1,2,60,validation,road_id,NL-001,Severe,Severe,37
classical_classification_v1,2,60,validation,road_id,NL-002,Free-flow,Free-flow,577
classical_classification_v1,2,60,validation,road_id,NL-002,Free-flow,Moderate,70
classical_classification_v1,2,60,validation,road_id,NL-002,Free-flow,Heavy,0
classical_classification_v1,2,60,validation,road_id,NL-002,Free-flow,Severe,0
classical_classification_v1,2,60,validation,road_id,NL-002,Moderate,Free-flow,17
classical_classification_v1,2,60,validation,road_id,NL-002,Moderate,Moderate,221
classical_classification_v1,2,60,validation,road_id,NL-002,Moderate,Heavy,34
classical_classification_v1,2,60,validation,road_id,NL-002,Moderate,Severe,2
classical_classification_v1,2,60,validation,road_id,NL-002,Heavy,Free-flow,0
classical_classification_v1,2,60,validation,road_id,NL-002,Heavy,Moderate,10
classical_classification_v1,2,60,validation,road_id,NL-002,Heavy,Heavy,69
classical_classification_v1,2,60,validation,road_id,NL-002,Heavy,Severe,20
classical_classification_v1,2,60,validation,road_id,NL-002,Severe,Free-flow,0
classical_classification_v1,2,60,validation,road_id,NL-002,Severe,Moderate,0
classical_classification_v1,2,60,validation,road_id,NL-002,Severe,Heavy,18
classical_classification_v1,2,60,validation,road_id,NL-002,Severe,Severe,47
classical_classification_v1,2,60,validation,road_id,NL-003,Free-flow,Free-flow,562
classical_classification_v1,2,60,validation,road_id,NL-003,Free-flow,Moderate,52
classical_classification_v1,2,60,validation,road_id,NL-003,Free-flow,Heavy,0
classical_classification_v1,2,60,validation,road_id,NL-003,Free-flow,Severe,0
classical_classification_v1,2,60,validation,road_id,NL-003,Moderate,Free-flow,27
classical_classification_v1,2,60,validation,road_id,NL-003,Moderate,Moderate,234
classical_classification_v1,2,60,validation,road_id,NL-003,Moderate,Heavy,26
classical_classification_v1,2,60,validation,road_id,NL-003,Moderate,Severe,1
classical_classification_v1,2,60,validation,road_id,NL-003,Heavy,Free-flow,0
classical_classification_v1,2,60,validation,road_id,NL-003,Heavy,Moderate,20
classical_classification_v1,2,60,validation,road_id,NL-003,Heavy,Heavy,69
classical_classification_v1,2,60,validation,road_id,NL-003,Heavy,Severe,27
classical_classification_v1,2,60,validation,road_id,NL-003,Severe,Free-flow,0
classical_classification_v1,2,60,validation,road_id,NL-003,Severe,Moderate,0
classical_classification_v1,2,60,validation,road_id,NL-003,Severe,Heavy,22
classical_classification_v1,2,60,validation,road_id,NL-003,Severe,Severe,45
classical_classification_v1,2,60,validation,road_id,NL-004,Free-flow,Free-flow,537
classical_classification_v1,2,60,validation,road_id,NL-004,Free-flow,Moderate,35
classical_classification_v1,2,60,validation,road_id,NL-004,Free-flow,Heavy,0
classical_classification_v1,2,60,validation,road_id,NL-004,Free-flow,Severe,0
classical_classification_v1,2,60,validation,road_id,NL-004,Moderate,Free-flow,29
classical_classification_v1,2,60,validation,road_id,NL-004,Moderate,Moderate,271
classical_classification_v1,2,60,validation,road_id,NL-004,Moderate,Heavy,30
classical_classification_v1,2,60,validation,road_id,NL-004,Moderate,Severe,1
classical_classification_v1,2,60,validation,road_id,NL-004,Heavy,Free-flow,0
classical_classification_v1,2,60,validation,road_id,NL-004,Heavy,Moderate,19
classical_classification_v1,2,60,validation,road_id,NL-004,Heavy,Heavy,70
classical_classification_v1,2,60,validation,road_id,NL-004,Heavy,Severe,31
classical_classification_v1,2,60,validation,road_id,NL-004,Severe,Free-flow,1
classical_classification_v1,2,60,validation,road_id,NL-004,Severe,Moderate,0
classical_classification_v1,2,60,validation,road_id,NL-004,Severe,Heavy,20
classical_classification_v1,2,60,validation,road_id,NL-004,Severe,Severe,41
classical_classification_v1,2,60,validation,road_id,NL-005,Free-flow,Free-flow,537
classical_classification_v1,2,60,validation,road_id,NL-005,Free-flow,Moderate,42
classical_classification_v1,2,60,validation,road_id,NL-005,Free-flow,Heavy,0
classical_classification_v1,2,60,validation,road_id,NL-005,Free-flow,Severe,0
classical_classification_v1,2,60,validation,road_id,NL-005,Moderate,Free-flow,20
classical_classification_v1,2,60,validation,road_id,NL-005,Moderate,Moderate,277
classical_classification_v1,2,60,validation,road_id,NL-005,Moderate,Heavy,16
classical_classification_v1,2,60,validation,road_id,NL-005,Moderate,Severe,0
classical_classification_v1,2,60,validation,road_id,NL-005,Heavy,Free-flow,0
classical_classification_v1,2,60,validation,road_id,NL-005,Heavy,Moderate,22
classical_classification_v1,2,60,validation,road_id,NL-005,Heavy,Heavy,75
classical_classification_v1,2,60,validation,road_id,NL-005,Heavy,Severe,22
classical_classification_v1,2,60,validation,road_id,NL-005,Severe,Free-flow,0
classical_classification_v1,2,60,validation,road_id,NL-005,Severe,Moderate,1
classical_classification_v1,2,60,validation,road_id,NL-005,Severe,Heavy,21
classical_classification_v1,2,60,validation,road_id,NL-005,Severe,Severe,52
classical_classification_v1,2,60,validation,road_id,NL-006,Free-flow,Free-flow,542
classical_classification_v1,2,60,validation,road_id,NL-006,Free-flow,Moderate,39
classical_classification_v1,2,60,validation,road_id,NL-006,Free-flow,Heavy,0
classical_classification_v1,2,60,validation,road_id,NL-006,Free-flow,Severe,0
classical_classification_v1,2,60,validation,road_id,NL-006,Moderate,Free-flow,24
classical_classification_v1,2,60,validation,road_id,NL-006,Moderate,Moderate,263
classical_classification_v1,2,60,validation,road_id,NL-006,Moderate,Heavy,34
classical_classification_v1,2,60,validation,road_id,NL-006,Moderate,Severe,1
classical_classification_v1,2,60,validation,road_id,NL-006,Heavy,Free-flow,0
classical_classification_v1,2,60,validation,road_id,NL-006,Heavy,Moderate,22
classical_classification_v1,2,60,validation,road_id,NL-006,Heavy,Heavy,66
classical_classification_v1,2,60,validation,road_id,NL-006,Heavy,Severe,27
classical_classification_v1,2,60,validation,road_id,NL-006,Severe,Free-flow,0
classical_classification_v1,2,60,validation,road_id,NL-006,Severe,Moderate,1
classical_classification_v1,2,60,validation,road_id,NL-006,Severe,Heavy,24
classical_classification_v1,2,60,validation,road_id,NL-006,Severe,Severe,42
classical_classification_v1,2,60,validation,road_id,NL-007,Free-flow,Free-flow,657
classical_classification_v1,2,60,validation,road_id,NL-007,Free-flow,Moderate,45
classical_classification_v1,2,60,validation,road_id,NL-007,Free-flow,Heavy,0
classical_classification_v1,2,60,validation,road_id,NL-007,Free-flow,Severe,0
classical_classification_v1,2,60,validation,road_id,NL-007,Moderate,Free-flow,17
classical_classification_v1,2,60,validation,road_id,NL-007,Moderate,Moderate,169
classical_classification_v1,2,60,validation,road_id,NL-007,Moderate,Heavy,45
classical_classification_v1,2,60,validation,road_id,NL-007,Moderate,Severe,0
classical_classification_v1,2,60,validation,road_id,NL-007,Heavy,Free-flow,1
classical_classification_v1,2,60,validation,road_id,NL-007,Heavy,Moderate,8
classical_classification_v1,2,60,validation,road_id,NL-007,Heavy,Heavy,62
classical_classification_v1,2,60,validation,road_id,NL-007,Heavy,Severe,24
classical_classification_v1,2,60,validation,road_id,NL-007,Severe,Free-flow,0
classical_classification_v1,2,60,validation,road_id,NL-007,Severe,Moderate,0
classical_classification_v1,2,60,validation,road_id,NL-007,Severe,Heavy,13
classical_classification_v1,2,60,validation,road_id,NL-007,Severe,Severe,44
classical_classification_v1,2,60,validation,road_id,NL-008,Free-flow,Free-flow,663
classical_classification_v1,2,60,validation,road_id,NL-008,Free-flow,Moderate,51
classical_classification_v1,2,60,validation,road_id,NL-008,Free-flow,Heavy,0
classical_classification_v1,2,60,validation,road_id,NL-008,Free-flow,Severe,0
classical_classification_v1,2,60,validation,road_id,NL-008,Moderate,Free-flow,6
classical_classification_v1,2,60,validation,road_id,NL-008,Moderate,Moderate,170
classical_classification_v1,2,60,validation,road_id,NL-008,Moderate,Heavy,39
classical_classification_v1,2,60,validation,road_id,NL-008,Moderate,Severe,0
classical_classification_v1,2,60,validation,road_id,NL-008,Heavy,Free-flow,0
classical_classification_v1,2,60,validation,road_id,NL-008,Heavy,Moderate,1
classical_classification_v1,2,60,validation,road_id,NL-008,Heavy,Heavy,74
classical_classification_v1,2,60,validation,road_id,NL-008,Heavy,Severe,22
classical_classification_v1,2,60,validation,road_id,NL-008,Severe,Free-flow,0
classical_classification_v1,2,60,validation,road_id,NL-008,Severe,Moderate,0
classical_classification_v1,2,60,validation,road_id,NL-008,Severe,Heavy,13
classical_classification_v1,2,60,validation,road_id,NL-008,Severe,Severe,46
classical_classification_v1,2,60,validation,road_id,NL-009,Free-flow,Free-flow,546
classical_classification_v1,2,60,validation,road_id,NL-009,Free-flow,Moderate,42
classical_classification_v1,2,60,validation,road_id,NL-009,Free-flow,Heavy,0
classical_classification_v1,2,60,validation,road_id,NL-009,Free-flow,Severe,0
classical_classification_v1,2,60,validation,road_id,NL-009,Moderate,Free-flow,25
classical_classification_v1,2,60,validation,road_id,NL-009,Moderate,Moderate,267
classical_classification_v1,2,60,validation,road_id,NL-009,Moderate,Heavy,22
classical_classification_v1,2,60,validation,road_id,NL-009,Moderate,Severe,0
classical_classification_v1,2,60,validation,road_id,NL-009,Heavy,Free-flow,0
classical_classification_v1,2,60,validation,road_id,NL-009,Heavy,Moderate,17
classical_classification_v1,2,60,validation,road_id,NL-009,Heavy,Heavy,76
classical_classification_v1,2,60,validation,road_id,NL-009,Heavy,Severe,26
classical_classification_v1,2,60,validation,road_id,NL-009,Severe,Free-flow,0
classical_classification_v1,2,60,validation,road_id,NL-009,Severe,Moderate,0
classical_classification_v1,2,60,validation,road_id,NL-009,Severe,Heavy,19
classical_classification_v1,2,60,validation,road_id,NL-009,Severe,Severe,45
classical_classification_v1,2,60,validation,road_id,NL-010,Free-flow,Free-flow,646
classical_classification_v1,2,60,validation,road_id,NL-010,Free-flow,Moderate,62
classical_classification_v1,2,60,validation,road_id,NL-010,Free-flow,Heavy,1
classical_classification_v1,2,60,validation,road_id,NL-010,Free-flow,Severe,0
classical_classification_v1,2,60,validation,road_id,NL-010,Moderate,Free-flow,18
classical_classification_v1,2,60,validation,road_id,NL-010,Moderate,Moderate,162
classical_classification_v1,2,60,validation,road_id,NL-010,Moderate,Heavy,47
classical_classification_v1,2,60,validation,road_id,NL-010,Moderate,Severe,2
classical_classification_v1,2,60,validation,road_id,NL-010,Heavy,Free-flow,0
classical_classification_v1,2,60,validation,road_id,NL-010,Heavy,Moderate,9
classical_classification_v1,2,60,validation,road_id,NL-010,Heavy,Heavy,64
classical_classification_v1,2,60,validation,road_id,NL-010,Heavy,Severe,30
classical_classification_v1,2,60,validation,road_id,NL-010,Severe,Free-flow,0
classical_classification_v1,2,60,validation,road_id,NL-010,Severe,Moderate,0
classical_classification_v1,2,60,validation,road_id,NL-010,Severe,Heavy,7
classical_classification_v1,2,60,validation,road_id,NL-010,Severe,Severe,37
classical_classification_v1,2,60,validation,road_id,NL-011,Free-flow,Free-flow,680
classical_classification_v1,2,60,validation,road_id,NL-011,Free-flow,Moderate,53
classical_classification_v1,2,60,validation,road_id,NL-011,Free-flow,Heavy,0
classical_classification_v1,2,60,validation,road_id,NL-011,Free-flow,Severe,0
classical_classification_v1,2,60,validation,road_id,NL-011,Moderate,Free-flow,12
classical_classification_v1,2,60,validation,road_id,NL-011,Moderate,Moderate,152
classical_classification_v1,2,60,validation,road_id,NL-011,Moderate,Heavy,33
classical_classification_v1,2,60,validation,road_id,NL-011,Moderate,Severe,1
classical_classification_v1,2,60,validation,road_id,NL-011,Heavy,Free-flow,0
classical_classification_v1,2,60,validation,road_id,NL-011,Heavy,Moderate,8
classical_classification_v1,2,60,validation,road_id,NL-011,Heavy,Heavy,68
classical_classification_v1,2,60,validation,road_id,NL-011,Heavy,Severe,27
classical_classification_v1,2,60,validation,road_id,NL-011,Severe,Free-flow,0
classical_classification_v1,2,60,validation,road_id,NL-011,Severe,Moderate,0
classical_classification_v1,2,60,validation,road_id,NL-011,Severe,Heavy,12
classical_classification_v1,2,60,validation,road_id,NL-011,Severe,Severe,39
classical_classification_v1,2,60,validation,road_id,NL-012,Free-flow,Free-flow,537
classical_classification_v1,2,60,validation,road_id,NL-012,Free-flow,Moderate,40
classical_classification_v1,2,60,validation,road_id,NL-012,Free-flow,Heavy,0
classical_classification_v1,2,60,validation,road_id,NL-012,Free-flow,Severe,0
classical_classification_v1,2,60,validation,road_id,NL-012,Moderate,Free-flow,17
classical_classification_v1,2,60,validation,road_id,NL-012,Moderate,Moderate,288
classical_classification_v1,2,60,validation,road_id,NL-012,Moderate,Heavy,31
classical_classification_v1,2,60,validation,road_id,NL-012,Moderate,Severe,3
classical_classification_v1,2,60,validation,road_id,NL-012,Heavy,Free-flow,0
classical_classification_v1,2,60,validation,road_id,NL-012,Heavy,Moderate,15
classical_classification_v1,2,60,validation,road_id,NL-012,Heavy,Heavy,73
classical_classification_v1,2,60,validation,road_id,NL-012,Heavy,Severe,18
classical_classification_v1,2,60,validation,road_id,NL-012,Severe,Free-flow,0
classical_classification_v1,2,60,validation,road_id,NL-012,Severe,Moderate,0
classical_classification_v1,2,60,validation,road_id,NL-012,Severe,Heavy,17
classical_classification_v1,2,60,validation,road_id,NL-012,Severe,Severe,46
classical_classification_v1,2,60,validation,road_id,NL-013,Free-flow,Free-flow,537
classical_classification_v1,2,60,validation,road_id,NL-013,Free-flow,Moderate,53
classical_classification_v1,2,60,validation,road_id,NL-013,Free-flow,Heavy,0
classical_classification_v1,2,60,validation,road_id,NL-013,Free-flow,Severe,0
classical_classification_v1,2,60,validation,road_id,NL-013,Moderate,Free-flow,16
classical_classification_v1,2,60,validation,road_id,NL-013,Moderate,Moderate,276
classical_classification_v1,2,60,validation,road_id,NL-013,Moderate,Heavy,26
classical_classification_v1,2,60,validation,road_id,NL-013,Moderate,Severe,2
classical_classification_v1,2,60,validation,road_id,NL-013,Heavy,Free-flow,0
classical_classification_v1,2,60,validation,road_id,NL-013,Heavy,Moderate,16
classical_classification_v1,2,60,validation,road_id,NL-013,Heavy,Heavy,69
classical_classification_v1,2,60,validation,road_id,NL-013,Heavy,Severe,24
classical_classification_v1,2,60,validation,road_id,NL-013,Severe,Free-flow,0
classical_classification_v1,2,60,validation,road_id,NL-013,Severe,Moderate,0
classical_classification_v1,2,60,validation,road_id,NL-013,Severe,Heavy,25
classical_classification_v1,2,60,validation,road_id,NL-013,Severe,Severe,41
classical_classification_v1,2,60,validation,road_id,NL-014,Free-flow,Free-flow,685
classical_classification_v1,2,60,validation,road_id,NL-014,Free-flow,Moderate,48
classical_classification_v1,2,60,validation,road_id,NL-014,Free-flow,Heavy,0
classical_classification_v1,2,60,validation,road_id,NL-014,Free-flow,Severe,0
classical_classification_v1,2,60,validation,road_id,NL-014,Moderate,Free-flow,12
classical_classification_v1,2,60,validation,road_id,NL-014,Moderate,Moderate,150
classical_classification_v1,2,60,validation,road_id,NL-014,Moderate,Heavy,47
classical_classification_v1,2,60,validation,road_id,NL-014,Moderate,Severe,1
classical_classification_v1,2,60,validation,road_id,NL-014,Heavy,Free-flow,0
classical_classification_v1,2,60,validation,road_id,NL-014,Heavy,Moderate,2
classical_classification_v1,2,60,validation,road_id,NL-014,Heavy,Heavy,67
classical_classification_v1,2,60,validation,road_id,NL-014,Heavy,Severe,24
classical_classification_v1,2,60,validation,road_id,NL-014,Severe,Free-flow,0
classical_classification_v1,2,60,validation,road_id,NL-014,Severe,Moderate,0
classical_classification_v1,2,60,validation,road_id,NL-014,Severe,Heavy,11
classical_classification_v1,2,60,validation,road_id,NL-014,Severe,Severe,38
classical_classification_v1,2,60,validation,road_id,NL-015,Free-flow,Free-flow,538
classical_classification_v1,2,60,validation,road_id,NL-015,Free-flow,Moderate,32
classical_classification_v1,2,60,validation,road_id,NL-015,Free-flow,Heavy,0
classical_classification_v1,2,60,validation,road_id,NL-015,Free-flow,Severe,0
classical_classification_v1,2,60,validation,road_id,NL-015,Moderate,Free-flow,26
classical_classification_v1,2,60,validation,road_id,NL-015,Moderate,Moderate,278
classical_classification_v1,2,60,validation,road_id,NL-015,Moderate,Heavy,31
classical_classification_v1,2,60,validation,road_id,NL-015,Moderate,Severe,1
classical_classification_v1,2,60,validation,road_id,NL-015,Heavy,Free-flow,1
classical_classification_v1,2,60,validation,road_id,NL-015,Heavy,Moderate,16
classical_classification_v1,2,60,validation,road_id,NL-015,Heavy,Heavy,68
classical_classification_v1,2,60,validation,road_id,NL-015,Heavy,Severe,26
classical_classification_v1,2,60,validation,road_id,NL-015,Severe,Free-flow,0
classical_classification_v1,2,60,validation,road_id,NL-015,Severe,Moderate,0
classical_classification_v1,2,60,validation,road_id,NL-015,Severe,Heavy,23
classical_classification_v1,2,60,validation,road_id,NL-015,Severe,Severe,45
classical_classification_v1,2,60,validation,road_id,NL-016,Free-flow,Free-flow,586
classical_classification_v1,2,60,validation,road_id,NL-016,Free-flow,Moderate,70
classical_classification_v1,2,60,validation,road_id,NL-016,Free-flow,Heavy,0
classical_classification_v1,2,60,validation,road_id,NL-016,Free-flow,Severe,0
classical_classification_v1,2,60,validation,road_id,NL-016,Moderate,Free-flow,32
classical_classification_v1,2,60,validation,road_id,NL-016,Moderate,Moderate,204
classical_classification_v1,2,60,validation,road_id,NL-016,Moderate,Heavy,35
classical_classification_v1,2,60,validation,road_id,NL-016,Moderate,Severe,1
classical_classification_v1,2,60,validation,road_id,NL-016,Heavy,Free-flow,0
classical_classification_v1,2,60,validation,road_id,NL-016,Heavy,Moderate,2
classical_classification_v1,2,60,validation,road_id,NL-016,Heavy,Heavy,74
classical_classification_v1,2,60,validation,road_id,NL-016,Heavy,Severe,32
classical_classification_v1,2,60,validation,road_id,NL-016,Severe,Free-flow,0
classical_classification_v1,2,60,validation,road_id,NL-016,Severe,Moderate,0
classical_classification_v1,2,60,validation,road_id,NL-016,Severe,Heavy,10
classical_classification_v1,2,60,validation,road_id,NL-016,Severe,Severe,39
classical_classification_v1,2,60,validation,road_id,NL-017,Free-flow,Free-flow,671
classical_classification_v1,2,60,validation,road_id,NL-017,Free-flow,Moderate,62
classical_classification_v1,2,60,validation,road_id,NL-017,Free-flow,Heavy,0
classical_classification_v1,2,60,validation,road_id,NL-017,Free-flow,Severe,0
classical_classification_v1,2,60,validation,road_id,NL-017,Moderate,Free-flow,12
classical_classification_v1,2,60,validation,road_id,NL-017,Moderate,Moderate,146
classical_classification_v1,2,60,validation,road_id,NL-017,Moderate,Heavy,39
classical_classification_v1,2,60,validation,road_id,NL-017,Moderate,Severe,0
classical_classification_v1,2,60,validation,road_id,NL-017,Heavy,Free-flow,0
classical_classification_v1,2,60,validation,road_id,NL-017,Heavy,Moderate,10
classical_classification_v1,2,60,validation,road_id,NL-017,Heavy,Heavy,63
classical_classification_v1,2,60,validation,road_id,NL-017,Heavy,Severe,25
classical_classification_v1,2,60,validation,road_id,NL-017,Severe,Free-flow,0
classical_classification_v1,2,60,validation,road_id,NL-017,Severe,Moderate,0
classical_classification_v1,2,60,validation,road_id,NL-017,Severe,Heavy,19
classical_classification_v1,2,60,validation,road_id,NL-017,Severe,Severe,38
classical_classification_v1,2,60,validation,road_id,NL-018,Free-flow,Free-flow,564
classical_classification_v1,2,60,validation,road_id,NL-018,Free-flow,Moderate,75
classical_classification_v1,2,60,validation,road_id,NL-018,Free-flow,Heavy,0
classical_classification_v1,2,60,validation,road_id,NL-018,Free-flow,Severe,0
classical_classification_v1,2,60,validation,road_id,NL-018,Moderate,Free-flow,15
classical_classification_v1,2,60,validation,road_id,NL-018,Moderate,Moderate,233
classical_classification_v1,2,60,validation,road_id,NL-018,Moderate,Heavy,31
classical_classification_v1,2,60,validation,road_id,NL-018,Moderate,Severe,1
classical_classification_v1,2,60,validation,road_id,NL-018,Heavy,Free-flow,1
classical_classification_v1,2,60,validation,road_id,NL-018,Heavy,Moderate,9
classical_classification_v1,2,60,validation,road_id,NL-018,Heavy,Heavy,75
classical_classification_v1,2,60,validation,road_id,NL-018,Heavy,Severe,23
classical_classification_v1,2,60,validation,road_id,NL-018,Severe,Free-flow,0
classical_classification_v1,2,60,validation,road_id,NL-018,Severe,Moderate,0
classical_classification_v1,2,60,validation,road_id,NL-018,Severe,Heavy,15
classical_classification_v1,2,60,validation,road_id,NL-018,Severe,Severe,43
classical_classification_v1,2,60,validation,road_id,NL-019,Free-flow,Free-flow,547
classical_classification_v1,2,60,validation,road_id,NL-019,Free-flow,Moderate,51
classical_classification_v1,2,60,validation,road_id,NL-019,Free-flow,Heavy,0
classical_classification_v1,2,60,validation,road_id,NL-019,Free-flow,Severe,0
classical_classification_v1,2,60,validation,road_id,NL-019,Moderate,Free-flow,24
classical_classification_v1,2,60,validation,road_id,NL-019,Moderate,Moderate,260
classical_classification_v1,2,60,validation,road_id,NL-019,Moderate,Heavy,26
classical_classification_v1,2,60,validation,road_id,NL-019,Moderate,Severe,2
classical_classification_v1,2,60,validation,road_id,NL-019,Heavy,Free-flow,0
classical_classification_v1,2,60,validation,road_id,NL-019,Heavy,Moderate,8
classical_classification_v1,2,60,validation,road_id,NL-019,Heavy,Heavy,68
classical_classification_v1,2,60,validation,road_id,NL-019,Heavy,Severe,24
classical_classification_v1,2,60,validation,road_id,NL-019,Severe,Free-flow,0
classical_classification_v1,2,60,validation,road_id,NL-019,Severe,Moderate,2
classical_classification_v1,2,60,validation,road_id,NL-019,Severe,Heavy,26
classical_classification_v1,2,60,validation,road_id,NL-019,Severe,Severe,47
classical_classification_v1,2,60,validation,road_id,NL-020,Free-flow,Free-flow,677
classical_classification_v1,2,60,validation,road_id,NL-020,Free-flow,Moderate,56
classical_classification_v1,2,60,validation,road_id,NL-020,Free-flow,Heavy,0
classical_classification_v1,2,60,validation,road_id,NL-020,Free-flow,Severe,0
classical_classification_v1,2,60,validation,road_id,NL-020,Moderate,Free-flow,8
classical_classification_v1,2,60,validation,road_id,NL-020,Moderate,Moderate,157
classical_classification_v1,2,60,validation,road_id,NL-020,Moderate,Heavy,37
classical_classification_v1,2,60,validation,road_id,NL-020,Moderate,Severe,1
classical_classification_v1,2,60,validation,road_id,NL-020,Heavy,Free-flow,0
classical_classification_v1,2,60,validation,road_id,NL-020,Heavy,Moderate,6
classical_classification_v1,2,60,validation,road_id,NL-020,Heavy,Heavy,71
classical_classification_v1,2,60,validation,road_id,NL-020,Heavy,Severe,24
classical_classification_v1,2,60,validation,road_id,NL-020,Severe,Free-flow,0
classical_classification_v1,2,60,validation,road_id,NL-020,Severe,Moderate,0
classical_classification_v1,2,60,validation,road_id,NL-020,Severe,Heavy,12
classical_classification_v1,2,60,validation,road_id,NL-020,Severe,Severe,36
classical_classification_v1,2,60,validation,road_id,NL-021,Free-flow,Free-flow,613
classical_classification_v1,2,60,validation,road_id,NL-021,Free-flow,Moderate,56
classical_classification_v1,2,60,validation,road_id,NL-021,Free-flow,Heavy,0
classical_classification_v1,2,60,validation,road_id,NL-021,Free-flow,Severe,0
classical_classification_v1,2,60,validation,road_id,NL-021,Moderate,Free-flow,30
classical_classification_v1,2,60,validation,road_id,NL-021,Moderate,Moderate,192
classical_classification_v1,2,60,validation,road_id,NL-021,Moderate,Heavy,43
classical_classification_v1,2,60,validation,road_id,NL-021,Moderate,Severe,1
classical_classification_v1,2,60,validation,road_id,NL-021,Heavy,Free-flow,0
classical_classification_v1,2,60,validation,road_id,NL-021,Heavy,Moderate,2
classical_classification_v1,2,60,validation,road_id,NL-021,Heavy,Heavy,68
classical_classification_v1,2,60,validation,road_id,NL-021,Heavy,Severe,25
classical_classification_v1,2,60,validation,road_id,NL-021,Severe,Free-flow,0
classical_classification_v1,2,60,validation,road_id,NL-021,Severe,Moderate,0
classical_classification_v1,2,60,validation,road_id,NL-021,Severe,Heavy,11
classical_classification_v1,2,60,validation,road_id,NL-021,Severe,Severe,44
classical_classification_v1,2,60,validation,road_id,NL-022,Free-flow,Free-flow,689
classical_classification_v1,2,60,validation,road_id,NL-022,Free-flow,Moderate,52
classical_classification_v1,2,60,validation,road_id,NL-022,Free-flow,Heavy,0
classical_classification_v1,2,60,validation,road_id,NL-022,Free-flow,Severe,0
classical_classification_v1,2,60,validation,road_id,NL-022,Moderate,Free-flow,8
classical_classification_v1,2,60,validation,road_id,NL-022,Moderate,Moderate,145
classical_classification_v1,2,60,validation,road_id,NL-022,Moderate,Heavy,56
classical_classification_v1,2,60,validation,road_id,NL-022,Moderate,Severe,3
classical_classification_v1,2,60,validation,road_id,NL-022,Heavy,Free-flow,0
classical_classification_v1,2,60,validation,road_id,NL-022,Heavy,Moderate,9
classical_classification_v1,2,60,validation,road_id,NL-022,Heavy,Heavy,54
classical_classification_v1,2,60,validation,road_id,NL-022,Heavy,Severe,19
classical_classification_v1,2,60,validation,road_id,NL-022,Severe,Free-flow,0
classical_classification_v1,2,60,validation,road_id,NL-022,Severe,Moderate,0
classical_classification_v1,2,60,validation,road_id,NL-022,Severe,Heavy,10
classical_classification_v1,2,60,validation,road_id,NL-022,Severe,Severe,40
classical_classification_v1,2,60,validation,road_id,NL-023,Free-flow,Free-flow,603
classical_classification_v1,2,60,validation,road_id,NL-023,Free-flow,Moderate,72
classical_classification_v1,2,60,validation,road_id,NL-023,Free-flow,Heavy,0
classical_classification_v1,2,60,validation,road_id,NL-023,Free-flow,Severe,0
classical_classification_v1,2,60,validation,road_id,NL-023,Moderate,Free-flow,22
classical_classification_v1,2,60,validation,road_id,NL-023,Moderate,Moderate,197
classical_classification_v1,2,60,validation,road_id,NL-023,Moderate,Heavy,34
classical_classification_v1,2,60,validation,road_id,NL-023,Moderate,Severe,0
classical_classification_v1,2,60,validation,road_id,NL-023,Heavy,Free-flow,0
classical_classification_v1,2,60,validation,road_id,NL-023,Heavy,Moderate,3
classical_classification_v1,2,60,validation,road_id,NL-023,Heavy,Heavy,69
classical_classification_v1,2,60,validation,road_id,NL-023,Heavy,Severe,27
classical_classification_v1,2,60,validation,road_id,NL-023,Severe,Free-flow,0
classical_classification_v1,2,60,validation,road_id,NL-023,Severe,Moderate,0
classical_classification_v1,2,60,validation,road_id,NL-023,Severe,Heavy,14
classical_classification_v1,2,60,validation,road_id,NL-023,Severe,Severe,44
classical_classification_v1,2,60,validation,road_id,NL-024,Free-flow,Free-flow,645
classical_classification_v1,2,60,validation,road_id,NL-024,Free-flow,Moderate,50
classical_classification_v1,2,60,validation,road_id,NL-024,Free-flow,Heavy,0
classical_classification_v1,2,60,validation,road_id,NL-024,Free-flow,Severe,0
classical_classification_v1,2,60,validation,road_id,NL-024,Moderate,Free-flow,21
classical_classification_v1,2,60,validation,road_id,NL-024,Moderate,Moderate,181
classical_classification_v1,2,60,validation,road_id,NL-024,Moderate,Heavy,37
classical_classification_v1,2,60,validation,road_id,NL-024,Moderate,Severe,4
classical_classification_v1,2,60,validation,road_id,NL-024,Heavy,Free-flow,0
classical_classification_v1,2,60,validation,road_id,NL-024,Heavy,Moderate,5
classical_classification_v1,2,60,validation,road_id,NL-024,Heavy,Heavy,72
classical_classification_v1,2,60,validation,road_id,NL-024,Heavy,Severe,29
classical_classification_v1,2,60,validation,road_id,NL-024,Severe,Free-flow,0
classical_classification_v1,2,60,validation,road_id,NL-024,Severe,Moderate,0
classical_classification_v1,2,60,validation,road_id,NL-024,Severe,Heavy,8
classical_classification_v1,2,60,validation,road_id,NL-024,Severe,Severe,33
classical_classification_v1,2,60,validation,road_id,NL-025,Free-flow,Free-flow,676
classical_classification_v1,2,60,validation,road_id,NL-025,Free-flow,Moderate,62
classical_classification_v1,2,60,validation,road_id,NL-025,Free-flow,Heavy,0
classical_classification_v1,2,60,validation,road_id,NL-025,Free-flow,Severe,0
classical_classification_v1,2,60,validation,road_id,NL-025,Moderate,Free-flow,11
classical_classification_v1,2,60,validation,road_id,NL-025,Moderate,Moderate,148
classical_classification_v1,2,60,validation,road_id,NL-025,Moderate,Heavy,46
classical_classification_v1,2,60,validation,road_id,NL-025,Moderate,Severe,2
classical_classification_v1,2,60,validation,road_id,NL-025,Heavy,Free-flow,0
classical_classification_v1,2,60,validation,road_id,NL-025,Heavy,Moderate,6
classical_classification_v1,2,60,validation,road_id,NL-025,Heavy,Heavy,64
classical_classification_v1,2,60,validation,road_id,NL-025,Heavy,Severe,21
classical_classification_v1,2,60,validation,road_id,NL-025,Severe,Free-flow,0
classical_classification_v1,2,60,validation,road_id,NL-025,Severe,Moderate,0
classical_classification_v1,2,60,validation,road_id,NL-025,Severe,Heavy,11
classical_classification_v1,2,60,validation,road_id,NL-025,Severe,Severe,38
classical_classification_v1,2,60,validation,origin_hour,0,Free-flow,Free-flow,1150
classical_classification_v1,2,60,validation,origin_hour,0,Free-flow,Moderate,0
classical_classification_v1,2,60,validation,origin_hour,0,Free-flow,Heavy,0
classical_classification_v1,2,60,validation,origin_hour,0,Free-flow,Severe,0
classical_classification_v1,2,60,validation,origin_hour,0,Moderate,Free-flow,0
classical_classification_v1,2,60,validation,origin_hour,0,Moderate,Moderate,0
classical_classification_v1,2,60,validation,origin_hour,0,Moderate,Heavy,0
classical_classification_v1,2,60,validation,origin_hour,0,Moderate,Severe,0
classical_classification_v1,2,60,validation,origin_hour,0,Heavy,Free-flow,0
classical_classification_v1,2,60,validation,origin_hour,0,Heavy,Moderate,0
classical_classification_v1,2,60,validation,origin_hour,0,Heavy,Heavy,0
classical_classification_v1,2,60,validation,origin_hour,0,Heavy,Severe,0
classical_classification_v1,2,60,validation,origin_hour,0,Severe,Free-flow,0
classical_classification_v1,2,60,validation,origin_hour,0,Severe,Moderate,0
classical_classification_v1,2,60,validation,origin_hour,0,Severe,Heavy,0
classical_classification_v1,2,60,validation,origin_hour,0,Severe,Severe,0
classical_classification_v1,2,60,validation,origin_hour,1,Free-flow,Free-flow,1150
classical_classification_v1,2,60,validation,origin_hour,1,Free-flow,Moderate,0
classical_classification_v1,2,60,validation,origin_hour,1,Free-flow,Heavy,0
classical_classification_v1,2,60,validation,origin_hour,1,Free-flow,Severe,0
classical_classification_v1,2,60,validation,origin_hour,1,Moderate,Free-flow,0
classical_classification_v1,2,60,validation,origin_hour,1,Moderate,Moderate,0
classical_classification_v1,2,60,validation,origin_hour,1,Moderate,Heavy,0
classical_classification_v1,2,60,validation,origin_hour,1,Moderate,Severe,0
classical_classification_v1,2,60,validation,origin_hour,1,Heavy,Free-flow,0
classical_classification_v1,2,60,validation,origin_hour,1,Heavy,Moderate,0
classical_classification_v1,2,60,validation,origin_hour,1,Heavy,Heavy,0
classical_classification_v1,2,60,validation,origin_hour,1,Heavy,Severe,0
classical_classification_v1,2,60,validation,origin_hour,1,Severe,Free-flow,0
classical_classification_v1,2,60,validation,origin_hour,1,Severe,Moderate,0
classical_classification_v1,2,60,validation,origin_hour,1,Severe,Heavy,0
classical_classification_v1,2,60,validation,origin_hour,1,Severe,Severe,0
classical_classification_v1,2,60,validation,origin_hour,2,Free-flow,Free-flow,1150
classical_classification_v1,2,60,validation,origin_hour,2,Free-flow,Moderate,0
classical_classification_v1,2,60,validation,origin_hour,2,Free-flow,Heavy,0
classical_classification_v1,2,60,validation,origin_hour,2,Free-flow,Severe,0
classical_classification_v1,2,60,validation,origin_hour,2,Moderate,Free-flow,0
classical_classification_v1,2,60,validation,origin_hour,2,Moderate,Moderate,0
classical_classification_v1,2,60,validation,origin_hour,2,Moderate,Heavy,0
classical_classification_v1,2,60,validation,origin_hour,2,Moderate,Severe,0
classical_classification_v1,2,60,validation,origin_hour,2,Heavy,Free-flow,0
classical_classification_v1,2,60,validation,origin_hour,2,Heavy,Moderate,0
classical_classification_v1,2,60,validation,origin_hour,2,Heavy,Heavy,0
classical_classification_v1,2,60,validation,origin_hour,2,Heavy,Severe,0
classical_classification_v1,2,60,validation,origin_hour,2,Severe,Free-flow,0
classical_classification_v1,2,60,validation,origin_hour,2,Severe,Moderate,0
classical_classification_v1,2,60,validation,origin_hour,2,Severe,Heavy,0
classical_classification_v1,2,60,validation,origin_hour,2,Severe,Severe,0
classical_classification_v1,2,60,validation,origin_hour,3,Free-flow,Free-flow,1150
classical_classification_v1,2,60,validation,origin_hour,3,Free-flow,Moderate,0
classical_classification_v1,2,60,validation,origin_hour,3,Free-flow,Heavy,0
classical_classification_v1,2,60,validation,origin_hour,3,Free-flow,Severe,0
classical_classification_v1,2,60,validation,origin_hour,3,Moderate,Free-flow,0
classical_classification_v1,2,60,validation,origin_hour,3,Moderate,Moderate,0
classical_classification_v1,2,60,validation,origin_hour,3,Moderate,Heavy,0
classical_classification_v1,2,60,validation,origin_hour,3,Moderate,Severe,0
classical_classification_v1,2,60,validation,origin_hour,3,Heavy,Free-flow,0
classical_classification_v1,2,60,validation,origin_hour,3,Heavy,Moderate,0
classical_classification_v1,2,60,validation,origin_hour,3,Heavy,Heavy,0
classical_classification_v1,2,60,validation,origin_hour,3,Heavy,Severe,0
classical_classification_v1,2,60,validation,origin_hour,3,Severe,Free-flow,0
classical_classification_v1,2,60,validation,origin_hour,3,Severe,Moderate,0
classical_classification_v1,2,60,validation,origin_hour,3,Severe,Heavy,0
classical_classification_v1,2,60,validation,origin_hour,3,Severe,Severe,0
classical_classification_v1,2,60,validation,origin_hour,4,Free-flow,Free-flow,1150
classical_classification_v1,2,60,validation,origin_hour,4,Free-flow,Moderate,0
classical_classification_v1,2,60,validation,origin_hour,4,Free-flow,Heavy,0
classical_classification_v1,2,60,validation,origin_hour,4,Free-flow,Severe,0
classical_classification_v1,2,60,validation,origin_hour,4,Moderate,Free-flow,0
classical_classification_v1,2,60,validation,origin_hour,4,Moderate,Moderate,0
classical_classification_v1,2,60,validation,origin_hour,4,Moderate,Heavy,0
classical_classification_v1,2,60,validation,origin_hour,4,Moderate,Severe,0
classical_classification_v1,2,60,validation,origin_hour,4,Heavy,Free-flow,0
classical_classification_v1,2,60,validation,origin_hour,4,Heavy,Moderate,0
classical_classification_v1,2,60,validation,origin_hour,4,Heavy,Heavy,0
classical_classification_v1,2,60,validation,origin_hour,4,Heavy,Severe,0
classical_classification_v1,2,60,validation,origin_hour,4,Severe,Free-flow,0
classical_classification_v1,2,60,validation,origin_hour,4,Severe,Moderate,0
classical_classification_v1,2,60,validation,origin_hour,4,Severe,Heavy,0
classical_classification_v1,2,60,validation,origin_hour,4,Severe,Severe,0
classical_classification_v1,2,60,validation,origin_hour,5,Free-flow,Free-flow,927
classical_classification_v1,2,60,validation,origin_hour,5,Free-flow,Moderate,68
classical_classification_v1,2,60,validation,origin_hour,5,Free-flow,Heavy,0
classical_classification_v1,2,60,validation,origin_hour,5,Free-flow,Severe,0
classical_classification_v1,2,60,validation,origin_hour,5,Moderate,Free-flow,37
classical_classification_v1,2,60,validation,origin_hour,5,Moderate,Moderate,118
classical_classification_v1,2,60,validation,origin_hour,5,Moderate,Heavy,0
classical_classification_v1,2,60,validation,origin_hour,5,Moderate,Severe,0
classical_classification_v1,2,60,validation,origin_hour,5,Heavy,Free-flow,0
classical_classification_v1,2,60,validation,origin_hour,5,Heavy,Moderate,0
classical_classification_v1,2,60,validation,origin_hour,5,Heavy,Heavy,0
classical_classification_v1,2,60,validation,origin_hour,5,Heavy,Severe,0
classical_classification_v1,2,60,validation,origin_hour,5,Severe,Free-flow,0
classical_classification_v1,2,60,validation,origin_hour,5,Severe,Moderate,0
classical_classification_v1,2,60,validation,origin_hour,5,Severe,Heavy,0
classical_classification_v1,2,60,validation,origin_hour,5,Severe,Severe,0
classical_classification_v1,2,60,validation,origin_hour,6,Free-flow,Free-flow,110
classical_classification_v1,2,60,validation,origin_hour,6,Free-flow,Moderate,67
classical_classification_v1,2,60,validation,origin_hour,6,Free-flow,Heavy,1
classical_classification_v1,2,60,validation,origin_hour,6,Free-flow,Severe,0
classical_classification_v1,2,60,validation,origin_hour,6,Moderate,Free-flow,18
classical_classification_v1,2,60,validation,origin_hour,6,Moderate,Moderate,543
classical_classification_v1,2,60,validation,origin_hour,6,Moderate,Heavy,117
classical_classification_v1,2,60,validation,origin_hour,6,Moderate,Severe,0
classical_classification_v1,2,60,validation,origin_hour,6,Heavy,Free-flow,1
classical_classification_v1,2,60,validation,origin_hour,6,Heavy,Moderate,17
classical_classification_v1,2,60,validation,origin_hour,6,Heavy,Heavy,251
classical_classification_v1,2,60,validation,origin_hour,6,Heavy,Severe,0
classical_classification_v1,2,60,validation,origin_hour,6,Severe,Free-flow,1
classical_classification_v1,2,60,validation,origin_hour,6,Severe,Moderate,0
classical_classification_v1,2,60,validation,origin_hour,6,Severe,Heavy,24
classical_classification_v1,2,60,validation,origin_hour,6,Severe,Severe,0
classical_classification_v1,2,60,validation,origin_hour,7,Free-flow,Free-flow,0
classical_classification_v1,2,60,validation,origin_hour,7,Free-flow,Moderate,2
classical_classification_v1,2,60,validation,origin_hour,7,Free-flow,Heavy,0
classical_classification_v1,2,60,validation,origin_hour,7,Free-flow,Severe,0
classical_classification_v1,2,60,validation,origin_hour,7,Moderate,Free-flow,3
classical_classification_v1,2,60,validation,origin_hour,7,Moderate,Moderate,233
classical_classification_v1,2,60,validation,origin_hour,7,Moderate,Heavy,31
classical_classification_v1,2,60,validation,origin_hour,7,Moderate,Severe,10
classical_classification_v1,2,60,validation,origin_hour,7,Heavy,Free-flow,1
classical_classification_v1,2,60,validation,origin_hour,7,Heavy,Moderate,57
classical_classification_v1,2,60,validation,origin_hour,7,Heavy,Heavy,25
classical_classification_v1,2,60,validation,origin_hour,7,Heavy,Severe,235
classical_classification_v1,2,60,validation,origin_hour,7,Severe,Free-flow,0
classical_classification_v1,2,60,validation,origin_hour,7,Severe,Moderate,2
classical_classification_v1,2,60,validation,origin_hour,7,Severe,Heavy,6
classical_classification_v1,2,60,validation,origin_hour,7,Severe,Severe,520
classical_classification_v1,2,60,validation,origin_hour,8,Free-flow,Free-flow,4
classical_classification_v1,2,60,validation,origin_hour,8,Free-flow,Moderate,3
classical_classification_v1,2,60,validation,origin_hour,8,Free-flow,Heavy,0
classical_classification_v1,2,60,validation,origin_hour,8,Free-flow,Severe,0
classical_classification_v1,2,60,validation,origin_hour,8,Moderate,Free-flow,21
classical_classification_v1,2,60,validation,origin_hour,8,Moderate,Moderate,193
classical_classification_v1,2,60,validation,origin_hour,8,Moderate,Heavy,104
classical_classification_v1,2,60,validation,origin_hour,8,Moderate,Severe,3
classical_classification_v1,2,60,validation,origin_hour,8,Heavy,Free-flow,0
classical_classification_v1,2,60,validation,origin_hour,8,Heavy,Moderate,21
classical_classification_v1,2,60,validation,origin_hour,8,Heavy,Heavy,279
classical_classification_v1,2,60,validation,origin_hour,8,Heavy,Severe,104
classical_classification_v1,2,60,validation,origin_hour,8,Severe,Free-flow,0
classical_classification_v1,2,60,validation,origin_hour,8,Severe,Moderate,2
classical_classification_v1,2,60,validation,origin_hour,8,Severe,Heavy,98
classical_classification_v1,2,60,validation,origin_hour,8,Severe,Severe,268
classical_classification_v1,2,60,validation,origin_hour,9,Free-flow,Free-flow,150
classical_classification_v1,2,60,validation,origin_hour,9,Free-flow,Moderate,35
classical_classification_v1,2,60,validation,origin_hour,9,Free-flow,Heavy,0
classical_classification_v1,2,60,validation,origin_hour,9,Free-flow,Severe,0
classical_classification_v1,2,60,validation,origin_hour,9,Moderate,Free-flow,32
classical_classification_v1,2,60,validation,origin_hour,9,Moderate,Moderate,553
classical_classification_v1,2,60,validation,origin_hour,9,Moderate,Heavy,176
classical_classification_v1,2,60,validation,origin_hour,9,Moderate,Severe,0
classical_classification_v1,2,60,validation,origin_hour,9,Heavy,Free-flow,0
classical_classification_v1,2,60,validation,origin_hour,9,Heavy,Moderate,30
classical_classification_v1,2,60,validation,origin_hour,9,Heavy,Heavy,120
classical_classification_v1,2,60,validation,origin_hour,9,Heavy,Severe,0
classical_classification_v1,2,60,validation,origin_hour,9,Severe,Free-flow,0
classical_classification_v1,2,60,validation,origin_hour,9,Severe,Moderate,0
classical_classification_v1,2,60,validation,origin_hour,9,Severe,Heavy,4
classical_classification_v1,2,60,validation,origin_hour,9,Severe,Severe,0
classical_classification_v1,2,60,validation,origin_hour,10,Free-flow,Free-flow,419
classical_classification_v1,2,60,validation,origin_hour,10,Free-flow,Moderate,243
classical_classification_v1,2,60,validation,origin_hour,10,Free-flow,Heavy,0
classical_classification_v1,2,60,validation,origin_hour,10,Free-flow,Severe,0
classical_classification_v1,2,60,validation,origin_hour,10,Moderate,Free-flow,20
classical_classification_v1,2,60,validation,origin_hour,10,Moderate,Moderate,418
classical_classification_v1,2,60,validation,origin_hour,10,Moderate,Heavy,0
classical_classification_v1,2,60,validation,origin_hour,10,Moderate,Severe,0
classical_classification_v1,2,60,validation,origin_hour,10,Heavy,Free-flow,0
classical_classification_v1,2,60,validation,origin_hour,10,Heavy,Moderate,0
classical_classification_v1,2,60,validation,origin_hour,10,Heavy,Heavy,0
classical_classification_v1,2,60,validation,origin_hour,10,Heavy,Severe,0
classical_classification_v1,2,60,validation,origin_hour,10,Severe,Free-flow,0
classical_classification_v1,2,60,validation,origin_hour,10,Severe,Moderate,0
classical_classification_v1,2,60,validation,origin_hour,10,Severe,Heavy,0
classical_classification_v1,2,60,validation,origin_hour,10,Severe,Severe,0
classical_classification_v1,2,60,validation,origin_hour,11,Free-flow,Free-flow,716
classical_classification_v1,2,60,validation,origin_hour,11,Free-flow,Moderate,125
classical_classification_v1,2,60,validation,origin_hour,11,Free-flow,Heavy,0
classical_classification_v1,2,60,validation,origin_hour,11,Free-flow,Severe,0
classical_classification_v1,2,60,validation,origin_hour,11,Moderate,Free-flow,73
classical_classification_v1,2,60,validation,origin_hour,11,Moderate,Moderate,186
classical_classification_v1,2,60,validation,origin_hour,11,Moderate,Heavy,0
classical_classification_v1,2,60,validation,origin_hour,11,Moderate,Severe,0
classical_classification_v1,2,60,validation,origin_hour,11,Heavy,Free-flow,0
classical_classification_v1,2,60,validation,origin_hour,11,Heavy,Moderate,0
classical_classification_v1,2,60,validation,origin_hour,11,Heavy,Heavy,0
classical_classification_v1,2,60,validation,origin_hour,11,Heavy,Severe,0
classical_classification_v1,2,60,validation,origin_hour,11,Severe,Free-flow,0
classical_classification_v1,2,60,validation,origin_hour,11,Severe,Moderate,0
classical_classification_v1,2,60,validation,origin_hour,11,Severe,Heavy,0
classical_classification_v1,2,60,validation,origin_hour,11,Severe,Severe,0
classical_classification_v1,2,60,validation,origin_hour,12,Free-flow,Free-flow,706
classical_classification_v1,2,60,validation,origin_hour,12,Free-flow,Moderate,132
classical_classification_v1,2,60,validation,origin_hour,12,Free-flow,Heavy,0
classical_classification_v1,2,60,validation,origin_hour,12,Free-flow,Severe,0
classical_classification_v1,2,60,validation,origin_hour,12,Moderate,Free-flow,64
classical_classification_v1,2,60,validation,origin_hour,12,Moderate,Moderate,198
classical_classification_v1,2,60,validation,origin_hour,12,Moderate,Heavy,0
classical_classification_v1,2,60,validation,origin_hour,12,Moderate,Severe,0
classical_classification_v1,2,60,validation,origin_hour,12,Heavy,Free-flow,0
classical_classification_v1,2,60,validation,origin_hour,12,Heavy,Moderate,0
classical_classification_v1,2,60,validation,origin_hour,12,Heavy,Heavy,0
classical_classification_v1,2,60,validation,origin_hour,12,Heavy,Severe,0
classical_classification_v1,2,60,validation,origin_hour,12,Severe,Free-flow,0
classical_classification_v1,2,60,validation,origin_hour,12,Severe,Moderate,0
classical_classification_v1,2,60,validation,origin_hour,12,Severe,Heavy,0
classical_classification_v1,2,60,validation,origin_hour,12,Severe,Severe,0
classical_classification_v1,2,60,validation,origin_hour,13,Free-flow,Free-flow,649
classical_classification_v1,2,60,validation,origin_hour,13,Free-flow,Moderate,133
classical_classification_v1,2,60,validation,origin_hour,13,Free-flow,Heavy,0
classical_classification_v1,2,60,validation,origin_hour,13,Free-flow,Severe,0
classical_classification_v1,2,60,validation,origin_hour,13,Moderate,Free-flow,77
classical_classification_v1,2,60,validation,origin_hour,13,Moderate,Moderate,241
classical_classification_v1,2,60,validation,origin_hour,13,Moderate,Heavy,0
classical_classification_v1,2,60,validation,origin_hour,13,Moderate,Severe,0
classical_classification_v1,2,60,validation,origin_hour,13,Heavy,Free-flow,0
classical_classification_v1,2,60,validation,origin_hour,13,Heavy,Moderate,0
classical_classification_v1,2,60,validation,origin_hour,13,Heavy,Heavy,0
classical_classification_v1,2,60,validation,origin_hour,13,Heavy,Severe,0
classical_classification_v1,2,60,validation,origin_hour,13,Severe,Free-flow,0
classical_classification_v1,2,60,validation,origin_hour,13,Severe,Moderate,0
classical_classification_v1,2,60,validation,origin_hour,13,Severe,Heavy,0
classical_classification_v1,2,60,validation,origin_hour,13,Severe,Severe,0
classical_classification_v1,2,60,validation,origin_hour,14,Free-flow,Free-flow,318
classical_classification_v1,2,60,validation,origin_hour,14,Free-flow,Moderate,170
classical_classification_v1,2,60,validation,origin_hour,14,Free-flow,Heavy,0
classical_classification_v1,2,60,validation,origin_hour,14,Free-flow,Severe,0
classical_classification_v1,2,60,validation,origin_hour,14,Moderate,Free-flow,40
classical_classification_v1,2,60,validation,origin_hour,14,Moderate,Moderate,565
classical_classification_v1,2,60,validation,origin_hour,14,Moderate,Heavy,0
classical_classification_v1,2,60,validation,origin_hour,14,Moderate,Severe,0
classical_classification_v1,2,60,validation,origin_hour,14,Heavy,Free-flow,0
classical_classification_v1,2,60,validation,origin_hour,14,Heavy,Moderate,7
classical_classification_v1,2,60,validation,origin_hour,14,Heavy,Heavy,0
classical_classification_v1,2,60,validation,origin_hour,14,Heavy,Severe,0
classical_classification_v1,2,60,validation,origin_hour,14,Severe,Free-flow,0
classical_classification_v1,2,60,validation,origin_hour,14,Severe,Moderate,0
classical_classification_v1,2,60,validation,origin_hour,14,Severe,Heavy,0
classical_classification_v1,2,60,validation,origin_hour,14,Severe,Severe,0
classical_classification_v1,2,60,validation,origin_hour,15,Free-flow,Free-flow,71
classical_classification_v1,2,60,validation,origin_hour,15,Free-flow,Moderate,62
classical_classification_v1,2,60,validation,origin_hour,15,Free-flow,Heavy,0
classical_classification_v1,2,60,validation,origin_hour,15,Free-flow,Severe,0
classical_classification_v1,2,60,validation,origin_hour,15,Moderate,Free-flow,16
classical_classification_v1,2,60,validation,origin_hour,15,Moderate,Moderate,540
classical_classification_v1,2,60,validation,origin_hour,15,Moderate,Heavy,182
classical_classification_v1,2,60,validation,origin_hour,15,Moderate,Severe,0
classical_classification_v1,2,60,validation,origin_hour,15,Heavy,Free-flow,1
classical_classification_v1,2,60,validation,origin_hour,15,Heavy,Moderate,40
classical_classification_v1,2,60,validation,origin_hour,15,Heavy,Heavy,183
classical_classification_v1,2,60,validation,origin_hour,15,Heavy,Severe,0
classical_classification_v1,2,60,validation,origin_hour,15,Severe,Free-flow,0
classical_classification_v1,2,60,validation,origin_hour,15,Severe,Moderate,0
classical_classification_v1,2,60,validation,origin_hour,15,Severe,Heavy,5
classical_classification_v1,2,60,validation,origin_hour,15,Severe,Severe,0
classical_classification_v1,2,60,validation,origin_hour,16,Free-flow,Free-flow,5
classical_classification_v1,2,60,validation,origin_hour,16,Free-flow,Moderate,26
classical_classification_v1,2,60,validation,origin_hour,16,Free-flow,Heavy,0
classical_classification_v1,2,60,validation,origin_hour,16,Free-flow,Severe,0
classical_classification_v1,2,60,validation,origin_hour,16,Moderate,Free-flow,3
classical_classification_v1,2,60,validation,origin_hour,16,Moderate,Moderate,295
classical_classification_v1,2,60,validation,origin_hour,16,Moderate,Heavy,73
classical_classification_v1,2,60,validation,origin_hour,16,Moderate,Severe,7
classical_classification_v1,2,60,validation,origin_hour,16,Heavy,Free-flow,1
classical_classification_v1,2,60,validation,origin_hour,16,Heavy,Moderate,20
classical_classification_v1,2,60,validation,origin_hour,16,Heavy,Heavy,369
classical_classification_v1,2,60,validation,origin_hour,16,Heavy,Severe,101
classical_classification_v1,2,60,validation,origin_hour,16,Severe,Free-flow,0
classical_classification_v1,2,60,validation,origin_hour,16,Severe,Moderate,0
classical_classification_v1,2,60,validation,origin_hour,16,Severe,Heavy,121
classical_classification_v1,2,60,validation,origin_hour,16,Severe,Severe,79
classical_classification_v1,2,60,validation,origin_hour,17,Free-flow,Free-flow,3
classical_classification_v1,2,60,validation,origin_hour,17,Free-flow,Moderate,15
classical_classification_v1,2,60,validation,origin_hour,17,Free-flow,Heavy,0
classical_classification_v1,2,60,validation,origin_hour,17,Free-flow,Severe,0
classical_classification_v1,2,60,validation,origin_hour,17,Moderate,Free-flow,11
classical_classification_v1,2,60,validation,origin_hour,17,Moderate,Moderate,294
classical_classification_v1,2,60,validation,origin_hour,17,Moderate,Heavy,44
classical_classification_v1,2,60,validation,origin_hour,17,Moderate,Severe,12
classical_classification_v1,2,60,validation,origin_hour,17,Heavy,Free-flow,0
classical_classification_v1,2,60,validation,origin_hour,17,Heavy,Moderate,27
classical_classification_v1,2,60,validation,origin_hour,17,Heavy,Heavy,253
classical_classification_v1,2,60,validation,origin_hour,17,Heavy,Severe,187
classical_classification_v1,2,60,validation,origin_hour,17,Severe,Free-flow,0
classical_classification_v1,2,60,validation,origin_hour,17,Severe,Moderate,0
classical_classification_v1,2,60,validation,origin_hour,17,Severe,Heavy,124
classical_classification_v1,2,60,validation,origin_hour,17,Severe,Severe,180
classical_classification_v1,2,60,validation,origin_hour,18,Free-flow,Free-flow,48
classical_classification_v1,2,60,validation,origin_hour,18,Free-flow,Moderate,101
classical_classification_v1,2,60,validation,origin_hour,18,Free-flow,Heavy,0
classical_classification_v1,2,60,validation,origin_hour,18,Free-flow,Severe,0
classical_classification_v1,2,60,validation,origin_hour,18,Moderate,Free-flow,6
classical_classification_v1,2,60,validation,origin_hour,18,Moderate,Moderate,555
classical_classification_v1,2,60,validation,origin_hour,18,Moderate,Heavy,161
classical_classification_v1,2,60,validation,origin_hour,18,Moderate,Severe,0
classical_classification_v1,2,60,validation,origin_hour,18,Heavy,Free-flow,0
classical_classification_v1,2,60,validation,origin_hour,18,Heavy,Moderate,36
classical_classification_v1,2,60,validation,origin_hour,18,Heavy,Heavy,233
classical_classification_v1,2,60,validation,origin_hour,18,Heavy,Severe,0
classical_classification_v1,2,60,validation,origin_hour,18,Severe,Free-flow,0
classical_classification_v1,2,60,validation,origin_hour,18,Severe,Moderate,0
classical_classification_v1,2,60,validation,origin_hour,18,Severe,Heavy,10
classical_classification_v1,2,60,validation,origin_hour,18,Severe,Severe,0
classical_classification_v1,2,60,validation,origin_hour,19,Free-flow,Free-flow,683
classical_classification_v1,2,60,validation,origin_hour,19,Free-flow,Moderate,145
classical_classification_v1,2,60,validation,origin_hour,19,Free-flow,Heavy,0
classical_classification_v1,2,60,validation,origin_hour,19,Free-flow,Severe,0
classical_classification_v1,2,60,validation,origin_hour,19,Moderate,Free-flow,47
classical_classification_v1,2,60,validation,origin_hour,19,Moderate,Moderate,274
classical_classification_v1,2,60,validation,origin_hour,19,Moderate,Heavy,0
classical_classification_v1,2,60,validation,origin_hour,19,Moderate,Severe,0
classical_classification_v1,2,60,validation,origin_hour,19,Heavy,Free-flow,0
classical_classification_v1,2,60,validation,origin_hour,19,Heavy,Moderate,1
classical_classification_v1,2,60,validation,origin_hour,19,Heavy,Heavy,0
classical_classification_v1,2,60,validation,origin_hour,19,Heavy,Severe,0
classical_classification_v1,2,60,validation,origin_hour,19,Severe,Free-flow,0
classical_classification_v1,2,60,validation,origin_hour,19,Severe,Moderate,0
classical_classification_v1,2,60,validation,origin_hour,19,Severe,Heavy,0
classical_classification_v1,2,60,validation,origin_hour,19,Severe,Severe,0
classical_classification_v1,2,60,validation,origin_hour,20,Free-flow,Free-flow,1149
classical_classification_v1,2,60,validation,origin_hour,20,Free-flow,Moderate,0
classical_classification_v1,2,60,validation,origin_hour,20,Free-flow,Heavy,0
classical_classification_v1,2,60,validation,origin_hour,20,Free-flow,Severe,0
classical_classification_v1,2,60,validation,origin_hour,20,Moderate,Free-flow,1
classical_classification_v1,2,60,validation,origin_hour,20,Moderate,Moderate,0
classical_classification_v1,2,60,validation,origin_hour,20,Moderate,Heavy,0
classical_classification_v1,2,60,validation,origin_hour,20,Moderate,Severe,0
classical_classification_v1,2,60,validation,origin_hour,20,Heavy,Free-flow,0
classical_classification_v1,2,60,validation,origin_hour,20,Heavy,Moderate,0
classical_classification_v1,2,60,validation,origin_hour,20,Heavy,Heavy,0
classical_classification_v1,2,60,validation,origin_hour,20,Heavy,Severe,0
classical_classification_v1,2,60,validation,origin_hour,20,Severe,Free-flow,0
classical_classification_v1,2,60,validation,origin_hour,20,Severe,Moderate,0
classical_classification_v1,2,60,validation,origin_hour,20,Severe,Heavy,0
classical_classification_v1,2,60,validation,origin_hour,20,Severe,Severe,0
classical_classification_v1,2,60,validation,origin_hour,21,Free-flow,Free-flow,1150
classical_classification_v1,2,60,validation,origin_hour,21,Free-flow,Moderate,0
classical_classification_v1,2,60,validation,origin_hour,21,Free-flow,Heavy,0
classical_classification_v1,2,60,validation,origin_hour,21,Free-flow,Severe,0
classical_classification_v1,2,60,validation,origin_hour,21,Moderate,Free-flow,0
classical_classification_v1,2,60,validation,origin_hour,21,Moderate,Moderate,0
classical_classification_v1,2,60,validation,origin_hour,21,Moderate,Heavy,0
classical_classification_v1,2,60,validation,origin_hour,21,Moderate,Severe,0
classical_classification_v1,2,60,validation,origin_hour,21,Heavy,Free-flow,0
classical_classification_v1,2,60,validation,origin_hour,21,Heavy,Moderate,0
classical_classification_v1,2,60,validation,origin_hour,21,Heavy,Heavy,0
classical_classification_v1,2,60,validation,origin_hour,21,Heavy,Severe,0
classical_classification_v1,2,60,validation,origin_hour,21,Severe,Free-flow,0
classical_classification_v1,2,60,validation,origin_hour,21,Severe,Moderate,0
classical_classification_v1,2,60,validation,origin_hour,21,Severe,Heavy,0
classical_classification_v1,2,60,validation,origin_hour,21,Severe,Severe,0
classical_classification_v1,2,60,validation,origin_hour,22,Free-flow,Free-flow,1150
classical_classification_v1,2,60,validation,origin_hour,22,Free-flow,Moderate,0
classical_classification_v1,2,60,validation,origin_hour,22,Free-flow,Heavy,0
classical_classification_v1,2,60,validation,origin_hour,22,Free-flow,Severe,0
classical_classification_v1,2,60,validation,origin_hour,22,Moderate,Free-flow,0
classical_classification_v1,2,60,validation,origin_hour,22,Moderate,Moderate,0
classical_classification_v1,2,60,validation,origin_hour,22,Moderate,Heavy,0
classical_classification_v1,2,60,validation,origin_hour,22,Moderate,Severe,0
classical_classification_v1,2,60,validation,origin_hour,22,Heavy,Free-flow,0
classical_classification_v1,2,60,validation,origin_hour,22,Heavy,Moderate,0
classical_classification_v1,2,60,validation,origin_hour,22,Heavy,Heavy,0
classical_classification_v1,2,60,validation,origin_hour,22,Heavy,Severe,0
classical_classification_v1,2,60,validation,origin_hour,22,Severe,Free-flow,0
classical_classification_v1,2,60,validation,origin_hour,22,Severe,Moderate,0
classical_classification_v1,2,60,validation,origin_hour,22,Severe,Heavy,0
classical_classification_v1,2,60,validation,origin_hour,22,Severe,Severe,0
classical_classification_v1,2,60,validation,origin_hour,23,Free-flow,Free-flow,1150
classical_classification_v1,2,60,validation,origin_hour,23,Free-flow,Moderate,0
classical_classification_v1,2,60,validation,origin_hour,23,Free-flow,Heavy,0
classical_classification_v1,2,60,validation,origin_hour,23,Free-flow,Severe,0
classical_classification_v1,2,60,validation,origin_hour,23,Moderate,Free-flow,0
classical_classification_v1,2,60,validation,origin_hour,23,Moderate,Moderate,0
classical_classification_v1,2,60,validation,origin_hour,23,Moderate,Heavy,0
classical_classification_v1,2,60,validation,origin_hour,23,Moderate,Severe,0
classical_classification_v1,2,60,validation,origin_hour,23,Heavy,Free-flow,0
classical_classification_v1,2,60,validation,origin_hour,23,Heavy,Moderate,0
classical_classification_v1,2,60,validation,origin_hour,23,Heavy,Heavy,0
classical_classification_v1,2,60,validation,origin_hour,23,Heavy,Severe,0
classical_classification_v1,2,60,validation,origin_hour,23,Severe,Free-flow,0
classical_classification_v1,2,60,validation,origin_hour,23,Severe,Moderate,0
classical_classification_v1,2,60,validation,origin_hour,23,Severe,Heavy,0
classical_classification_v1,2,60,validation,origin_hour,23,Severe,Severe,0
classical_classification_v1,2,60,validation,weekday,Friday,Free-flow,Free-flow,2026
classical_classification_v1,2,60,validation,weekday,Friday,Free-flow,Moderate,192
classical_classification_v1,2,60,validation,weekday,Friday,Free-flow,Heavy,0
classical_classification_v1,2,60,validation,weekday,Friday,Free-flow,Severe,0
classical_classification_v1,2,60,validation,weekday,Friday,Moderate,Free-flow,66
classical_classification_v1,2,60,validation,weekday,Friday,Moderate,Moderate,736
classical_classification_v1,2,60,validation,weekday,Friday,Moderate,Heavy,152
classical_classification_v1,2,60,validation,weekday,Friday,Moderate,Severe,3
classical_classification_v1,2,60,validation,weekday,Friday,Heavy,Free-flow,0
classical_classification_v1,2,60,validation,weekday,Friday,Heavy,Moderate,23
classical_classification_v1,2,60,validation,weekday,Friday,Heavy,Heavy,337
classical_classification_v1,2,60,validation,weekday,Friday,Heavy,Severe,140
classical_classification_v1,2,60,validation,weekday,Friday,Severe,Free-flow,0
classical_classification_v1,2,60,validation,weekday,Friday,Severe,Moderate,0
classical_classification_v1,2,60,validation,weekday,Friday,Severe,Heavy,83
classical_classification_v1,2,60,validation,weekday,Friday,Severe,Severe,217
classical_classification_v1,2,60,validation,weekday,Monday,Free-flow,Free-flow,1768
classical_classification_v1,2,60,validation,weekday,Monday,Free-flow,Moderate,221
classical_classification_v1,2,60,validation,weekday,Monday,Free-flow,Heavy,0
classical_classification_v1,2,60,validation,weekday,Monday,Free-flow,Severe,0
classical_classification_v1,2,60,validation,weekday,Monday,Moderate,Free-flow,72
classical_classification_v1,2,60,validation,weekday,Monday,Moderate,Moderate,629
classical_classification_v1,2,60,validation,weekday,Monday,Moderate,Heavy,166
classical_classification_v1,2,60,validation,weekday,Monday,Moderate,Severe,13
classical_classification_v1,2,60,validation,weekday,Monday,Heavy,Free-flow,0
classical_classification_v1,2,60,validation,weekday,Monday,Heavy,Moderate,30
classical_classification_v1,2,60,validation,weekday,Monday,Heavy,Heavy,321
classical_classification_v1,2,60,validation,weekday,Monday,Heavy,Severe,113
classical_classification_v1,2,60,validation,weekday,Monday,Severe,Free-flow,0
classical_classification_v1,2,60,validation,weekday,Monday,Severe,Moderate,0
classical_classification_v1,2,60,validation,weekday,Monday,Severe,Heavy,76
classical_classification_v1,2,60,validation,weekday,Monday,Severe,Severe,191
classical_classification_v1,2,60,validation,weekday,Saturday,Free-flow,Free-flow,2445
classical_classification_v1,2,60,validation,weekday,Saturday,Free-flow,Moderate,137
classical_classification_v1,2,60,validation,weekday,Saturday,Free-flow,Heavy,0
classical_classification_v1,2,60,validation,weekday,Saturday,Free-flow,Severe,0
classical_classification_v1,2,60,validation,weekday,Saturday,Moderate,Free-flow,63
classical_classification_v1,2,60,validation,weekday,Saturday,Moderate,Moderate,815
classical_classification_v1,2,60,validation,weekday,Saturday,Moderate,Heavy,47
classical_classification_v1,2,60,validation,weekday,Saturday,Moderate,Severe,0
classical_classification_v1,2,60,validation,weekday,Saturday,Heavy,Free-flow,0
classical_classification_v1,2,60,validation,weekday,Saturday,Heavy,Moderate,62
classical_classification_v1,2,60,validation,weekday,Saturday,Heavy,Heavy,25
classical_classification_v1,2,60,validation,weekday,Saturday,Heavy,Severe,0
classical_classification_v1,2,60,validation,weekday,Saturday,Severe,Free-flow,0
classical_classification_v1,2,60,validation,weekday,Saturday,Severe,Moderate,3
classical_classification_v1,2,60,validation,weekday,Saturday,Severe,Heavy,3
classical_classification_v1,2,60,validation,weekday,Saturday,Severe,Severe,0
classical_classification_v1,2,60,validation,weekday,Sunday,Free-flow,Free-flow,2485
classical_classification_v1,2,60,validation,weekday,Sunday,Free-flow,Moderate,124
classical_classification_v1,2,60,validation,weekday,Sunday,Free-flow,Heavy,0
classical_classification_v1,2,60,validation,weekday,Sunday,Free-flow,Severe,0
classical_classification_v1,2,60,validation,weekday,Sunday,Moderate,Free-flow,36
classical_classification_v1,2,60,validation,weekday,Sunday,Moderate,Moderate,806
classical_classification_v1,2,60,validation,weekday,Sunday,Moderate,Heavy,56
classical_classification_v1,2,60,validation,weekday,Sunday,Moderate,Severe,0
classical_classification_v1,2,60,validation,weekday,Sunday,Heavy,Free-flow,0
classical_classification_v1,2,60,validation,weekday,Sunday,Heavy,Moderate,66
classical_classification_v1,2,60,validation,weekday,Sunday,Heavy,Heavy,27
classical_classification_v1,2,60,validation,weekday,Sunday,Heavy,Severe,0
classical_classification_v1,2,60,validation,weekday,Sunday,Severe,Free-flow,0
classical_classification_v1,2,60,validation,weekday,Sunday,Severe,Moderate,0
classical_classification_v1,2,60,validation,weekday,Sunday,Severe,Heavy,0
classical_classification_v1,2,60,validation,weekday,Sunday,Severe,Severe,0
classical_classification_v1,2,60,validation,weekday,Thursday,Free-flow,Free-flow,2328
classical_classification_v1,2,60,validation,weekday,Thursday,Free-flow,Moderate,252
classical_classification_v1,2,60,validation,weekday,Thursday,Free-flow,Heavy,0
classical_classification_v1,2,60,validation,weekday,Thursday,Free-flow,Severe,0
classical_classification_v1,2,60,validation,weekday,Thursday,Moderate,Free-flow,84
classical_classification_v1,2,60,validation,weekday,Thursday,Moderate,Moderate,934
classical_classification_v1,2,60,validation,weekday,Thursday,Moderate,Heavy,218
classical_classification_v1,2,60,validation,weekday,Thursday,Moderate,Severe,6
classical_classification_v1,2,60,validation,weekday,Thursday,Heavy,Free-flow,0
classical_classification_v1,2,60,validation,weekday,Thursday,Heavy,Moderate,22
classical_classification_v1,2,60,validation,weekday,Thursday,Heavy,Heavy,416
classical_classification_v1,2,60,validation,weekday,Thursday,Heavy,Severe,160
classical_classification_v1,2,60,validation,weekday,Thursday,Severe,Free-flow,0
classical_classification_v1,2,60,validation,weekday,Thursday,Severe,Moderate,0
classical_classification_v1,2,60,validation,weekday,Thursday,Severe,Heavy,96
classical_classification_v1,2,60,validation,weekday,Thursday,Severe,Severe,284
classical_classification_v1,2,60,validation,weekday,Tuesday,Free-flow,Free-flow,1741
classical_classification_v1,2,60,validation,weekday,Tuesday,Free-flow,Moderate,203
classical_classification_v1,2,60,validation,weekday,Tuesday,Free-flow,Heavy,0
classical_classification_v1,2,60,validation,weekday,Tuesday,Free-flow,Severe,0
classical_classification_v1,2,60,validation,weekday,Tuesday,Moderate,Free-flow,49
classical_classification_v1,2,60,validation,weekday,Tuesday,Moderate,Moderate,694
classical_classification_v1,2,60,validation,weekday,Tuesday,Moderate,Heavy,137
classical_classification_v1,2,60,validation,weekday,Tuesday,Moderate,Severe,6
classical_classification_v1,2,60,validation,weekday,Tuesday,Heavy,Free-flow,0
classical_classification_v1,2,60,validation,weekday,Tuesday,Heavy,Moderate,29
classical_classification_v1,2,60,validation,weekday,Tuesday,Heavy,Heavy,327
classical_classification_v1,2,60,validation,weekday,Tuesday,Heavy,Severe,124
classical_classification_v1,2,60,validation,weekday,Tuesday,Severe,Free-flow,0
classical_classification_v1,2,60,validation,weekday,Tuesday,Severe,Moderate,0
classical_classification_v1,2,60,validation,weekday,Tuesday,Severe,Heavy,87
classical_classification_v1,2,60,validation,weekday,Tuesday,Severe,Severe,203
classical_classification_v1,2,60,validation,weekday,Wednesday,Free-flow,Free-flow,2365
classical_classification_v1,2,60,validation,weekday,Wednesday,Free-flow,Moderate,198
classical_classification_v1,2,60,validation,weekday,Wednesday,Free-flow,Heavy,1
classical_classification_v1,2,60,validation,weekday,Wednesday,Free-flow,Severe,0
classical_classification_v1,2,60,validation,weekday,Wednesday,Moderate,Free-flow,99
classical_classification_v1,2,60,validation,weekday,Wednesday,Moderate,Moderate,592
classical_classification_v1,2,60,validation,weekday,Wednesday,Moderate,Heavy,112
classical_classification_v1,2,60,validation,weekday,Wednesday,Moderate,Severe,4
classical_classification_v1,2,60,validation,weekday,Wednesday,Heavy,Free-flow,4
classical_classification_v1,2,60,validation,weekday,Wednesday,Heavy,Moderate,24
classical_classification_v1,2,60,validation,weekday,Wednesday,Heavy,Heavy,260
classical_classification_v1,2,60,validation,weekday,Wednesday,Heavy,Severe,90
classical_classification_v1,2,60,validation,weekday,Wednesday,Severe,Free-flow,1
classical_classification_v1,2,60,validation,weekday,Wednesday,Severe,Moderate,1
classical_classification_v1,2,60,validation,weekday,Wednesday,Severe,Heavy,47
classical_classification_v1,2,60,validation,weekday,Wednesday,Severe,Severe,152
classical_classification_v1,2,60,validation,weekday_type,weekday,Free-flow,Free-flow,10228
classical_classification_v1,2,60,validation,weekday_type,weekday,Free-flow,Moderate,1066
classical_classification_v1,2,60,validation,weekday_type,weekday,Free-flow,Heavy,1
classical_classification_v1,2,60,validation,weekday_type,weekday,Free-flow,Severe,0
classical_classification_v1,2,60,validation,weekday_type,weekday,Moderate,Free-flow,370
classical_classification_v1,2,60,validation,weekday_type,weekday,Moderate,Moderate,3585
classical_classification_v1,2,60,validation,weekday_type,weekday,Moderate,Heavy,785
classical_classification_v1,2,60,validation,weekday_type,weekday,Moderate,Severe,32
classical_classification_v1,2,60,validation,weekday_type,weekday,Heavy,Free-flow,4
classical_classification_v1,2,60,validation,weekday_type,weekday,Heavy,Moderate,128
classical_classification_v1,2,60,validation,weekday_type,weekday,Heavy,Heavy,1661
classical_classification_v1,2,60,validation,weekday_type,weekday,Heavy,Severe,627
classical_classification_v1,2,60,validation,weekday_type,weekday,Severe,Free-flow,1
classical_classification_v1,2,60,validation,weekday_type,weekday,Severe,Moderate,1
classical_classification_v1,2,60,validation,weekday_type,weekday,Severe,Heavy,389
classical_classification_v1,2,60,validation,weekday_type,weekday,Severe,Severe,1047
classical_classification_v1,2,60,validation,weekday_type,weekend,Free-flow,Free-flow,4930
classical_classification_v1,2,60,validation,weekday_type,weekend,Free-flow,Moderate,261
classical_classification_v1,2,60,validation,weekday_type,weekend,Free-flow,Heavy,0
classical_classification_v1,2,60,validation,weekday_type,weekend,Free-flow,Severe,0
classical_classification_v1,2,60,validation,weekday_type,weekend,Moderate,Free-flow,99
classical_classification_v1,2,60,validation,weekday_type,weekend,Moderate,Moderate,1621
classical_classification_v1,2,60,validation,weekday_type,weekend,Moderate,Heavy,103
classical_classification_v1,2,60,validation,weekday_type,weekend,Moderate,Severe,0
classical_classification_v1,2,60,validation,weekday_type,weekend,Heavy,Free-flow,0
classical_classification_v1,2,60,validation,weekday_type,weekend,Heavy,Moderate,128
classical_classification_v1,2,60,validation,weekday_type,weekend,Heavy,Heavy,52
classical_classification_v1,2,60,validation,weekday_type,weekend,Heavy,Severe,0
classical_classification_v1,2,60,validation,weekday_type,weekend,Severe,Free-flow,0
classical_classification_v1,2,60,validation,weekday_type,weekend,Severe,Moderate,3
classical_classification_v1,2,60,validation,weekday_type,weekend,Severe,Heavy,3
classical_classification_v1,2,60,validation,weekday_type,weekend,Severe,Severe,0
classical_classification_v1,2,60,validation,peak_status,evening_peak,Free-flow,Free-flow,734
classical_classification_v1,2,60,validation,peak_status,evening_peak,Free-flow,Moderate,261
classical_classification_v1,2,60,validation,peak_status,evening_peak,Free-flow,Heavy,0
classical_classification_v1,2,60,validation,peak_status,evening_peak,Free-flow,Severe,0
classical_classification_v1,2,60,validation,peak_status,evening_peak,Moderate,Free-flow,64
classical_classification_v1,2,60,validation,peak_status,evening_peak,Moderate,Moderate,1123
classical_classification_v1,2,60,validation,peak_status,evening_peak,Moderate,Heavy,205
classical_classification_v1,2,60,validation,peak_status,evening_peak,Moderate,Severe,12
classical_classification_v1,2,60,validation,peak_status,evening_peak,Heavy,Free-flow,0
classical_classification_v1,2,60,validation,peak_status,evening_peak,Heavy,Moderate,64
classical_classification_v1,2,60,validation,peak_status,evening_peak,Heavy,Heavy,486
classical_classification_v1,2,60,validation,peak_status,evening_peak,Heavy,Severe,187
classical_classification_v1,2,60,validation,peak_status,evening_peak,Severe,Free-flow,0
classical_classification_v1,2,60,validation,peak_status,evening_peak,Severe,Moderate,0
classical_classification_v1,2,60,validation,peak_status,evening_peak,Severe,Heavy,134
classical_classification_v1,2,60,validation,peak_status,evening_peak,Severe,Severe,180
classical_classification_v1,2,60,validation,peak_status,morning_peak,Free-flow,Free-flow,154
classical_classification_v1,2,60,validation,peak_status,morning_peak,Free-flow,Moderate,40
classical_classification_v1,2,60,validation,peak_status,morning_peak,Free-flow,Heavy,0
classical_classification_v1,2,60,validation,peak_status,morning_peak,Free-flow,Severe,0
classical_classification_v1,2,60,validation,peak_status,morning_peak,Moderate,Free-flow,56
classical_classification_v1,2,60,validation,peak_status,morning_peak,Moderate,Moderate,979
classical_classification_v1,2,60,validation,peak_status,morning_peak,Moderate,Heavy,311
classical_classification_v1,2,60,validation,peak_status,morning_peak,Moderate,Severe,13
classical_classification_v1,2,60,validation,peak_status,morning_peak,Heavy,Free-flow,1
classical_classification_v1,2,60,validation,peak_status,morning_peak,Heavy,Moderate,108
classical_classification_v1,2,60,validation,peak_status,morning_peak,Heavy,Heavy,424
classical_classification_v1,2,60,validation,peak_status,morning_peak,Heavy,Severe,339
classical_classification_v1,2,60,validation,peak_status,morning_peak,Severe,Free-flow,0
classical_classification_v1,2,60,validation,peak_status,morning_peak,Severe,Moderate,4
classical_classification_v1,2,60,validation,peak_status,morning_peak,Severe,Heavy,108
classical_classification_v1,2,60,validation,peak_status,morning_peak,Severe,Severe,788
classical_classification_v1,2,60,validation,peak_status,off_peak,Free-flow,Free-flow,14270
classical_classification_v1,2,60,validation,peak_status,off_peak,Free-flow,Moderate,1026
classical_classification_v1,2,60,validation,peak_status,off_peak,Free-flow,Heavy,1
classical_classification_v1,2,60,validation,peak_status,off_peak,Free-flow,Severe,0
classical_classification_v1,2,60,validation,peak_status,off_peak,Moderate,Free-flow,349
classical_classification_v1,2,60,validation,peak_status,off_peak,Moderate,Moderate,3104
classical_classification_v1,2,60,validation,peak_status,off_peak,Moderate,Heavy,372
classical_classification_v1,2,60,validation,peak_status,off_peak,Moderate,Severe,7
classical_classification_v1,2,60,validation,peak_status,off_peak,Heavy,Free-flow,3
classical_classification_v1,2,60,validation,peak_status,off_peak,Heavy,Moderate,84
classical_classification_v1,2,60,validation,peak_status,off_peak,Heavy,Heavy,803
classical_classification_v1,2,60,validation,peak_status,off_peak,Heavy,Severe,101
classical_classification_v1,2,60,validation,peak_status,off_peak,Severe,Free-flow,1
classical_classification_v1,2,60,validation,peak_status,off_peak,Severe,Moderate,0
classical_classification_v1,2,60,validation,peak_status,off_peak,Severe,Heavy,150
classical_classification_v1,2,60,validation,peak_status,off_peak,Severe,Severe,79
classical_classification_v1,2,60,validation,weather_condition,Clear,Free-flow,Free-flow,11523
classical_classification_v1,2,60,validation,weather_condition,Clear,Free-flow,Moderate,974
classical_classification_v1,2,60,validation,weather_condition,Clear,Free-flow,Heavy,0
classical_classification_v1,2,60,validation,weather_condition,Clear,Free-flow,Severe,0
classical_classification_v1,2,60,validation,weather_condition,Clear,Moderate,Free-flow,337
classical_classification_v1,2,60,validation,weather_condition,Clear,Moderate,Moderate,3900
classical_classification_v1,2,60,validation,weather_condition,Clear,Moderate,Heavy,599
classical_classification_v1,2,60,validation,weather_condition,Clear,Moderate,Severe,16
classical_classification_v1,2,60,validation,weather_condition,Clear,Heavy,Free-flow,3
classical_classification_v1,2,60,validation,weather_condition,Clear,Heavy,Moderate,193
classical_classification_v1,2,60,validation,weather_condition,Clear,Heavy,Heavy,1221
classical_classification_v1,2,60,validation,weather_condition,Clear,Heavy,Severe,454
classical_classification_v1,2,60,validation,weather_condition,Clear,Severe,Free-flow,0
classical_classification_v1,2,60,validation,weather_condition,Clear,Severe,Moderate,2
classical_classification_v1,2,60,validation,weather_condition,Clear,Severe,Heavy,268
classical_classification_v1,2,60,validation,weather_condition,Clear,Severe,Severe,835
classical_classification_v1,2,60,validation,weather_condition,Cloudy,Free-flow,Free-flow,2603
classical_classification_v1,2,60,validation,weather_condition,Cloudy,Free-flow,Moderate,256
classical_classification_v1,2,60,validation,weather_condition,Cloudy,Free-flow,Heavy,0
classical_classification_v1,2,60,validation,weather_condition,Cloudy,Free-flow,Severe,0
classical_classification_v1,2,60,validation,weather_condition,Cloudy,Moderate,Free-flow,103
classical_classification_v1,2,60,validation,weather_condition,Cloudy,Moderate,Moderate,1007
classical_classification_v1,2,60,validation,weather_condition,Cloudy,Moderate,Heavy,204
classical_classification_v1,2,60,validation,weather_condition,Cloudy,Moderate,Severe,10
classical_classification_v1,2,60,validation,weather_condition,Cloudy,Heavy,Free-flow,0
classical_classification_v1,2,60,validation,weather_condition,Cloudy,Heavy,Moderate,51
classical_classification_v1,2,60,validation,weather_condition,Cloudy,Heavy,Heavy,384
classical_classification_v1,2,60,validation,weather_condition,Cloudy,Heavy,Severe,136
classical_classification_v1,2,60,validation,weather_condition,Cloudy,Severe,Free-flow,0
classical_classification_v1,2,60,validation,weather_condition,Cloudy,Severe,Moderate,2
classical_classification_v1,2,60,validation,weather_condition,Cloudy,Severe,Heavy,100
classical_classification_v1,2,60,validation,weather_condition,Cloudy,Severe,Severe,168
classical_classification_v1,2,60,validation,weather_condition,Fog,Free-flow,Free-flow,108
classical_classification_v1,2,60,validation,weather_condition,Fog,Free-flow,Moderate,6
classical_classification_v1,2,60,validation,weather_condition,Fog,Free-flow,Heavy,1
classical_classification_v1,2,60,validation,weather_condition,Fog,Free-flow,Severe,0
classical_classification_v1,2,60,validation,weather_condition,Fog,Moderate,Free-flow,11
classical_classification_v1,2,60,validation,weather_condition,Fog,Moderate,Moderate,36
classical_classification_v1,2,60,validation,weather_condition,Fog,Moderate,Heavy,4
classical_classification_v1,2,60,validation,weather_condition,Fog,Moderate,Severe,0
classical_classification_v1,2,60,validation,weather_condition,Fog,Heavy,Free-flow,1
classical_classification_v1,2,60,validation,weather_condition,Fog,Heavy,Moderate,5
classical_classification_v1,2,60,validation,weather_condition,Fog,Heavy,Heavy,3
classical_classification_v1,2,60,validation,weather_condition,Fog,Heavy,Severe,0
classical_classification_v1,2,60,validation,weather_condition,Fog,Severe,Free-flow,1
classical_classification_v1,2,60,validation,weather_condition,Fog,Severe,Moderate,0
classical_classification_v1,2,60,validation,weather_condition,Fog,Severe,Heavy,0
classical_classification_v1,2,60,validation,weather_condition,Fog,Severe,Severe,0
classical_classification_v1,2,60,validation,weather_condition,Overcast,Free-flow,Free-flow,540
classical_classification_v1,2,60,validation,weather_condition,Overcast,Free-flow,Moderate,29
classical_classification_v1,2,60,validation,weather_condition,Overcast,Free-flow,Heavy,0
classical_classification_v1,2,60,validation,weather_condition,Overcast,Free-flow,Severe,0
classical_classification_v1,2,60,validation,weather_condition,Overcast,Moderate,Free-flow,13
classical_classification_v1,2,60,validation,weather_condition,Overcast,Moderate,Moderate,132
classical_classification_v1,2,60,validation,weather_condition,Overcast,Moderate,Heavy,22
classical_classification_v1,2,60,validation,weather_condition,Overcast,Moderate,Severe,3
classical_classification_v1,2,60,validation,weather_condition,Overcast,Heavy,Free-flow,0
classical_classification_v1,2,60,validation,weather_condition,Overcast,Heavy,Moderate,3
classical_classification_v1,2,60,validation,weather_condition,Overcast,Heavy,Heavy,40
classical_classification_v1,2,60,validation,weather_condition,Overcast,Heavy,Severe,24
classical_classification_v1,2,60,validation,weather_condition,Overcast,Severe,Free-flow,0
classical_classification_v1,2,60,validation,weather_condition,Overcast,Severe,Moderate,0
classical_classification_v1,2,60,validation,weather_condition,Overcast,Severe,Heavy,16
classical_classification_v1,2,60,validation,weather_condition,Overcast,Severe,Severe,34
classical_classification_v1,2,60,validation,weather_condition,Rain,Free-flow,Free-flow,384
classical_classification_v1,2,60,validation,weather_condition,Rain,Free-flow,Moderate,62
classical_classification_v1,2,60,validation,weather_condition,Rain,Free-flow,Heavy,0
classical_classification_v1,2,60,validation,weather_condition,Rain,Free-flow,Severe,0
classical_classification_v1,2,60,validation,weather_condition,Rain,Moderate,Free-flow,5
classical_classification_v1,2,60,validation,weather_condition,Rain,Moderate,Moderate,131
classical_classification_v1,2,60,validation,weather_condition,Rain,Moderate,Heavy,59
classical_classification_v1,2,60,validation,weather_condition,Rain,Moderate,Severe,3
classical_classification_v1,2,60,validation,weather_condition,Rain,Heavy,Free-flow,0
classical_classification_v1,2,60,validation,weather_condition,Rain,Heavy,Moderate,4
classical_classification_v1,2,60,validation,weather_condition,Rain,Heavy,Heavy,65
classical_classification_v1,2,60,validation,weather_condition,Rain,Heavy,Severe,13
classical_classification_v1,2,60,validation,weather_condition,Rain,Severe,Free-flow,0
classical_classification_v1,2,60,validation,weather_condition,Rain,Severe,Moderate,0
classical_classification_v1,2,60,validation,weather_condition,Rain,Severe,Heavy,8
classical_classification_v1,2,60,validation,weather_condition,Rain,Severe,Severe,10
classical_classification_v1,2,60,validation,actual_congestion,Free-flow,Free-flow,Free-flow,15158
classical_classification_v1,2,60,validation,actual_congestion,Free-flow,Free-flow,Moderate,1327
classical_classification_v1,2,60,validation,actual_congestion,Free-flow,Free-flow,Heavy,1
classical_classification_v1,2,60,validation,actual_congestion,Free-flow,Free-flow,Severe,0
classical_classification_v1,2,60,validation,actual_congestion,Free-flow,Moderate,Free-flow,0
classical_classification_v1,2,60,validation,actual_congestion,Free-flow,Moderate,Moderate,0
classical_classification_v1,2,60,validation,actual_congestion,Free-flow,Moderate,Heavy,0
classical_classification_v1,2,60,validation,actual_congestion,Free-flow,Moderate,Severe,0
classical_classification_v1,2,60,validation,actual_congestion,Free-flow,Heavy,Free-flow,0
classical_classification_v1,2,60,validation,actual_congestion,Free-flow,Heavy,Moderate,0
classical_classification_v1,2,60,validation,actual_congestion,Free-flow,Heavy,Heavy,0
classical_classification_v1,2,60,validation,actual_congestion,Free-flow,Heavy,Severe,0
classical_classification_v1,2,60,validation,actual_congestion,Free-flow,Severe,Free-flow,0
classical_classification_v1,2,60,validation,actual_congestion,Free-flow,Severe,Moderate,0
classical_classification_v1,2,60,validation,actual_congestion,Free-flow,Severe,Heavy,0
classical_classification_v1,2,60,validation,actual_congestion,Free-flow,Severe,Severe,0
classical_classification_v1,2,60,validation,actual_congestion,Heavy,Free-flow,Free-flow,0
classical_classification_v1,2,60,validation,actual_congestion,Heavy,Free-flow,Moderate,0
classical_classification_v1,2,60,validation,actual_congestion,Heavy,Free-flow,Heavy,0
classical_classification_v1,2,60,validation,actual_congestion,Heavy,Free-flow,Severe,0
classical_classification_v1,2,60,validation,actual_congestion,Heavy,Moderate,Free-flow,0
classical_classification_v1,2,60,validation,actual_congestion,Heavy,Moderate,Moderate,0
classical_classification_v1,2,60,validation,actual_congestion,Heavy,Moderate,Heavy,0
classical_classification_v1,2,60,validation,actual_congestion,Heavy,Moderate,Severe,0
classical_classification_v1,2,60,validation,actual_congestion,Heavy,Heavy,Free-flow,4
classical_classification_v1,2,60,validation,actual_congestion,Heavy,Heavy,Moderate,256
classical_classification_v1,2,60,validation,actual_congestion,Heavy,Heavy,Heavy,1713
classical_classification_v1,2,60,validation,actual_congestion,Heavy,Heavy,Severe,627
classical_classification_v1,2,60,validation,actual_congestion,Heavy,Severe,Free-flow,0
classical_classification_v1,2,60,validation,actual_congestion,Heavy,Severe,Moderate,0
classical_classification_v1,2,60,validation,actual_congestion,Heavy,Severe,Heavy,0
classical_classification_v1,2,60,validation,actual_congestion,Heavy,Severe,Severe,0
classical_classification_v1,2,60,validation,actual_congestion,Moderate,Free-flow,Free-flow,0
classical_classification_v1,2,60,validation,actual_congestion,Moderate,Free-flow,Moderate,0
classical_classification_v1,2,60,validation,actual_congestion,Moderate,Free-flow,Heavy,0
classical_classification_v1,2,60,validation,actual_congestion,Moderate,Free-flow,Severe,0
classical_classification_v1,2,60,validation,actual_congestion,Moderate,Moderate,Free-flow,469
classical_classification_v1,2,60,validation,actual_congestion,Moderate,Moderate,Moderate,5206
classical_classification_v1,2,60,validation,actual_congestion,Moderate,Moderate,Heavy,888
classical_classification_v1,2,60,validation,actual_congestion,Moderate,Moderate,Severe,32
classical_classification_v1,2,60,validation,actual_congestion,Moderate,Heavy,Free-flow,0
classical_classification_v1,2,60,validation,actual_congestion,Moderate,Heavy,Moderate,0
classical_classification_v1,2,60,validation,actual_congestion,Moderate,Heavy,Heavy,0
classical_classification_v1,2,60,validation,actual_congestion,Moderate,Heavy,Severe,0
classical_classification_v1,2,60,validation,actual_congestion,Moderate,Severe,Free-flow,0
classical_classification_v1,2,60,validation,actual_congestion,Moderate,Severe,Moderate,0
classical_classification_v1,2,60,validation,actual_congestion,Moderate,Severe,Heavy,0
classical_classification_v1,2,60,validation,actual_congestion,Moderate,Severe,Severe,0
classical_classification_v1,2,60,validation,actual_congestion,Severe,Free-flow,Free-flow,0
classical_classification_v1,2,60,validation,actual_congestion,Severe,Free-flow,Moderate,0
classical_classification_v1,2,60,validation,actual_congestion,Severe,Free-flow,Heavy,0
classical_classification_v1,2,60,validation,actual_congestion,Severe,Free-flow,Severe,0
classical_classification_v1,2,60,validation,actual_congestion,Severe,Moderate,Free-flow,0
classical_classification_v1,2,60,validation,actual_congestion,Severe,Moderate,Moderate,0
classical_classification_v1,2,60,validation,actual_congestion,Severe,Moderate,Heavy,0
classical_classification_v1,2,60,validation,actual_congestion,Severe,Moderate,Severe,0
classical_classification_v1,2,60,validation,actual_congestion,Severe,Heavy,Free-flow,0
classical_classification_v1,2,60,validation,actual_congestion,Severe,Heavy,Moderate,0
classical_classification_v1,2,60,validation,actual_congestion,Severe,Heavy,Heavy,0
classical_classification_v1,2,60,validation,actual_congestion,Severe,Heavy,Severe,0
classical_classification_v1,2,60,validation,actual_congestion,Severe,Severe,Free-flow,1
classical_classification_v1,2,60,validation,actual_congestion,Severe,Severe,Moderate,4
classical_classification_v1,2,60,validation,actual_congestion,Severe,Severe,Heavy,392
classical_classification_v1,2,60,validation,actual_congestion,Severe,Severe,Severe,1047
classical_classification_v1,3,90,test,overall,all,Free-flow,Free-flow,15064
classical_classification_v1,3,90,test,overall,all,Free-flow,Moderate,1246
classical_classification_v1,3,90,test,overall,all,Free-flow,Heavy,7
classical_classification_v1,3,90,test,overall,all,Free-flow,Severe,0
classical_classification_v1,3,90,test,overall,all,Moderate,Free-flow,420
classical_classification_v1,3,90,test,overall,all,Moderate,Moderate,5103
classical_classification_v1,3,90,test,overall,all,Moderate,Heavy,998
classical_classification_v1,3,90,test,overall,all,Moderate,Severe,46
classical_classification_v1,3,90,test,overall,all,Heavy,Free-flow,0
classical_classification_v1,3,90,test,overall,all,Heavy,Moderate,226
classical_classification_v1,3,90,test,overall,all,Heavy,Heavy,1717
classical_classification_v1,3,90,test,overall,all,Heavy,Severe,710
classical_classification_v1,3,90,test,overall,all,Severe,Free-flow,0
classical_classification_v1,3,90,test,overall,all,Severe,Moderate,5
classical_classification_v1,3,90,test,overall,all,Severe,Heavy,374
classical_classification_v1,3,90,test,overall,all,Severe,Severe,1184
classical_classification_v1,3,90,test,road_id,NL-001,Free-flow,Free-flow,633
classical_classification_v1,3,90,test,road_id,NL-001,Free-flow,Moderate,53
classical_classification_v1,3,90,test,road_id,NL-001,Free-flow,Heavy,0
classical_classification_v1,3,90,test,road_id,NL-001,Free-flow,Severe,0
classical_classification_v1,3,90,test,road_id,NL-001,Moderate,Free-flow,21
classical_classification_v1,3,90,test,road_id,NL-001,Moderate,Moderate,173
classical_classification_v1,3,90,test,road_id,NL-001,Moderate,Heavy,40
classical_classification_v1,3,90,test,road_id,NL-001,Moderate,Severe,2
classical_classification_v1,3,90,test,road_id,NL-001,Heavy,Free-flow,0
classical_classification_v1,3,90,test,road_id,NL-001,Heavy,Moderate,3
classical_classification_v1,3,90,test,road_id,NL-001,Heavy,Heavy,74
classical_classification_v1,3,90,test,road_id,NL-001,Heavy,Severe,22
classical_classification_v1,3,90,test,road_id,NL-001,Severe,Free-flow,0
classical_classification_v1,3,90,test,road_id,NL-001,Severe,Moderate,0
classical_classification_v1,3,90,test,road_id,NL-001,Severe,Heavy,8
classical_classification_v1,3,90,test,road_id,NL-001,Severe,Severe,55
classical_classification_v1,3,90,test,road_id,NL-002,Free-flow,Free-flow,574
classical_classification_v1,3,90,test,road_id,NL-002,Free-flow,Moderate,61
classical_classification_v1,3,90,test,road_id,NL-002,Free-flow,Heavy,0
classical_classification_v1,3,90,test,road_id,NL-002,Free-flow,Severe,0
classical_classification_v1,3,90,test,road_id,NL-002,Moderate,Free-flow,27
classical_classification_v1,3,90,test,road_id,NL-002,Moderate,Moderate,212
classical_classification_v1,3,90,test,road_id,NL-002,Moderate,Heavy,38
classical_classification_v1,3,90,test,road_id,NL-002,Moderate,Severe,1
classical_classification_v1,3,90,test,road_id,NL-002,Heavy,Free-flow,0
classical_classification_v1,3,90,test,road_id,NL-002,Heavy,Moderate,9
classical_classification_v1,3,90,test,road_id,NL-002,Heavy,Heavy,70
classical_classification_v1,3,90,test,road_id,NL-002,Heavy,Severe,34
classical_classification_v1,3,90,test,road_id,NL-002,Severe,Free-flow,0
classical_classification_v1,3,90,test,road_id,NL-002,Severe,Moderate,0
classical_classification_v1,3,90,test,road_id,NL-002,Severe,Heavy,16
classical_classification_v1,3,90,test,road_id,NL-002,Severe,Severe,42
classical_classification_v1,3,90,test,road_id,NL-003,Free-flow,Free-flow,556
classical_classification_v1,3,90,test,road_id,NL-003,Free-flow,Moderate,39
classical_classification_v1,3,90,test,road_id,NL-003,Free-flow,Heavy,1
classical_classification_v1,3,90,test,road_id,NL-003,Free-flow,Severe,0
classical_classification_v1,3,90,test,road_id,NL-003,Moderate,Free-flow,23
classical_classification_v1,3,90,test,road_id,NL-003,Moderate,Moderate,252
classical_classification_v1,3,90,test,road_id,NL-003,Moderate,Heavy,31
classical_classification_v1,3,90,test,road_id,NL-003,Moderate,Severe,0
classical_classification_v1,3,90,test,road_id,NL-003,Heavy,Free-flow,0
classical_classification_v1,3,90,test,road_id,NL-003,Heavy,Moderate,10
classical_classification_v1,3,90,test,road_id,NL-003,Heavy,Heavy,78
classical_classification_v1,3,90,test,road_id,NL-003,Heavy,Severe,28
classical_classification_v1,3,90,test,road_id,NL-003,Severe,Free-flow,0
classical_classification_v1,3,90,test,road_id,NL-003,Severe,Moderate,0
classical_classification_v1,3,90,test,road_id,NL-003,Severe,Heavy,11
classical_classification_v1,3,90,test,road_id,NL-003,Severe,Severe,55
classical_classification_v1,3,90,test,road_id,NL-004,Free-flow,Free-flow,542
classical_classification_v1,3,90,test,road_id,NL-004,Free-flow,Moderate,46
classical_classification_v1,3,90,test,road_id,NL-004,Free-flow,Heavy,0
classical_classification_v1,3,90,test,road_id,NL-004,Free-flow,Severe,0
classical_classification_v1,3,90,test,road_id,NL-004,Moderate,Free-flow,19
classical_classification_v1,3,90,test,road_id,NL-004,Moderate,Moderate,260
classical_classification_v1,3,90,test,road_id,NL-004,Moderate,Heavy,23
classical_classification_v1,3,90,test,road_id,NL-004,Moderate,Severe,1
classical_classification_v1,3,90,test,road_id,NL-004,Heavy,Free-flow,0
classical_classification_v1,3,90,test,road_id,NL-004,Heavy,Moderate,14
classical_classification_v1,3,90,test,road_id,NL-004,Heavy,Heavy,71
classical_classification_v1,3,90,test,road_id,NL-004,Heavy,Severe,24
classical_classification_v1,3,90,test,road_id,NL-004,Severe,Free-flow,0
classical_classification_v1,3,90,test,road_id,NL-004,Severe,Moderate,0
classical_classification_v1,3,90,test,road_id,NL-004,Severe,Heavy,27
classical_classification_v1,3,90,test,road_id,NL-004,Severe,Severe,57
classical_classification_v1,3,90,test,road_id,NL-005,Free-flow,Free-flow,542
classical_classification_v1,3,90,test,road_id,NL-005,Free-flow,Moderate,43
classical_classification_v1,3,90,test,road_id,NL-005,Free-flow,Heavy,0
classical_classification_v1,3,90,test,road_id,NL-005,Free-flow,Severe,0
classical_classification_v1,3,90,test,road_id,NL-005,Moderate,Free-flow,19
classical_classification_v1,3,90,test,road_id,NL-005,Moderate,Moderate,260
classical_classification_v1,3,90,test,road_id,NL-005,Moderate,Heavy,20
classical_classification_v1,3,90,test,road_id,NL-005,Moderate,Severe,6
classical_classification_v1,3,90,test,road_id,NL-005,Heavy,Free-flow,0
classical_classification_v1,3,90,test,road_id,NL-005,Heavy,Moderate,17
classical_classification_v1,3,90,test,road_id,NL-005,Heavy,Heavy,79
classical_classification_v1,3,90,test,road_id,NL-005,Heavy,Severe,27
classical_classification_v1,3,90,test,road_id,NL-005,Severe,Free-flow,0
classical_classification_v1,3,90,test,road_id,NL-005,Severe,Moderate,0
classical_classification_v1,3,90,test,road_id,NL-005,Severe,Heavy,20
classical_classification_v1,3,90,test,road_id,NL-005,Severe,Severe,51
classical_classification_v1,3,90,test,road_id,NL-006,Free-flow,Free-flow,540
classical_classification_v1,3,90,test,road_id,NL-006,Free-flow,Moderate,36
classical_classification_v1,3,90,test,road_id,NL-006,Free-flow,Heavy,0
classical_classification_v1,3,90,test,road_id,NL-006,Free-flow,Severe,0
classical_classification_v1,3,90,test,road_id,NL-006,Moderate,Free-flow,27
classical_classification_v1,3,90,test,road_id,NL-006,Moderate,Moderate,256
classical_classification_v1,3,90,test,road_id,NL-006,Moderate,Heavy,28
classical_classification_v1,3,90,test,road_id,NL-006,Moderate,Severe,2
classical_classification_v1,3,90,test,road_id,NL-006,Heavy,Free-flow,0
classical_classification_v1,3,90,test,road_id,NL-006,Heavy,Moderate,22
classical_classification_v1,3,90,test,road_id,NL-006,Heavy,Heavy,71
classical_classification_v1,3,90,test,road_id,NL-006,Heavy,Severe,32
classical_classification_v1,3,90,test,road_id,NL-006,Severe,Free-flow,0
classical_classification_v1,3,90,test,road_id,NL-006,Severe,Moderate,0
classical_classification_v1,3,90,test,road_id,NL-006,Severe,Heavy,21
classical_classification_v1,3,90,test,road_id,NL-006,Severe,Severe,49
classical_classification_v1,3,90,test,road_id,NL-007,Free-flow,Free-flow,657
classical_classification_v1,3,90,test,road_id,NL-007,Free-flow,Moderate,49
classical_classification_v1,3,90,test,road_id,NL-007,Free-flow,Heavy,0
classical_classification_v1,3,90,test,road_id,NL-007,Free-flow,Severe,0
classical_classification_v1,3,90,test,road_id,NL-007,Moderate,Free-flow,7
classical_classification_v1,3,90,test,road_id,NL-007,Moderate,Moderate,167
classical_classification_v1,3,90,test,road_id,NL-007,Moderate,Heavy,46
classical_classification_v1,3,90,test,road_id,NL-007,Moderate,Severe,2
classical_classification_v1,3,90,test,road_id,NL-007,Heavy,Free-flow,0
classical_classification_v1,3,90,test,road_id,NL-007,Heavy,Moderate,3
classical_classification_v1,3,90,test,road_id,NL-007,Heavy,Heavy,64
classical_classification_v1,3,90,test,road_id,NL-007,Heavy,Severe,22
classical_classification_v1,3,90,test,road_id,NL-007,Severe,Free-flow,0
classical_classification_v1,3,90,test,road_id,NL-007,Severe,Moderate,1
classical_classification_v1,3,90,test,road_id,NL-007,Severe,Heavy,18
classical_classification_v1,3,90,test,road_id,NL-007,Severe,Severe,48
classical_classification_v1,3,90,test,road_id,NL-008,Free-flow,Free-flow,650
classical_classification_v1,3,90,test,road_id,NL-008,Free-flow,Moderate,67
classical_classification_v1,3,90,test,road_id,NL-008,Free-flow,Heavy,0
classical_classification_v1,3,90,test,road_id,NL-008,Free-flow,Severe,0
classical_classification_v1,3,90,test,road_id,NL-008,Moderate,Free-flow,8
classical_classification_v1,3,90,test,road_id,NL-008,Moderate,Moderate,156
classical_classification_v1,3,90,test,road_id,NL-008,Moderate,Heavy,54
classical_classification_v1,3,90,test,road_id,NL-008,Moderate,Severe,0
classical_classification_v1,3,90,test,road_id,NL-008,Heavy,Free-flow,0
classical_classification_v1,3,90,test,road_id,NL-008,Heavy,Moderate,3
classical_classification_v1,3,90,test,road_id,NL-008,Heavy,Heavy,62
classical_classification_v1,3,90,test,road_id,NL-008,Heavy,Severe,25
classical_classification_v1,3,90,test,road_id,NL-008,Severe,Free-flow,0
classical_classification_v1,3,90,test,road_id,NL-008,Severe,Moderate,0
classical_classification_v1,3,90,test,road_id,NL-008,Severe,Heavy,9
classical_classification_v1,3,90,test,road_id,NL-008,Severe,Severe,50
classical_classification_v1,3,90,test,road_id,NL-009,Free-flow,Free-flow,541
classical_classification_v1,3,90,test,road_id,NL-009,Free-flow,Moderate,30
classical_classification_v1,3,90,test,road_id,NL-009,Free-flow,Heavy,0
classical_classification_v1,3,90,test,road_id,NL-009,Free-flow,Severe,0
classical_classification_v1,3,90,test,road_id,NL-009,Moderate,Free-flow,23
classical_classification_v1,3,90,test,road_id,NL-009,Moderate,Moderate,273
classical_classification_v1,3,90,test,road_id,NL-009,Moderate,Heavy,30
classical_classification_v1,3,90,test,road_id,NL-009,Moderate,Severe,3
classical_classification_v1,3,90,test,road_id,NL-009,Heavy,Free-flow,0
classical_classification_v1,3,90,test,road_id,NL-009,Heavy,Moderate,16
classical_classification_v1,3,90,test,road_id,NL-009,Heavy,Heavy,58
classical_classification_v1,3,90,test,road_id,NL-009,Heavy,Severe,25
classical_classification_v1,3,90,test,road_id,NL-009,Severe,Free-flow,0
classical_classification_v1,3,90,test,road_id,NL-009,Severe,Moderate,1
classical_classification_v1,3,90,test,road_id,NL-009,Severe,Heavy,31
classical_classification_v1,3,90,test,road_id,NL-009,Severe,Severe,53
classical_classification_v1,3,90,test,road_id,NL-010,Free-flow,Free-flow,632
classical_classification_v1,3,90,test,road_id,NL-010,Free-flow,Moderate,69
classical_classification_v1,3,90,test,road_id,NL-010,Free-flow,Heavy,0
classical_classification_v1,3,90,test,road_id,NL-010,Free-flow,Severe,0
classical_classification_v1,3,90,test,road_id,NL-010,Moderate,Free-flow,12
classical_classification_v1,3,90,test,road_id,NL-010,Moderate,Moderate,165
classical_classification_v1,3,90,test,road_id,NL-010,Moderate,Heavy,48
classical_classification_v1,3,90,test,road_id,NL-010,Moderate,Severe,0
classical_classification_v1,3,90,test,road_id,NL-010,Heavy,Free-flow,0
classical_classification_v1,3,90,test,road_id,NL-010,Heavy,Moderate,2
classical_classification_v1,3,90,test,road_id,NL-010,Heavy,Heavy,72
classical_classification_v1,3,90,test,road_id,NL-010,Heavy,Severe,19
classical_classification_v1,3,90,test,road_id,NL-010,Severe,Free-flow,0
classical_classification_v1,3,90,test,road_id,NL-010,Severe,Moderate,0
classical_classification_v1,3,90,test,road_id,NL-010,Severe,Heavy,8
classical_classification_v1,3,90,test,road_id,NL-010,Severe,Severe,57
classical_classification_v1,3,90,test,road_id,NL-011,Free-flow,Free-flow,676
classical_classification_v1,3,90,test,road_id,NL-011,Free-flow,Moderate,40
classical_classification_v1,3,90,test,road_id,NL-011,Free-flow,Heavy,0
classical_classification_v1,3,90,test,road_id,NL-011,Free-flow,Severe,0
classical_classification_v1,3,90,test,road_id,NL-011,Moderate,Free-flow,6
classical_classification_v1,3,90,test,road_id,NL-011,Moderate,Moderate,161
classical_classification_v1,3,90,test,road_id,NL-011,Moderate,Heavy,50
classical_classification_v1,3,90,test,road_id,NL-011,Moderate,Severe,1
classical_classification_v1,3,90,test,road_id,NL-011,Heavy,Free-flow,0
classical_classification_v1,3,90,test,road_id,NL-011,Heavy,Moderate,1
classical_classification_v1,3,90,test,road_id,NL-011,Heavy,Heavy,66
classical_classification_v1,3,90,test,road_id,NL-011,Heavy,Severe,29
classical_classification_v1,3,90,test,road_id,NL-011,Severe,Free-flow,0
classical_classification_v1,3,90,test,road_id,NL-011,Severe,Moderate,0
classical_classification_v1,3,90,test,road_id,NL-011,Severe,Heavy,14
classical_classification_v1,3,90,test,road_id,NL-011,Severe,Severe,40
classical_classification_v1,3,90,test,road_id,NL-012,Free-flow,Free-flow,539
classical_classification_v1,3,90,test,road_id,NL-012,Free-flow,Moderate,42
classical_classification_v1,3,90,test,road_id,NL-012,Free-flow,Heavy,0
classical_classification_v1,3,90,test,road_id,NL-012,Free-flow,Severe,0
classical_classification_v1,3,90,test,road_id,NL-012,Moderate,Free-flow,18
classical_classification_v1,3,90,test,road_id,NL-012,Moderate,Moderate,264
classical_classification_v1,3,90,test,road_id,NL-012,Moderate,Heavy,26
classical_classification_v1,3,90,test,road_id,NL-012,Moderate,Severe,0
classical_classification_v1,3,90,test,road_id,NL-012,Heavy,Free-flow,0
classical_classification_v1,3,90,test,road_id,NL-012,Heavy,Moderate,20
classical_classification_v1,3,90,test,road_id,NL-012,Heavy,Heavy,75
classical_classification_v1,3,90,test,road_id,NL-012,Heavy,Severe,31
classical_classification_v1,3,90,test,road_id,NL-012,Severe,Free-flow,0
classical_classification_v1,3,90,test,road_id,NL-012,Severe,Moderate,0
classical_classification_v1,3,90,test,road_id,NL-012,Severe,Heavy,19
classical_classification_v1,3,90,test,road_id,NL-012,Severe,Severe,50
classical_classification_v1,3,90,test,road_id,NL-013,Free-flow,Free-flow,541
classical_classification_v1,3,90,test,road_id,NL-013,Free-flow,Moderate,31
classical_classification_v1,3,90,test,road_id,NL-013,Free-flow,Heavy,0
classical_classification_v1,3,90,test,road_id,NL-013,Free-flow,Severe,0
classical_classification_v1,3,90,test,road_id,NL-013,Moderate,Free-flow,13
classical_classification_v1,3,90,test,road_id,NL-013,Moderate,Moderate,275
classical_classification_v1,3,90,test,road_id,NL-013,Moderate,Heavy,26
classical_classification_v1,3,90,test,road_id,NL-013,Moderate,Severe,2
classical_classification_v1,3,90,test,road_id,NL-013,Heavy,Free-flow,0
classical_classification_v1,3,90,test,road_id,NL-013,Heavy,Moderate,20
classical_classification_v1,3,90,test,road_id,NL-013,Heavy,Heavy,75
classical_classification_v1,3,90,test,road_id,NL-013,Heavy,Severe,23
classical_classification_v1,3,90,test,road_id,NL-013,Severe,Free-flow,0
classical_classification_v1,3,90,test,road_id,NL-013,Severe,Moderate,1
classical_classification_v1,3,90,test,road_id,NL-013,Severe,Heavy,21
classical_classification_v1,3,90,test,road_id,NL-013,Severe,Severe,56
classical_classification_v1,3,90,test,road_id,NL-014,Free-flow,Free-flow,679
classical_classification_v1,3,90,test,road_id,NL-014,Free-flow,Moderate,55
classical_classification_v1,3,90,test,road_id,NL-014,Free-flow,Heavy,3
classical_classification_v1,3,90,test,road_id,NL-014,Free-flow,Severe,0
classical_classification_v1,3,90,test,road_id,NL-014,Moderate,Free-flow,6
classical_classification_v1,3,90,test,road_id,NL-014,Moderate,Moderate,139
classical_classification_v1,3,90,test,road_id,NL-014,Moderate,Heavy,52
classical_classification_v1,3,90,test,road_id,NL-014,Moderate,Severe,1
classical_classification_v1,3,90,test,road_id,NL-014,Heavy,Free-flow,0
classical_classification_v1,3,90,test,road_id,NL-014,Heavy,Moderate,5
classical_classification_v1,3,90,test,road_id,NL-014,Heavy,Heavy,64
classical_classification_v1,3,90,test,road_id,NL-014,Heavy,Severe,26
classical_classification_v1,3,90,test,road_id,NL-014,Severe,Free-flow,0
classical_classification_v1,3,90,test,road_id,NL-014,Severe,Moderate,0
classical_classification_v1,3,90,test,road_id,NL-014,Severe,Heavy,7
classical_classification_v1,3,90,test,road_id,NL-014,Severe,Severe,47
classical_classification_v1,3,90,test,road_id,NL-015,Free-flow,Free-flow,539
classical_classification_v1,3,90,test,road_id,NL-015,Free-flow,Moderate,34
classical_classification_v1,3,90,test,road_id,NL-015,Free-flow,Heavy,0
classical_classification_v1,3,90,test,road_id,NL-015,Free-flow,Severe,0
classical_classification_v1,3,90,test,road_id,NL-015,Moderate,Free-flow,27
classical_classification_v1,3,90,test,road_id,NL-015,Moderate,Moderate,264
classical_classification_v1,3,90,test,road_id,NL-015,Moderate,Heavy,28
classical_classification_v1,3,90,test,road_id,NL-015,Moderate,Severe,5
classical_classification_v1,3,90,test,road_id,NL-015,Heavy,Free-flow,0
classical_classification_v1,3,90,test,road_id,NL-015,Heavy,Moderate,20
classical_classification_v1,3,90,test,road_id,NL-015,Heavy,Heavy,69
classical_classification_v1,3,90,test,road_id,NL-015,Heavy,Severe,43
classical_classification_v1,3,90,test,road_id,NL-015,Severe,Free-flow,0
classical_classification_v1,3,90,test,road_id,NL-015,Severe,Moderate,0
classical_classification_v1,3,90,test,road_id,NL-015,Severe,Heavy,20
classical_classification_v1,3,90,test,road_id,NL-015,Severe,Severe,35
classical_classification_v1,3,90,test,road_id,NL-016,Free-flow,Free-flow,591
classical_classification_v1,3,90,test,road_id,NL-016,Free-flow,Moderate,64
classical_classification_v1,3,90,test,road_id,NL-016,Free-flow,Heavy,0
classical_classification_v1,3,90,test,road_id,NL-016,Free-flow,Severe,0
classical_classification_v1,3,90,test,road_id,NL-016,Moderate,Free-flow,15
classical_classification_v1,3,90,test,road_id,NL-016,Moderate,Moderate,200
classical_classification_v1,3,90,test,road_id,NL-016,Moderate,Heavy,37
classical_classification_v1,3,90,test,road_id,NL-016,Moderate,Severe,2
classical_classification_v1,3,90,test,road_id,NL-016,Heavy,Free-flow,0
classical_classification_v1,3,90,test,road_id,NL-016,Heavy,Moderate,12
classical_classification_v1,3,90,test,road_id,NL-016,Heavy,Heavy,71
classical_classification_v1,3,90,test,road_id,NL-016,Heavy,Severe,37
classical_classification_v1,3,90,test,road_id,NL-016,Severe,Free-flow,0
classical_classification_v1,3,90,test,road_id,NL-016,Severe,Moderate,0
classical_classification_v1,3,90,test,road_id,NL-016,Severe,Heavy,15
classical_classification_v1,3,90,test,road_id,NL-016,Severe,Severe,40
classical_classification_v1,3,90,test,road_id,NL-017,Free-flow,Free-flow,657
classical_classification_v1,3,90,test,road_id,NL-017,Free-flow,Moderate,59
classical_classification_v1,3,90,test,road_id,NL-017,Free-flow,Heavy,0
classical_classification_v1,3,90,test,road_id,NL-017,Free-flow,Severe,0
classical_classification_v1,3,90,test,road_id,NL-017,Moderate,Free-flow,7
classical_classification_v1,3,90,test,road_id,NL-017,Moderate,Moderate,159
classical_classification_v1,3,90,test,road_id,NL-017,Moderate,Heavy,46
classical_classification_v1,3,90,test,road_id,NL-017,Moderate,Severe,3
classical_classification_v1,3,90,test,road_id,NL-017,Heavy,Free-flow,0
classical_classification_v1,3,90,test,road_id,NL-017,Heavy,Moderate,4
classical_classification_v1,3,90,test,road_id,NL-017,Heavy,Heavy,69
classical_classification_v1,3,90,test,road_id,NL-017,Heavy,Severe,32
classical_classification_v1,3,90,test,road_id,NL-017,Severe,Free-flow,0
classical_classification_v1,3,90,test,road_id,NL-017,Severe,Moderate,0
classical_classification_v1,3,90,test,road_id,NL-017,Severe,Heavy,7
classical_classification_v1,3,90,test,road_id,NL-017,Severe,Severe,41
classical_classification_v1,3,90,test,road_id,NL-018,Free-flow,Free-flow,568
classical_classification_v1,3,90,test,road_id,NL-018,Free-flow,Moderate,55
classical_classification_v1,3,90,test,road_id,NL-018,Free-flow,Heavy,0
classical_classification_v1,3,90,test,road_id,NL-018,Free-flow,Severe,0
classical_classification_v1,3,90,test,road_id,NL-018,Moderate,Free-flow,23
classical_classification_v1,3,90,test,road_id,NL-018,Moderate,Moderate,228
classical_classification_v1,3,90,test,road_id,NL-018,Moderate,Heavy,49
classical_classification_v1,3,90,test,road_id,NL-018,Moderate,Severe,1
classical_classification_v1,3,90,test,road_id,NL-018,Heavy,Free-flow,0
classical_classification_v1,3,90,test,road_id,NL-018,Heavy,Moderate,9
classical_classification_v1,3,90,test,road_id,NL-018,Heavy,Heavy,64
classical_classification_v1,3,90,test,road_id,NL-018,Heavy,Severe,31
classical_classification_v1,3,90,test,road_id,NL-018,Severe,Free-flow,0
classical_classification_v1,3,90,test,road_id,NL-018,Severe,Moderate,0
classical_classification_v1,3,90,test,road_id,NL-018,Severe,Heavy,9
classical_classification_v1,3,90,test,road_id,NL-018,Severe,Severe,47
classical_classification_v1,3,90,test,road_id,NL-019,Free-flow,Free-flow,545
classical_classification_v1,3,90,test,road_id,NL-019,Free-flow,Moderate,46
classical_classification_v1,3,90,test,road_id,NL-019,Free-flow,Heavy,2
classical_classification_v1,3,90,test,road_id,NL-019,Free-flow,Severe,0
classical_classification_v1,3,90,test,road_id,NL-019,Moderate,Free-flow,23
classical_classification_v1,3,90,test,road_id,NL-019,Moderate,Moderate,252
classical_classification_v1,3,90,test,road_id,NL-019,Moderate,Heavy,29
classical_classification_v1,3,90,test,road_id,NL-019,Moderate,Severe,1
classical_classification_v1,3,90,test,road_id,NL-019,Heavy,Free-flow,0
classical_classification_v1,3,90,test,road_id,NL-019,Heavy,Moderate,14
classical_classification_v1,3,90,test,road_id,NL-019,Heavy,Heavy,69
classical_classification_v1,3,90,test,road_id,NL-019,Heavy,Severe,31
classical_classification_v1,3,90,test,road_id,NL-019,Severe,Free-flow,0
classical_classification_v1,3,90,test,road_id,NL-019,Severe,Moderate,0
classical_classification_v1,3,90,test,road_id,NL-019,Severe,Heavy,23
classical_classification_v1,3,90,test,road_id,NL-019,Severe,Severe,49
classical_classification_v1,3,90,test,road_id,NL-020,Free-flow,Free-flow,651
classical_classification_v1,3,90,test,road_id,NL-020,Free-flow,Moderate,66
classical_classification_v1,3,90,test,road_id,NL-020,Free-flow,Heavy,0
classical_classification_v1,3,90,test,road_id,NL-020,Free-flow,Severe,0
classical_classification_v1,3,90,test,road_id,NL-020,Moderate,Free-flow,15
classical_classification_v1,3,90,test,road_id,NL-020,Moderate,Moderate,151
classical_classification_v1,3,90,test,road_id,NL-020,Moderate,Heavy,40
classical_classification_v1,3,90,test,road_id,NL-020,Moderate,Severe,2
classical_classification_v1,3,90,test,road_id,NL-020,Heavy,Free-flow,0
classical_classification_v1,3,90,test,road_id,NL-020,Heavy,Moderate,3
classical_classification_v1,3,90,test,road_id,NL-020,Heavy,Heavy,73
classical_classification_v1,3,90,test,road_id,NL-020,Heavy,Severe,23
classical_classification_v1,3,90,test,road_id,NL-020,Severe,Free-flow,0
classical_classification_v1,3,90,test,road_id,NL-020,Severe,Moderate,1
classical_classification_v1,3,90,test,road_id,NL-020,Severe,Heavy,13
classical_classification_v1,3,90,test,road_id,NL-020,Severe,Severe,46
classical_classification_v1,3,90,test,road_id,NL-021,Free-flow,Free-flow,617
classical_classification_v1,3,90,test,road_id,NL-021,Free-flow,Moderate,50
classical_classification_v1,3,90,test,road_id,NL-021,Free-flow,Heavy,0
classical_classification_v1,3,90,test,road_id,NL-021,Free-flow,Severe,0
classical_classification_v1,3,90,test,road_id,NL-021,Moderate,Free-flow,24
classical_classification_v1,3,90,test,road_id,NL-021,Moderate,Moderate,187
classical_classification_v1,3,90,test,road_id,NL-021,Moderate,Heavy,46
classical_classification_v1,3,90,test,road_id,NL-021,Moderate,Severe,3
classical_classification_v1,3,90,test,road_id,NL-021,Heavy,Free-flow,0
classical_classification_v1,3,90,test,road_id,NL-021,Heavy,Moderate,6
classical_classification_v1,3,90,test,road_id,NL-021,Heavy,Heavy,69
classical_classification_v1,3,90,test,road_id,NL-021,Heavy,Severe,28
classical_classification_v1,3,90,test,road_id,NL-021,Severe,Free-flow,0
classical_classification_v1,3,90,test,road_id,NL-021,Severe,Moderate,1
classical_classification_v1,3,90,test,road_id,NL-021,Severe,Heavy,7
classical_classification_v1,3,90,test,road_id,NL-021,Severe,Severe,46
classical_classification_v1,3,90,test,road_id,NL-022,Free-flow,Free-flow,679
classical_classification_v1,3,90,test,road_id,NL-022,Free-flow,Moderate,49
classical_classification_v1,3,90,test,road_id,NL-022,Free-flow,Heavy,0
classical_classification_v1,3,90,test,road_id,NL-022,Free-flow,Severe,0
classical_classification_v1,3,90,test,road_id,NL-022,Moderate,Free-flow,5
classical_classification_v1,3,90,test,road_id,NL-022,Moderate,Moderate,148
classical_classification_v1,3,90,test,road_id,NL-022,Moderate,Heavy,53
classical_classification_v1,3,90,test,road_id,NL-022,Moderate,Severe,1
classical_classification_v1,3,90,test,road_id,NL-022,Heavy,Free-flow,0
classical_classification_v1,3,90,test,road_id,NL-022,Heavy,Moderate,2
classical_classification_v1,3,90,test,road_id,NL-022,Heavy,Heavy,62
classical_classification_v1,3,90,test,road_id,NL-022,Heavy,Severe,27
classical_classification_v1,3,90,test,road_id,NL-022,Severe,Free-flow,0
classical_classification_v1,3,90,test,road_id,NL-022,Severe,Moderate,0
classical_classification_v1,3,90,test,road_id,NL-022,Severe,Heavy,14
classical_classification_v1,3,90,test,road_id,NL-022,Severe,Severe,44
classical_classification_v1,3,90,test,road_id,NL-023,Free-flow,Free-flow,601
classical_classification_v1,3,90,test,road_id,NL-023,Free-flow,Moderate,67
classical_classification_v1,3,90,test,road_id,NL-023,Free-flow,Heavy,1
classical_classification_v1,3,90,test,road_id,NL-023,Free-flow,Severe,0
classical_classification_v1,3,90,test,road_id,NL-023,Moderate,Free-flow,21
classical_classification_v1,3,90,test,road_id,NL-023,Moderate,Moderate,185
classical_classification_v1,3,90,test,road_id,NL-023,Moderate,Heavy,43
classical_classification_v1,3,90,test,road_id,NL-023,Moderate,Severe,2
classical_classification_v1,3,90,test,road_id,NL-023,Heavy,Free-flow,0
classical_classification_v1,3,90,test,road_id,NL-023,Heavy,Moderate,5
classical_classification_v1,3,90,test,road_id,NL-023,Heavy,Heavy,69
classical_classification_v1,3,90,test,road_id,NL-023,Heavy,Severe,35
classical_classification_v1,3,90,test,road_id,NL-023,Severe,Free-flow,0
classical_classification_v1,3,90,test,road_id,NL-023,Severe,Moderate,0
classical_classification_v1,3,90,test,road_id,NL-023,Severe,Heavy,14
classical_classification_v1,3,90,test,road_id,NL-023,Severe,Severe,41
classical_classification_v1,3,90,test,road_id,NL-024,Free-flow,Free-flow,646
classical_classification_v1,3,90,test,road_id,NL-024,Free-flow,Moderate,48
classical_classification_v1,3,90,test,road_id,NL-024,Free-flow,Heavy,0
classical_classification_v1,3,90,test,road_id,NL-024,Free-flow,Severe,0
classical_classification_v1,3,90,test,road_id,NL-024,Moderate,Free-flow,20
classical_classification_v1,3,90,test,road_id,NL-024,Moderate,Moderate,163
classical_classification_v1,3,90,test,road_id,NL-024,Moderate,Heavy,56
classical_classification_v1,3,90,test,road_id,NL-024,Moderate,Severe,3
classical_classification_v1,3,90,test,road_id,NL-024,Heavy,Free-flow,0
classical_classification_v1,3,90,test,road_id,NL-024,Heavy,Moderate,3
classical_classification_v1,3,90,test,road_id,NL-024,Heavy,Heavy,61
classical_classification_v1,3,90,test,road_id,NL-024,Heavy,Severe,23
classical_classification_v1,3,90,test,road_id,NL-024,Severe,Free-flow,0
classical_classification_v1,3,90,test,road_id,NL-024,Severe,Moderate,0
classical_classification_v1,3,90,test,road_id,NL-024,Severe,Heavy,11
classical_classification_v1,3,90,test,road_id,NL-024,Severe,Severe,50
classical_classification_v1,3,90,test,road_id,NL-025,Free-flow,Free-flow,668
classical_classification_v1,3,90,test,road_id,NL-025,Free-flow,Moderate,47
classical_classification_v1,3,90,test,road_id,NL-025,Free-flow,Heavy,0
classical_classification_v1,3,90,test,road_id,NL-025,Free-flow,Severe,0
classical_classification_v1,3,90,test,road_id,NL-025,Moderate,Free-flow,11
classical_classification_v1,3,90,test,road_id,NL-025,Moderate,Moderate,153
classical_classification_v1,3,90,test,road_id,NL-025,Moderate,Heavy,59
classical_classification_v1,3,90,test,road_id,NL-025,Moderate,Severe,2
classical_classification_v1,3,90,test,road_id,NL-025,Heavy,Free-flow,0
classical_classification_v1,3,90,test,road_id,NL-025,Heavy,Moderate,3
classical_classification_v1,3,90,test,road_id,NL-025,Heavy,Heavy,62
classical_classification_v1,3,90,test,road_id,NL-025,Heavy,Severe,33
classical_classification_v1,3,90,test,road_id,NL-025,Severe,Free-flow,0
classical_classification_v1,3,90,test,road_id,NL-025,Severe,Moderate,0
classical_classification_v1,3,90,test,road_id,NL-025,Severe,Heavy,11
classical_classification_v1,3,90,test,road_id,NL-025,Severe,Severe,35
classical_classification_v1,3,90,test,origin_hour,0,Free-flow,Free-flow,1100
classical_classification_v1,3,90,test,origin_hour,0,Free-flow,Moderate,0
classical_classification_v1,3,90,test,origin_hour,0,Free-flow,Heavy,0
classical_classification_v1,3,90,test,origin_hour,0,Free-flow,Severe,0
classical_classification_v1,3,90,test,origin_hour,0,Moderate,Free-flow,0
classical_classification_v1,3,90,test,origin_hour,0,Moderate,Moderate,0
classical_classification_v1,3,90,test,origin_hour,0,Moderate,Heavy,0
classical_classification_v1,3,90,test,origin_hour,0,Moderate,Severe,0
classical_classification_v1,3,90,test,origin_hour,0,Heavy,Free-flow,0
classical_classification_v1,3,90,test,origin_hour,0,Heavy,Moderate,0
classical_classification_v1,3,90,test,origin_hour,0,Heavy,Heavy,0
classical_classification_v1,3,90,test,origin_hour,0,Heavy,Severe,0
classical_classification_v1,3,90,test,origin_hour,0,Severe,Free-flow,0
classical_classification_v1,3,90,test,origin_hour,0,Severe,Moderate,0
classical_classification_v1,3,90,test,origin_hour,0,Severe,Heavy,0
classical_classification_v1,3,90,test,origin_hour,0,Severe,Severe,0
classical_classification_v1,3,90,test,origin_hour,1,Free-flow,Free-flow,1100
classical_classification_v1,3,90,test,origin_hour,1,Free-flow,Moderate,0
classical_classification_v1,3,90,test,origin_hour,1,Free-flow,Heavy,0
classical_classification_v1,3,90,test,origin_hour,1,Free-flow,Severe,0
classical_classification_v1,3,90,test,origin_hour,1,Moderate,Free-flow,0
classical_classification_v1,3,90,test,origin_hour,1,Moderate,Moderate,0
classical_classification_v1,3,90,test,origin_hour,1,Moderate,Heavy,0
classical_classification_v1,3,90,test,origin_hour,1,Moderate,Severe,0
classical_classification_v1,3,90,test,origin_hour,1,Heavy,Free-flow,0
classical_classification_v1,3,90,test,origin_hour,1,Heavy,Moderate,0
classical_classification_v1,3,90,test,origin_hour,1,Heavy,Heavy,0
classical_classification_v1,3,90,test,origin_hour,1,Heavy,Severe,0
classical_classification_v1,3,90,test,origin_hour,1,Severe,Free-flow,0
classical_classification_v1,3,90,test,origin_hour,1,Severe,Moderate,0
classical_classification_v1,3,90,test,origin_hour,1,Severe,Heavy,0
classical_classification_v1,3,90,test,origin_hour,1,Severe,Severe,0
classical_classification_v1,3,90,test,origin_hour,2,Free-flow,Free-flow,1100
classical_classification_v1,3,90,test,origin_hour,2,Free-flow,Moderate,0
classical_classification_v1,3,90,test,origin_hour,2,Free-flow,Heavy,0
classical_classification_v1,3,90,test,origin_hour,2,Free-flow,Severe,0
classical_classification_v1,3,90,test,origin_hour,2,Moderate,Free-flow,0
classical_classification_v1,3,90,test,origin_hour,2,Moderate,Moderate,0
classical_classification_v1,3,90,test,origin_hour,2,Moderate,Heavy,0
classical_classification_v1,3,90,test,origin_hour,2,Moderate,Severe,0
classical_classification_v1,3,90,test,origin_hour,2,Heavy,Free-flow,0
classical_classification_v1,3,90,test,origin_hour,2,Heavy,Moderate,0
classical_classification_v1,3,90,test,origin_hour,2,Heavy,Heavy,0
classical_classification_v1,3,90,test,origin_hour,2,Heavy,Severe,0
classical_classification_v1,3,90,test,origin_hour,2,Severe,Free-flow,0
classical_classification_v1,3,90,test,origin_hour,2,Severe,Moderate,0
classical_classification_v1,3,90,test,origin_hour,2,Severe,Heavy,0
classical_classification_v1,3,90,test,origin_hour,2,Severe,Severe,0
classical_classification_v1,3,90,test,origin_hour,3,Free-flow,Free-flow,1100
classical_classification_v1,3,90,test,origin_hour,3,Free-flow,Moderate,0
classical_classification_v1,3,90,test,origin_hour,3,Free-flow,Heavy,0
classical_classification_v1,3,90,test,origin_hour,3,Free-flow,Severe,0
classical_classification_v1,3,90,test,origin_hour,3,Moderate,Free-flow,0
classical_classification_v1,3,90,test,origin_hour,3,Moderate,Moderate,0
classical_classification_v1,3,90,test,origin_hour,3,Moderate,Heavy,0
classical_classification_v1,3,90,test,origin_hour,3,Moderate,Severe,0
classical_classification_v1,3,90,test,origin_hour,3,Heavy,Free-flow,0
classical_classification_v1,3,90,test,origin_hour,3,Heavy,Moderate,0
classical_classification_v1,3,90,test,origin_hour,3,Heavy,Heavy,0
classical_classification_v1,3,90,test,origin_hour,3,Heavy,Severe,0
classical_classification_v1,3,90,test,origin_hour,3,Severe,Free-flow,0
classical_classification_v1,3,90,test,origin_hour,3,Severe,Moderate,0
classical_classification_v1,3,90,test,origin_hour,3,Severe,Heavy,0
classical_classification_v1,3,90,test,origin_hour,3,Severe,Severe,0
classical_classification_v1,3,90,test,origin_hour,4,Free-flow,Free-flow,1087
classical_classification_v1,3,90,test,origin_hour,4,Free-flow,Moderate,1
classical_classification_v1,3,90,test,origin_hour,4,Free-flow,Heavy,0
classical_classification_v1,3,90,test,origin_hour,4,Free-flow,Severe,0
classical_classification_v1,3,90,test,origin_hour,4,Moderate,Free-flow,8
classical_classification_v1,3,90,test,origin_hour,4,Moderate,Moderate,4
classical_classification_v1,3,90,test,origin_hour,4,Moderate,Heavy,0
classical_classification_v1,3,90,test,origin_hour,4,Moderate,Severe,0
classical_classification_v1,3,90,test,origin_hour,4,Heavy,Free-flow,0
classical_classification_v1,3,90,test,origin_hour,4,Heavy,Moderate,0
classical_classification_v1,3,90,test,origin_hour,4,Heavy,Heavy,0
classical_classification_v1,3,90,test,origin_hour,4,Heavy,Severe,0
classical_classification_v1,3,90,test,origin_hour,4,Severe,Free-flow,0
classical_classification_v1,3,90,test,origin_hour,4,Severe,Moderate,0
classical_classification_v1,3,90,test,origin_hour,4,Severe,Heavy,0
classical_classification_v1,3,90,test,origin_hour,4,Severe,Severe,0
classical_classification_v1,3,90,test,origin_hour,5,Free-flow,Free-flow,432
classical_classification_v1,3,90,test,origin_hour,5,Free-flow,Moderate,116
classical_classification_v1,3,90,test,origin_hour,5,Free-flow,Heavy,0
classical_classification_v1,3,90,test,origin_hour,5,Free-flow,Severe,0
classical_classification_v1,3,90,test,origin_hour,5,Moderate,Free-flow,41
classical_classification_v1,3,90,test,origin_hour,5,Moderate,Moderate,472
classical_classification_v1,3,90,test,origin_hour,5,Moderate,Heavy,10
classical_classification_v1,3,90,test,origin_hour,5,Moderate,Severe,0
classical_classification_v1,3,90,test,origin_hour,5,Heavy,Free-flow,0
classical_classification_v1,3,90,test,origin_hour,5,Heavy,Moderate,12
classical_classification_v1,3,90,test,origin_hour,5,Heavy,Heavy,16
classical_classification_v1,3,90,test,origin_hour,5,Heavy,Severe,0
classical_classification_v1,3,90,test,origin_hour,5,Severe,Free-flow,0
classical_classification_v1,3,90,test,origin_hour,5,Severe,Moderate,0
classical_classification_v1,3,90,test,origin_hour,5,Severe,Heavy,1
classical_classification_v1,3,90,test,origin_hour,5,Severe,Severe,0
classical_classification_v1,3,90,test,origin_hour,6,Free-flow,Free-flow,49
classical_classification_v1,3,90,test,origin_hour,6,Free-flow,Moderate,11
classical_classification_v1,3,90,test,origin_hour,6,Free-flow,Heavy,1
classical_classification_v1,3,90,test,origin_hour,6,Free-flow,Severe,0
classical_classification_v1,3,90,test,origin_hour,6,Moderate,Free-flow,1
classical_classification_v1,3,90,test,origin_hour,6,Moderate,Moderate,266
classical_classification_v1,3,90,test,origin_hour,6,Moderate,Heavy,111
classical_classification_v1,3,90,test,origin_hour,6,Moderate,Severe,8
classical_classification_v1,3,90,test,origin_hour,6,Heavy,Free-flow,0
classical_classification_v1,3,90,test,origin_hour,6,Heavy,Moderate,28
classical_classification_v1,3,90,test,origin_hour,6,Heavy,Heavy,216
classical_classification_v1,3,90,test,origin_hour,6,Heavy,Severe,164
classical_classification_v1,3,90,test,origin_hour,6,Severe,Free-flow,0
classical_classification_v1,3,90,test,origin_hour,6,Severe,Moderate,1
classical_classification_v1,3,90,test,origin_hour,6,Severe,Heavy,16
classical_classification_v1,3,90,test,origin_hour,6,Severe,Severe,228
classical_classification_v1,3,90,test,origin_hour,7,Free-flow,Free-flow,46
classical_classification_v1,3,90,test,origin_hour,7,Free-flow,Moderate,0
classical_classification_v1,3,90,test,origin_hour,7,Free-flow,Heavy,0
classical_classification_v1,3,90,test,origin_hour,7,Free-flow,Severe,0
classical_classification_v1,3,90,test,origin_hour,7,Moderate,Free-flow,4
classical_classification_v1,3,90,test,origin_hour,7,Moderate,Moderate,62
classical_classification_v1,3,90,test,origin_hour,7,Moderate,Heavy,133
classical_classification_v1,3,90,test,origin_hour,7,Moderate,Severe,8
classical_classification_v1,3,90,test,origin_hour,7,Heavy,Free-flow,0
classical_classification_v1,3,90,test,origin_hour,7,Heavy,Moderate,23
classical_classification_v1,3,90,test,origin_hour,7,Heavy,Heavy,77
classical_classification_v1,3,90,test,origin_hour,7,Heavy,Severe,205
classical_classification_v1,3,90,test,origin_hour,7,Severe,Free-flow,0
classical_classification_v1,3,90,test,origin_hour,7,Severe,Moderate,1
classical_classification_v1,3,90,test,origin_hour,7,Severe,Heavy,4
classical_classification_v1,3,90,test,origin_hour,7,Severe,Severe,537
classical_classification_v1,3,90,test,origin_hour,8,Free-flow,Free-flow,47
classical_classification_v1,3,90,test,origin_hour,8,Free-flow,Moderate,31
classical_classification_v1,3,90,test,origin_hour,8,Free-flow,Heavy,4
classical_classification_v1,3,90,test,origin_hour,8,Free-flow,Severe,0
classical_classification_v1,3,90,test,origin_hour,8,Moderate,Free-flow,3
classical_classification_v1,3,90,test,origin_hour,8,Moderate,Moderate,261
classical_classification_v1,3,90,test,origin_hour,8,Moderate,Heavy,279
classical_classification_v1,3,90,test,origin_hour,8,Moderate,Severe,2
classical_classification_v1,3,90,test,origin_hour,8,Heavy,Free-flow,0
classical_classification_v1,3,90,test,origin_hour,8,Heavy,Moderate,8
classical_classification_v1,3,90,test,origin_hour,8,Heavy,Heavy,362
classical_classification_v1,3,90,test,origin_hour,8,Heavy,Severe,14
classical_classification_v1,3,90,test,origin_hour,8,Severe,Free-flow,0
classical_classification_v1,3,90,test,origin_hour,8,Severe,Moderate,0
classical_classification_v1,3,90,test,origin_hour,8,Severe,Heavy,80
classical_classification_v1,3,90,test,origin_hour,8,Severe,Severe,34
classical_classification_v1,3,90,test,origin_hour,9,Free-flow,Free-flow,315
classical_classification_v1,3,90,test,origin_hour,9,Free-flow,Moderate,122
classical_classification_v1,3,90,test,origin_hour,9,Free-flow,Heavy,0
classical_classification_v1,3,90,test,origin_hour,9,Free-flow,Severe,0
classical_classification_v1,3,90,test,origin_hour,9,Moderate,Free-flow,37
classical_classification_v1,3,90,test,origin_hour,9,Moderate,Moderate,625
classical_classification_v1,3,90,test,origin_hour,9,Moderate,Heavy,9
classical_classification_v1,3,90,test,origin_hour,9,Moderate,Severe,0
classical_classification_v1,3,90,test,origin_hour,9,Heavy,Free-flow,0
classical_classification_v1,3,90,test,origin_hour,9,Heavy,Moderate,18
classical_classification_v1,3,90,test,origin_hour,9,Heavy,Heavy,22
classical_classification_v1,3,90,test,origin_hour,9,Heavy,Severe,0
classical_classification_v1,3,90,test,origin_hour,9,Severe,Free-flow,0
classical_classification_v1,3,90,test,origin_hour,9,Severe,Moderate,0
classical_classification_v1,3,90,test,origin_hour,9,Severe,Heavy,2
classical_classification_v1,3,90,test,origin_hour,9,Severe,Severe,0
classical_classification_v1,3,90,test,origin_hour,10,Free-flow,Free-flow,606
classical_classification_v1,3,90,test,origin_hour,10,Free-flow,Moderate,201
classical_classification_v1,3,90,test,origin_hour,10,Free-flow,Heavy,0
classical_classification_v1,3,90,test,origin_hour,10,Free-flow,Severe,0
classical_classification_v1,3,90,test,origin_hour,10,Moderate,Free-flow,49
classical_classification_v1,3,90,test,origin_hour,10,Moderate,Moderate,285
classical_classification_v1,3,90,test,origin_hour,10,Moderate,Heavy,4
classical_classification_v1,3,90,test,origin_hour,10,Moderate,Severe,0
classical_classification_v1,3,90,test,origin_hour,10,Heavy,Free-flow,0
classical_classification_v1,3,90,test,origin_hour,10,Heavy,Moderate,4
classical_classification_v1,3,90,test,origin_hour,10,Heavy,Heavy,1
classical_classification_v1,3,90,test,origin_hour,10,Heavy,Severe,0
classical_classification_v1,3,90,test,origin_hour,10,Severe,Free-flow,0
classical_classification_v1,3,90,test,origin_hour,10,Severe,Moderate,0
classical_classification_v1,3,90,test,origin_hour,10,Severe,Heavy,0
classical_classification_v1,3,90,test,origin_hour,10,Severe,Severe,0
classical_classification_v1,3,90,test,origin_hour,11,Free-flow,Free-flow,734
classical_classification_v1,3,90,test,origin_hour,11,Free-flow,Moderate,132
classical_classification_v1,3,90,test,origin_hour,11,Free-flow,Heavy,0
classical_classification_v1,3,90,test,origin_hour,11,Free-flow,Severe,0
classical_classification_v1,3,90,test,origin_hour,11,Moderate,Free-flow,65
classical_classification_v1,3,90,test,origin_hour,11,Moderate,Moderate,216
classical_classification_v1,3,90,test,origin_hour,11,Moderate,Heavy,0
classical_classification_v1,3,90,test,origin_hour,11,Moderate,Severe,0
classical_classification_v1,3,90,test,origin_hour,11,Heavy,Free-flow,0
classical_classification_v1,3,90,test,origin_hour,11,Heavy,Moderate,3
classical_classification_v1,3,90,test,origin_hour,11,Heavy,Heavy,0
classical_classification_v1,3,90,test,origin_hour,11,Heavy,Severe,0
classical_classification_v1,3,90,test,origin_hour,11,Severe,Free-flow,0
classical_classification_v1,3,90,test,origin_hour,11,Severe,Moderate,0
classical_classification_v1,3,90,test,origin_hour,11,Severe,Heavy,0
classical_classification_v1,3,90,test,origin_hour,11,Severe,Severe,0
classical_classification_v1,3,90,test,origin_hour,12,Free-flow,Free-flow,701
classical_classification_v1,3,90,test,origin_hour,12,Free-flow,Moderate,125
classical_classification_v1,3,90,test,origin_hour,12,Free-flow,Heavy,0
classical_classification_v1,3,90,test,origin_hour,12,Free-flow,Severe,0
classical_classification_v1,3,90,test,origin_hour,12,Moderate,Free-flow,76
classical_classification_v1,3,90,test,origin_hour,12,Moderate,Moderate,245
classical_classification_v1,3,90,test,origin_hour,12,Moderate,Heavy,1
classical_classification_v1,3,90,test,origin_hour,12,Moderate,Severe,0
classical_classification_v1,3,90,test,origin_hour,12,Heavy,Free-flow,0
classical_classification_v1,3,90,test,origin_hour,12,Heavy,Moderate,2
classical_classification_v1,3,90,test,origin_hour,12,Heavy,Heavy,0
classical_classification_v1,3,90,test,origin_hour,12,Heavy,Severe,0
classical_classification_v1,3,90,test,origin_hour,12,Severe,Free-flow,0
classical_classification_v1,3,90,test,origin_hour,12,Severe,Moderate,0
classical_classification_v1,3,90,test,origin_hour,12,Severe,Heavy,0
classical_classification_v1,3,90,test,origin_hour,12,Severe,Severe,0
classical_classification_v1,3,90,test,origin_hour,13,Free-flow,Free-flow,495
classical_classification_v1,3,90,test,origin_hour,13,Free-flow,Moderate,171
classical_classification_v1,3,90,test,origin_hour,13,Free-flow,Heavy,0
classical_classification_v1,3,90,test,origin_hour,13,Free-flow,Severe,0
classical_classification_v1,3,90,test,origin_hour,13,Moderate,Free-flow,41
classical_classification_v1,3,90,test,origin_hour,13,Moderate,Moderate,427
classical_classification_v1,3,90,test,origin_hour,13,Moderate,Heavy,7
classical_classification_v1,3,90,test,origin_hour,13,Moderate,Severe,0
classical_classification_v1,3,90,test,origin_hour,13,Heavy,Free-flow,0
classical_classification_v1,3,90,test,origin_hour,13,Heavy,Moderate,3
classical_classification_v1,3,90,test,origin_hour,13,Heavy,Heavy,6
classical_classification_v1,3,90,test,origin_hour,13,Heavy,Severe,0
classical_classification_v1,3,90,test,origin_hour,13,Severe,Free-flow,0
classical_classification_v1,3,90,test,origin_hour,13,Severe,Moderate,0
classical_classification_v1,3,90,test,origin_hour,13,Severe,Heavy,0
classical_classification_v1,3,90,test,origin_hour,13,Severe,Severe,0
classical_classification_v1,3,90,test,origin_hour,14,Free-flow,Free-flow,209
classical_classification_v1,3,90,test,origin_hour,14,Free-flow,Moderate,77
classical_classification_v1,3,90,test,origin_hour,14,Free-flow,Heavy,0
classical_classification_v1,3,90,test,origin_hour,14,Free-flow,Severe,0
classical_classification_v1,3,90,test,origin_hour,14,Moderate,Free-flow,42
classical_classification_v1,3,90,test,origin_hour,14,Moderate,Moderate,734
classical_classification_v1,3,90,test,origin_hour,14,Moderate,Heavy,5
classical_classification_v1,3,90,test,origin_hour,14,Moderate,Severe,0
classical_classification_v1,3,90,test,origin_hour,14,Heavy,Free-flow,0
classical_classification_v1,3,90,test,origin_hour,14,Heavy,Moderate,49
classical_classification_v1,3,90,test,origin_hour,14,Heavy,Heavy,21
classical_classification_v1,3,90,test,origin_hour,14,Heavy,Severe,4
classical_classification_v1,3,90,test,origin_hour,14,Severe,Free-flow,0
classical_classification_v1,3,90,test,origin_hour,14,Severe,Moderate,1
classical_classification_v1,3,90,test,origin_hour,14,Severe,Heavy,5
classical_classification_v1,3,90,test,origin_hour,14,Severe,Severe,3
classical_classification_v1,3,90,test,origin_hour,15,Free-flow,Free-flow,49
classical_classification_v1,3,90,test,origin_hour,15,Free-flow,Moderate,18
classical_classification_v1,3,90,test,origin_hour,15,Free-flow,Heavy,1
classical_classification_v1,3,90,test,origin_hour,15,Free-flow,Severe,0
classical_classification_v1,3,90,test,origin_hour,15,Moderate,Free-flow,1
classical_classification_v1,3,90,test,origin_hour,15,Moderate,Moderate,276
classical_classification_v1,3,90,test,origin_hour,15,Moderate,Heavy,232
classical_classification_v1,3,90,test,origin_hour,15,Moderate,Severe,4
classical_classification_v1,3,90,test,origin_hour,15,Heavy,Free-flow,0
classical_classification_v1,3,90,test,origin_hour,15,Heavy,Moderate,7
classical_classification_v1,3,90,test,origin_hour,15,Heavy,Heavy,422
classical_classification_v1,3,90,test,origin_hour,15,Heavy,Severe,5
classical_classification_v1,3,90,test,origin_hour,15,Severe,Free-flow,0
classical_classification_v1,3,90,test,origin_hour,15,Severe,Moderate,1
classical_classification_v1,3,90,test,origin_hour,15,Severe,Heavy,87
classical_classification_v1,3,90,test,origin_hour,15,Severe,Severe,47
classical_classification_v1,3,90,test,origin_hour,16,Free-flow,Free-flow,50
classical_classification_v1,3,90,test,origin_hour,16,Free-flow,Moderate,1
classical_classification_v1,3,90,test,origin_hour,16,Free-flow,Heavy,0
classical_classification_v1,3,90,test,origin_hour,16,Free-flow,Severe,0
classical_classification_v1,3,90,test,origin_hour,16,Moderate,Free-flow,0
classical_classification_v1,3,90,test,origin_hour,16,Moderate,Moderate,262
classical_classification_v1,3,90,test,origin_hour,16,Moderate,Heavy,12
classical_classification_v1,3,90,test,origin_hour,16,Moderate,Severe,23
classical_classification_v1,3,90,test,origin_hour,16,Heavy,Free-flow,0
classical_classification_v1,3,90,test,origin_hour,16,Heavy,Moderate,36
classical_classification_v1,3,90,test,origin_hour,16,Heavy,Heavy,100
classical_classification_v1,3,90,test,origin_hour,16,Heavy,Severe,302
classical_classification_v1,3,90,test,origin_hour,16,Severe,Free-flow,0
classical_classification_v1,3,90,test,origin_hour,16,Severe,Moderate,1
classical_classification_v1,3,90,test,origin_hour,16,Severe,Heavy,67
classical_classification_v1,3,90,test,origin_hour,16,Severe,Severe,296
classical_classification_v1,3,90,test,origin_hour,17,Free-flow,Free-flow,49
classical_classification_v1,3,90,test,origin_hour,17,Free-flow,Moderate,17
classical_classification_v1,3,90,test,origin_hour,17,Free-flow,Heavy,1
classical_classification_v1,3,90,test,origin_hour,17,Free-flow,Severe,0
classical_classification_v1,3,90,test,origin_hour,17,Moderate,Free-flow,1
classical_classification_v1,3,90,test,origin_hour,17,Moderate,Moderate,277
classical_classification_v1,3,90,test,origin_hour,17,Moderate,Heavy,178
classical_classification_v1,3,90,test,origin_hour,17,Moderate,Severe,1
classical_classification_v1,3,90,test,origin_hour,17,Heavy,Free-flow,0
classical_classification_v1,3,90,test,origin_hour,17,Heavy,Moderate,6
classical_classification_v1,3,90,test,origin_hour,17,Heavy,Heavy,463
classical_classification_v1,3,90,test,origin_hour,17,Heavy,Severe,12
classical_classification_v1,3,90,test,origin_hour,17,Severe,Free-flow,0
classical_classification_v1,3,90,test,origin_hour,17,Severe,Moderate,0
classical_classification_v1,3,90,test,origin_hour,17,Severe,Heavy,108
classical_classification_v1,3,90,test,origin_hour,17,Severe,Severe,37
classical_classification_v1,3,90,test,origin_hour,18,Free-flow,Free-flow,197
classical_classification_v1,3,90,test,origin_hour,18,Free-flow,Moderate,211
classical_classification_v1,3,90,test,origin_hour,18,Free-flow,Heavy,0
classical_classification_v1,3,90,test,origin_hour,18,Free-flow,Severe,0
classical_classification_v1,3,90,test,origin_hour,18,Moderate,Free-flow,3
classical_classification_v1,3,90,test,origin_hour,18,Moderate,Moderate,674
classical_classification_v1,3,90,test,origin_hour,18,Moderate,Heavy,17
classical_classification_v1,3,90,test,origin_hour,18,Moderate,Severe,0
classical_classification_v1,3,90,test,origin_hour,18,Heavy,Free-flow,0
classical_classification_v1,3,90,test,origin_hour,18,Heavy,Moderate,27
classical_classification_v1,3,90,test,origin_hour,18,Heavy,Heavy,11
classical_classification_v1,3,90,test,origin_hour,18,Heavy,Severe,4
classical_classification_v1,3,90,test,origin_hour,18,Severe,Free-flow,0
classical_classification_v1,3,90,test,origin_hour,18,Severe,Moderate,0
classical_classification_v1,3,90,test,origin_hour,18,Severe,Heavy,4
classical_classification_v1,3,90,test,origin_hour,18,Severe,Severe,2
classical_classification_v1,3,90,test,origin_hour,19,Free-flow,Free-flow,1073
classical_classification_v1,3,90,test,origin_hour,19,Free-flow,Moderate,12
classical_classification_v1,3,90,test,origin_hour,19,Free-flow,Heavy,0
classical_classification_v1,3,90,test,origin_hour,19,Free-flow,Severe,0
classical_classification_v1,3,90,test,origin_hour,19,Moderate,Free-flow,48
classical_classification_v1,3,90,test,origin_hour,19,Moderate,Moderate,17
classical_classification_v1,3,90,test,origin_hour,19,Moderate,Heavy,0
classical_classification_v1,3,90,test,origin_hour,19,Moderate,Severe,0
classical_classification_v1,3,90,test,origin_hour,19,Heavy,Free-flow,0
classical_classification_v1,3,90,test,origin_hour,19,Heavy,Moderate,0
classical_classification_v1,3,90,test,origin_hour,19,Heavy,Heavy,0
classical_classification_v1,3,90,test,origin_hour,19,Heavy,Severe,0
classical_classification_v1,3,90,test,origin_hour,19,Severe,Free-flow,0
classical_classification_v1,3,90,test,origin_hour,19,Severe,Moderate,0
classical_classification_v1,3,90,test,origin_hour,19,Severe,Heavy,0
classical_classification_v1,3,90,test,origin_hour,19,Severe,Severe,0
classical_classification_v1,3,90,test,origin_hour,20,Free-flow,Free-flow,1150
classical_classification_v1,3,90,test,origin_hour,20,Free-flow,Moderate,0
classical_classification_v1,3,90,test,origin_hour,20,Free-flow,Heavy,0
classical_classification_v1,3,90,test,origin_hour,20,Free-flow,Severe,0
classical_classification_v1,3,90,test,origin_hour,20,Moderate,Free-flow,0
classical_classification_v1,3,90,test,origin_hour,20,Moderate,Moderate,0
classical_classification_v1,3,90,test,origin_hour,20,Moderate,Heavy,0
classical_classification_v1,3,90,test,origin_hour,20,Moderate,Severe,0
classical_classification_v1,3,90,test,origin_hour,20,Heavy,Free-flow,0
classical_classification_v1,3,90,test,origin_hour,20,Heavy,Moderate,0
classical_classification_v1,3,90,test,origin_hour,20,Heavy,Heavy,0
classical_classification_v1,3,90,test,origin_hour,20,Heavy,Severe,0
classical_classification_v1,3,90,test,origin_hour,20,Severe,Free-flow,0
classical_classification_v1,3,90,test,origin_hour,20,Severe,Moderate,0
classical_classification_v1,3,90,test,origin_hour,20,Severe,Heavy,0
classical_classification_v1,3,90,test,origin_hour,20,Severe,Severe,0
classical_classification_v1,3,90,test,origin_hour,21,Free-flow,Free-flow,1150
classical_classification_v1,3,90,test,origin_hour,21,Free-flow,Moderate,0
classical_classification_v1,3,90,test,origin_hour,21,Free-flow,Heavy,0
classical_classification_v1,3,90,test,origin_hour,21,Free-flow,Severe,0
classical_classification_v1,3,90,test,origin_hour,21,Moderate,Free-flow,0
classical_classification_v1,3,90,test,origin_hour,21,Moderate,Moderate,0
classical_classification_v1,3,90,test,origin_hour,21,Moderate,Heavy,0
classical_classification_v1,3,90,test,origin_hour,21,Moderate,Severe,0
classical_classification_v1,3,90,test,origin_hour,21,Heavy,Free-flow,0
classical_classification_v1,3,90,test,origin_hour,21,Heavy,Moderate,0
classical_classification_v1,3,90,test,origin_hour,21,Heavy,Heavy,0
classical_classification_v1,3,90,test,origin_hour,21,Heavy,Severe,0
classical_classification_v1,3,90,test,origin_hour,21,Severe,Free-flow,0
classical_classification_v1,3,90,test,origin_hour,21,Severe,Moderate,0
classical_classification_v1,3,90,test,origin_hour,21,Severe,Heavy,0
classical_classification_v1,3,90,test,origin_hour,21,Severe,Severe,0
classical_classification_v1,3,90,test,origin_hour,22,Free-flow,Free-flow,1125
classical_classification_v1,3,90,test,origin_hour,22,Free-flow,Moderate,0
classical_classification_v1,3,90,test,origin_hour,22,Free-flow,Heavy,0
classical_classification_v1,3,90,test,origin_hour,22,Free-flow,Severe,0
classical_classification_v1,3,90,test,origin_hour,22,Moderate,Free-flow,0
classical_classification_v1,3,90,test,origin_hour,22,Moderate,Moderate,0
classical_classification_v1,3,90,test,origin_hour,22,Moderate,Heavy,0
classical_classification_v1,3,90,test,origin_hour,22,Moderate,Severe,0
classical_classification_v1,3,90,test,origin_hour,22,Heavy,Free-flow,0
classical_classification_v1,3,90,test,origin_hour,22,Heavy,Moderate,0
classical_classification_v1,3,90,test,origin_hour,22,Heavy,Heavy,0
classical_classification_v1,3,90,test,origin_hour,22,Heavy,Severe,0
classical_classification_v1,3,90,test,origin_hour,22,Severe,Free-flow,0
classical_classification_v1,3,90,test,origin_hour,22,Severe,Moderate,0
classical_classification_v1,3,90,test,origin_hour,22,Severe,Heavy,0
classical_classification_v1,3,90,test,origin_hour,22,Severe,Severe,0
classical_classification_v1,3,90,test,origin_hour,23,Free-flow,Free-flow,1100
classical_classification_v1,3,90,test,origin_hour,23,Free-flow,Moderate,0
classical_classification_v1,3,90,test,origin_hour,23,Free-flow,Heavy,0
classical_classification_v1,3,90,test,origin_hour,23,Free-flow,Severe,0
classical_classification_v1,3,90,test,origin_hour,23,Moderate,Free-flow,0
classical_classification_v1,3,90,test,origin_hour,23,Moderate,Moderate,0
classical_classification_v1,3,90,test,origin_hour,23,Moderate,Heavy,0
classical_classification_v1,3,90,test,origin_hour,23,Moderate,Severe,0
classical_classification_v1,3,90,test,origin_hour,23,Heavy,Free-flow,0
classical_classification_v1,3,90,test,origin_hour,23,Heavy,Moderate,0
classical_classification_v1,3,90,test,origin_hour,23,Heavy,Heavy,0
classical_classification_v1,3,90,test,origin_hour,23,Heavy,Severe,0
classical_classification_v1,3,90,test,origin_hour,23,Severe,Free-flow,0
classical_classification_v1,3,90,test,origin_hour,23,Severe,Moderate,0
classical_classification_v1,3,90,test,origin_hour,23,Severe,Heavy,0
classical_classification_v1,3,90,test,origin_hour,23,Severe,Severe,0
classical_classification_v1,3,90,test,weekday,Friday,Free-flow,Free-flow,2085
classical_classification_v1,3,90,test,weekday,Friday,Free-flow,Moderate,279
classical_classification_v1,3,90,test,weekday,Friday,Free-flow,Heavy,1
classical_classification_v1,3,90,test,weekday,Friday,Free-flow,Severe,0
classical_classification_v1,3,90,test,weekday,Friday,Moderate,Free-flow,69
classical_classification_v1,3,90,test,weekday,Friday,Moderate,Moderate,843
classical_classification_v1,3,90,test,weekday,Friday,Moderate,Heavy,197
classical_classification_v1,3,90,test,weekday,Friday,Moderate,Severe,9
classical_classification_v1,3,90,test,weekday,Friday,Heavy,Free-flow,0
classical_classification_v1,3,90,test,weekday,Friday,Heavy,Moderate,23
classical_classification_v1,3,90,test,weekday,Friday,Heavy,Heavy,409
classical_classification_v1,3,90,test,weekday,Friday,Heavy,Severe,157
classical_classification_v1,3,90,test,weekday,Friday,Severe,Free-flow,0
classical_classification_v1,3,90,test,weekday,Friday,Severe,Moderate,1
classical_classification_v1,3,90,test,weekday,Friday,Severe,Heavy,82
classical_classification_v1,3,90,test,weekday,Friday,Severe,Severe,220
classical_classification_v1,3,90,test,weekday,Monday,Free-flow,Free-flow,1759
classical_classification_v1,3,90,test,weekday,Monday,Free-flow,Moderate,204
classical_classification_v1,3,90,test,weekday,Monday,Free-flow,Heavy,6
classical_classification_v1,3,90,test,weekday,Monday,Free-flow,Severe,0
classical_classification_v1,3,90,test,weekday,Monday,Moderate,Free-flow,73
classical_classification_v1,3,90,test,weekday,Monday,Moderate,Moderate,649
classical_classification_v1,3,90,test,weekday,Monday,Moderate,Heavy,160
classical_classification_v1,3,90,test,weekday,Monday,Moderate,Severe,8
classical_classification_v1,3,90,test,weekday,Monday,Heavy,Free-flow,0
classical_classification_v1,3,90,test,weekday,Monday,Heavy,Moderate,17
classical_classification_v1,3,90,test,weekday,Monday,Heavy,Heavy,325
classical_classification_v1,3,90,test,weekday,Monday,Heavy,Severe,136
classical_classification_v1,3,90,test,weekday,Monday,Severe,Free-flow,0
classical_classification_v1,3,90,test,weekday,Monday,Severe,Moderate,0
classical_classification_v1,3,90,test,weekday,Monday,Severe,Heavy,73
classical_classification_v1,3,90,test,weekday,Monday,Severe,Severe,190
classical_classification_v1,3,90,test,weekday,Saturday,Free-flow,Free-flow,3239
classical_classification_v1,3,90,test,weekday,Saturday,Free-flow,Moderate,157
classical_classification_v1,3,90,test,weekday,Saturday,Free-flow,Heavy,0
classical_classification_v1,3,90,test,weekday,Saturday,Free-flow,Severe,0
classical_classification_v1,3,90,test,weekday,Saturday,Moderate,Free-flow,75
classical_classification_v1,3,90,test,weekday,Saturday,Moderate,Moderate,1033
classical_classification_v1,3,90,test,weekday,Saturday,Moderate,Heavy,88
classical_classification_v1,3,90,test,weekday,Saturday,Moderate,Severe,0
classical_classification_v1,3,90,test,weekday,Saturday,Heavy,Free-flow,0
classical_classification_v1,3,90,test,weekday,Saturday,Heavy,Moderate,76
classical_classification_v1,3,90,test,weekday,Saturday,Heavy,Heavy,49
classical_classification_v1,3,90,test,weekday,Saturday,Heavy,Severe,0
classical_classification_v1,3,90,test,weekday,Saturday,Severe,Free-flow,0
classical_classification_v1,3,90,test,weekday,Saturday,Severe,Moderate,4
classical_classification_v1,3,90,test,weekday,Saturday,Severe,Heavy,4
classical_classification_v1,3,90,test,weekday,Saturday,Severe,Severe,0
classical_classification_v1,3,90,test,weekday,Sunday,Free-flow,Free-flow,2853
classical_classification_v1,3,90,test,weekday,Sunday,Free-flow,Moderate,92
classical_classification_v1,3,90,test,weekday,Sunday,Free-flow,Heavy,0
classical_classification_v1,3,90,test,weekday,Sunday,Free-flow,Severe,0
classical_classification_v1,3,90,test,weekday,Sunday,Moderate,Free-flow,43
classical_classification_v1,3,90,test,weekday,Sunday,Moderate,Moderate,507
classical_classification_v1,3,90,test,weekday,Sunday,Moderate,Heavy,45
classical_classification_v1,3,90,test,weekday,Sunday,Moderate,Severe,0
classical_classification_v1,3,90,test,weekday,Sunday,Heavy,Free-flow,0
classical_classification_v1,3,90,test,weekday,Sunday,Heavy,Moderate,32
classical_classification_v1,3,90,test,weekday,Sunday,Heavy,Heavy,28
classical_classification_v1,3,90,test,weekday,Sunday,Heavy,Severe,0
classical_classification_v1,3,90,test,weekday,Sunday,Severe,Free-flow,0
classical_classification_v1,3,90,test,weekday,Sunday,Severe,Moderate,0
classical_classification_v1,3,90,test,weekday,Sunday,Severe,Heavy,0
classical_classification_v1,3,90,test,weekday,Sunday,Severe,Severe,0
classical_classification_v1,3,90,test,weekday,Thursday,Free-flow,Free-flow,1623
classical_classification_v1,3,90,test,weekday,Thursday,Free-flow,Moderate,140
classical_classification_v1,3,90,test,weekday,Thursday,Free-flow,Heavy,0
classical_classification_v1,3,90,test,weekday,Thursday,Free-flow,Severe,0
classical_classification_v1,3,90,test,weekday,Thursday,Moderate,Free-flow,53
classical_classification_v1,3,90,test,weekday,Thursday,Moderate,Moderate,695
classical_classification_v1,3,90,test,weekday,Thursday,Moderate,Heavy,153
classical_classification_v1,3,90,test,weekday,Thursday,Moderate,Severe,8
classical_classification_v1,3,90,test,weekday,Thursday,Heavy,Free-flow,0
classical_classification_v1,3,90,test,weekday,Thursday,Heavy,Moderate,36
classical_classification_v1,3,90,test,weekday,Thursday,Heavy,Heavy,281
classical_classification_v1,3,90,test,weekday,Thursday,Heavy,Severe,138
classical_classification_v1,3,90,test,weekday,Thursday,Severe,Free-flow,0
classical_classification_v1,3,90,test,weekday,Thursday,Severe,Moderate,0
classical_classification_v1,3,90,test,weekday,Thursday,Severe,Heavy,79
classical_classification_v1,3,90,test,weekday,Thursday,Severe,Severe,394
classical_classification_v1,3,90,test,weekday,Tuesday,Free-flow,Free-flow,1743
classical_classification_v1,3,90,test,weekday,Tuesday,Free-flow,Moderate,188
classical_classification_v1,3,90,test,weekday,Tuesday,Free-flow,Heavy,0
classical_classification_v1,3,90,test,weekday,Tuesday,Free-flow,Severe,0
classical_classification_v1,3,90,test,weekday,Tuesday,Moderate,Free-flow,51
classical_classification_v1,3,90,test,weekday,Tuesday,Moderate,Moderate,702
classical_classification_v1,3,90,test,weekday,Tuesday,Moderate,Heavy,163
classical_classification_v1,3,90,test,weekday,Tuesday,Moderate,Severe,8
classical_classification_v1,3,90,test,weekday,Tuesday,Heavy,Free-flow,0
classical_classification_v1,3,90,test,weekday,Tuesday,Heavy,Moderate,20
classical_classification_v1,3,90,test,weekday,Tuesday,Heavy,Heavy,311
classical_classification_v1,3,90,test,weekday,Tuesday,Heavy,Severe,138
classical_classification_v1,3,90,test,weekday,Tuesday,Severe,Free-flow,0
classical_classification_v1,3,90,test,weekday,Tuesday,Severe,Moderate,0
classical_classification_v1,3,90,test,weekday,Tuesday,Severe,Heavy,80
classical_classification_v1,3,90,test,weekday,Tuesday,Severe,Severe,196
classical_classification_v1,3,90,test,weekday,Wednesday,Free-flow,Free-flow,1762
classical_classification_v1,3,90,test,weekday,Wednesday,Free-flow,Moderate,186
classical_classification_v1,3,90,test,weekday,Wednesday,Free-flow,Heavy,0
classical_classification_v1,3,90,test,weekday,Wednesday,Free-flow,Severe,0
classical_classification_v1,3,90,test,weekday,Wednesday,Moderate,Free-flow,56
classical_classification_v1,3,90,test,weekday,Wednesday,Moderate,Moderate,674
classical_classification_v1,3,90,test,weekday,Wednesday,Moderate,Heavy,192
classical_classification_v1,3,90,test,weekday,Wednesday,Moderate,Severe,13
classical_classification_v1,3,90,test,weekday,Wednesday,Heavy,Free-flow,0
classical_classification_v1,3,90,test,weekday,Wednesday,Heavy,Moderate,22
classical_classification_v1,3,90,test,weekday,Wednesday,Heavy,Heavy,314
classical_classification_v1,3,90,test,weekday,Wednesday,Heavy,Severe,141
classical_classification_v1,3,90,test,weekday,Wednesday,Severe,Free-flow,0
classical_classification_v1,3,90,test,weekday,Wednesday,Severe,Moderate,0
classical_classification_v1,3,90,test,weekday,Wednesday,Severe,Heavy,56
classical_classification_v1,3,90,test,weekday,Wednesday,Severe,Severe,184
classical_classification_v1,3,90,test,weekday_type,weekday,Free-flow,Free-flow,8972
classical_classification_v1,3,90,test,weekday_type,weekday,Free-flow,Moderate,997
classical_classification_v1,3,90,test,weekday_type,weekday,Free-flow,Heavy,7
classical_classification_v1,3,90,test,weekday_type,weekday,Free-flow,Severe,0
classical_classification_v1,3,90,test,weekday_type,weekday,Moderate,Free-flow,302
classical_classification_v1,3,90,test,weekday_type,weekday,Moderate,Moderate,3563
classical_classification_v1,3,90,test,weekday_type,weekday,Moderate,Heavy,865
classical_classification_v1,3,90,test,weekday_type,weekday,Moderate,Severe,46
classical_classification_v1,3,90,test,weekday_type,weekday,Heavy,Free-flow,0
classical_classification_v1,3,90,test,weekday_type,weekday,Heavy,Moderate,118
classical_classification_v1,3,90,test,weekday_type,weekday,Heavy,Heavy,1640
classical_classification_v1,3,90,test,weekday_type,weekday,Heavy,Severe,710
classical_classification_v1,3,90,test,weekday_type,weekday,Severe,Free-flow,0
classical_classification_v1,3,90,test,weekday_type,weekday,Severe,Moderate,1
classical_classification_v1,3,90,test,weekday_type,weekday,Severe,Heavy,370
classical_classification_v1,3,90,test,weekday_type,weekday,Severe,Severe,1184
classical_classification_v1,3,90,test,weekday_type,weekend,Free-flow,Free-flow,6092
classical_classification_v1,3,90,test,weekday_type,weekend,Free-flow,Moderate,249
classical_classification_v1,3,90,test,weekday_type,weekend,Free-flow,Heavy,0
classical_classification_v1,3,90,test,weekday_type,weekend,Free-flow,Severe,0
classical_classification_v1,3,90,test,weekday_type,weekend,Moderate,Free-flow,118
classical_classification_v1,3,90,test,weekday_type,weekend,Moderate,Moderate,1540
classical_classification_v1,3,90,test,weekday_type,weekend,Moderate,Heavy,133
classical_classification_v1,3,90,test,weekday_type,weekend,Moderate,Severe,0
classical_classification_v1,3,90,test,weekday_type,weekend,Heavy,Free-flow,0
classical_classification_v1,3,90,test,weekday_type,weekend,Heavy,Moderate,108
classical_classification_v1,3,90,test,weekday_type,weekend,Heavy,Heavy,77
classical_classification_v1,3,90,test,weekday_type,weekend,Heavy,Severe,0
classical_classification_v1,3,90,test,weekday_type,weekend,Severe,Free-flow,0
classical_classification_v1,3,90,test,weekday_type,weekend,Severe,Moderate,4
classical_classification_v1,3,90,test,weekday_type,weekend,Severe,Heavy,4
classical_classification_v1,3,90,test,weekday_type,weekend,Severe,Severe,0
classical_classification_v1,3,90,test,peak_status,evening_peak,Free-flow,Free-flow,1319
classical_classification_v1,3,90,test,peak_status,evening_peak,Free-flow,Moderate,240
classical_classification_v1,3,90,test,peak_status,evening_peak,Free-flow,Heavy,1
classical_classification_v1,3,90,test,peak_status,evening_peak,Free-flow,Severe,0
classical_classification_v1,3,90,test,peak_status,evening_peak,Moderate,Free-flow,52
classical_classification_v1,3,90,test,peak_status,evening_peak,Moderate,Moderate,968
classical_classification_v1,3,90,test,peak_status,evening_peak,Moderate,Heavy,195
classical_classification_v1,3,90,test,peak_status,evening_peak,Moderate,Severe,1
classical_classification_v1,3,90,test,peak_status,evening_peak,Heavy,Free-flow,0
classical_classification_v1,3,90,test,peak_status,evening_peak,Heavy,Moderate,33
classical_classification_v1,3,90,test,peak_status,evening_peak,Heavy,Heavy,474
classical_classification_v1,3,90,test,peak_status,evening_peak,Heavy,Severe,16
classical_classification_v1,3,90,test,peak_status,evening_peak,Severe,Free-flow,0
classical_classification_v1,3,90,test,peak_status,evening_peak,Severe,Moderate,0
classical_classification_v1,3,90,test,peak_status,evening_peak,Severe,Heavy,112
classical_classification_v1,3,90,test,peak_status,evening_peak,Severe,Severe,39
classical_classification_v1,3,90,test,peak_status,morning_peak,Free-flow,Free-flow,408
classical_classification_v1,3,90,test,peak_status,morning_peak,Free-flow,Moderate,153
classical_classification_v1,3,90,test,peak_status,morning_peak,Free-flow,Heavy,4
classical_classification_v1,3,90,test,peak_status,morning_peak,Free-flow,Severe,0
classical_classification_v1,3,90,test,peak_status,morning_peak,Moderate,Free-flow,44
classical_classification_v1,3,90,test,peak_status,morning_peak,Moderate,Moderate,948
classical_classification_v1,3,90,test,peak_status,morning_peak,Moderate,Heavy,421
classical_classification_v1,3,90,test,peak_status,morning_peak,Moderate,Severe,10
classical_classification_v1,3,90,test,peak_status,morning_peak,Heavy,Free-flow,0
classical_classification_v1,3,90,test,peak_status,morning_peak,Heavy,Moderate,49
classical_classification_v1,3,90,test,peak_status,morning_peak,Heavy,Heavy,461
classical_classification_v1,3,90,test,peak_status,morning_peak,Heavy,Severe,219
classical_classification_v1,3,90,test,peak_status,morning_peak,Severe,Free-flow,0
classical_classification_v1,3,90,test,peak_status,morning_peak,Severe,Moderate,1
classical_classification_v1,3,90,test,peak_status,morning_peak,Severe,Heavy,86
classical_classification_v1,3,90,test,peak_status,morning_peak,Severe,Severe,571
classical_classification_v1,3,90,test,peak_status,off_peak,Free-flow,Free-flow,13337
classical_classification_v1,3,90,test,peak_status,off_peak,Free-flow,Moderate,853
classical_classification_v1,3,90,test,peak_status,off_peak,Free-flow,Heavy,2
classical_classification_v1,3,90,test,peak_status,off_peak,Free-flow,Severe,0
classical_classification_v1,3,90,test,peak_status,off_peak,Moderate,Free-flow,324
classical_classification_v1,3,90,test,peak_status,off_peak,Moderate,Moderate,3187
classical_classification_v1,3,90,test,peak_status,off_peak,Moderate,Heavy,382
classical_classification_v1,3,90,test,peak_status,off_peak,Moderate,Severe,35
classical_classification_v1,3,90,test,peak_status,off_peak,Heavy,Free-flow,0
classical_classification_v1,3,90,test,peak_status,off_peak,Heavy,Moderate,144
classical_classification_v1,3,90,test,peak_status,off_peak,Heavy,Heavy,782
classical_classification_v1,3,90,test,peak_status,off_peak,Heavy,Severe,475
classical_classification_v1,3,90,test,peak_status,off_peak,Severe,Free-flow,0
classical_classification_v1,3,90,test,peak_status,off_peak,Severe,Moderate,4
classical_classification_v1,3,90,test,peak_status,off_peak,Severe,Heavy,176
classical_classification_v1,3,90,test,peak_status,off_peak,Severe,Severe,574
classical_classification_v1,3,90,test,weather_condition,Clear,Free-flow,Free-flow,11483
classical_classification_v1,3,90,test,weather_condition,Clear,Free-flow,Moderate,957
classical_classification_v1,3,90,test,weather_condition,Clear,Free-flow,Heavy,7
classical_classification_v1,3,90,test,weather_condition,Clear,Free-flow,Severe,0
classical_classification_v1,3,90,test,weather_condition,Clear,Moderate,Free-flow,298
classical_classification_v1,3,90,test,weather_condition,Clear,Moderate,Moderate,3942
classical_classification_v1,3,90,test,weather_condition,Clear,Moderate,Heavy,684
classical_classification_v1,3,90,test,weather_condition,Clear,Moderate,Severe,29
classical_classification_v1,3,90,test,weather_condition,Clear,Heavy,Free-flow,0
classical_classification_v1,3,90,test,weather_condition,Clear,Heavy,Moderate,178
classical_classification_v1,3,90,test,weather_condition,Clear,Heavy,Heavy,1244
classical_classification_v1,3,90,test,weather_condition,Clear,Heavy,Severe,474
classical_classification_v1,3,90,test,weather_condition,Clear,Severe,Free-flow,0
classical_classification_v1,3,90,test,weather_condition,Clear,Severe,Moderate,4
classical_classification_v1,3,90,test,weather_condition,Clear,Severe,Heavy,288
classical_classification_v1,3,90,test,weather_condition,Clear,Severe,Severe,792
classical_classification_v1,3,90,test,weather_condition,Cloudy,Free-flow,Free-flow,2324
classical_classification_v1,3,90,test,weather_condition,Cloudy,Free-flow,Moderate,172
classical_classification_v1,3,90,test,weather_condition,Cloudy,Free-flow,Heavy,0
classical_classification_v1,3,90,test,weather_condition,Cloudy,Free-flow,Severe,0
classical_classification_v1,3,90,test,weather_condition,Cloudy,Moderate,Free-flow,67
classical_classification_v1,3,90,test,weather_condition,Cloudy,Moderate,Moderate,742
classical_classification_v1,3,90,test,weather_condition,Cloudy,Moderate,Heavy,195
classical_classification_v1,3,90,test,weather_condition,Cloudy,Moderate,Severe,7
classical_classification_v1,3,90,test,weather_condition,Cloudy,Heavy,Free-flow,0
classical_classification_v1,3,90,test,weather_condition,Cloudy,Heavy,Moderate,28
classical_classification_v1,3,90,test,weather_condition,Cloudy,Heavy,Heavy,341
classical_classification_v1,3,90,test,weather_condition,Cloudy,Heavy,Severe,156
classical_classification_v1,3,90,test,weather_condition,Cloudy,Severe,Free-flow,0
classical_classification_v1,3,90,test,weather_condition,Cloudy,Severe,Moderate,0
classical_classification_v1,3,90,test,weather_condition,Cloudy,Severe,Heavy,67
classical_classification_v1,3,90,test,weather_condition,Cloudy,Severe,Severe,317
classical_classification_v1,3,90,test,weather_condition,Fog,Free-flow,Free-flow,49
classical_classification_v1,3,90,test,weather_condition,Fog,Free-flow,Moderate,11
classical_classification_v1,3,90,test,weather_condition,Fog,Free-flow,Heavy,0
classical_classification_v1,3,90,test,weather_condition,Fog,Free-flow,Severe,0
classical_classification_v1,3,90,test,weather_condition,Fog,Moderate,Free-flow,5
classical_classification_v1,3,90,test,weather_condition,Fog,Moderate,Moderate,35
classical_classification_v1,3,90,test,weather_condition,Fog,Moderate,Heavy,18
classical_classification_v1,3,90,test,weather_condition,Fog,Moderate,Severe,0
classical_classification_v1,3,90,test,weather_condition,Fog,Heavy,Free-flow,0
classical_classification_v1,3,90,test,weather_condition,Fog,Heavy,Moderate,9
classical_classification_v1,3,90,test,weather_condition,Fog,Heavy,Heavy,4
classical_classification_v1,3,90,test,weather_condition,Fog,Heavy,Severe,14
classical_classification_v1,3,90,test,weather_condition,Fog,Severe,Free-flow,0
classical_classification_v1,3,90,test,weather_condition,Fog,Severe,Moderate,0
classical_classification_v1,3,90,test,weather_condition,Fog,Severe,Heavy,0
classical_classification_v1,3,90,test,weather_condition,Fog,Severe,Severe,21
classical_classification_v1,3,90,test,weather_condition,Overcast,Free-flow,Free-flow,483
classical_classification_v1,3,90,test,weather_condition,Overcast,Free-flow,Moderate,49
classical_classification_v1,3,90,test,weather_condition,Overcast,Free-flow,Heavy,0
classical_classification_v1,3,90,test,weather_condition,Overcast,Free-flow,Severe,0
classical_classification_v1,3,90,test,weather_condition,Overcast,Moderate,Free-flow,20
classical_classification_v1,3,90,test,weather_condition,Overcast,Moderate,Moderate,233
classical_classification_v1,3,90,test,weather_condition,Overcast,Moderate,Heavy,40
classical_classification_v1,3,90,test,weather_condition,Overcast,Moderate,Severe,0
classical_classification_v1,3,90,test,weather_condition,Overcast,Heavy,Free-flow,0
classical_classification_v1,3,90,test,weather_condition,Overcast,Heavy,Moderate,9
classical_classification_v1,3,90,test,weather_condition,Overcast,Heavy,Heavy,71
classical_classification_v1,3,90,test,weather_condition,Overcast,Heavy,Severe,18
classical_classification_v1,3,90,test,weather_condition,Overcast,Severe,Free-flow,0
classical_classification_v1,3,90,test,weather_condition,Overcast,Severe,Moderate,1
classical_classification_v1,3,90,test,weather_condition,Overcast,Severe,Heavy,11
classical_classification_v1,3,90,test,weather_condition,Overcast,Severe,Severe,35
classical_classification_v1,3,90,test,weather_condition,Rain,Free-flow,Free-flow,725
classical_classification_v1,3,90,test,weather_condition,Rain,Free-flow,Moderate,57
classical_classification_v1,3,90,test,weather_condition,Rain,Free-flow,Heavy,0
classical_classification_v1,3,90,test,weather_condition,Rain,Free-flow,Severe,0
classical_classification_v1,3,90,test,weather_condition,Rain,Moderate,Free-flow,30
classical_classification_v1,3,90,test,weather_condition,Rain,Moderate,Moderate,151
classical_classification_v1,3,90,test,weather_condition,Rain,Moderate,Heavy,61
classical_classification_v1,3,90,test,weather_condition,Rain,Moderate,Severe,10
classical_classification_v1,3,90,test,weather_condition,Rain,Heavy,Free-flow,0
classical_classification_v1,3,90,test,weather_condition,Rain,Heavy,Moderate,2
classical_classification_v1,3,90,test,weather_condition,Rain,Heavy,Heavy,57
classical_classification_v1,3,90,test,weather_condition,Rain,Heavy,Severe,48
classical_classification_v1,3,90,test,weather_condition,Rain,Severe,Free-flow,0
classical_classification_v1,3,90,test,weather_condition,Rain,Severe,Moderate,0
classical_classification_v1,3,90,test,weather_condition,Rain,Severe,Heavy,8
classical_classification_v1,3,90,test,weather_condition,Rain,Severe,Severe,19
classical_classification_v1,3,90,test,actual_congestion,Free-flow,Free-flow,Free-flow,15064
classical_classification_v1,3,90,test,actual_congestion,Free-flow,Free-flow,Moderate,1246
classical_classification_v1,3,90,test,actual_congestion,Free-flow,Free-flow,Heavy,7
classical_classification_v1,3,90,test,actual_congestion,Free-flow,Free-flow,Severe,0
classical_classification_v1,3,90,test,actual_congestion,Free-flow,Moderate,Free-flow,0
classical_classification_v1,3,90,test,actual_congestion,Free-flow,Moderate,Moderate,0
classical_classification_v1,3,90,test,actual_congestion,Free-flow,Moderate,Heavy,0
classical_classification_v1,3,90,test,actual_congestion,Free-flow,Moderate,Severe,0
classical_classification_v1,3,90,test,actual_congestion,Free-flow,Heavy,Free-flow,0
classical_classification_v1,3,90,test,actual_congestion,Free-flow,Heavy,Moderate,0
classical_classification_v1,3,90,test,actual_congestion,Free-flow,Heavy,Heavy,0
classical_classification_v1,3,90,test,actual_congestion,Free-flow,Heavy,Severe,0
classical_classification_v1,3,90,test,actual_congestion,Free-flow,Severe,Free-flow,0
classical_classification_v1,3,90,test,actual_congestion,Free-flow,Severe,Moderate,0
classical_classification_v1,3,90,test,actual_congestion,Free-flow,Severe,Heavy,0
classical_classification_v1,3,90,test,actual_congestion,Free-flow,Severe,Severe,0
classical_classification_v1,3,90,test,actual_congestion,Heavy,Free-flow,Free-flow,0
classical_classification_v1,3,90,test,actual_congestion,Heavy,Free-flow,Moderate,0
classical_classification_v1,3,90,test,actual_congestion,Heavy,Free-flow,Heavy,0
classical_classification_v1,3,90,test,actual_congestion,Heavy,Free-flow,Severe,0
classical_classification_v1,3,90,test,actual_congestion,Heavy,Moderate,Free-flow,0
classical_classification_v1,3,90,test,actual_congestion,Heavy,Moderate,Moderate,0
classical_classification_v1,3,90,test,actual_congestion,Heavy,Moderate,Heavy,0
classical_classification_v1,3,90,test,actual_congestion,Heavy,Moderate,Severe,0
classical_classification_v1,3,90,test,actual_congestion,Heavy,Heavy,Free-flow,0
classical_classification_v1,3,90,test,actual_congestion,Heavy,Heavy,Moderate,226
classical_classification_v1,3,90,test,actual_congestion,Heavy,Heavy,Heavy,1717
classical_classification_v1,3,90,test,actual_congestion,Heavy,Heavy,Severe,710
classical_classification_v1,3,90,test,actual_congestion,Heavy,Severe,Free-flow,0
classical_classification_v1,3,90,test,actual_congestion,Heavy,Severe,Moderate,0
classical_classification_v1,3,90,test,actual_congestion,Heavy,Severe,Heavy,0
classical_classification_v1,3,90,test,actual_congestion,Heavy,Severe,Severe,0
classical_classification_v1,3,90,test,actual_congestion,Moderate,Free-flow,Free-flow,0
classical_classification_v1,3,90,test,actual_congestion,Moderate,Free-flow,Moderate,0
classical_classification_v1,3,90,test,actual_congestion,Moderate,Free-flow,Heavy,0
classical_classification_v1,3,90,test,actual_congestion,Moderate,Free-flow,Severe,0
classical_classification_v1,3,90,test,actual_congestion,Moderate,Moderate,Free-flow,420
classical_classification_v1,3,90,test,actual_congestion,Moderate,Moderate,Moderate,5103
classical_classification_v1,3,90,test,actual_congestion,Moderate,Moderate,Heavy,998
classical_classification_v1,3,90,test,actual_congestion,Moderate,Moderate,Severe,46
classical_classification_v1,3,90,test,actual_congestion,Moderate,Heavy,Free-flow,0
classical_classification_v1,3,90,test,actual_congestion,Moderate,Heavy,Moderate,0
classical_classification_v1,3,90,test,actual_congestion,Moderate,Heavy,Heavy,0
classical_classification_v1,3,90,test,actual_congestion,Moderate,Heavy,Severe,0
classical_classification_v1,3,90,test,actual_congestion,Moderate,Severe,Free-flow,0
classical_classification_v1,3,90,test,actual_congestion,Moderate,Severe,Moderate,0
classical_classification_v1,3,90,test,actual_congestion,Moderate,Severe,Heavy,0
classical_classification_v1,3,90,test,actual_congestion,Moderate,Severe,Severe,0
classical_classification_v1,3,90,test,actual_congestion,Severe,Free-flow,Free-flow,0
classical_classification_v1,3,90,test,actual_congestion,Severe,Free-flow,Moderate,0
classical_classification_v1,3,90,test,actual_congestion,Severe,Free-flow,Heavy,0
classical_classification_v1,3,90,test,actual_congestion,Severe,Free-flow,Severe,0
classical_classification_v1,3,90,test,actual_congestion,Severe,Moderate,Free-flow,0
classical_classification_v1,3,90,test,actual_congestion,Severe,Moderate,Moderate,0
classical_classification_v1,3,90,test,actual_congestion,Severe,Moderate,Heavy,0
classical_classification_v1,3,90,test,actual_congestion,Severe,Moderate,Severe,0
classical_classification_v1,3,90,test,actual_congestion,Severe,Heavy,Free-flow,0
classical_classification_v1,3,90,test,actual_congestion,Severe,Heavy,Moderate,0
classical_classification_v1,3,90,test,actual_congestion,Severe,Heavy,Heavy,0
classical_classification_v1,3,90,test,actual_congestion,Severe,Heavy,Severe,0
classical_classification_v1,3,90,test,actual_congestion,Severe,Severe,Free-flow,0
classical_classification_v1,3,90,test,actual_congestion,Severe,Severe,Moderate,5
classical_classification_v1,3,90,test,actual_congestion,Severe,Severe,Heavy,374
classical_classification_v1,3,90,test,actual_congestion,Severe,Severe,Severe,1184
classical_classification_v1,3,90,validation,overall,all,Free-flow,Free-flow,15189
classical_classification_v1,3,90,validation,overall,all,Free-flow,Moderate,1296
classical_classification_v1,3,90,validation,overall,all,Free-flow,Heavy,1
classical_classification_v1,3,90,validation,overall,all,Free-flow,Severe,0
classical_classification_v1,3,90,validation,overall,all,Moderate,Free-flow,438
classical_classification_v1,3,90,validation,overall,all,Moderate,Moderate,5142
classical_classification_v1,3,90,validation,overall,all,Moderate,Heavy,973
classical_classification_v1,3,90,validation,overall,all,Moderate,Severe,41
classical_classification_v1,3,90,validation,overall,all,Heavy,Free-flow,4
classical_classification_v1,3,90,validation,overall,all,Heavy,Moderate,222
classical_classification_v1,3,90,validation,overall,all,Heavy,Heavy,1732
classical_classification_v1,3,90,validation,overall,all,Heavy,Severe,629
classical_classification_v1,3,90,validation,overall,all,Severe,Free-flow,1
classical_classification_v1,3,90,validation,overall,all,Severe,Moderate,5
classical_classification_v1,3,90,validation,overall,all,Severe,Heavy,381
classical_classification_v1,3,90,validation,overall,all,Severe,Severe,1046
classical_classification_v1,3,90,validation,road_id,NL-001,Free-flow,Free-flow,644
classical_classification_v1,3,90,validation,road_id,NL-001,Free-flow,Moderate,56
classical_classification_v1,3,90,validation,road_id,NL-001,Free-flow,Heavy,0
classical_classification_v1,3,90,validation,road_id,NL-001,Free-flow,Severe,0
classical_classification_v1,3,90,validation,road_id,NL-001,Moderate,Free-flow,19
classical_classification_v1,3,90,validation,road_id,NL-001,Moderate,Moderate,163
classical_classification_v1,3,90,validation,road_id,NL-001,Moderate,Heavy,46
classical_classification_v1,3,90,validation,road_id,NL-001,Moderate,Severe,1
classical_classification_v1,3,90,validation,road_id,NL-001,Heavy,Free-flow,1
classical_classification_v1,3,90,validation,road_id,NL-001,Heavy,Moderate,7
classical_classification_v1,3,90,validation,road_id,NL-001,Heavy,Heavy,71
classical_classification_v1,3,90,validation,road_id,NL-001,Heavy,Severe,28
classical_classification_v1,3,90,validation,road_id,NL-001,Severe,Free-flow,0
classical_classification_v1,3,90,validation,road_id,NL-001,Severe,Moderate,0
classical_classification_v1,3,90,validation,road_id,NL-001,Severe,Heavy,10
classical_classification_v1,3,90,validation,road_id,NL-001,Severe,Severe,38
classical_classification_v1,3,90,validation,road_id,NL-002,Free-flow,Free-flow,576
classical_classification_v1,3,90,validation,road_id,NL-002,Free-flow,Moderate,71
classical_classification_v1,3,90,validation,road_id,NL-002,Free-flow,Heavy,0
classical_classification_v1,3,90,validation,road_id,NL-002,Free-flow,Severe,0
classical_classification_v1,3,90,validation,road_id,NL-002,Moderate,Free-flow,19
classical_classification_v1,3,90,validation,road_id,NL-002,Moderate,Moderate,214
classical_classification_v1,3,90,validation,road_id,NL-002,Moderate,Heavy,38
classical_classification_v1,3,90,validation,road_id,NL-002,Moderate,Severe,3
classical_classification_v1,3,90,validation,road_id,NL-002,Heavy,Free-flow,0
classical_classification_v1,3,90,validation,road_id,NL-002,Heavy,Moderate,11
classical_classification_v1,3,90,validation,road_id,NL-002,Heavy,Heavy,68
classical_classification_v1,3,90,validation,road_id,NL-002,Heavy,Severe,20
classical_classification_v1,3,90,validation,road_id,NL-002,Severe,Free-flow,0
classical_classification_v1,3,90,validation,road_id,NL-002,Severe,Moderate,0
classical_classification_v1,3,90,validation,road_id,NL-002,Severe,Heavy,16
classical_classification_v1,3,90,validation,road_id,NL-002,Severe,Severe,48
classical_classification_v1,3,90,validation,road_id,NL-003,Free-flow,Free-flow,563
classical_classification_v1,3,90,validation,road_id,NL-003,Free-flow,Moderate,51
classical_classification_v1,3,90,validation,road_id,NL-003,Free-flow,Heavy,0
classical_classification_v1,3,90,validation,road_id,NL-003,Free-flow,Severe,0
classical_classification_v1,3,90,validation,road_id,NL-003,Moderate,Free-flow,19
classical_classification_v1,3,90,validation,road_id,NL-003,Moderate,Moderate,241
classical_classification_v1,3,90,validation,road_id,NL-003,Moderate,Heavy,27
classical_classification_v1,3,90,validation,road_id,NL-003,Moderate,Severe,1
classical_classification_v1,3,90,validation,road_id,NL-003,Heavy,Free-flow,0
classical_classification_v1,3,90,validation,road_id,NL-003,Heavy,Moderate,17
classical_classification_v1,3,90,validation,road_id,NL-003,Heavy,Heavy,70
classical_classification_v1,3,90,validation,road_id,NL-003,Heavy,Severe,29
classical_classification_v1,3,90,validation,road_id,NL-003,Severe,Free-flow,0
classical_classification_v1,3,90,validation,road_id,NL-003,Severe,Moderate,0
classical_classification_v1,3,90,validation,road_id,NL-003,Severe,Heavy,23
classical_classification_v1,3,90,validation,road_id,NL-003,Severe,Severe,43
classical_classification_v1,3,90,validation,road_id,NL-004,Free-flow,Free-flow,544
classical_classification_v1,3,90,validation,road_id,NL-004,Free-flow,Moderate,28
classical_classification_v1,3,90,validation,road_id,NL-004,Free-flow,Heavy,0
classical_classification_v1,3,90,validation,road_id,NL-004,Free-flow,Severe,0
classical_classification_v1,3,90,validation,road_id,NL-004,Moderate,Free-flow,22
classical_classification_v1,3,90,validation,road_id,NL-004,Moderate,Moderate,280
classical_classification_v1,3,90,validation,road_id,NL-004,Moderate,Heavy,28
classical_classification_v1,3,90,validation,road_id,NL-004,Moderate,Severe,1
classical_classification_v1,3,90,validation,road_id,NL-004,Heavy,Free-flow,0
classical_classification_v1,3,90,validation,road_id,NL-004,Heavy,Moderate,18
classical_classification_v1,3,90,validation,road_id,NL-004,Heavy,Heavy,68
classical_classification_v1,3,90,validation,road_id,NL-004,Heavy,Severe,33
classical_classification_v1,3,90,validation,road_id,NL-004,Severe,Free-flow,1
classical_classification_v1,3,90,validation,road_id,NL-004,Severe,Moderate,1
classical_classification_v1,3,90,validation,road_id,NL-004,Severe,Heavy,19
classical_classification_v1,3,90,validation,road_id,NL-004,Severe,Severe,41
classical_classification_v1,3,90,validation,road_id,NL-005,Free-flow,Free-flow,539
classical_classification_v1,3,90,validation,road_id,NL-005,Free-flow,Moderate,40
classical_classification_v1,3,90,validation,road_id,NL-005,Free-flow,Heavy,0
classical_classification_v1,3,90,validation,road_id,NL-005,Free-flow,Severe,0
classical_classification_v1,3,90,validation,road_id,NL-005,Moderate,Free-flow,19
classical_classification_v1,3,90,validation,road_id,NL-005,Moderate,Moderate,275
classical_classification_v1,3,90,validation,road_id,NL-005,Moderate,Heavy,17
classical_classification_v1,3,90,validation,road_id,NL-005,Moderate,Severe,2
classical_classification_v1,3,90,validation,road_id,NL-005,Heavy,Free-flow,0
classical_classification_v1,3,90,validation,road_id,NL-005,Heavy,Moderate,19
classical_classification_v1,3,90,validation,road_id,NL-005,Heavy,Heavy,74
classical_classification_v1,3,90,validation,road_id,NL-005,Heavy,Severe,25
classical_classification_v1,3,90,validation,road_id,NL-005,Severe,Free-flow,0
classical_classification_v1,3,90,validation,road_id,NL-005,Severe,Moderate,1
classical_classification_v1,3,90,validation,road_id,NL-005,Severe,Heavy,21
classical_classification_v1,3,90,validation,road_id,NL-005,Severe,Severe,52
classical_classification_v1,3,90,validation,road_id,NL-006,Free-flow,Free-flow,547
classical_classification_v1,3,90,validation,road_id,NL-006,Free-flow,Moderate,33
classical_classification_v1,3,90,validation,road_id,NL-006,Free-flow,Heavy,1
classical_classification_v1,3,90,validation,road_id,NL-006,Free-flow,Severe,0
classical_classification_v1,3,90,validation,road_id,NL-006,Moderate,Free-flow,22
classical_classification_v1,3,90,validation,road_id,NL-006,Moderate,Moderate,263
classical_classification_v1,3,90,validation,road_id,NL-006,Moderate,Heavy,34
classical_classification_v1,3,90,validation,road_id,NL-006,Moderate,Severe,3
classical_classification_v1,3,90,validation,road_id,NL-006,Heavy,Free-flow,1
classical_classification_v1,3,90,validation,road_id,NL-006,Heavy,Moderate,21
classical_classification_v1,3,90,validation,road_id,NL-006,Heavy,Heavy,65
classical_classification_v1,3,90,validation,road_id,NL-006,Heavy,Severe,28
classical_classification_v1,3,90,validation,road_id,NL-006,Severe,Free-flow,0
classical_classification_v1,3,90,validation,road_id,NL-006,Severe,Moderate,1
classical_classification_v1,3,90,validation,road_id,NL-006,Severe,Heavy,22
classical_classification_v1,3,90,validation,road_id,NL-006,Severe,Severe,43
classical_classification_v1,3,90,validation,road_id,NL-007,Free-flow,Free-flow,654
classical_classification_v1,3,90,validation,road_id,NL-007,Free-flow,Moderate,48
classical_classification_v1,3,90,validation,road_id,NL-007,Free-flow,Heavy,0
classical_classification_v1,3,90,validation,road_id,NL-007,Free-flow,Severe,0
classical_classification_v1,3,90,validation,road_id,NL-007,Moderate,Free-flow,15
classical_classification_v1,3,90,validation,road_id,NL-007,Moderate,Moderate,167
classical_classification_v1,3,90,validation,road_id,NL-007,Moderate,Heavy,49
classical_classification_v1,3,90,validation,road_id,NL-007,Moderate,Severe,0
classical_classification_v1,3,90,validation,road_id,NL-007,Heavy,Free-flow,1
classical_classification_v1,3,90,validation,road_id,NL-007,Heavy,Moderate,8
classical_classification_v1,3,90,validation,road_id,NL-007,Heavy,Heavy,61
classical_classification_v1,3,90,validation,road_id,NL-007,Heavy,Severe,24
classical_classification_v1,3,90,validation,road_id,NL-007,Severe,Free-flow,0
classical_classification_v1,3,90,validation,road_id,NL-007,Severe,Moderate,0
classical_classification_v1,3,90,validation,road_id,NL-007,Severe,Heavy,15
classical_classification_v1,3,90,validation,road_id,NL-007,Severe,Severe,42
classical_classification_v1,3,90,validation,road_id,NL-008,Free-flow,Free-flow,647
classical_classification_v1,3,90,validation,road_id,NL-008,Free-flow,Moderate,67
classical_classification_v1,3,90,validation,road_id,NL-008,Free-flow,Heavy,0
classical_classification_v1,3,90,validation,road_id,NL-008,Free-flow,Severe,0
classical_classification_v1,3,90,validation,road_id,NL-008,Moderate,Free-flow,4
classical_classification_v1,3,90,validation,road_id,NL-008,Moderate,Moderate,170
classical_classification_v1,3,90,validation,road_id,NL-008,Moderate,Heavy,41
classical_classification_v1,3,90,validation,road_id,NL-008,Moderate,Severe,0
classical_classification_v1,3,90,validation,road_id,NL-008,Heavy,Free-flow,0
classical_classification_v1,3,90,validation,road_id,NL-008,Heavy,Moderate,2
classical_classification_v1,3,90,validation,road_id,NL-008,Heavy,Heavy,77
classical_classification_v1,3,90,validation,road_id,NL-008,Heavy,Severe,17
classical_classification_v1,3,90,validation,road_id,NL-008,Severe,Free-flow,0
classical_classification_v1,3,90,validation,road_id,NL-008,Severe,Moderate,0
classical_classification_v1,3,90,validation,road_id,NL-008,Severe,Heavy,15
classical_classification_v1,3,90,validation,road_id,NL-008,Severe,Severe,44
classical_classification_v1,3,90,validation,road_id,NL-009,Free-flow,Free-flow,544
classical_classification_v1,3,90,validation,road_id,NL-009,Free-flow,Moderate,44
classical_classification_v1,3,90,validation,road_id,NL-009,Free-flow,Heavy,0
classical_classification_v1,3,90,validation,road_id,NL-009,Free-flow,Severe,0
classical_classification_v1,3,90,validation,road_id,NL-009,Moderate,Free-flow,31
classical_classification_v1,3,90,validation,road_id,NL-009,Moderate,Moderate,257
classical_classification_v1,3,90,validation,road_id,NL-009,Moderate,Heavy,26
classical_classification_v1,3,90,validation,road_id,NL-009,Moderate,Severe,0
classical_classification_v1,3,90,validation,road_id,NL-009,Heavy,Free-flow,0
classical_classification_v1,3,90,validation,road_id,NL-009,Heavy,Moderate,16
classical_classification_v1,3,90,validation,road_id,NL-009,Heavy,Heavy,76
classical_classification_v1,3,90,validation,road_id,NL-009,Heavy,Severe,27
classical_classification_v1,3,90,validation,road_id,NL-009,Severe,Free-flow,0
classical_classification_v1,3,90,validation,road_id,NL-009,Severe,Moderate,0
classical_classification_v1,3,90,validation,road_id,NL-009,Severe,Heavy,18
classical_classification_v1,3,90,validation,road_id,NL-009,Severe,Severe,45
classical_classification_v1,3,90,validation,road_id,NL-010,Free-flow,Free-flow,651
classical_classification_v1,3,90,validation,road_id,NL-010,Free-flow,Moderate,58
classical_classification_v1,3,90,validation,road_id,NL-010,Free-flow,Heavy,0
classical_classification_v1,3,90,validation,road_id,NL-010,Free-flow,Severe,0
classical_classification_v1,3,90,validation,road_id,NL-010,Moderate,Free-flow,20
classical_classification_v1,3,90,validation,road_id,NL-010,Moderate,Moderate,158
classical_classification_v1,3,90,validation,road_id,NL-010,Moderate,Heavy,49
classical_classification_v1,3,90,validation,road_id,NL-010,Moderate,Severe,2
classical_classification_v1,3,90,validation,road_id,NL-010,Heavy,Free-flow,0
classical_classification_v1,3,90,validation,road_id,NL-010,Heavy,Moderate,7
classical_classification_v1,3,90,validation,road_id,NL-010,Heavy,Heavy,68
classical_classification_v1,3,90,validation,road_id,NL-010,Heavy,Severe,27
classical_classification_v1,3,90,validation,road_id,NL-010,Severe,Free-flow,0
classical_classification_v1,3,90,validation,road_id,NL-010,Severe,Moderate,0
classical_classification_v1,3,90,validation,road_id,NL-010,Severe,Heavy,8
classical_classification_v1,3,90,validation,road_id,NL-010,Severe,Severe,36
classical_classification_v1,3,90,validation,road_id,NL-011,Free-flow,Free-flow,679
classical_classification_v1,3,90,validation,road_id,NL-011,Free-flow,Moderate,54
classical_classification_v1,3,90,validation,road_id,NL-011,Free-flow,Heavy,0
classical_classification_v1,3,90,validation,road_id,NL-011,Free-flow,Severe,0
classical_classification_v1,3,90,validation,road_id,NL-011,Moderate,Free-flow,6
classical_classification_v1,3,90,validation,road_id,NL-011,Moderate,Moderate,147
classical_classification_v1,3,90,validation,road_id,NL-011,Moderate,Heavy,43
classical_classification_v1,3,90,validation,road_id,NL-011,Moderate,Severe,2
classical_classification_v1,3,90,validation,road_id,NL-011,Heavy,Free-flow,0
classical_classification_v1,3,90,validation,road_id,NL-011,Heavy,Moderate,4
classical_classification_v1,3,90,validation,road_id,NL-011,Heavy,Heavy,73
classical_classification_v1,3,90,validation,road_id,NL-011,Heavy,Severe,25
classical_classification_v1,3,90,validation,road_id,NL-011,Severe,Free-flow,0
classical_classification_v1,3,90,validation,road_id,NL-011,Severe,Moderate,0
classical_classification_v1,3,90,validation,road_id,NL-011,Severe,Heavy,11
classical_classification_v1,3,90,validation,road_id,NL-011,Severe,Severe,40
classical_classification_v1,3,90,validation,road_id,NL-012,Free-flow,Free-flow,542
classical_classification_v1,3,90,validation,road_id,NL-012,Free-flow,Moderate,35
classical_classification_v1,3,90,validation,road_id,NL-012,Free-flow,Heavy,0
classical_classification_v1,3,90,validation,road_id,NL-012,Free-flow,Severe,0
classical_classification_v1,3,90,validation,road_id,NL-012,Moderate,Free-flow,20
classical_classification_v1,3,90,validation,road_id,NL-012,Moderate,Moderate,282
classical_classification_v1,3,90,validation,road_id,NL-012,Moderate,Heavy,33
classical_classification_v1,3,90,validation,road_id,NL-012,Moderate,Severe,4
classical_classification_v1,3,90,validation,road_id,NL-012,Heavy,Free-flow,0
classical_classification_v1,3,90,validation,road_id,NL-012,Heavy,Moderate,14
classical_classification_v1,3,90,validation,road_id,NL-012,Heavy,Heavy,71
classical_classification_v1,3,90,validation,road_id,NL-012,Heavy,Severe,21
classical_classification_v1,3,90,validation,road_id,NL-012,Severe,Free-flow,0
classical_classification_v1,3,90,validation,road_id,NL-012,Severe,Moderate,0
classical_classification_v1,3,90,validation,road_id,NL-012,Severe,Heavy,16
classical_classification_v1,3,90,validation,road_id,NL-012,Severe,Severe,46
classical_classification_v1,3,90,validation,road_id,NL-013,Free-flow,Free-flow,548
classical_classification_v1,3,90,validation,road_id,NL-013,Free-flow,Moderate,42
classical_classification_v1,3,90,validation,road_id,NL-013,Free-flow,Heavy,0
classical_classification_v1,3,90,validation,road_id,NL-013,Free-flow,Severe,0
classical_classification_v1,3,90,validation,road_id,NL-013,Moderate,Free-flow,16
classical_classification_v1,3,90,validation,road_id,NL-013,Moderate,Moderate,275
classical_classification_v1,3,90,validation,road_id,NL-013,Moderate,Heavy,27
classical_classification_v1,3,90,validation,road_id,NL-013,Moderate,Severe,2
classical_classification_v1,3,90,validation,road_id,NL-013,Heavy,Free-flow,0
classical_classification_v1,3,90,validation,road_id,NL-013,Heavy,Moderate,16
classical_classification_v1,3,90,validation,road_id,NL-013,Heavy,Heavy,65
classical_classification_v1,3,90,validation,road_id,NL-013,Heavy,Severe,27
classical_classification_v1,3,90,validation,road_id,NL-013,Severe,Free-flow,0
classical_classification_v1,3,90,validation,road_id,NL-013,Severe,Moderate,0
classical_classification_v1,3,90,validation,road_id,NL-013,Severe,Heavy,22
classical_classification_v1,3,90,validation,road_id,NL-013,Severe,Severe,44
classical_classification_v1,3,90,validation,road_id,NL-014,Free-flow,Free-flow,689
classical_classification_v1,3,90,validation,road_id,NL-014,Free-flow,Moderate,44
classical_classification_v1,3,90,validation,road_id,NL-014,Free-flow,Heavy,0
classical_classification_v1,3,90,validation,road_id,NL-014,Free-flow,Severe,0
classical_classification_v1,3,90,validation,road_id,NL-014,Moderate,Free-flow,8
classical_classification_v1,3,90,validation,road_id,NL-014,Moderate,Moderate,148
classical_classification_v1,3,90,validation,road_id,NL-014,Moderate,Heavy,53
classical_classification_v1,3,90,validation,road_id,NL-014,Moderate,Severe,1
classical_classification_v1,3,90,validation,road_id,NL-014,Heavy,Free-flow,0
classical_classification_v1,3,90,validation,road_id,NL-014,Heavy,Moderate,1
classical_classification_v1,3,90,validation,road_id,NL-014,Heavy,Heavy,67
classical_classification_v1,3,90,validation,road_id,NL-014,Heavy,Severe,25
classical_classification_v1,3,90,validation,road_id,NL-014,Severe,Free-flow,0
classical_classification_v1,3,90,validation,road_id,NL-014,Severe,Moderate,0
classical_classification_v1,3,90,validation,road_id,NL-014,Severe,Heavy,13
classical_classification_v1,3,90,validation,road_id,NL-014,Severe,Severe,35
classical_classification_v1,3,90,validation,road_id,NL-015,Free-flow,Free-flow,539
classical_classification_v1,3,90,validation,road_id,NL-015,Free-flow,Moderate,31
classical_classification_v1,3,90,validation,road_id,NL-015,Free-flow,Heavy,0
classical_classification_v1,3,90,validation,road_id,NL-015,Free-flow,Severe,0
classical_classification_v1,3,90,validation,road_id,NL-015,Moderate,Free-flow,27
classical_classification_v1,3,90,validation,road_id,NL-015,Moderate,Moderate,274
classical_classification_v1,3,90,validation,road_id,NL-015,Moderate,Heavy,33
classical_classification_v1,3,90,validation,road_id,NL-015,Moderate,Severe,2
classical_classification_v1,3,90,validation,road_id,NL-015,Heavy,Free-flow,0
classical_classification_v1,3,90,validation,road_id,NL-015,Heavy,Moderate,19
classical_classification_v1,3,90,validation,road_id,NL-015,Heavy,Heavy,64
classical_classification_v1,3,90,validation,road_id,NL-015,Heavy,Severe,27
classical_classification_v1,3,90,validation,road_id,NL-015,Severe,Free-flow,0
classical_classification_v1,3,90,validation,road_id,NL-015,Severe,Moderate,0
classical_classification_v1,3,90,validation,road_id,NL-015,Severe,Heavy,22
classical_classification_v1,3,90,validation,road_id,NL-015,Severe,Severe,46
classical_classification_v1,3,90,validation,road_id,NL-016,Free-flow,Free-flow,593
classical_classification_v1,3,90,validation,road_id,NL-016,Free-flow,Moderate,63
classical_classification_v1,3,90,validation,road_id,NL-016,Free-flow,Heavy,0
classical_classification_v1,3,90,validation,road_id,NL-016,Free-flow,Severe,0
classical_classification_v1,3,90,validation,road_id,NL-016,Moderate,Free-flow,27
classical_classification_v1,3,90,validation,road_id,NL-016,Moderate,Moderate,207
classical_classification_v1,3,90,validation,road_id,NL-016,Moderate,Heavy,36
classical_classification_v1,3,90,validation,road_id,NL-016,Moderate,Severe,2
classical_classification_v1,3,90,validation,road_id,NL-016,Heavy,Free-flow,0
classical_classification_v1,3,90,validation,road_id,NL-016,Heavy,Moderate,2
classical_classification_v1,3,90,validation,road_id,NL-016,Heavy,Heavy,72
classical_classification_v1,3,90,validation,road_id,NL-016,Heavy,Severe,33
classical_classification_v1,3,90,validation,road_id,NL-016,Severe,Free-flow,0
classical_classification_v1,3,90,validation,road_id,NL-016,Severe,Moderate,0
classical_classification_v1,3,90,validation,road_id,NL-016,Severe,Heavy,10
classical_classification_v1,3,90,validation,road_id,NL-016,Severe,Severe,39
classical_classification_v1,3,90,validation,road_id,NL-017,Free-flow,Free-flow,655
classical_classification_v1,3,90,validation,road_id,NL-017,Free-flow,Moderate,78
classical_classification_v1,3,90,validation,road_id,NL-017,Free-flow,Heavy,0
classical_classification_v1,3,90,validation,road_id,NL-017,Free-flow,Severe,0
classical_classification_v1,3,90,validation,road_id,NL-017,Moderate,Free-flow,10
classical_classification_v1,3,90,validation,road_id,NL-017,Moderate,Moderate,142
classical_classification_v1,3,90,validation,road_id,NL-017,Moderate,Heavy,45
classical_classification_v1,3,90,validation,road_id,NL-017,Moderate,Severe,0
classical_classification_v1,3,90,validation,road_id,NL-017,Heavy,Free-flow,0
classical_classification_v1,3,90,validation,road_id,NL-017,Heavy,Moderate,5
classical_classification_v1,3,90,validation,road_id,NL-017,Heavy,Heavy,68
classical_classification_v1,3,90,validation,road_id,NL-017,Heavy,Severe,25
classical_classification_v1,3,90,validation,road_id,NL-017,Severe,Free-flow,0
classical_classification_v1,3,90,validation,road_id,NL-017,Severe,Moderate,0
classical_classification_v1,3,90,validation,road_id,NL-017,Severe,Heavy,16
classical_classification_v1,3,90,validation,road_id,NL-017,Severe,Severe,40
classical_classification_v1,3,90,validation,road_id,NL-018,Free-flow,Free-flow,575
classical_classification_v1,3,90,validation,road_id,NL-018,Free-flow,Moderate,64
classical_classification_v1,3,90,validation,road_id,NL-018,Free-flow,Heavy,0
classical_classification_v1,3,90,validation,road_id,NL-018,Free-flow,Severe,0
classical_classification_v1,3,90,validation,road_id,NL-018,Moderate,Free-flow,13
classical_classification_v1,3,90,validation,road_id,NL-018,Moderate,Moderate,235
classical_classification_v1,3,90,validation,road_id,NL-018,Moderate,Heavy,31
classical_classification_v1,3,90,validation,road_id,NL-018,Moderate,Severe,1
classical_classification_v1,3,90,validation,road_id,NL-018,Heavy,Free-flow,1
classical_classification_v1,3,90,validation,road_id,NL-018,Heavy,Moderate,6
classical_classification_v1,3,90,validation,road_id,NL-018,Heavy,Heavy,75
classical_classification_v1,3,90,validation,road_id,NL-018,Heavy,Severe,25
classical_classification_v1,3,90,validation,road_id,NL-018,Severe,Free-flow,0
classical_classification_v1,3,90,validation,road_id,NL-018,Severe,Moderate,0
classical_classification_v1,3,90,validation,road_id,NL-018,Severe,Heavy,15
classical_classification_v1,3,90,validation,road_id,NL-018,Severe,Severe,43
classical_classification_v1,3,90,validation,road_id,NL-019,Free-flow,Free-flow,550
classical_classification_v1,3,90,validation,road_id,NL-019,Free-flow,Moderate,48
classical_classification_v1,3,90,validation,road_id,NL-019,Free-flow,Heavy,0
classical_classification_v1,3,90,validation,road_id,NL-019,Free-flow,Severe,0
classical_classification_v1,3,90,validation,road_id,NL-019,Moderate,Free-flow,20
classical_classification_v1,3,90,validation,road_id,NL-019,Moderate,Moderate,268
classical_classification_v1,3,90,validation,road_id,NL-019,Moderate,Heavy,23
classical_classification_v1,3,90,validation,road_id,NL-019,Moderate,Severe,1
classical_classification_v1,3,90,validation,road_id,NL-019,Heavy,Free-flow,0
classical_classification_v1,3,90,validation,road_id,NL-019,Heavy,Moderate,9
classical_classification_v1,3,90,validation,road_id,NL-019,Heavy,Heavy,69
classical_classification_v1,3,90,validation,road_id,NL-019,Heavy,Severe,22
classical_classification_v1,3,90,validation,road_id,NL-019,Severe,Free-flow,0
classical_classification_v1,3,90,validation,road_id,NL-019,Severe,Moderate,2
classical_classification_v1,3,90,validation,road_id,NL-019,Severe,Heavy,25
classical_classification_v1,3,90,validation,road_id,NL-019,Severe,Severe,47
classical_classification_v1,3,90,validation,road_id,NL-020,Free-flow,Free-flow,664
classical_classification_v1,3,90,validation,road_id,NL-020,Free-flow,Moderate,69
classical_classification_v1,3,90,validation,road_id,NL-020,Free-flow,Heavy,0
classical_classification_v1,3,90,validation,road_id,NL-020,Free-flow,Severe,0
classical_classification_v1,3,90,validation,road_id,NL-020,Moderate,Free-flow,8
classical_classification_v1,3,90,validation,road_id,NL-020,Moderate,Moderate,152
classical_classification_v1,3,90,validation,road_id,NL-020,Moderate,Heavy,42
classical_classification_v1,3,90,validation,road_id,NL-020,Moderate,Severe,1
classical_classification_v1,3,90,validation,road_id,NL-020,Heavy,Free-flow,0
classical_classification_v1,3,90,validation,road_id,NL-020,Heavy,Moderate,2
classical_classification_v1,3,90,validation,road_id,NL-020,Heavy,Heavy,76
classical_classification_v1,3,90,validation,road_id,NL-020,Heavy,Severe,23
classical_classification_v1,3,90,validation,road_id,NL-020,Severe,Free-flow,0
classical_classification_v1,3,90,validation,road_id,NL-020,Severe,Moderate,0
classical_classification_v1,3,90,validation,road_id,NL-020,Severe,Heavy,10
classical_classification_v1,3,90,validation,road_id,NL-020,Severe,Severe,37
classical_classification_v1,3,90,validation,road_id,NL-021,Free-flow,Free-flow,623
classical_classification_v1,3,90,validation,road_id,NL-021,Free-flow,Moderate,46
classical_classification_v1,3,90,validation,road_id,NL-021,Free-flow,Heavy,0
classical_classification_v1,3,90,validation,road_id,NL-021,Free-flow,Severe,0
classical_classification_v1,3,90,validation,road_id,NL-021,Moderate,Free-flow,32
classical_classification_v1,3,90,validation,road_id,NL-021,Moderate,Moderate,186
classical_classification_v1,3,90,validation,road_id,NL-021,Moderate,Heavy,46
classical_classification_v1,3,90,validation,road_id,NL-021,Moderate,Severe,2
classical_classification_v1,3,90,validation,road_id,NL-021,Heavy,Free-flow,0
classical_classification_v1,3,90,validation,road_id,NL-021,Heavy,Moderate,2
classical_classification_v1,3,90,validation,road_id,NL-021,Heavy,Heavy,71
classical_classification_v1,3,90,validation,road_id,NL-021,Heavy,Severe,21
classical_classification_v1,3,90,validation,road_id,NL-021,Severe,Free-flow,0
classical_classification_v1,3,90,validation,road_id,NL-021,Severe,Moderate,0
classical_classification_v1,3,90,validation,road_id,NL-021,Severe,Heavy,12
classical_classification_v1,3,90,validation,road_id,NL-021,Severe,Severe,43
classical_classification_v1,3,90,validation,road_id,NL-022,Free-flow,Free-flow,683
classical_classification_v1,3,90,validation,road_id,NL-022,Free-flow,Moderate,58
classical_classification_v1,3,90,validation,road_id,NL-022,Free-flow,Heavy,0
classical_classification_v1,3,90,validation,road_id,NL-022,Free-flow,Severe,0
classical_classification_v1,3,90,validation,road_id,NL-022,Moderate,Free-flow,6
classical_classification_v1,3,90,validation,road_id,NL-022,Moderate,Moderate,140
classical_classification_v1,3,90,validation,road_id,NL-022,Moderate,Heavy,62
classical_classification_v1,3,90,validation,road_id,NL-022,Moderate,Severe,4
classical_classification_v1,3,90,validation,road_id,NL-022,Heavy,Free-flow,0
classical_classification_v1,3,90,validation,road_id,NL-022,Heavy,Moderate,6
classical_classification_v1,3,90,validation,road_id,NL-022,Heavy,Heavy,55
classical_classification_v1,3,90,validation,road_id,NL-022,Heavy,Severe,20
classical_classification_v1,3,90,validation,road_id,NL-022,Severe,Free-flow,0
classical_classification_v1,3,90,validation,road_id,NL-022,Severe,Moderate,0
classical_classification_v1,3,90,validation,road_id,NL-022,Severe,Heavy,10
classical_classification_v1,3,90,validation,road_id,NL-022,Severe,Severe,40
classical_classification_v1,3,90,validation,road_id,NL-023,Free-flow,Free-flow,607
classical_classification_v1,3,90,validation,road_id,NL-023,Free-flow,Moderate,68
classical_classification_v1,3,90,validation,road_id,NL-023,Free-flow,Heavy,0
classical_classification_v1,3,90,validation,road_id,NL-023,Free-flow,Severe,0
classical_classification_v1,3,90,validation,road_id,NL-023,Moderate,Free-flow,25
classical_classification_v1,3,90,validation,road_id,NL-023,Moderate,Moderate,189
classical_classification_v1,3,90,validation,road_id,NL-023,Moderate,Heavy,38
classical_classification_v1,3,90,validation,road_id,NL-023,Moderate,Severe,1
classical_classification_v1,3,90,validation,road_id,NL-023,Heavy,Free-flow,0
classical_classification_v1,3,90,validation,road_id,NL-023,Heavy,Moderate,1
classical_classification_v1,3,90,validation,road_id,NL-023,Heavy,Heavy,72
classical_classification_v1,3,90,validation,road_id,NL-023,Heavy,Severe,26
classical_classification_v1,3,90,validation,road_id,NL-023,Severe,Free-flow,0
classical_classification_v1,3,90,validation,road_id,NL-023,Severe,Moderate,0
classical_classification_v1,3,90,validation,road_id,NL-023,Severe,Heavy,13
classical_classification_v1,3,90,validation,road_id,NL-023,Severe,Severe,44
classical_classification_v1,3,90,validation,road_id,NL-024,Free-flow,Free-flow,651
classical_classification_v1,3,90,validation,road_id,NL-024,Free-flow,Moderate,44
classical_classification_v1,3,90,validation,road_id,NL-024,Free-flow,Heavy,0
classical_classification_v1,3,90,validation,road_id,NL-024,Free-flow,Severe,0
classical_classification_v1,3,90,validation,road_id,NL-024,Moderate,Free-flow,22
classical_classification_v1,3,90,validation,road_id,NL-024,Moderate,Moderate,169
classical_classification_v1,3,90,validation,road_id,NL-024,Moderate,Heavy,49
classical_classification_v1,3,90,validation,road_id,NL-024,Moderate,Severe,3
classical_classification_v1,3,90,validation,road_id,NL-024,Heavy,Free-flow,0
classical_classification_v1,3,90,validation,road_id,NL-024,Heavy,Moderate,3
classical_classification_v1,3,90,validation,road_id,NL-024,Heavy,Heavy,73
classical_classification_v1,3,90,validation,road_id,NL-024,Heavy,Severe,30
classical_classification_v1,3,90,validation,road_id,NL-024,Severe,Free-flow,0
classical_classification_v1,3,90,validation,road_id,NL-024,Severe,Moderate,0
classical_classification_v1,3,90,validation,road_id,NL-024,Severe,Heavy,7
classical_classification_v1,3,90,validation,road_id,NL-024,Severe,Severe,33
classical_classification_v1,3,90,validation,road_id,NL-025,Free-flow,Free-flow,682
classical_classification_v1,3,90,validation,road_id,NL-025,Free-flow,Moderate,56
classical_classification_v1,3,90,validation,road_id,NL-025,Free-flow,Heavy,0
classical_classification_v1,3,90,validation,road_id,NL-025,Free-flow,Severe,0
classical_classification_v1,3,90,validation,road_id,NL-025,Moderate,Free-flow,8
classical_classification_v1,3,90,validation,road_id,NL-025,Moderate,Moderate,140
classical_classification_v1,3,90,validation,road_id,NL-025,Moderate,Heavy,57
classical_classification_v1,3,90,validation,road_id,NL-025,Moderate,Severe,2
classical_classification_v1,3,90,validation,road_id,NL-025,Heavy,Free-flow,0
classical_classification_v1,3,90,validation,road_id,NL-025,Heavy,Moderate,6
classical_classification_v1,3,90,validation,road_id,NL-025,Heavy,Heavy,63
classical_classification_v1,3,90,validation,road_id,NL-025,Heavy,Severe,21
classical_classification_v1,3,90,validation,road_id,NL-025,Severe,Free-flow,0
classical_classification_v1,3,90,validation,road_id,NL-025,Severe,Moderate,0
classical_classification_v1,3,90,validation,road_id,NL-025,Severe,Heavy,12
classical_classification_v1,3,90,validation,road_id,NL-025,Severe,Severe,37
classical_classification_v1,3,90,validation,origin_hour,0,Free-flow,Free-flow,1150
classical_classification_v1,3,90,validation,origin_hour,0,Free-flow,Moderate,0
classical_classification_v1,3,90,validation,origin_hour,0,Free-flow,Heavy,0
classical_classification_v1,3,90,validation,origin_hour,0,Free-flow,Severe,0
classical_classification_v1,3,90,validation,origin_hour,0,Moderate,Free-flow,0
classical_classification_v1,3,90,validation,origin_hour,0,Moderate,Moderate,0
classical_classification_v1,3,90,validation,origin_hour,0,Moderate,Heavy,0
classical_classification_v1,3,90,validation,origin_hour,0,Moderate,Severe,0
classical_classification_v1,3,90,validation,origin_hour,0,Heavy,Free-flow,0
classical_classification_v1,3,90,validation,origin_hour,0,Heavy,Moderate,0
classical_classification_v1,3,90,validation,origin_hour,0,Heavy,Heavy,0
classical_classification_v1,3,90,validation,origin_hour,0,Heavy,Severe,0
classical_classification_v1,3,90,validation,origin_hour,0,Severe,Free-flow,0
classical_classification_v1,3,90,validation,origin_hour,0,Severe,Moderate,0
classical_classification_v1,3,90,validation,origin_hour,0,Severe,Heavy,0
classical_classification_v1,3,90,validation,origin_hour,0,Severe,Severe,0
classical_classification_v1,3,90,validation,origin_hour,1,Free-flow,Free-flow,1150
classical_classification_v1,3,90,validation,origin_hour,1,Free-flow,Moderate,0
classical_classification_v1,3,90,validation,origin_hour,1,Free-flow,Heavy,0
classical_classification_v1,3,90,validation,origin_hour,1,Free-flow,Severe,0
classical_classification_v1,3,90,validation,origin_hour,1,Moderate,Free-flow,0
classical_classification_v1,3,90,validation,origin_hour,1,Moderate,Moderate,0
classical_classification_v1,3,90,validation,origin_hour,1,Moderate,Heavy,0
classical_classification_v1,3,90,validation,origin_hour,1,Moderate,Severe,0
classical_classification_v1,3,90,validation,origin_hour,1,Heavy,Free-flow,0
classical_classification_v1,3,90,validation,origin_hour,1,Heavy,Moderate,0
classical_classification_v1,3,90,validation,origin_hour,1,Heavy,Heavy,0
classical_classification_v1,3,90,validation,origin_hour,1,Heavy,Severe,0
classical_classification_v1,3,90,validation,origin_hour,1,Severe,Free-flow,0
classical_classification_v1,3,90,validation,origin_hour,1,Severe,Moderate,0
classical_classification_v1,3,90,validation,origin_hour,1,Severe,Heavy,0
classical_classification_v1,3,90,validation,origin_hour,1,Severe,Severe,0
classical_classification_v1,3,90,validation,origin_hour,2,Free-flow,Free-flow,1150
classical_classification_v1,3,90,validation,origin_hour,2,Free-flow,Moderate,0
classical_classification_v1,3,90,validation,origin_hour,2,Free-flow,Heavy,0
classical_classification_v1,3,90,validation,origin_hour,2,Free-flow,Severe,0
classical_classification_v1,3,90,validation,origin_hour,2,Moderate,Free-flow,0
classical_classification_v1,3,90,validation,origin_hour,2,Moderate,Moderate,0
classical_classification_v1,3,90,validation,origin_hour,2,Moderate,Heavy,0
classical_classification_v1,3,90,validation,origin_hour,2,Moderate,Severe,0
classical_classification_v1,3,90,validation,origin_hour,2,Heavy,Free-flow,0
classical_classification_v1,3,90,validation,origin_hour,2,Heavy,Moderate,0
classical_classification_v1,3,90,validation,origin_hour,2,Heavy,Heavy,0
classical_classification_v1,3,90,validation,origin_hour,2,Heavy,Severe,0
classical_classification_v1,3,90,validation,origin_hour,2,Severe,Free-flow,0
classical_classification_v1,3,90,validation,origin_hour,2,Severe,Moderate,0
classical_classification_v1,3,90,validation,origin_hour,2,Severe,Heavy,0
classical_classification_v1,3,90,validation,origin_hour,2,Severe,Severe,0
classical_classification_v1,3,90,validation,origin_hour,3,Free-flow,Free-flow,1150
classical_classification_v1,3,90,validation,origin_hour,3,Free-flow,Moderate,0
classical_classification_v1,3,90,validation,origin_hour,3,Free-flow,Heavy,0
classical_classification_v1,3,90,validation,origin_hour,3,Free-flow,Severe,0
classical_classification_v1,3,90,validation,origin_hour,3,Moderate,Free-flow,0
classical_classification_v1,3,90,validation,origin_hour,3,Moderate,Moderate,0
classical_classification_v1,3,90,validation,origin_hour,3,Moderate,Heavy,0
classical_classification_v1,3,90,validation,origin_hour,3,Moderate,Severe,0
classical_classification_v1,3,90,validation,origin_hour,3,Heavy,Free-flow,0
classical_classification_v1,3,90,validation,origin_hour,3,Heavy,Moderate,0
classical_classification_v1,3,90,validation,origin_hour,3,Heavy,Heavy,0
classical_classification_v1,3,90,validation,origin_hour,3,Heavy,Severe,0
classical_classification_v1,3,90,validation,origin_hour,3,Severe,Free-flow,0
classical_classification_v1,3,90,validation,origin_hour,3,Severe,Moderate,0
classical_classification_v1,3,90,validation,origin_hour,3,Severe,Heavy,0
classical_classification_v1,3,90,validation,origin_hour,3,Severe,Severe,0
classical_classification_v1,3,90,validation,origin_hour,4,Free-flow,Free-flow,1148
classical_classification_v1,3,90,validation,origin_hour,4,Free-flow,Moderate,0
classical_classification_v1,3,90,validation,origin_hour,4,Free-flow,Heavy,0
classical_classification_v1,3,90,validation,origin_hour,4,Free-flow,Severe,0
classical_classification_v1,3,90,validation,origin_hour,4,Moderate,Free-flow,2
classical_classification_v1,3,90,validation,origin_hour,4,Moderate,Moderate,0
classical_classification_v1,3,90,validation,origin_hour,4,Moderate,Heavy,0
classical_classification_v1,3,90,validation,origin_hour,4,Moderate,Severe,0
classical_classification_v1,3,90,validation,origin_hour,4,Heavy,Free-flow,0
classical_classification_v1,3,90,validation,origin_hour,4,Heavy,Moderate,0
classical_classification_v1,3,90,validation,origin_hour,4,Heavy,Heavy,0
classical_classification_v1,3,90,validation,origin_hour,4,Heavy,Severe,0
classical_classification_v1,3,90,validation,origin_hour,4,Severe,Free-flow,0
classical_classification_v1,3,90,validation,origin_hour,4,Severe,Moderate,0
classical_classification_v1,3,90,validation,origin_hour,4,Severe,Heavy,0
classical_classification_v1,3,90,validation,origin_hour,4,Severe,Severe,0
classical_classification_v1,3,90,validation,origin_hour,5,Free-flow,Free-flow,462
classical_classification_v1,3,90,validation,origin_hour,5,Free-flow,Moderate,105
classical_classification_v1,3,90,validation,origin_hour,5,Free-flow,Heavy,0
classical_classification_v1,3,90,validation,origin_hour,5,Free-flow,Severe,0
classical_classification_v1,3,90,validation,origin_hour,5,Moderate,Free-flow,58
classical_classification_v1,3,90,validation,origin_hour,5,Moderate,Moderate,510
classical_classification_v1,3,90,validation,origin_hour,5,Moderate,Heavy,0
classical_classification_v1,3,90,validation,origin_hour,5,Moderate,Severe,0
classical_classification_v1,3,90,validation,origin_hour,5,Heavy,Free-flow,0
classical_classification_v1,3,90,validation,origin_hour,5,Heavy,Moderate,15
classical_classification_v1,3,90,validation,origin_hour,5,Heavy,Heavy,0
classical_classification_v1,3,90,validation,origin_hour,5,Heavy,Severe,0
classical_classification_v1,3,90,validation,origin_hour,5,Severe,Free-flow,0
classical_classification_v1,3,90,validation,origin_hour,5,Severe,Moderate,0
classical_classification_v1,3,90,validation,origin_hour,5,Severe,Heavy,0
classical_classification_v1,3,90,validation,origin_hour,5,Severe,Severe,0
classical_classification_v1,3,90,validation,origin_hour,6,Free-flow,Free-flow,21
classical_classification_v1,3,90,validation,origin_hour,6,Free-flow,Moderate,12
classical_classification_v1,3,90,validation,origin_hour,6,Free-flow,Heavy,1
classical_classification_v1,3,90,validation,origin_hour,6,Free-flow,Severe,0
classical_classification_v1,3,90,validation,origin_hour,6,Moderate,Free-flow,9
classical_classification_v1,3,90,validation,origin_hour,6,Moderate,Moderate,279
classical_classification_v1,3,90,validation,origin_hour,6,Moderate,Heavy,120
classical_classification_v1,3,90,validation,origin_hour,6,Moderate,Severe,13
classical_classification_v1,3,90,validation,origin_hour,6,Heavy,Free-flow,1
classical_classification_v1,3,90,validation,origin_hour,6,Heavy,Moderate,25
classical_classification_v1,3,90,validation,origin_hour,6,Heavy,Heavy,251
classical_classification_v1,3,90,validation,origin_hour,6,Heavy,Severe,165
classical_classification_v1,3,90,validation,origin_hour,6,Severe,Free-flow,1
classical_classification_v1,3,90,validation,origin_hour,6,Severe,Moderate,1
classical_classification_v1,3,90,validation,origin_hour,6,Severe,Heavy,24
classical_classification_v1,3,90,validation,origin_hour,6,Severe,Severe,227
classical_classification_v1,3,90,validation,origin_hour,7,Free-flow,Free-flow,0
classical_classification_v1,3,90,validation,origin_hour,7,Free-flow,Moderate,1
classical_classification_v1,3,90,validation,origin_hour,7,Free-flow,Heavy,0
classical_classification_v1,3,90,validation,origin_hour,7,Free-flow,Severe,0
classical_classification_v1,3,90,validation,origin_hour,7,Moderate,Free-flow,0
classical_classification_v1,3,90,validation,origin_hour,7,Moderate,Moderate,110
classical_classification_v1,3,90,validation,origin_hour,7,Moderate,Heavy,135
classical_classification_v1,3,90,validation,origin_hour,7,Moderate,Severe,6
classical_classification_v1,3,90,validation,origin_hour,7,Heavy,Free-flow,0
classical_classification_v1,3,90,validation,origin_hour,7,Heavy,Moderate,32
classical_classification_v1,3,90,validation,origin_hour,7,Heavy,Heavy,67
classical_classification_v1,3,90,validation,origin_hour,7,Heavy,Severe,177
classical_classification_v1,3,90,validation,origin_hour,7,Severe,Free-flow,0
classical_classification_v1,3,90,validation,origin_hour,7,Severe,Moderate,3
classical_classification_v1,3,90,validation,origin_hour,7,Severe,Heavy,2
classical_classification_v1,3,90,validation,origin_hour,7,Severe,Severe,567
classical_classification_v1,3,90,validation,origin_hour,8,Free-flow,Free-flow,23
classical_classification_v1,3,90,validation,origin_hour,8,Free-flow,Moderate,24
classical_classification_v1,3,90,validation,origin_hour,8,Free-flow,Heavy,0
classical_classification_v1,3,90,validation,origin_hour,8,Free-flow,Severe,0
classical_classification_v1,3,90,validation,origin_hour,8,Moderate,Free-flow,2
classical_classification_v1,3,90,validation,origin_hour,8,Moderate,Moderate,290
classical_classification_v1,3,90,validation,origin_hour,8,Moderate,Heavy,261
classical_classification_v1,3,90,validation,origin_hour,8,Moderate,Severe,0
classical_classification_v1,3,90,validation,origin_hour,8,Heavy,Free-flow,0
classical_classification_v1,3,90,validation,origin_hour,8,Heavy,Moderate,10
classical_classification_v1,3,90,validation,origin_hour,8,Heavy,Heavy,390
classical_classification_v1,3,90,validation,origin_hour,8,Heavy,Severe,0
classical_classification_v1,3,90,validation,origin_hour,8,Severe,Free-flow,0
classical_classification_v1,3,90,validation,origin_hour,8,Severe,Moderate,1
classical_classification_v1,3,90,validation,origin_hour,8,Severe,Heavy,99
classical_classification_v1,3,90,validation,origin_hour,8,Severe,Severe,0
classical_classification_v1,3,90,validation,origin_hour,9,Free-flow,Free-flow,304
classical_classification_v1,3,90,validation,origin_hour,9,Free-flow,Moderate,122
classical_classification_v1,3,90,validation,origin_hour,9,Free-flow,Heavy,0
classical_classification_v1,3,90,validation,origin_hour,9,Free-flow,Severe,0
classical_classification_v1,3,90,validation,origin_hour,9,Moderate,Free-flow,43
classical_classification_v1,3,90,validation,origin_hour,9,Moderate,Moderate,623
classical_classification_v1,3,90,validation,origin_hour,9,Moderate,Heavy,0
classical_classification_v1,3,90,validation,origin_hour,9,Moderate,Severe,0
classical_classification_v1,3,90,validation,origin_hour,9,Heavy,Free-flow,0
classical_classification_v1,3,90,validation,origin_hour,9,Heavy,Moderate,8
classical_classification_v1,3,90,validation,origin_hour,9,Heavy,Heavy,0
classical_classification_v1,3,90,validation,origin_hour,9,Heavy,Severe,0
classical_classification_v1,3,90,validation,origin_hour,9,Severe,Free-flow,0
classical_classification_v1,3,90,validation,origin_hour,9,Severe,Moderate,0
classical_classification_v1,3,90,validation,origin_hour,9,Severe,Heavy,0
classical_classification_v1,3,90,validation,origin_hour,9,Severe,Severe,0
classical_classification_v1,3,90,validation,origin_hour,10,Free-flow,Free-flow,591
classical_classification_v1,3,90,validation,origin_hour,10,Free-flow,Moderate,198
classical_classification_v1,3,90,validation,origin_hour,10,Free-flow,Heavy,0
classical_classification_v1,3,90,validation,origin_hour,10,Free-flow,Severe,0
classical_classification_v1,3,90,validation,origin_hour,10,Moderate,Free-flow,43
classical_classification_v1,3,90,validation,origin_hour,10,Moderate,Moderate,268
classical_classification_v1,3,90,validation,origin_hour,10,Moderate,Heavy,0
classical_classification_v1,3,90,validation,origin_hour,10,Moderate,Severe,0
classical_classification_v1,3,90,validation,origin_hour,10,Heavy,Free-flow,0
classical_classification_v1,3,90,validation,origin_hour,10,Heavy,Moderate,0
classical_classification_v1,3,90,validation,origin_hour,10,Heavy,Heavy,0
classical_classification_v1,3,90,validation,origin_hour,10,Heavy,Severe,0
classical_classification_v1,3,90,validation,origin_hour,10,Severe,Free-flow,0
classical_classification_v1,3,90,validation,origin_hour,10,Severe,Moderate,0
classical_classification_v1,3,90,validation,origin_hour,10,Severe,Heavy,0
classical_classification_v1,3,90,validation,origin_hour,10,Severe,Severe,0
classical_classification_v1,3,90,validation,origin_hour,11,Free-flow,Free-flow,721
classical_classification_v1,3,90,validation,origin_hour,11,Free-flow,Moderate,130
classical_classification_v1,3,90,validation,origin_hour,11,Free-flow,Heavy,0
classical_classification_v1,3,90,validation,origin_hour,11,Free-flow,Severe,0
classical_classification_v1,3,90,validation,origin_hour,11,Moderate,Free-flow,62
classical_classification_v1,3,90,validation,origin_hour,11,Moderate,Moderate,187
classical_classification_v1,3,90,validation,origin_hour,11,Moderate,Heavy,0
classical_classification_v1,3,90,validation,origin_hour,11,Moderate,Severe,0
classical_classification_v1,3,90,validation,origin_hour,11,Heavy,Free-flow,0
classical_classification_v1,3,90,validation,origin_hour,11,Heavy,Moderate,0
classical_classification_v1,3,90,validation,origin_hour,11,Heavy,Heavy,0
classical_classification_v1,3,90,validation,origin_hour,11,Heavy,Severe,0
classical_classification_v1,3,90,validation,origin_hour,11,Severe,Free-flow,0
classical_classification_v1,3,90,validation,origin_hour,11,Severe,Moderate,0
classical_classification_v1,3,90,validation,origin_hour,11,Severe,Heavy,0
classical_classification_v1,3,90,validation,origin_hour,11,Severe,Severe,0
classical_classification_v1,3,90,validation,origin_hour,12,Free-flow,Free-flow,703
classical_classification_v1,3,90,validation,origin_hour,12,Free-flow,Moderate,139
classical_classification_v1,3,90,validation,origin_hour,12,Free-flow,Heavy,0
classical_classification_v1,3,90,validation,origin_hour,12,Free-flow,Severe,0
classical_classification_v1,3,90,validation,origin_hour,12,Moderate,Free-flow,59
classical_classification_v1,3,90,validation,origin_hour,12,Moderate,Moderate,199
classical_classification_v1,3,90,validation,origin_hour,12,Moderate,Heavy,0
classical_classification_v1,3,90,validation,origin_hour,12,Moderate,Severe,0
classical_classification_v1,3,90,validation,origin_hour,12,Heavy,Free-flow,0
classical_classification_v1,3,90,validation,origin_hour,12,Heavy,Moderate,0
classical_classification_v1,3,90,validation,origin_hour,12,Heavy,Heavy,0
classical_classification_v1,3,90,validation,origin_hour,12,Heavy,Severe,0
classical_classification_v1,3,90,validation,origin_hour,12,Severe,Free-flow,0
classical_classification_v1,3,90,validation,origin_hour,12,Severe,Moderate,0
classical_classification_v1,3,90,validation,origin_hour,12,Severe,Heavy,0
classical_classification_v1,3,90,validation,origin_hour,12,Severe,Severe,0
classical_classification_v1,3,90,validation,origin_hour,13,Free-flow,Free-flow,467
classical_classification_v1,3,90,validation,origin_hour,13,Free-flow,Moderate,181
classical_classification_v1,3,90,validation,origin_hour,13,Free-flow,Heavy,0
classical_classification_v1,3,90,validation,origin_hour,13,Free-flow,Severe,0
classical_classification_v1,3,90,validation,origin_hour,13,Moderate,Free-flow,54
classical_classification_v1,3,90,validation,origin_hour,13,Moderate,Moderate,398
classical_classification_v1,3,90,validation,origin_hour,13,Moderate,Heavy,0
classical_classification_v1,3,90,validation,origin_hour,13,Moderate,Severe,0
classical_classification_v1,3,90,validation,origin_hour,13,Heavy,Free-flow,0
classical_classification_v1,3,90,validation,origin_hour,13,Heavy,Moderate,0
classical_classification_v1,3,90,validation,origin_hour,13,Heavy,Heavy,0
classical_classification_v1,3,90,validation,origin_hour,13,Heavy,Severe,0
classical_classification_v1,3,90,validation,origin_hour,13,Severe,Free-flow,0
classical_classification_v1,3,90,validation,origin_hour,13,Severe,Moderate,0
classical_classification_v1,3,90,validation,origin_hour,13,Severe,Heavy,0
classical_classification_v1,3,90,validation,origin_hour,13,Severe,Severe,0
classical_classification_v1,3,90,validation,origin_hour,14,Free-flow,Free-flow,199
classical_classification_v1,3,90,validation,origin_hour,14,Free-flow,Moderate,96
classical_classification_v1,3,90,validation,origin_hour,14,Free-flow,Heavy,0
classical_classification_v1,3,90,validation,origin_hour,14,Free-flow,Severe,0
classical_classification_v1,3,90,validation,origin_hour,14,Moderate,Free-flow,34
classical_classification_v1,3,90,validation,origin_hour,14,Moderate,Moderate,727
classical_classification_v1,3,90,validation,origin_hour,14,Moderate,Heavy,0
classical_classification_v1,3,90,validation,origin_hour,14,Moderate,Severe,0
classical_classification_v1,3,90,validation,origin_hour,14,Heavy,Free-flow,1
classical_classification_v1,3,90,validation,origin_hour,14,Heavy,Moderate,43
classical_classification_v1,3,90,validation,origin_hour,14,Heavy,Heavy,0
classical_classification_v1,3,90,validation,origin_hour,14,Heavy,Severe,0
classical_classification_v1,3,90,validation,origin_hour,14,Severe,Free-flow,0
classical_classification_v1,3,90,validation,origin_hour,14,Severe,Moderate,0
classical_classification_v1,3,90,validation,origin_hour,14,Severe,Heavy,0
classical_classification_v1,3,90,validation,origin_hour,14,Severe,Severe,0
classical_classification_v1,3,90,validation,origin_hour,15,Free-flow,Free-flow,36
classical_classification_v1,3,90,validation,origin_hour,15,Free-flow,Moderate,23
classical_classification_v1,3,90,validation,origin_hour,15,Free-flow,Heavy,0
classical_classification_v1,3,90,validation,origin_hour,15,Free-flow,Severe,0
classical_classification_v1,3,90,validation,origin_hour,15,Moderate,Free-flow,11
classical_classification_v1,3,90,validation,origin_hour,15,Moderate,Moderate,272
classical_classification_v1,3,90,validation,origin_hour,15,Moderate,Heavy,248
classical_classification_v1,3,90,validation,origin_hour,15,Moderate,Severe,3
classical_classification_v1,3,90,validation,origin_hour,15,Heavy,Free-flow,2
classical_classification_v1,3,90,validation,origin_hour,15,Heavy,Moderate,8
classical_classification_v1,3,90,validation,origin_hour,15,Heavy,Heavy,423
classical_classification_v1,3,90,validation,origin_hour,15,Heavy,Severe,5
classical_classification_v1,3,90,validation,origin_hour,15,Severe,Free-flow,0
classical_classification_v1,3,90,validation,origin_hour,15,Severe,Moderate,0
classical_classification_v1,3,90,validation,origin_hour,15,Severe,Heavy,69
classical_classification_v1,3,90,validation,origin_hour,15,Severe,Severe,0
classical_classification_v1,3,90,validation,origin_hour,16,Free-flow,Free-flow,0
classical_classification_v1,3,90,validation,origin_hour,16,Free-flow,Moderate,15
classical_classification_v1,3,90,validation,origin_hour,16,Free-flow,Heavy,0
classical_classification_v1,3,90,validation,origin_hour,16,Free-flow,Severe,0
classical_classification_v1,3,90,validation,origin_hour,16,Moderate,Free-flow,0
classical_classification_v1,3,90,validation,origin_hour,16,Moderate,Moderate,300
classical_classification_v1,3,90,validation,origin_hour,16,Moderate,Heavy,10
classical_classification_v1,3,90,validation,origin_hour,16,Moderate,Severe,19
classical_classification_v1,3,90,validation,origin_hour,16,Heavy,Free-flow,0
classical_classification_v1,3,90,validation,origin_hour,16,Heavy,Moderate,35
classical_classification_v1,3,90,validation,origin_hour,16,Heavy,Heavy,125
classical_classification_v1,3,90,validation,origin_hour,16,Heavy,Severe,282
classical_classification_v1,3,90,validation,origin_hour,16,Severe,Free-flow,0
classical_classification_v1,3,90,validation,origin_hour,16,Severe,Moderate,0
classical_classification_v1,3,90,validation,origin_hour,16,Severe,Heavy,62
classical_classification_v1,3,90,validation,origin_hour,16,Severe,Severe,252
classical_classification_v1,3,90,validation,origin_hour,17,Free-flow,Free-flow,22
classical_classification_v1,3,90,validation,origin_hour,17,Free-flow,Moderate,27
classical_classification_v1,3,90,validation,origin_hour,17,Free-flow,Heavy,0
classical_classification_v1,3,90,validation,origin_hour,17,Free-flow,Severe,0
classical_classification_v1,3,90,validation,origin_hour,17,Moderate,Free-flow,3
classical_classification_v1,3,90,validation,origin_hour,17,Moderate,Moderate,290
classical_classification_v1,3,90,validation,origin_hour,17,Moderate,Heavy,199
classical_classification_v1,3,90,validation,origin_hour,17,Moderate,Severe,0
classical_classification_v1,3,90,validation,origin_hour,17,Heavy,Free-flow,0
classical_classification_v1,3,90,validation,origin_hour,17,Heavy,Moderate,8
classical_classification_v1,3,90,validation,origin_hour,17,Heavy,Heavy,476
classical_classification_v1,3,90,validation,origin_hour,17,Heavy,Severe,0
classical_classification_v1,3,90,validation,origin_hour,17,Severe,Free-flow,0
classical_classification_v1,3,90,validation,origin_hour,17,Severe,Moderate,0
classical_classification_v1,3,90,validation,origin_hour,17,Severe,Heavy,125
classical_classification_v1,3,90,validation,origin_hour,17,Severe,Severe,0
classical_classification_v1,3,90,validation,origin_hour,18,Free-flow,Free-flow,195
classical_classification_v1,3,90,validation,origin_hour,18,Free-flow,Moderate,223
classical_classification_v1,3,90,validation,origin_hour,18,Free-flow,Heavy,0
classical_classification_v1,3,90,validation,origin_hour,18,Free-flow,Severe,0
classical_classification_v1,3,90,validation,origin_hour,18,Moderate,Free-flow,5
classical_classification_v1,3,90,validation,origin_hour,18,Moderate,Moderate,689
classical_classification_v1,3,90,validation,origin_hour,18,Moderate,Heavy,0
classical_classification_v1,3,90,validation,origin_hour,18,Moderate,Severe,0
classical_classification_v1,3,90,validation,origin_hour,18,Heavy,Free-flow,0
classical_classification_v1,3,90,validation,origin_hour,18,Heavy,Moderate,38
classical_classification_v1,3,90,validation,origin_hour,18,Heavy,Heavy,0
classical_classification_v1,3,90,validation,origin_hour,18,Heavy,Severe,0
classical_classification_v1,3,90,validation,origin_hour,18,Severe,Free-flow,0
classical_classification_v1,3,90,validation,origin_hour,18,Severe,Moderate,0
classical_classification_v1,3,90,validation,origin_hour,18,Severe,Heavy,0
classical_classification_v1,3,90,validation,origin_hour,18,Severe,Severe,0
classical_classification_v1,3,90,validation,origin_hour,19,Free-flow,Free-flow,1097
classical_classification_v1,3,90,validation,origin_hour,19,Free-flow,Moderate,0
classical_classification_v1,3,90,validation,origin_hour,19,Free-flow,Heavy,0
classical_classification_v1,3,90,validation,origin_hour,19,Free-flow,Severe,0
classical_classification_v1,3,90,validation,origin_hour,19,Moderate,Free-flow,53
classical_classification_v1,3,90,validation,origin_hour,19,Moderate,Moderate,0
classical_classification_v1,3,90,validation,origin_hour,19,Moderate,Heavy,0
classical_classification_v1,3,90,validation,origin_hour,19,Moderate,Severe,0
classical_classification_v1,3,90,validation,origin_hour,19,Heavy,Free-flow,0
classical_classification_v1,3,90,validation,origin_hour,19,Heavy,Moderate,0
classical_classification_v1,3,90,validation,origin_hour,19,Heavy,Heavy,0
classical_classification_v1,3,90,validation,origin_hour,19,Heavy,Severe,0
classical_classification_v1,3,90,validation,origin_hour,19,Severe,Free-flow,0
classical_classification_v1,3,90,validation,origin_hour,19,Severe,Moderate,0
classical_classification_v1,3,90,validation,origin_hour,19,Severe,Heavy,0
classical_classification_v1,3,90,validation,origin_hour,19,Severe,Severe,0
classical_classification_v1,3,90,validation,origin_hour,20,Free-flow,Free-flow,1150
classical_classification_v1,3,90,validation,origin_hour,20,Free-flow,Moderate,0
classical_classification_v1,3,90,validation,origin_hour,20,Free-flow,Heavy,0
classical_classification_v1,3,90,validation,origin_hour,20,Free-flow,Severe,0
classical_classification_v1,3,90,validation,origin_hour,20,Moderate,Free-flow,0
classical_classification_v1,3,90,validation,origin_hour,20,Moderate,Moderate,0
classical_classification_v1,3,90,validation,origin_hour,20,Moderate,Heavy,0
classical_classification_v1,3,90,validation,origin_hour,20,Moderate,Severe,0
classical_classification_v1,3,90,validation,origin_hour,20,Heavy,Free-flow,0
classical_classification_v1,3,90,validation,origin_hour,20,Heavy,Moderate,0
classical_classification_v1,3,90,validation,origin_hour,20,Heavy,Heavy,0
classical_classification_v1,3,90,validation,origin_hour,20,Heavy,Severe,0
classical_classification_v1,3,90,validation,origin_hour,20,Severe,Free-flow,0
classical_classification_v1,3,90,validation,origin_hour,20,Severe,Moderate,0
classical_classification_v1,3,90,validation,origin_hour,20,Severe,Heavy,0
classical_classification_v1,3,90,validation,origin_hour,20,Severe,Severe,0
classical_classification_v1,3,90,validation,origin_hour,21,Free-flow,Free-flow,1150
classical_classification_v1,3,90,validation,origin_hour,21,Free-flow,Moderate,0
classical_classification_v1,3,90,validation,origin_hour,21,Free-flow,Heavy,0
classical_classification_v1,3,90,validation,origin_hour,21,Free-flow,Severe,0
classical_classification_v1,3,90,validation,origin_hour,21,Moderate,Free-flow,0
classical_classification_v1,3,90,validation,origin_hour,21,Moderate,Moderate,0
classical_classification_v1,3,90,validation,origin_hour,21,Moderate,Heavy,0
classical_classification_v1,3,90,validation,origin_hour,21,Moderate,Severe,0
classical_classification_v1,3,90,validation,origin_hour,21,Heavy,Free-flow,0
classical_classification_v1,3,90,validation,origin_hour,21,Heavy,Moderate,0
classical_classification_v1,3,90,validation,origin_hour,21,Heavy,Heavy,0
classical_classification_v1,3,90,validation,origin_hour,21,Heavy,Severe,0
classical_classification_v1,3,90,validation,origin_hour,21,Severe,Free-flow,0
classical_classification_v1,3,90,validation,origin_hour,21,Severe,Moderate,0
classical_classification_v1,3,90,validation,origin_hour,21,Severe,Heavy,0
classical_classification_v1,3,90,validation,origin_hour,21,Severe,Severe,0
classical_classification_v1,3,90,validation,origin_hour,22,Free-flow,Free-flow,1150
classical_classification_v1,3,90,validation,origin_hour,22,Free-flow,Moderate,0
classical_classification_v1,3,90,validation,origin_hour,22,Free-flow,Heavy,0
classical_classification_v1,3,90,validation,origin_hour,22,Free-flow,Severe,0
classical_classification_v1,3,90,validation,origin_hour,22,Moderate,Free-flow,0
classical_classification_v1,3,90,validation,origin_hour,22,Moderate,Moderate,0
classical_classification_v1,3,90,validation,origin_hour,22,Moderate,Heavy,0
classical_classification_v1,3,90,validation,origin_hour,22,Moderate,Severe,0
classical_classification_v1,3,90,validation,origin_hour,22,Heavy,Free-flow,0
classical_classification_v1,3,90,validation,origin_hour,22,Heavy,Moderate,0
classical_classification_v1,3,90,validation,origin_hour,22,Heavy,Heavy,0
classical_classification_v1,3,90,validation,origin_hour,22,Heavy,Severe,0
classical_classification_v1,3,90,validation,origin_hour,22,Severe,Free-flow,0
classical_classification_v1,3,90,validation,origin_hour,22,Severe,Moderate,0
classical_classification_v1,3,90,validation,origin_hour,22,Severe,Heavy,0
classical_classification_v1,3,90,validation,origin_hour,22,Severe,Severe,0
classical_classification_v1,3,90,validation,origin_hour,23,Free-flow,Free-flow,1150
classical_classification_v1,3,90,validation,origin_hour,23,Free-flow,Moderate,0
classical_classification_v1,3,90,validation,origin_hour,23,Free-flow,Heavy,0
classical_classification_v1,3,90,validation,origin_hour,23,Free-flow,Severe,0
classical_classification_v1,3,90,validation,origin_hour,23,Moderate,Free-flow,0
classical_classification_v1,3,90,validation,origin_hour,23,Moderate,Moderate,0
classical_classification_v1,3,90,validation,origin_hour,23,Moderate,Heavy,0
classical_classification_v1,3,90,validation,origin_hour,23,Moderate,Severe,0
classical_classification_v1,3,90,validation,origin_hour,23,Heavy,Free-flow,0
classical_classification_v1,3,90,validation,origin_hour,23,Heavy,Moderate,0
classical_classification_v1,3,90,validation,origin_hour,23,Heavy,Heavy,0
classical_classification_v1,3,90,validation,origin_hour,23,Heavy,Severe,0
classical_classification_v1,3,90,validation,origin_hour,23,Severe,Free-flow,0
classical_classification_v1,3,90,validation,origin_hour,23,Severe,Moderate,0
classical_classification_v1,3,90,validation,origin_hour,23,Severe,Heavy,0
classical_classification_v1,3,90,validation,origin_hour,23,Severe,Severe,0
classical_classification_v1,3,90,validation,weekday,Friday,Free-flow,Free-flow,2000
classical_classification_v1,3,90,validation,weekday,Friday,Free-flow,Moderate,193
classical_classification_v1,3,90,validation,weekday,Friday,Free-flow,Heavy,0
classical_classification_v1,3,90,validation,weekday,Friday,Free-flow,Severe,0
classical_classification_v1,3,90,validation,weekday,Friday,Moderate,Free-flow,59
classical_classification_v1,3,90,validation,weekday,Friday,Moderate,Moderate,730
classical_classification_v1,3,90,validation,weekday,Friday,Moderate,Heavy,162
classical_classification_v1,3,90,validation,weekday,Friday,Moderate,Severe,6
classical_classification_v1,3,90,validation,weekday,Friday,Heavy,Free-flow,0
classical_classification_v1,3,90,validation,weekday,Friday,Heavy,Moderate,20
classical_classification_v1,3,90,validation,weekday,Friday,Heavy,Heavy,338
classical_classification_v1,3,90,validation,weekday,Friday,Heavy,Severe,142
classical_classification_v1,3,90,validation,weekday,Friday,Severe,Free-flow,0
classical_classification_v1,3,90,validation,weekday,Friday,Severe,Moderate,0
classical_classification_v1,3,90,validation,weekday,Friday,Severe,Heavy,82
classical_classification_v1,3,90,validation,weekday,Friday,Severe,Severe,218
classical_classification_v1,3,90,validation,weekday,Monday,Free-flow,Free-flow,1752
classical_classification_v1,3,90,validation,weekday,Monday,Free-flow,Moderate,237
classical_classification_v1,3,90,validation,weekday,Monday,Free-flow,Heavy,0
classical_classification_v1,3,90,validation,weekday,Monday,Free-flow,Severe,0
classical_classification_v1,3,90,validation,weekday,Monday,Moderate,Free-flow,67
classical_classification_v1,3,90,validation,weekday,Monday,Moderate,Moderate,621
classical_classification_v1,3,90,validation,weekday,Monday,Moderate,Heavy,179
classical_classification_v1,3,90,validation,weekday,Monday,Moderate,Severe,13
classical_classification_v1,3,90,validation,weekday,Monday,Heavy,Free-flow,0
classical_classification_v1,3,90,validation,weekday,Monday,Heavy,Moderate,24
classical_classification_v1,3,90,validation,weekday,Monday,Heavy,Heavy,321
classical_classification_v1,3,90,validation,weekday,Monday,Heavy,Severe,119
classical_classification_v1,3,90,validation,weekday,Monday,Severe,Free-flow,0
classical_classification_v1,3,90,validation,weekday,Monday,Severe,Moderate,0
classical_classification_v1,3,90,validation,weekday,Monday,Severe,Heavy,70
classical_classification_v1,3,90,validation,weekday,Monday,Severe,Severe,197
classical_classification_v1,3,90,validation,weekday,Saturday,Free-flow,Free-flow,2461
classical_classification_v1,3,90,validation,weekday,Saturday,Free-flow,Moderate,121
classical_classification_v1,3,90,validation,weekday,Saturday,Free-flow,Heavy,0
classical_classification_v1,3,90,validation,weekday,Saturday,Free-flow,Severe,0
classical_classification_v1,3,90,validation,weekday,Saturday,Moderate,Free-flow,66
classical_classification_v1,3,90,validation,weekday,Saturday,Moderate,Moderate,793
classical_classification_v1,3,90,validation,weekday,Saturday,Moderate,Heavy,66
classical_classification_v1,3,90,validation,weekday,Saturday,Moderate,Severe,0
classical_classification_v1,3,90,validation,weekday,Saturday,Heavy,Free-flow,1
classical_classification_v1,3,90,validation,weekday,Saturday,Heavy,Moderate,57
classical_classification_v1,3,90,validation,weekday,Saturday,Heavy,Heavy,29
classical_classification_v1,3,90,validation,weekday,Saturday,Heavy,Severe,0
classical_classification_v1,3,90,validation,weekday,Saturday,Severe,Free-flow,0
classical_classification_v1,3,90,validation,weekday,Saturday,Severe,Moderate,4
classical_classification_v1,3,90,validation,weekday,Saturday,Severe,Heavy,2
classical_classification_v1,3,90,validation,weekday,Saturday,Severe,Severe,0
classical_classification_v1,3,90,validation,weekday,Sunday,Free-flow,Free-flow,2500
classical_classification_v1,3,90,validation,weekday,Sunday,Free-flow,Moderate,109
classical_classification_v1,3,90,validation,weekday,Sunday,Free-flow,Heavy,0
classical_classification_v1,3,90,validation,weekday,Sunday,Free-flow,Severe,0
classical_classification_v1,3,90,validation,weekday,Sunday,Moderate,Free-flow,44
classical_classification_v1,3,90,validation,weekday,Sunday,Moderate,Moderate,785
classical_classification_v1,3,90,validation,weekday,Sunday,Moderate,Heavy,69
classical_classification_v1,3,90,validation,weekday,Sunday,Moderate,Severe,0
classical_classification_v1,3,90,validation,weekday,Sunday,Heavy,Free-flow,0
classical_classification_v1,3,90,validation,weekday,Sunday,Heavy,Moderate,55
classical_classification_v1,3,90,validation,weekday,Sunday,Heavy,Heavy,38
classical_classification_v1,3,90,validation,weekday,Sunday,Heavy,Severe,0
classical_classification_v1,3,90,validation,weekday,Sunday,Severe,Free-flow,0
classical_classification_v1,3,90,validation,weekday,Sunday,Severe,Moderate,0
classical_classification_v1,3,90,validation,weekday,Sunday,Severe,Heavy,0
classical_classification_v1,3,90,validation,weekday,Sunday,Severe,Severe,0
classical_classification_v1,3,90,validation,weekday,Thursday,Free-flow,Free-flow,2326
classical_classification_v1,3,90,validation,weekday,Thursday,Free-flow,Moderate,254
classical_classification_v1,3,90,validation,weekday,Thursday,Free-flow,Heavy,0
classical_classification_v1,3,90,validation,weekday,Thursday,Free-flow,Severe,0
classical_classification_v1,3,90,validation,weekday,Thursday,Moderate,Free-flow,66
classical_classification_v1,3,90,validation,weekday,Thursday,Moderate,Moderate,939
classical_classification_v1,3,90,validation,weekday,Thursday,Moderate,Heavy,230
classical_classification_v1,3,90,validation,weekday,Thursday,Moderate,Severe,7
classical_classification_v1,3,90,validation,weekday,Thursday,Heavy,Free-flow,0
classical_classification_v1,3,90,validation,weekday,Thursday,Heavy,Moderate,19
classical_classification_v1,3,90,validation,weekday,Thursday,Heavy,Heavy,410
classical_classification_v1,3,90,validation,weekday,Thursday,Heavy,Severe,169
classical_classification_v1,3,90,validation,weekday,Thursday,Severe,Free-flow,0
classical_classification_v1,3,90,validation,weekday,Thursday,Severe,Moderate,0
classical_classification_v1,3,90,validation,weekday,Thursday,Severe,Heavy,97
classical_classification_v1,3,90,validation,weekday,Thursday,Severe,Severe,283
classical_classification_v1,3,90,validation,weekday,Tuesday,Free-flow,Free-flow,1748
classical_classification_v1,3,90,validation,weekday,Tuesday,Free-flow,Moderate,196
classical_classification_v1,3,90,validation,weekday,Tuesday,Free-flow,Heavy,0
classical_classification_v1,3,90,validation,weekday,Tuesday,Free-flow,Severe,0
classical_classification_v1,3,90,validation,weekday,Tuesday,Moderate,Free-flow,61
classical_classification_v1,3,90,validation,weekday,Tuesday,Moderate,Moderate,671
classical_classification_v1,3,90,validation,weekday,Tuesday,Moderate,Heavy,147
classical_classification_v1,3,90,validation,weekday,Tuesday,Moderate,Severe,7
classical_classification_v1,3,90,validation,weekday,Tuesday,Heavy,Free-flow,0
classical_classification_v1,3,90,validation,weekday,Tuesday,Heavy,Moderate,24
classical_classification_v1,3,90,validation,weekday,Tuesday,Heavy,Heavy,327
classical_classification_v1,3,90,validation,weekday,Tuesday,Heavy,Severe,129
classical_classification_v1,3,90,validation,weekday,Tuesday,Severe,Free-flow,0
classical_classification_v1,3,90,validation,weekday,Tuesday,Severe,Moderate,0
classical_classification_v1,3,90,validation,weekday,Tuesday,Severe,Heavy,85
classical_classification_v1,3,90,validation,weekday,Tuesday,Severe,Severe,205
classical_classification_v1,3,90,validation,weekday,Wednesday,Free-flow,Free-flow,2402
classical_classification_v1,3,90,validation,weekday,Wednesday,Free-flow,Moderate,186
classical_classification_v1,3,90,validation,weekday,Wednesday,Free-flow,Heavy,1
classical_classification_v1,3,90,validation,weekday,Wednesday,Free-flow,Severe,0
classical_classification_v1,3,90,validation,weekday,Wednesday,Moderate,Free-flow,75
classical_classification_v1,3,90,validation,weekday,Wednesday,Moderate,Moderate,603
classical_classification_v1,3,90,validation,weekday,Wednesday,Moderate,Heavy,120
classical_classification_v1,3,90,validation,weekday,Wednesday,Moderate,Severe,8
classical_classification_v1,3,90,validation,weekday,Wednesday,Heavy,Free-flow,3
classical_classification_v1,3,90,validation,weekday,Wednesday,Heavy,Moderate,23
classical_classification_v1,3,90,validation,weekday,Wednesday,Heavy,Heavy,269
classical_classification_v1,3,90,validation,weekday,Wednesday,Heavy,Severe,70
classical_classification_v1,3,90,validation,weekday,Wednesday,Severe,Free-flow,1
classical_classification_v1,3,90,validation,weekday,Wednesday,Severe,Moderate,1
classical_classification_v1,3,90,validation,weekday,Wednesday,Severe,Heavy,45
classical_classification_v1,3,90,validation,weekday,Wednesday,Severe,Severe,143
classical_classification_v1,3,90,validation,weekday_type,weekday,Free-flow,Free-flow,10228
classical_classification_v1,3,90,validation,weekday_type,weekday,Free-flow,Moderate,1066
classical_classification_v1,3,90,validation,weekday_type,weekday,Free-flow,Heavy,1
classical_classification_v1,3,90,validation,weekday_type,weekday,Free-flow,Severe,0
classical_classification_v1,3,90,validation,weekday_type,weekday,Moderate,Free-flow,328
classical_classification_v1,3,90,validation,weekday_type,weekday,Moderate,Moderate,3564
classical_classification_v1,3,90,validation,weekday_type,weekday,Moderate,Heavy,838
classical_classification_v1,3,90,validation,weekday_type,weekday,Moderate,Severe,41
classical_classification_v1,3,90,validation,weekday_type,weekday,Heavy,Free-flow,3
classical_classification_v1,3,90,validation,weekday_type,weekday,Heavy,Moderate,110
classical_classification_v1,3,90,validation,weekday_type,weekday,Heavy,Heavy,1665
classical_classification_v1,3,90,validation,weekday_type,weekday,Heavy,Severe,629
classical_classification_v1,3,90,validation,weekday_type,weekday,Severe,Free-flow,1
classical_classification_v1,3,90,validation,weekday_type,weekday,Severe,Moderate,1
classical_classification_v1,3,90,validation,weekday_type,weekday,Severe,Heavy,379
classical_classification_v1,3,90,validation,weekday_type,weekday,Severe,Severe,1046
classical_classification_v1,3,90,validation,weekday_type,weekend,Free-flow,Free-flow,4961
classical_classification_v1,3,90,validation,weekday_type,weekend,Free-flow,Moderate,230
classical_classification_v1,3,90,validation,weekday_type,weekend,Free-flow,Heavy,0
classical_classification_v1,3,90,validation,weekday_type,weekend,Free-flow,Severe,0
classical_classification_v1,3,90,validation,weekday_type,weekend,Moderate,Free-flow,110
classical_classification_v1,3,90,validation,weekday_type,weekend,Moderate,Moderate,1578
classical_classification_v1,3,90,validation,weekday_type,weekend,Moderate,Heavy,135
classical_classification_v1,3,90,validation,weekday_type,weekend,Moderate,Severe,0
classical_classification_v1,3,90,validation,weekday_type,weekend,Heavy,Free-flow,1
classical_classification_v1,3,90,validation,weekday_type,weekend,Heavy,Moderate,112
classical_classification_v1,3,90,validation,weekday_type,weekend,Heavy,Heavy,67
classical_classification_v1,3,90,validation,weekday_type,weekend,Heavy,Severe,0
classical_classification_v1,3,90,validation,weekday_type,weekend,Severe,Free-flow,0
classical_classification_v1,3,90,validation,weekday_type,weekend,Severe,Moderate,4
classical_classification_v1,3,90,validation,weekday_type,weekend,Severe,Heavy,2
classical_classification_v1,3,90,validation,weekday_type,weekend,Severe,Severe,0
classical_classification_v1,3,90,validation,peak_status,evening_peak,Free-flow,Free-flow,1314
classical_classification_v1,3,90,validation,peak_status,evening_peak,Free-flow,Moderate,250
classical_classification_v1,3,90,validation,peak_status,evening_peak,Free-flow,Heavy,0
classical_classification_v1,3,90,validation,peak_status,evening_peak,Free-flow,Severe,0
classical_classification_v1,3,90,validation,peak_status,evening_peak,Moderate,Free-flow,61
classical_classification_v1,3,90,validation,peak_status,evening_peak,Moderate,Moderate,979
classical_classification_v1,3,90,validation,peak_status,evening_peak,Moderate,Heavy,199
classical_classification_v1,3,90,validation,peak_status,evening_peak,Moderate,Severe,0
classical_classification_v1,3,90,validation,peak_status,evening_peak,Heavy,Free-flow,0
classical_classification_v1,3,90,validation,peak_status,evening_peak,Heavy,Moderate,46
classical_classification_v1,3,90,validation,peak_status,evening_peak,Heavy,Heavy,476
classical_classification_v1,3,90,validation,peak_status,evening_peak,Heavy,Severe,0
classical_classification_v1,3,90,validation,peak_status,evening_peak,Severe,Free-flow,0
classical_classification_v1,3,90,validation,peak_status,evening_peak,Severe,Moderate,0
classical_classification_v1,3,90,validation,peak_status,evening_peak,Severe,Heavy,125
classical_classification_v1,3,90,validation,peak_status,evening_peak,Severe,Severe,0
classical_classification_v1,3,90,validation,peak_status,morning_peak,Free-flow,Free-flow,327
classical_classification_v1,3,90,validation,peak_status,morning_peak,Free-flow,Moderate,147
classical_classification_v1,3,90,validation,peak_status,morning_peak,Free-flow,Heavy,0
classical_classification_v1,3,90,validation,peak_status,morning_peak,Free-flow,Severe,0
classical_classification_v1,3,90,validation,peak_status,morning_peak,Moderate,Free-flow,45
classical_classification_v1,3,90,validation,peak_status,morning_peak,Moderate,Moderate,1023
classical_classification_v1,3,90,validation,peak_status,morning_peak,Moderate,Heavy,396
classical_classification_v1,3,90,validation,peak_status,morning_peak,Moderate,Severe,6
classical_classification_v1,3,90,validation,peak_status,morning_peak,Heavy,Free-flow,0
classical_classification_v1,3,90,validation,peak_status,morning_peak,Heavy,Moderate,50
classical_classification_v1,3,90,validation,peak_status,morning_peak,Heavy,Heavy,457
classical_classification_v1,3,90,validation,peak_status,morning_peak,Heavy,Severe,177
classical_classification_v1,3,90,validation,peak_status,morning_peak,Severe,Free-flow,0
classical_classification_v1,3,90,validation,peak_status,morning_peak,Severe,Moderate,4
classical_classification_v1,3,90,validation,peak_status,morning_peak,Severe,Heavy,101
classical_classification_v1,3,90,validation,peak_status,morning_peak,Severe,Severe,567
classical_classification_v1,3,90,validation,peak_status,off_peak,Free-flow,Free-flow,13548
classical_classification_v1,3,90,validation,peak_status,off_peak,Free-flow,Moderate,899
classical_classification_v1,3,90,validation,peak_status,off_peak,Free-flow,Heavy,1
classical_classification_v1,3,90,validation,peak_status,off_peak,Free-flow,Severe,0
classical_classification_v1,3,90,validation,peak_status,off_peak,Moderate,Free-flow,332
classical_classification_v1,3,90,validation,peak_status,off_peak,Moderate,Moderate,3140
classical_classification_v1,3,90,validation,peak_status,off_peak,Moderate,Heavy,378
classical_classification_v1,3,90,validation,peak_status,off_peak,Moderate,Severe,35
classical_classification_v1,3,90,validation,peak_status,off_peak,Heavy,Free-flow,4
classical_classification_v1,3,90,validation,peak_status,off_peak,Heavy,Moderate,126
classical_classification_v1,3,90,validation,peak_status,off_peak,Heavy,Heavy,799
classical_classification_v1,3,90,validation,peak_status,off_peak,Heavy,Severe,452
classical_classification_v1,3,90,validation,peak_status,off_peak,Severe,Free-flow,1
classical_classification_v1,3,90,validation,peak_status,off_peak,Severe,Moderate,1
classical_classification_v1,3,90,validation,peak_status,off_peak,Severe,Heavy,155
classical_classification_v1,3,90,validation,peak_status,off_peak,Severe,Severe,479
classical_classification_v1,3,90,validation,weather_condition,Clear,Free-flow,Free-flow,11462
classical_classification_v1,3,90,validation,weather_condition,Clear,Free-flow,Moderate,980
classical_classification_v1,3,90,validation,weather_condition,Clear,Free-flow,Heavy,1
classical_classification_v1,3,90,validation,weather_condition,Clear,Free-flow,Severe,0
classical_classification_v1,3,90,validation,weather_condition,Clear,Moderate,Free-flow,342
classical_classification_v1,3,90,validation,weather_condition,Clear,Moderate,Moderate,3889
classical_classification_v1,3,90,validation,weather_condition,Clear,Moderate,Heavy,652
classical_classification_v1,3,90,validation,weather_condition,Clear,Moderate,Severe,25
classical_classification_v1,3,90,validation,weather_condition,Clear,Heavy,Free-flow,3
classical_classification_v1,3,90,validation,weather_condition,Clear,Heavy,Moderate,168
classical_classification_v1,3,90,validation,weather_condition,Clear,Heavy,Heavy,1225
classical_classification_v1,3,90,validation,weather_condition,Clear,Heavy,Severe,466
classical_classification_v1,3,90,validation,weather_condition,Clear,Severe,Free-flow,0
classical_classification_v1,3,90,validation,weather_condition,Clear,Severe,Moderate,3
classical_classification_v1,3,90,validation,weather_condition,Clear,Severe,Heavy,270
classical_classification_v1,3,90,validation,weather_condition,Clear,Severe,Severe,822
classical_classification_v1,3,90,validation,weather_condition,Cloudy,Free-flow,Free-flow,2689
classical_classification_v1,3,90,validation,weather_condition,Cloudy,Free-flow,Moderate,224
classical_classification_v1,3,90,validation,weather_condition,Cloudy,Free-flow,Heavy,0
classical_classification_v1,3,90,validation,weather_condition,Cloudy,Free-flow,Severe,0
classical_classification_v1,3,90,validation,weather_condition,Cloudy,Moderate,Free-flow,72
classical_classification_v1,3,90,validation,weather_condition,Cloudy,Moderate,Moderate,974
classical_classification_v1,3,90,validation,weather_condition,Cloudy,Moderate,Heavy,217
classical_classification_v1,3,90,validation,weather_condition,Cloudy,Moderate,Severe,9
classical_classification_v1,3,90,validation,weather_condition,Cloudy,Heavy,Free-flow,0
classical_classification_v1,3,90,validation,weather_condition,Cloudy,Heavy,Moderate,43
classical_classification_v1,3,90,validation,weather_condition,Cloudy,Heavy,Heavy,388
classical_classification_v1,3,90,validation,weather_condition,Cloudy,Heavy,Severe,130
classical_classification_v1,3,90,validation,weather_condition,Cloudy,Severe,Free-flow,0
classical_classification_v1,3,90,validation,weather_condition,Cloudy,Severe,Moderate,1
classical_classification_v1,3,90,validation,weather_condition,Cloudy,Severe,Heavy,85
classical_classification_v1,3,90,validation,weather_condition,Cloudy,Severe,Severe,184
classical_classification_v1,3,90,validation,weather_condition,Fog,Free-flow,Free-flow,70
classical_classification_v1,3,90,validation,weather_condition,Fog,Free-flow,Moderate,7
classical_classification_v1,3,90,validation,weather_condition,Fog,Free-flow,Heavy,0
classical_classification_v1,3,90,validation,weather_condition,Fog,Free-flow,Severe,0
classical_classification_v1,3,90,validation,weather_condition,Fog,Moderate,Free-flow,11
classical_classification_v1,3,90,validation,weather_condition,Fog,Moderate,Moderate,59
classical_classification_v1,3,90,validation,weather_condition,Fog,Moderate,Heavy,5
classical_classification_v1,3,90,validation,weather_condition,Fog,Moderate,Severe,2
classical_classification_v1,3,90,validation,weather_condition,Fog,Heavy,Free-flow,1
classical_classification_v1,3,90,validation,weather_condition,Fog,Heavy,Moderate,8
classical_classification_v1,3,90,validation,weather_condition,Fog,Heavy,Heavy,4
classical_classification_v1,3,90,validation,weather_condition,Fog,Heavy,Severe,3
classical_classification_v1,3,90,validation,weather_condition,Fog,Severe,Free-flow,1
classical_classification_v1,3,90,validation,weather_condition,Fog,Severe,Moderate,1
classical_classification_v1,3,90,validation,weather_condition,Fog,Severe,Heavy,0
classical_classification_v1,3,90,validation,weather_condition,Fog,Severe,Severe,4
classical_classification_v1,3,90,validation,weather_condition,Overcast,Free-flow,Free-flow,572
classical_classification_v1,3,90,validation,weather_condition,Overcast,Free-flow,Moderate,25
classical_classification_v1,3,90,validation,weather_condition,Overcast,Free-flow,Heavy,0
classical_classification_v1,3,90,validation,weather_condition,Overcast,Free-flow,Severe,0
classical_classification_v1,3,90,validation,weather_condition,Overcast,Moderate,Free-flow,11
classical_classification_v1,3,90,validation,weather_condition,Overcast,Moderate,Moderate,102
classical_classification_v1,3,90,validation,weather_condition,Overcast,Moderate,Heavy,48
classical_classification_v1,3,90,validation,weather_condition,Overcast,Moderate,Severe,0
classical_classification_v1,3,90,validation,weather_condition,Overcast,Heavy,Free-flow,0
classical_classification_v1,3,90,validation,weather_condition,Overcast,Heavy,Moderate,0
classical_classification_v1,3,90,validation,weather_condition,Overcast,Heavy,Heavy,53
classical_classification_v1,3,90,validation,weather_condition,Overcast,Heavy,Severe,9
classical_classification_v1,3,90,validation,weather_condition,Overcast,Severe,Free-flow,0
classical_classification_v1,3,90,validation,weather_condition,Overcast,Severe,Moderate,0
classical_classification_v1,3,90,validation,weather_condition,Overcast,Severe,Heavy,19
classical_classification_v1,3,90,validation,weather_condition,Overcast,Severe,Severe,17
classical_classification_v1,3,90,validation,weather_condition,Rain,Free-flow,Free-flow,396
classical_classification_v1,3,90,validation,weather_condition,Rain,Free-flow,Moderate,60
classical_classification_v1,3,90,validation,weather_condition,Rain,Free-flow,Heavy,0
classical_classification_v1,3,90,validation,weather_condition,Rain,Free-flow,Severe,0
classical_classification_v1,3,90,validation,weather_condition,Rain,Moderate,Free-flow,2
classical_classification_v1,3,90,validation,weather_condition,Rain,Moderate,Moderate,118
classical_classification_v1,3,90,validation,weather_condition,Rain,Moderate,Heavy,51
classical_classification_v1,3,90,validation,weather_condition,Rain,Moderate,Severe,5
classical_classification_v1,3,90,validation,weather_condition,Rain,Heavy,Free-flow,0
classical_classification_v1,3,90,validation,weather_condition,Rain,Heavy,Moderate,3
classical_classification_v1,3,90,validation,weather_condition,Rain,Heavy,Heavy,62
classical_classification_v1,3,90,validation,weather_condition,Rain,Heavy,Severe,21
classical_classification_v1,3,90,validation,weather_condition,Rain,Severe,Free-flow,0
classical_classification_v1,3,90,validation,weather_condition,Rain,Severe,Moderate,0
classical_classification_v1,3,90,validation,weather_condition,Rain,Severe,Heavy,7
classical_classification_v1,3,90,validation,weather_condition,Rain,Severe,Severe,19
classical_classification_v1,3,90,validation,actual_congestion,Free-flow,Free-flow,Free-flow,15189
classical_classification_v1,3,90,validation,actual_congestion,Free-flow,Free-flow,Moderate,1296
classical_classification_v1,3,90,validation,actual_congestion,Free-flow,Free-flow,Heavy,1
classical_classification_v1,3,90,validation,actual_congestion,Free-flow,Free-flow,Severe,0
classical_classification_v1,3,90,validation,actual_congestion,Free-flow,Moderate,Free-flow,0
classical_classification_v1,3,90,validation,actual_congestion,Free-flow,Moderate,Moderate,0
classical_classification_v1,3,90,validation,actual_congestion,Free-flow,Moderate,Heavy,0
classical_classification_v1,3,90,validation,actual_congestion,Free-flow,Moderate,Severe,0
classical_classification_v1,3,90,validation,actual_congestion,Free-flow,Heavy,Free-flow,0
classical_classification_v1,3,90,validation,actual_congestion,Free-flow,Heavy,Moderate,0
classical_classification_v1,3,90,validation,actual_congestion,Free-flow,Heavy,Heavy,0
classical_classification_v1,3,90,validation,actual_congestion,Free-flow,Heavy,Severe,0
classical_classification_v1,3,90,validation,actual_congestion,Free-flow,Severe,Free-flow,0
classical_classification_v1,3,90,validation,actual_congestion,Free-flow,Severe,Moderate,0
classical_classification_v1,3,90,validation,actual_congestion,Free-flow,Severe,Heavy,0
classical_classification_v1,3,90,validation,actual_congestion,Free-flow,Severe,Severe,0
classical_classification_v1,3,90,validation,actual_congestion,Heavy,Free-flow,Free-flow,0
classical_classification_v1,3,90,validation,actual_congestion,Heavy,Free-flow,Moderate,0
classical_classification_v1,3,90,validation,actual_congestion,Heavy,Free-flow,Heavy,0
classical_classification_v1,3,90,validation,actual_congestion,Heavy,Free-flow,Severe,0
classical_classification_v1,3,90,validation,actual_congestion,Heavy,Moderate,Free-flow,0
classical_classification_v1,3,90,validation,actual_congestion,Heavy,Moderate,Moderate,0
classical_classification_v1,3,90,validation,actual_congestion,Heavy,Moderate,Heavy,0
classical_classification_v1,3,90,validation,actual_congestion,Heavy,Moderate,Severe,0
classical_classification_v1,3,90,validation,actual_congestion,Heavy,Heavy,Free-flow,4
classical_classification_v1,3,90,validation,actual_congestion,Heavy,Heavy,Moderate,222
classical_classification_v1,3,90,validation,actual_congestion,Heavy,Heavy,Heavy,1732
classical_classification_v1,3,90,validation,actual_congestion,Heavy,Heavy,Severe,629
classical_classification_v1,3,90,validation,actual_congestion,Heavy,Severe,Free-flow,0
classical_classification_v1,3,90,validation,actual_congestion,Heavy,Severe,Moderate,0
classical_classification_v1,3,90,validation,actual_congestion,Heavy,Severe,Heavy,0
classical_classification_v1,3,90,validation,actual_congestion,Heavy,Severe,Severe,0
classical_classification_v1,3,90,validation,actual_congestion,Moderate,Free-flow,Free-flow,0
classical_classification_v1,3,90,validation,actual_congestion,Moderate,Free-flow,Moderate,0
classical_classification_v1,3,90,validation,actual_congestion,Moderate,Free-flow,Heavy,0
classical_classification_v1,3,90,validation,actual_congestion,Moderate,Free-flow,Severe,0
classical_classification_v1,3,90,validation,actual_congestion,Moderate,Moderate,Free-flow,438
classical_classification_v1,3,90,validation,actual_congestion,Moderate,Moderate,Moderate,5142
classical_classification_v1,3,90,validation,actual_congestion,Moderate,Moderate,Heavy,973
classical_classification_v1,3,90,validation,actual_congestion,Moderate,Moderate,Severe,41
classical_classification_v1,3,90,validation,actual_congestion,Moderate,Heavy,Free-flow,0
classical_classification_v1,3,90,validation,actual_congestion,Moderate,Heavy,Moderate,0
classical_classification_v1,3,90,validation,actual_congestion,Moderate,Heavy,Heavy,0
classical_classification_v1,3,90,validation,actual_congestion,Moderate,Heavy,Severe,0
classical_classification_v1,3,90,validation,actual_congestion,Moderate,Severe,Free-flow,0
classical_classification_v1,3,90,validation,actual_congestion,Moderate,Severe,Moderate,0
classical_classification_v1,3,90,validation,actual_congestion,Moderate,Severe,Heavy,0
classical_classification_v1,3,90,validation,actual_congestion,Moderate,Severe,Severe,0
classical_classification_v1,3,90,validation,actual_congestion,Severe,Free-flow,Free-flow,0
classical_classification_v1,3,90,validation,actual_congestion,Severe,Free-flow,Moderate,0
classical_classification_v1,3,90,validation,actual_congestion,Severe,Free-flow,Heavy,0
classical_classification_v1,3,90,validation,actual_congestion,Severe,Free-flow,Severe,0
classical_classification_v1,3,90,validation,actual_congestion,Severe,Moderate,Free-flow,0
classical_classification_v1,3,90,validation,actual_congestion,Severe,Moderate,Moderate,0
classical_classification_v1,3,90,validation,actual_congestion,Severe,Moderate,Heavy,0
classical_classification_v1,3,90,validation,actual_congestion,Severe,Moderate,Severe,0
classical_classification_v1,3,90,validation,actual_congestion,Severe,Heavy,Free-flow,0
classical_classification_v1,3,90,validation,actual_congestion,Severe,Heavy,Moderate,0
classical_classification_v1,3,90,validation,actual_congestion,Severe,Heavy,Heavy,0
classical_classification_v1,3,90,validation,actual_congestion,Severe,Heavy,Severe,0
classical_classification_v1,3,90,validation,actual_congestion,Severe,Severe,Free-flow,1
classical_classification_v1,3,90,validation,actual_congestion,Severe,Severe,Moderate,5
classical_classification_v1,3,90,validation,actual_congestion,Severe,Severe,Heavy,381
classical_classification_v1,3,90,validation,actual_congestion,Severe,Severe,Severe,1046
classical_classification_v1,4,120,test,overall,all,Free-flow,Free-flow,15196
classical_classification_v1,4,120,test,overall,all,Free-flow,Moderate,1114
classical_classification_v1,4,120,test,overall,all,Free-flow,Heavy,7
classical_classification_v1,4,120,test,overall,all,Free-flow,Severe,0
classical_classification_v1,4,120,test,overall,all,Moderate,Free-flow,484
classical_classification_v1,4,120,test,overall,all,Moderate,Moderate,5106
classical_classification_v1,4,120,test,overall,all,Moderate,Heavy,906
classical_classification_v1,4,120,test,overall,all,Moderate,Severe,56
classical_classification_v1,4,120,test,overall,all,Heavy,Free-flow,0
classical_classification_v1,4,120,test,overall,all,Heavy,Moderate,267
classical_classification_v1,4,120,test,overall,all,Heavy,Heavy,1566
classical_classification_v1,4,120,test,overall,all,Heavy,Severe,810
classical_classification_v1,4,120,test,overall,all,Severe,Free-flow,0
classical_classification_v1,4,120,test,overall,all,Severe,Moderate,4
classical_classification_v1,4,120,test,overall,all,Severe,Heavy,313
classical_classification_v1,4,120,test,overall,all,Severe,Severe,1246
classical_classification_v1,4,120,test,road_id,NL-001,Free-flow,Free-flow,647
classical_classification_v1,4,120,test,road_id,NL-001,Free-flow,Moderate,39
classical_classification_v1,4,120,test,road_id,NL-001,Free-flow,Heavy,0
classical_classification_v1,4,120,test,road_id,NL-001,Free-flow,Severe,0
classical_classification_v1,4,120,test,road_id,NL-001,Moderate,Free-flow,25
classical_classification_v1,4,120,test,road_id,NL-001,Moderate,Moderate,170
classical_classification_v1,4,120,test,road_id,NL-001,Moderate,Heavy,37
classical_classification_v1,4,120,test,road_id,NL-001,Moderate,Severe,3
classical_classification_v1,4,120,test,road_id,NL-001,Heavy,Free-flow,0
classical_classification_v1,4,120,test,road_id,NL-001,Heavy,Moderate,4
classical_classification_v1,4,120,test,road_id,NL-001,Heavy,Heavy,70
classical_classification_v1,4,120,test,road_id,NL-001,Heavy,Severe,25
classical_classification_v1,4,120,test,road_id,NL-001,Severe,Free-flow,0
classical_classification_v1,4,120,test,road_id,NL-001,Severe,Moderate,0
classical_classification_v1,4,120,test,road_id,NL-001,Severe,Heavy,8
classical_classification_v1,4,120,test,road_id,NL-001,Severe,Severe,55
classical_classification_v1,4,120,test,road_id,NL-002,Free-flow,Free-flow,582
classical_classification_v1,4,120,test,road_id,NL-002,Free-flow,Moderate,53
classical_classification_v1,4,120,test,road_id,NL-002,Free-flow,Heavy,0
classical_classification_v1,4,120,test,road_id,NL-002,Free-flow,Severe,0
classical_classification_v1,4,120,test,road_id,NL-002,Moderate,Free-flow,31
classical_classification_v1,4,120,test,road_id,NL-002,Moderate,Moderate,209
classical_classification_v1,4,120,test,road_id,NL-002,Moderate,Heavy,37
classical_classification_v1,4,120,test,road_id,NL-002,Moderate,Severe,1
classical_classification_v1,4,120,test,road_id,NL-002,Heavy,Free-flow,0
classical_classification_v1,4,120,test,road_id,NL-002,Heavy,Moderate,9
classical_classification_v1,4,120,test,road_id,NL-002,Heavy,Heavy,64
classical_classification_v1,4,120,test,road_id,NL-002,Heavy,Severe,39
classical_classification_v1,4,120,test,road_id,NL-002,Severe,Free-flow,0
classical_classification_v1,4,120,test,road_id,NL-002,Severe,Moderate,0
classical_classification_v1,4,120,test,road_id,NL-002,Severe,Heavy,13
classical_classification_v1,4,120,test,road_id,NL-002,Severe,Severe,45
classical_classification_v1,4,120,test,road_id,NL-003,Free-flow,Free-flow,556
classical_classification_v1,4,120,test,road_id,NL-003,Free-flow,Moderate,39
classical_classification_v1,4,120,test,road_id,NL-003,Free-flow,Heavy,1
classical_classification_v1,4,120,test,road_id,NL-003,Free-flow,Severe,0
classical_classification_v1,4,120,test,road_id,NL-003,Moderate,Free-flow,37
classical_classification_v1,4,120,test,road_id,NL-003,Moderate,Moderate,239
classical_classification_v1,4,120,test,road_id,NL-003,Moderate,Heavy,30
classical_classification_v1,4,120,test,road_id,NL-003,Moderate,Severe,0
classical_classification_v1,4,120,test,road_id,NL-003,Heavy,Free-flow,0
classical_classification_v1,4,120,test,road_id,NL-003,Heavy,Moderate,9
classical_classification_v1,4,120,test,road_id,NL-003,Heavy,Heavy,77
classical_classification_v1,4,120,test,road_id,NL-003,Heavy,Severe,29
classical_classification_v1,4,120,test,road_id,NL-003,Severe,Free-flow,0
classical_classification_v1,4,120,test,road_id,NL-003,Severe,Moderate,0
classical_classification_v1,4,120,test,road_id,NL-003,Severe,Heavy,11
classical_classification_v1,4,120,test,road_id,NL-003,Severe,Severe,55
classical_classification_v1,4,120,test,road_id,NL-004,Free-flow,Free-flow,546
classical_classification_v1,4,120,test,road_id,NL-004,Free-flow,Moderate,42
classical_classification_v1,4,120,test,road_id,NL-004,Free-flow,Heavy,0
classical_classification_v1,4,120,test,road_id,NL-004,Free-flow,Severe,0
classical_classification_v1,4,120,test,road_id,NL-004,Moderate,Free-flow,18
classical_classification_v1,4,120,test,road_id,NL-004,Moderate,Moderate,260
classical_classification_v1,4,120,test,road_id,NL-004,Moderate,Heavy,23
classical_classification_v1,4,120,test,road_id,NL-004,Moderate,Severe,2
classical_classification_v1,4,120,test,road_id,NL-004,Heavy,Free-flow,0
classical_classification_v1,4,120,test,road_id,NL-004,Heavy,Moderate,14
classical_classification_v1,4,120,test,road_id,NL-004,Heavy,Heavy,68
classical_classification_v1,4,120,test,road_id,NL-004,Heavy,Severe,26
classical_classification_v1,4,120,test,road_id,NL-004,Severe,Free-flow,0
classical_classification_v1,4,120,test,road_id,NL-004,Severe,Moderate,0
classical_classification_v1,4,120,test,road_id,NL-004,Severe,Heavy,29
classical_classification_v1,4,120,test,road_id,NL-004,Severe,Severe,55
classical_classification_v1,4,120,test,road_id,NL-005,Free-flow,Free-flow,540
classical_classification_v1,4,120,test,road_id,NL-005,Free-flow,Moderate,45
classical_classification_v1,4,120,test,road_id,NL-005,Free-flow,Heavy,0
classical_classification_v1,4,120,test,road_id,NL-005,Free-flow,Severe,0
classical_classification_v1,4,120,test,road_id,NL-005,Moderate,Free-flow,19
classical_classification_v1,4,120,test,road_id,NL-005,Moderate,Moderate,258
classical_classification_v1,4,120,test,road_id,NL-005,Moderate,Heavy,22
classical_classification_v1,4,120,test,road_id,NL-005,Moderate,Severe,6
classical_classification_v1,4,120,test,road_id,NL-005,Heavy,Free-flow,0
classical_classification_v1,4,120,test,road_id,NL-005,Heavy,Moderate,16
classical_classification_v1,4,120,test,road_id,NL-005,Heavy,Heavy,78
classical_classification_v1,4,120,test,road_id,NL-005,Heavy,Severe,28
classical_classification_v1,4,120,test,road_id,NL-005,Severe,Free-flow,0
classical_classification_v1,4,120,test,road_id,NL-005,Severe,Moderate,0
classical_classification_v1,4,120,test,road_id,NL-005,Severe,Heavy,19
classical_classification_v1,4,120,test,road_id,NL-005,Severe,Severe,52
classical_classification_v1,4,120,test,road_id,NL-006,Free-flow,Free-flow,542
classical_classification_v1,4,120,test,road_id,NL-006,Free-flow,Moderate,34
classical_classification_v1,4,120,test,road_id,NL-006,Free-flow,Heavy,0
classical_classification_v1,4,120,test,road_id,NL-006,Free-flow,Severe,0
classical_classification_v1,4,120,test,road_id,NL-006,Moderate,Free-flow,24
classical_classification_v1,4,120,test,road_id,NL-006,Moderate,Moderate,258
classical_classification_v1,4,120,test,road_id,NL-006,Moderate,Heavy,28
classical_classification_v1,4,120,test,road_id,NL-006,Moderate,Severe,2
classical_classification_v1,4,120,test,road_id,NL-006,Heavy,Free-flow,0
classical_classification_v1,4,120,test,road_id,NL-006,Heavy,Moderate,21
classical_classification_v1,4,120,test,road_id,NL-006,Heavy,Heavy,69
classical_classification_v1,4,120,test,road_id,NL-006,Heavy,Severe,35
classical_classification_v1,4,120,test,road_id,NL-006,Severe,Free-flow,0
classical_classification_v1,4,120,test,road_id,NL-006,Severe,Moderate,0
classical_classification_v1,4,120,test,road_id,NL-006,Severe,Heavy,22
classical_classification_v1,4,120,test,road_id,NL-006,Severe,Severe,48
classical_classification_v1,4,120,test,road_id,NL-007,Free-flow,Free-flow,662
classical_classification_v1,4,120,test,road_id,NL-007,Free-flow,Moderate,44
classical_classification_v1,4,120,test,road_id,NL-007,Free-flow,Heavy,0
classical_classification_v1,4,120,test,road_id,NL-007,Free-flow,Severe,0
classical_classification_v1,4,120,test,road_id,NL-007,Moderate,Free-flow,7
classical_classification_v1,4,120,test,road_id,NL-007,Moderate,Moderate,170
classical_classification_v1,4,120,test,road_id,NL-007,Moderate,Heavy,42
classical_classification_v1,4,120,test,road_id,NL-007,Moderate,Severe,3
classical_classification_v1,4,120,test,road_id,NL-007,Heavy,Free-flow,0
classical_classification_v1,4,120,test,road_id,NL-007,Heavy,Moderate,8
classical_classification_v1,4,120,test,road_id,NL-007,Heavy,Heavy,55
classical_classification_v1,4,120,test,road_id,NL-007,Heavy,Severe,25
classical_classification_v1,4,120,test,road_id,NL-007,Severe,Free-flow,0
classical_classification_v1,4,120,test,road_id,NL-007,Severe,Moderate,1
classical_classification_v1,4,120,test,road_id,NL-007,Severe,Heavy,11
classical_classification_v1,4,120,test,road_id,NL-007,Severe,Severe,55
classical_classification_v1,4,120,test,road_id,NL-008,Free-flow,Free-flow,660
classical_classification_v1,4,120,test,road_id,NL-008,Free-flow,Moderate,57
classical_classification_v1,4,120,test,road_id,NL-008,Free-flow,Heavy,0
classical_classification_v1,4,120,test,road_id,NL-008,Free-flow,Severe,0
classical_classification_v1,4,120,test,road_id,NL-008,Moderate,Free-flow,10
classical_classification_v1,4,120,test,road_id,NL-008,Moderate,Moderate,157
classical_classification_v1,4,120,test,road_id,NL-008,Moderate,Heavy,50
classical_classification_v1,4,120,test,road_id,NL-008,Moderate,Severe,0
classical_classification_v1,4,120,test,road_id,NL-008,Heavy,Free-flow,0
classical_classification_v1,4,120,test,road_id,NL-008,Heavy,Moderate,6
classical_classification_v1,4,120,test,road_id,NL-008,Heavy,Heavy,54
classical_classification_v1,4,120,test,road_id,NL-008,Heavy,Severe,30
classical_classification_v1,4,120,test,road_id,NL-008,Severe,Free-flow,0
classical_classification_v1,4,120,test,road_id,NL-008,Severe,Moderate,0
classical_classification_v1,4,120,test,road_id,NL-008,Severe,Heavy,5
classical_classification_v1,4,120,test,road_id,NL-008,Severe,Severe,54
classical_classification_v1,4,120,test,road_id,NL-009,Free-flow,Free-flow,541
classical_classification_v1,4,120,test,road_id,NL-009,Free-flow,Moderate,30
classical_classification_v1,4,120,test,road_id,NL-009,Free-flow,Heavy,0
classical_classification_v1,4,120,test,road_id,NL-009,Free-flow,Severe,0
classical_classification_v1,4,120,test,road_id,NL-009,Moderate,Free-flow,40
classical_classification_v1,4,120,test,road_id,NL-009,Moderate,Moderate,256
classical_classification_v1,4,120,test,road_id,NL-009,Moderate,Heavy,31
classical_classification_v1,4,120,test,road_id,NL-009,Moderate,Severe,2
classical_classification_v1,4,120,test,road_id,NL-009,Heavy,Free-flow,0
classical_classification_v1,4,120,test,road_id,NL-009,Heavy,Moderate,15
classical_classification_v1,4,120,test,road_id,NL-009,Heavy,Heavy,56
classical_classification_v1,4,120,test,road_id,NL-009,Heavy,Severe,27
classical_classification_v1,4,120,test,road_id,NL-009,Severe,Free-flow,0
classical_classification_v1,4,120,test,road_id,NL-009,Severe,Moderate,1
classical_classification_v1,4,120,test,road_id,NL-009,Severe,Heavy,27
classical_classification_v1,4,120,test,road_id,NL-009,Severe,Severe,57
classical_classification_v1,4,120,test,road_id,NL-010,Free-flow,Free-flow,655
classical_classification_v1,4,120,test,road_id,NL-010,Free-flow,Moderate,46
classical_classification_v1,4,120,test,road_id,NL-010,Free-flow,Heavy,0
classical_classification_v1,4,120,test,road_id,NL-010,Free-flow,Severe,0
classical_classification_v1,4,120,test,road_id,NL-010,Moderate,Free-flow,13
classical_classification_v1,4,120,test,road_id,NL-010,Moderate,Moderate,167
classical_classification_v1,4,120,test,road_id,NL-010,Moderate,Heavy,44
classical_classification_v1,4,120,test,road_id,NL-010,Moderate,Severe,0
classical_classification_v1,4,120,test,road_id,NL-010,Heavy,Free-flow,0
classical_classification_v1,4,120,test,road_id,NL-010,Heavy,Moderate,5
classical_classification_v1,4,120,test,road_id,NL-010,Heavy,Heavy,61
classical_classification_v1,4,120,test,road_id,NL-010,Heavy,Severe,27
classical_classification_v1,4,120,test,road_id,NL-010,Severe,Free-flow,0
classical_classification_v1,4,120,test,road_id,NL-010,Severe,Moderate,0
classical_classification_v1,4,120,test,road_id,NL-010,Severe,Heavy,8
classical_classification_v1,4,120,test,road_id,NL-010,Severe,Severe,57
classical_classification_v1,4,120,test,road_id,NL-011,Free-flow,Free-flow,676
classical_classification_v1,4,120,test,road_id,NL-011,Free-flow,Moderate,40
classical_classification_v1,4,120,test,road_id,NL-011,Free-flow,Heavy,0
classical_classification_v1,4,120,test,road_id,NL-011,Free-flow,Severe,0
classical_classification_v1,4,120,test,road_id,NL-011,Moderate,Free-flow,4
classical_classification_v1,4,120,test,road_id,NL-011,Moderate,Moderate,169
classical_classification_v1,4,120,test,road_id,NL-011,Moderate,Heavy,43
classical_classification_v1,4,120,test,road_id,NL-011,Moderate,Severe,1
classical_classification_v1,4,120,test,road_id,NL-011,Heavy,Free-flow,0
classical_classification_v1,4,120,test,road_id,NL-011,Heavy,Moderate,5
classical_classification_v1,4,120,test,road_id,NL-011,Heavy,Heavy,52
classical_classification_v1,4,120,test,road_id,NL-011,Heavy,Severe,39
classical_classification_v1,4,120,test,road_id,NL-011,Severe,Free-flow,0
classical_classification_v1,4,120,test,road_id,NL-011,Severe,Moderate,0
classical_classification_v1,4,120,test,road_id,NL-011,Severe,Heavy,11
classical_classification_v1,4,120,test,road_id,NL-011,Severe,Severe,43
classical_classification_v1,4,120,test,road_id,NL-012,Free-flow,Free-flow,536
classical_classification_v1,4,120,test,road_id,NL-012,Free-flow,Moderate,45
classical_classification_v1,4,120,test,road_id,NL-012,Free-flow,Heavy,0
classical_classification_v1,4,120,test,road_id,NL-012,Free-flow,Severe,0
classical_classification_v1,4,120,test,road_id,NL-012,Moderate,Free-flow,14
classical_classification_v1,4,120,test,road_id,NL-012,Moderate,Moderate,271
classical_classification_v1,4,120,test,road_id,NL-012,Moderate,Heavy,23
classical_classification_v1,4,120,test,road_id,NL-012,Moderate,Severe,0
classical_classification_v1,4,120,test,road_id,NL-012,Heavy,Free-flow,0
classical_classification_v1,4,120,test,road_id,NL-012,Heavy,Moderate,22
classical_classification_v1,4,120,test,road_id,NL-012,Heavy,Heavy,68
classical_classification_v1,4,120,test,road_id,NL-012,Heavy,Severe,35
classical_classification_v1,4,120,test,road_id,NL-012,Severe,Free-flow,0
classical_classification_v1,4,120,test,road_id,NL-012,Severe,Moderate,0
classical_classification_v1,4,120,test,road_id,NL-012,Severe,Heavy,17
classical_classification_v1,4,120,test,road_id,NL-012,Severe,Severe,52
classical_classification_v1,4,120,test,road_id,NL-013,Free-flow,Free-flow,539
classical_classification_v1,4,120,test,road_id,NL-013,Free-flow,Moderate,33
classical_classification_v1,4,120,test,road_id,NL-013,Free-flow,Heavy,0
classical_classification_v1,4,120,test,road_id,NL-013,Free-flow,Severe,0
classical_classification_v1,4,120,test,road_id,NL-013,Moderate,Free-flow,13
classical_classification_v1,4,120,test,road_id,NL-013,Moderate,Moderate,278
classical_classification_v1,4,120,test,road_id,NL-013,Moderate,Heavy,24
classical_classification_v1,4,120,test,road_id,NL-013,Moderate,Severe,1
classical_classification_v1,4,120,test,road_id,NL-013,Heavy,Free-flow,0
classical_classification_v1,4,120,test,road_id,NL-013,Heavy,Moderate,25
classical_classification_v1,4,120,test,road_id,NL-013,Heavy,Heavy,67
classical_classification_v1,4,120,test,road_id,NL-013,Heavy,Severe,25
classical_classification_v1,4,120,test,road_id,NL-013,Severe,Free-flow,0
classical_classification_v1,4,120,test,road_id,NL-013,Severe,Moderate,1
classical_classification_v1,4,120,test,road_id,NL-013,Severe,Heavy,18
classical_classification_v1,4,120,test,road_id,NL-013,Severe,Severe,59
classical_classification_v1,4,120,test,road_id,NL-014,Free-flow,Free-flow,687
classical_classification_v1,4,120,test,road_id,NL-014,Free-flow,Moderate,47
classical_classification_v1,4,120,test,road_id,NL-014,Free-flow,Heavy,3
classical_classification_v1,4,120,test,road_id,NL-014,Free-flow,Severe,0
classical_classification_v1,4,120,test,road_id,NL-014,Moderate,Free-flow,9
classical_classification_v1,4,120,test,road_id,NL-014,Moderate,Moderate,141
classical_classification_v1,4,120,test,road_id,NL-014,Moderate,Heavy,46
classical_classification_v1,4,120,test,road_id,NL-014,Moderate,Severe,1
classical_classification_v1,4,120,test,road_id,NL-014,Heavy,Free-flow,0
classical_classification_v1,4,120,test,road_id,NL-014,Heavy,Moderate,4
classical_classification_v1,4,120,test,road_id,NL-014,Heavy,Heavy,59
classical_classification_v1,4,120,test,road_id,NL-014,Heavy,Severe,32
classical_classification_v1,4,120,test,road_id,NL-014,Severe,Free-flow,0
classical_classification_v1,4,120,test,road_id,NL-014,Severe,Moderate,0
classical_classification_v1,4,120,test,road_id,NL-014,Severe,Heavy,4
classical_classification_v1,4,120,test,road_id,NL-014,Severe,Severe,50
classical_classification_v1,4,120,test,road_id,NL-015,Free-flow,Free-flow,540
classical_classification_v1,4,120,test,road_id,NL-015,Free-flow,Moderate,33
classical_classification_v1,4,120,test,road_id,NL-015,Free-flow,Heavy,0
classical_classification_v1,4,120,test,road_id,NL-015,Free-flow,Severe,0
classical_classification_v1,4,120,test,road_id,NL-015,Moderate,Free-flow,23
classical_classification_v1,4,120,test,road_id,NL-015,Moderate,Moderate,264
classical_classification_v1,4,120,test,road_id,NL-015,Moderate,Heavy,32
classical_classification_v1,4,120,test,road_id,NL-015,Moderate,Severe,4
classical_classification_v1,4,120,test,road_id,NL-015,Heavy,Free-flow,0
classical_classification_v1,4,120,test,road_id,NL-015,Heavy,Moderate,20
classical_classification_v1,4,120,test,road_id,NL-015,Heavy,Heavy,64
classical_classification_v1,4,120,test,road_id,NL-015,Heavy,Severe,48
classical_classification_v1,4,120,test,road_id,NL-015,Severe,Free-flow,0
classical_classification_v1,4,120,test,road_id,NL-015,Severe,Moderate,0
classical_classification_v1,4,120,test,road_id,NL-015,Severe,Heavy,19
classical_classification_v1,4,120,test,road_id,NL-015,Severe,Severe,36
classical_classification_v1,4,120,test,road_id,NL-016,Free-flow,Free-flow,593
classical_classification_v1,4,120,test,road_id,NL-016,Free-flow,Moderate,62
classical_classification_v1,4,120,test,road_id,NL-016,Free-flow,Heavy,0
classical_classification_v1,4,120,test,road_id,NL-016,Free-flow,Severe,0
classical_classification_v1,4,120,test,road_id,NL-016,Moderate,Free-flow,22
classical_classification_v1,4,120,test,road_id,NL-016,Moderate,Moderate,193
classical_classification_v1,4,120,test,road_id,NL-016,Moderate,Heavy,37
classical_classification_v1,4,120,test,road_id,NL-016,Moderate,Severe,2
classical_classification_v1,4,120,test,road_id,NL-016,Heavy,Free-flow,0
classical_classification_v1,4,120,test,road_id,NL-016,Heavy,Moderate,15
classical_classification_v1,4,120,test,road_id,NL-016,Heavy,Heavy,65
classical_classification_v1,4,120,test,road_id,NL-016,Heavy,Severe,39
classical_classification_v1,4,120,test,road_id,NL-016,Severe,Free-flow,0
classical_classification_v1,4,120,test,road_id,NL-016,Severe,Moderate,0
classical_classification_v1,4,120,test,road_id,NL-016,Severe,Heavy,12
classical_classification_v1,4,120,test,road_id,NL-016,Severe,Severe,43
classical_classification_v1,4,120,test,road_id,NL-017,Free-flow,Free-flow,670
classical_classification_v1,4,120,test,road_id,NL-017,Free-flow,Moderate,46
classical_classification_v1,4,120,test,road_id,NL-017,Free-flow,Heavy,0
classical_classification_v1,4,120,test,road_id,NL-017,Free-flow,Severe,0
classical_classification_v1,4,120,test,road_id,NL-017,Moderate,Free-flow,10
classical_classification_v1,4,120,test,road_id,NL-017,Moderate,Moderate,162
classical_classification_v1,4,120,test,road_id,NL-017,Moderate,Heavy,39
classical_classification_v1,4,120,test,road_id,NL-017,Moderate,Severe,3
classical_classification_v1,4,120,test,road_id,NL-017,Heavy,Free-flow,0
classical_classification_v1,4,120,test,road_id,NL-017,Heavy,Moderate,5
classical_classification_v1,4,120,test,road_id,NL-017,Heavy,Heavy,62
classical_classification_v1,4,120,test,road_id,NL-017,Heavy,Severe,38
classical_classification_v1,4,120,test,road_id,NL-017,Severe,Free-flow,0
classical_classification_v1,4,120,test,road_id,NL-017,Severe,Moderate,0
classical_classification_v1,4,120,test,road_id,NL-017,Severe,Heavy,6
classical_classification_v1,4,120,test,road_id,NL-017,Severe,Severe,42
classical_classification_v1,4,120,test,road_id,NL-018,Free-flow,Free-flow,573
classical_classification_v1,4,120,test,road_id,NL-018,Free-flow,Moderate,50
classical_classification_v1,4,120,test,road_id,NL-018,Free-flow,Heavy,0
classical_classification_v1,4,120,test,road_id,NL-018,Free-flow,Severe,0
classical_classification_v1,4,120,test,road_id,NL-018,Moderate,Free-flow,33
classical_classification_v1,4,120,test,road_id,NL-018,Moderate,Moderate,228
classical_classification_v1,4,120,test,road_id,NL-018,Moderate,Heavy,37
classical_classification_v1,4,120,test,road_id,NL-018,Moderate,Severe,2
classical_classification_v1,4,120,test,road_id,NL-018,Heavy,Free-flow,0
classical_classification_v1,4,120,test,road_id,NL-018,Heavy,Moderate,10
classical_classification_v1,4,120,test,road_id,NL-018,Heavy,Heavy,60
classical_classification_v1,4,120,test,road_id,NL-018,Heavy,Severe,34
classical_classification_v1,4,120,test,road_id,NL-018,Severe,Free-flow,0
classical_classification_v1,4,120,test,road_id,NL-018,Severe,Moderate,0
classical_classification_v1,4,120,test,road_id,NL-018,Severe,Heavy,7
classical_classification_v1,4,120,test,road_id,NL-018,Severe,Severe,49
classical_classification_v1,4,120,test,road_id,NL-019,Free-flow,Free-flow,548
classical_classification_v1,4,120,test,road_id,NL-019,Free-flow,Moderate,43
classical_classification_v1,4,120,test,road_id,NL-019,Free-flow,Heavy,2
classical_classification_v1,4,120,test,road_id,NL-019,Free-flow,Severe,0
classical_classification_v1,4,120,test,road_id,NL-019,Moderate,Free-flow,26
classical_classification_v1,4,120,test,road_id,NL-019,Moderate,Moderate,248
classical_classification_v1,4,120,test,road_id,NL-019,Moderate,Heavy,29
classical_classification_v1,4,120,test,road_id,NL-019,Moderate,Severe,2
classical_classification_v1,4,120,test,road_id,NL-019,Heavy,Free-flow,0
classical_classification_v1,4,120,test,road_id,NL-019,Heavy,Moderate,16
classical_classification_v1,4,120,test,road_id,NL-019,Heavy,Heavy,63
classical_classification_v1,4,120,test,road_id,NL-019,Heavy,Severe,34
classical_classification_v1,4,120,test,road_id,NL-019,Severe,Free-flow,0
classical_classification_v1,4,120,test,road_id,NL-019,Severe,Moderate,0
classical_classification_v1,4,120,test,road_id,NL-019,Severe,Heavy,20
classical_classification_v1,4,120,test,road_id,NL-019,Severe,Severe,52
classical_classification_v1,4,120,test,road_id,NL-020,Free-flow,Free-flow,666
classical_classification_v1,4,120,test,road_id,NL-020,Free-flow,Moderate,51
classical_classification_v1,4,120,test,road_id,NL-020,Free-flow,Heavy,0
classical_classification_v1,4,120,test,road_id,NL-020,Free-flow,Severe,0
classical_classification_v1,4,120,test,road_id,NL-020,Moderate,Free-flow,13
classical_classification_v1,4,120,test,road_id,NL-020,Moderate,Moderate,156
classical_classification_v1,4,120,test,road_id,NL-020,Moderate,Heavy,34
classical_classification_v1,4,120,test,road_id,NL-020,Moderate,Severe,4
classical_classification_v1,4,120,test,road_id,NL-020,Heavy,Free-flow,0
classical_classification_v1,4,120,test,road_id,NL-020,Heavy,Moderate,9
classical_classification_v1,4,120,test,road_id,NL-020,Heavy,Heavy,62
classical_classification_v1,4,120,test,road_id,NL-020,Heavy,Severe,28
classical_classification_v1,4,120,test,road_id,NL-020,Severe,Free-flow,0
classical_classification_v1,4,120,test,road_id,NL-020,Severe,Moderate,1
classical_classification_v1,4,120,test,road_id,NL-020,Severe,Heavy,8
classical_classification_v1,4,120,test,road_id,NL-020,Severe,Severe,51
classical_classification_v1,4,120,test,road_id,NL-021,Free-flow,Free-flow,629
classical_classification_v1,4,120,test,road_id,NL-021,Free-flow,Moderate,38
classical_classification_v1,4,120,test,road_id,NL-021,Free-flow,Heavy,0
classical_classification_v1,4,120,test,road_id,NL-021,Free-flow,Severe,0
classical_classification_v1,4,120,test,road_id,NL-021,Moderate,Free-flow,32
classical_classification_v1,4,120,test,road_id,NL-021,Moderate,Moderate,180
classical_classification_v1,4,120,test,road_id,NL-021,Moderate,Heavy,41
classical_classification_v1,4,120,test,road_id,NL-021,Moderate,Severe,6
classical_classification_v1,4,120,test,road_id,NL-021,Heavy,Free-flow,0
classical_classification_v1,4,120,test,road_id,NL-021,Heavy,Moderate,5
classical_classification_v1,4,120,test,road_id,NL-021,Heavy,Heavy,66
classical_classification_v1,4,120,test,road_id,NL-021,Heavy,Severe,32
classical_classification_v1,4,120,test,road_id,NL-021,Severe,Free-flow,0
classical_classification_v1,4,120,test,road_id,NL-021,Severe,Moderate,0
classical_classification_v1,4,120,test,road_id,NL-021,Severe,Heavy,8
classical_classification_v1,4,120,test,road_id,NL-021,Severe,Severe,46
classical_classification_v1,4,120,test,road_id,NL-022,Free-flow,Free-flow,674
classical_classification_v1,4,120,test,road_id,NL-022,Free-flow,Moderate,54
classical_classification_v1,4,120,test,road_id,NL-022,Free-flow,Heavy,0
classical_classification_v1,4,120,test,road_id,NL-022,Free-flow,Severe,0
classical_classification_v1,4,120,test,road_id,NL-022,Moderate,Free-flow,5
classical_classification_v1,4,120,test,road_id,NL-022,Moderate,Moderate,161
classical_classification_v1,4,120,test,road_id,NL-022,Moderate,Heavy,38
classical_classification_v1,4,120,test,road_id,NL-022,Moderate,Severe,2
classical_classification_v1,4,120,test,road_id,NL-022,Heavy,Free-flow,0
classical_classification_v1,4,120,test,road_id,NL-022,Heavy,Moderate,5
classical_classification_v1,4,120,test,road_id,NL-022,Heavy,Heavy,55
classical_classification_v1,4,120,test,road_id,NL-022,Heavy,Severe,31
classical_classification_v1,4,120,test,road_id,NL-022,Severe,Free-flow,0
classical_classification_v1,4,120,test,road_id,NL-022,Severe,Moderate,0
classical_classification_v1,4,120,test,road_id,NL-022,Severe,Heavy,7
classical_classification_v1,4,120,test,road_id,NL-022,Severe,Severe,51
classical_classification_v1,4,120,test,road_id,NL-023,Free-flow,Free-flow,616
classical_classification_v1,4,120,test,road_id,NL-023,Free-flow,Moderate,52
classical_classification_v1,4,120,test,road_id,NL-023,Free-flow,Heavy,1
classical_classification_v1,4,120,test,road_id,NL-023,Free-flow,Severe,0
classical_classification_v1,4,120,test,road_id,NL-023,Moderate,Free-flow,25
classical_classification_v1,4,120,test,road_id,NL-023,Moderate,Moderate,183
classical_classification_v1,4,120,test,road_id,NL-023,Moderate,Heavy,40
classical_classification_v1,4,120,test,road_id,NL-023,Moderate,Severe,2
classical_classification_v1,4,120,test,road_id,NL-023,Heavy,Free-flow,0
classical_classification_v1,4,120,test,road_id,NL-023,Heavy,Moderate,8
classical_classification_v1,4,120,test,road_id,NL-023,Heavy,Heavy,64
classical_classification_v1,4,120,test,road_id,NL-023,Heavy,Severe,37
classical_classification_v1,4,120,test,road_id,NL-023,Severe,Free-flow,0
classical_classification_v1,4,120,test,road_id,NL-023,Severe,Moderate,0
classical_classification_v1,4,120,test,road_id,NL-023,Severe,Heavy,10
classical_classification_v1,4,120,test,road_id,NL-023,Severe,Severe,45
classical_classification_v1,4,120,test,road_id,NL-024,Free-flow,Free-flow,648
classical_classification_v1,4,120,test,road_id,NL-024,Free-flow,Moderate,46
classical_classification_v1,4,120,test,road_id,NL-024,Free-flow,Heavy,0
classical_classification_v1,4,120,test,road_id,NL-024,Free-flow,Severe,0
classical_classification_v1,4,120,test,road_id,NL-024,Moderate,Free-flow,22
classical_classification_v1,4,120,test,road_id,NL-024,Moderate,Moderate,165
classical_classification_v1,4,120,test,road_id,NL-024,Moderate,Heavy,50
classical_classification_v1,4,120,test,road_id,NL-024,Moderate,Severe,4
classical_classification_v1,4,120,test,road_id,NL-024,Heavy,Free-flow,0
classical_classification_v1,4,120,test,road_id,NL-024,Heavy,Moderate,6
classical_classification_v1,4,120,test,road_id,NL-024,Heavy,Heavy,55
classical_classification_v1,4,120,test,road_id,NL-024,Heavy,Severe,26
classical_classification_v1,4,120,test,road_id,NL-024,Severe,Free-flow,0
classical_classification_v1,4,120,test,road_id,NL-024,Severe,Moderate,0
classical_classification_v1,4,120,test,road_id,NL-024,Severe,Heavy,7
classical_classification_v1,4,120,test,road_id,NL-024,Severe,Severe,54
classical_classification_v1,4,120,test,road_id,NL-025,Free-flow,Free-flow,670
classical_classification_v1,4,120,test,road_id,NL-025,Free-flow,Moderate,45
classical_classification_v1,4,120,test,road_id,NL-025,Free-flow,Heavy,0
classical_classification_v1,4,120,test,road_id,NL-025,Free-flow,Severe,0
classical_classification_v1,4,120,test,road_id,NL-025,Moderate,Free-flow,9
classical_classification_v1,4,120,test,road_id,NL-025,Moderate,Moderate,163
classical_classification_v1,4,120,test,road_id,NL-025,Moderate,Heavy,49
classical_classification_v1,4,120,test,road_id,NL-025,Moderate,Severe,3
classical_classification_v1,4,120,test,road_id,NL-025,Heavy,Free-flow,0
classical_classification_v1,4,120,test,road_id,NL-025,Heavy,Moderate,5
classical_classification_v1,4,120,test,road_id,NL-025,Heavy,Heavy,52
classical_classification_v1,4,120,test,road_id,NL-025,Heavy,Severe,41
classical_classification_v1,4,120,test,road_id,NL-025,Severe,Free-flow,0
classical_classification_v1,4,120,test,road_id,NL-025,Severe,Moderate,0
classical_classification_v1,4,120,test,road_id,NL-025,Severe,Heavy,6
classical_classification_v1,4,120,test,road_id,NL-025,Severe,Severe,40
classical_classification_v1,4,120,test,origin_hour,0,Free-flow,Free-flow,1100
classical_classification_v1,4,120,test,origin_hour,0,Free-flow,Moderate,0
classical_classification_v1,4,120,test,origin_hour,0,Free-flow,Heavy,0
classical_classification_v1,4,120,test,origin_hour,0,Free-flow,Severe,0
classical_classification_v1,4,120,test,origin_hour,0,Moderate,Free-flow,0
classical_classification_v1,4,120,test,origin_hour,0,Moderate,Moderate,0
classical_classification_v1,4,120,test,origin_hour,0,Moderate,Heavy,0
classical_classification_v1,4,120,test,origin_hour,0,Moderate,Severe,0
classical_classification_v1,4,120,test,origin_hour,0,Heavy,Free-flow,0
classical_classification_v1,4,120,test,origin_hour,0,Heavy,Moderate,0
classical_classification_v1,4,120,test,origin_hour,0,Heavy,Heavy,0
classical_classification_v1,4,120,test,origin_hour,0,Heavy,Severe,0
classical_classification_v1,4,120,test,origin_hour,0,Severe,Free-flow,0
classical_classification_v1,4,120,test,origin_hour,0,Severe,Moderate,0
classical_classification_v1,4,120,test,origin_hour,0,Severe,Heavy,0
classical_classification_v1,4,120,test,origin_hour,0,Severe,Severe,0
classical_classification_v1,4,120,test,origin_hour,1,Free-flow,Free-flow,1100
classical_classification_v1,4,120,test,origin_hour,1,Free-flow,Moderate,0
classical_classification_v1,4,120,test,origin_hour,1,Free-flow,Heavy,0
classical_classification_v1,4,120,test,origin_hour,1,Free-flow,Severe,0
classical_classification_v1,4,120,test,origin_hour,1,Moderate,Free-flow,0
classical_classification_v1,4,120,test,origin_hour,1,Moderate,Moderate,0
classical_classification_v1,4,120,test,origin_hour,1,Moderate,Heavy,0
classical_classification_v1,4,120,test,origin_hour,1,Moderate,Severe,0
classical_classification_v1,4,120,test,origin_hour,1,Heavy,Free-flow,0
classical_classification_v1,4,120,test,origin_hour,1,Heavy,Moderate,0
classical_classification_v1,4,120,test,origin_hour,1,Heavy,Heavy,0
classical_classification_v1,4,120,test,origin_hour,1,Heavy,Severe,0
classical_classification_v1,4,120,test,origin_hour,1,Severe,Free-flow,0
classical_classification_v1,4,120,test,origin_hour,1,Severe,Moderate,0
classical_classification_v1,4,120,test,origin_hour,1,Severe,Heavy,0
classical_classification_v1,4,120,test,origin_hour,1,Severe,Severe,0
classical_classification_v1,4,120,test,origin_hour,2,Free-flow,Free-flow,1100
classical_classification_v1,4,120,test,origin_hour,2,Free-flow,Moderate,0
classical_classification_v1,4,120,test,origin_hour,2,Free-flow,Heavy,0
classical_classification_v1,4,120,test,origin_hour,2,Free-flow,Severe,0
classical_classification_v1,4,120,test,origin_hour,2,Moderate,Free-flow,0
classical_classification_v1,4,120,test,origin_hour,2,Moderate,Moderate,0
classical_classification_v1,4,120,test,origin_hour,2,Moderate,Heavy,0
classical_classification_v1,4,120,test,origin_hour,2,Moderate,Severe,0
classical_classification_v1,4,120,test,origin_hour,2,Heavy,Free-flow,0
classical_classification_v1,4,120,test,origin_hour,2,Heavy,Moderate,0
classical_classification_v1,4,120,test,origin_hour,2,Heavy,Heavy,0
classical_classification_v1,4,120,test,origin_hour,2,Heavy,Severe,0
classical_classification_v1,4,120,test,origin_hour,2,Severe,Free-flow,0
classical_classification_v1,4,120,test,origin_hour,2,Severe,Moderate,0
classical_classification_v1,4,120,test,origin_hour,2,Severe,Heavy,0
classical_classification_v1,4,120,test,origin_hour,2,Severe,Severe,0
classical_classification_v1,4,120,test,origin_hour,3,Free-flow,Free-flow,1099
classical_classification_v1,4,120,test,origin_hour,3,Free-flow,Moderate,0
classical_classification_v1,4,120,test,origin_hour,3,Free-flow,Heavy,0
classical_classification_v1,4,120,test,origin_hour,3,Free-flow,Severe,0
classical_classification_v1,4,120,test,origin_hour,3,Moderate,Free-flow,1
classical_classification_v1,4,120,test,origin_hour,3,Moderate,Moderate,0
classical_classification_v1,4,120,test,origin_hour,3,Moderate,Heavy,0
classical_classification_v1,4,120,test,origin_hour,3,Moderate,Severe,0
classical_classification_v1,4,120,test,origin_hour,3,Heavy,Free-flow,0
classical_classification_v1,4,120,test,origin_hour,3,Heavy,Moderate,0
classical_classification_v1,4,120,test,origin_hour,3,Heavy,Heavy,0
classical_classification_v1,4,120,test,origin_hour,3,Heavy,Severe,0
classical_classification_v1,4,120,test,origin_hour,3,Severe,Free-flow,0
classical_classification_v1,4,120,test,origin_hour,3,Severe,Moderate,0
classical_classification_v1,4,120,test,origin_hour,3,Severe,Heavy,0
classical_classification_v1,4,120,test,origin_hour,3,Severe,Severe,0
classical_classification_v1,4,120,test,origin_hour,4,Free-flow,Free-flow,903
classical_classification_v1,4,120,test,origin_hour,4,Free-flow,Moderate,40
classical_classification_v1,4,120,test,origin_hour,4,Free-flow,Heavy,0
classical_classification_v1,4,120,test,origin_hour,4,Free-flow,Severe,0
classical_classification_v1,4,120,test,origin_hour,4,Moderate,Free-flow,44
classical_classification_v1,4,120,test,origin_hour,4,Moderate,Moderate,111
classical_classification_v1,4,120,test,origin_hour,4,Moderate,Heavy,2
classical_classification_v1,4,120,test,origin_hour,4,Moderate,Severe,0
classical_classification_v1,4,120,test,origin_hour,4,Heavy,Free-flow,0
classical_classification_v1,4,120,test,origin_hour,4,Heavy,Moderate,0
classical_classification_v1,4,120,test,origin_hour,4,Heavy,Heavy,0
classical_classification_v1,4,120,test,origin_hour,4,Heavy,Severe,0
classical_classification_v1,4,120,test,origin_hour,4,Severe,Free-flow,0
classical_classification_v1,4,120,test,origin_hour,4,Severe,Moderate,0
classical_classification_v1,4,120,test,origin_hour,4,Severe,Heavy,0
classical_classification_v1,4,120,test,origin_hour,4,Severe,Severe,0
classical_classification_v1,4,120,test,origin_hour,5,Free-flow,Free-flow,126
classical_classification_v1,4,120,test,origin_hour,5,Free-flow,Moderate,54
classical_classification_v1,4,120,test,origin_hour,5,Free-flow,Heavy,1
classical_classification_v1,4,120,test,origin_hour,5,Free-flow,Severe,0
classical_classification_v1,4,120,test,origin_hour,5,Moderate,Free-flow,23
classical_classification_v1,4,120,test,origin_hour,5,Moderate,Moderate,482
classical_classification_v1,4,120,test,origin_hour,5,Moderate,Heavy,125
classical_classification_v1,4,120,test,origin_hour,5,Moderate,Severe,0
classical_classification_v1,4,120,test,origin_hour,5,Heavy,Free-flow,0
classical_classification_v1,4,120,test,origin_hour,5,Heavy,Moderate,15
classical_classification_v1,4,120,test,origin_hour,5,Heavy,Heavy,232
classical_classification_v1,4,120,test,origin_hour,5,Heavy,Severe,4
classical_classification_v1,4,120,test,origin_hour,5,Severe,Free-flow,0
classical_classification_v1,4,120,test,origin_hour,5,Severe,Moderate,0
classical_classification_v1,4,120,test,origin_hour,5,Severe,Heavy,17
classical_classification_v1,4,120,test,origin_hour,5,Severe,Severe,21
classical_classification_v1,4,120,test,origin_hour,6,Free-flow,Free-flow,46
classical_classification_v1,4,120,test,origin_hour,6,Free-flow,Moderate,0
classical_classification_v1,4,120,test,origin_hour,6,Free-flow,Heavy,0
classical_classification_v1,4,120,test,origin_hour,6,Free-flow,Severe,0
classical_classification_v1,4,120,test,origin_hour,6,Moderate,Free-flow,4
classical_classification_v1,4,120,test,origin_hour,6,Moderate,Moderate,157
classical_classification_v1,4,120,test,origin_hour,6,Moderate,Heavy,57
classical_classification_v1,4,120,test,origin_hour,6,Moderate,Severe,10
classical_classification_v1,4,120,test,origin_hour,6,Heavy,Free-flow,0
classical_classification_v1,4,120,test,origin_hour,6,Heavy,Moderate,52
classical_classification_v1,4,120,test,origin_hour,6,Heavy,Heavy,31
classical_classification_v1,4,120,test,origin_hour,6,Heavy,Severe,244
classical_classification_v1,4,120,test,origin_hour,6,Severe,Free-flow,0
classical_classification_v1,4,120,test,origin_hour,6,Severe,Moderate,1
classical_classification_v1,4,120,test,origin_hour,6,Severe,Heavy,2
classical_classification_v1,4,120,test,origin_hour,6,Severe,Severe,496
classical_classification_v1,4,120,test,origin_hour,7,Free-flow,Free-flow,47
classical_classification_v1,4,120,test,origin_hour,7,Free-flow,Moderate,1
classical_classification_v1,4,120,test,origin_hour,7,Free-flow,Heavy,3
classical_classification_v1,4,120,test,origin_hour,7,Free-flow,Severe,0
classical_classification_v1,4,120,test,origin_hour,7,Moderate,Free-flow,3
classical_classification_v1,4,120,test,origin_hour,7,Moderate,Moderate,167
classical_classification_v1,4,120,test,origin_hour,7,Moderate,Heavy,129
classical_classification_v1,4,120,test,origin_hour,7,Moderate,Severe,7
classical_classification_v1,4,120,test,origin_hour,7,Heavy,Free-flow,0
classical_classification_v1,4,120,test,origin_hour,7,Heavy,Moderate,13
classical_classification_v1,4,120,test,origin_hour,7,Heavy,Heavy,253
classical_classification_v1,4,120,test,origin_hour,7,Heavy,Severe,127
classical_classification_v1,4,120,test,origin_hour,7,Severe,Free-flow,0
classical_classification_v1,4,120,test,origin_hour,7,Severe,Moderate,0
classical_classification_v1,4,120,test,origin_hour,7,Severe,Heavy,77
classical_classification_v1,4,120,test,origin_hour,7,Severe,Severe,273
classical_classification_v1,4,120,test,origin_hour,8,Free-flow,Free-flow,147
classical_classification_v1,4,120,test,origin_hour,8,Free-flow,Moderate,66
classical_classification_v1,4,120,test,origin_hour,8,Free-flow,Heavy,1
classical_classification_v1,4,120,test,origin_hour,8,Free-flow,Severe,0
classical_classification_v1,4,120,test,origin_hour,8,Moderate,Free-flow,24
classical_classification_v1,4,120,test,origin_hour,8,Moderate,Moderate,544
classical_classification_v1,4,120,test,origin_hour,8,Moderate,Heavy,148
classical_classification_v1,4,120,test,origin_hour,8,Moderate,Severe,2
classical_classification_v1,4,120,test,origin_hour,8,Heavy,Free-flow,0
classical_classification_v1,4,120,test,origin_hour,8,Heavy,Moderate,40
classical_classification_v1,4,120,test,origin_hour,8,Heavy,Heavy,127
classical_classification_v1,4,120,test,origin_hour,8,Heavy,Severe,9
classical_classification_v1,4,120,test,origin_hour,8,Severe,Free-flow,0
classical_classification_v1,4,120,test,origin_hour,8,Severe,Moderate,0
classical_classification_v1,4,120,test,origin_hour,8,Severe,Heavy,9
classical_classification_v1,4,120,test,origin_hour,8,Severe,Severe,8
classical_classification_v1,4,120,test,origin_hour,9,Free-flow,Free-flow,495
classical_classification_v1,4,120,test,origin_hour,9,Free-flow,Moderate,168
classical_classification_v1,4,120,test,origin_hour,9,Free-flow,Heavy,0
classical_classification_v1,4,120,test,origin_hour,9,Free-flow,Severe,0
classical_classification_v1,4,120,test,origin_hour,9,Moderate,Free-flow,60
classical_classification_v1,4,120,test,origin_hour,9,Moderate,Moderate,412
classical_classification_v1,4,120,test,origin_hour,9,Moderate,Heavy,5
classical_classification_v1,4,120,test,origin_hour,9,Moderate,Severe,0
classical_classification_v1,4,120,test,origin_hour,9,Heavy,Free-flow,0
classical_classification_v1,4,120,test,origin_hour,9,Heavy,Moderate,6
classical_classification_v1,4,120,test,origin_hour,9,Heavy,Heavy,4
classical_classification_v1,4,120,test,origin_hour,9,Heavy,Severe,0
classical_classification_v1,4,120,test,origin_hour,9,Severe,Free-flow,0
classical_classification_v1,4,120,test,origin_hour,9,Severe,Moderate,0
classical_classification_v1,4,120,test,origin_hour,9,Severe,Heavy,0
classical_classification_v1,4,120,test,origin_hour,9,Severe,Severe,0
classical_classification_v1,4,120,test,origin_hour,10,Free-flow,Free-flow,739
classical_classification_v1,4,120,test,origin_hour,10,Free-flow,Moderate,110
classical_classification_v1,4,120,test,origin_hour,10,Free-flow,Heavy,0
classical_classification_v1,4,120,test,origin_hour,10,Free-flow,Severe,0
classical_classification_v1,4,120,test,origin_hour,10,Moderate,Free-flow,85
classical_classification_v1,4,120,test,origin_hour,10,Moderate,Moderate,211
classical_classification_v1,4,120,test,origin_hour,10,Moderate,Heavy,0
classical_classification_v1,4,120,test,origin_hour,10,Moderate,Severe,0
classical_classification_v1,4,120,test,origin_hour,10,Heavy,Free-flow,0
classical_classification_v1,4,120,test,origin_hour,10,Heavy,Moderate,5
classical_classification_v1,4,120,test,origin_hour,10,Heavy,Heavy,0
classical_classification_v1,4,120,test,origin_hour,10,Heavy,Severe,0
classical_classification_v1,4,120,test,origin_hour,10,Severe,Free-flow,0
classical_classification_v1,4,120,test,origin_hour,10,Severe,Moderate,0
classical_classification_v1,4,120,test,origin_hour,10,Severe,Heavy,0
classical_classification_v1,4,120,test,origin_hour,10,Severe,Severe,0
classical_classification_v1,4,120,test,origin_hour,11,Free-flow,Free-flow,740
classical_classification_v1,4,120,test,origin_hour,11,Free-flow,Moderate,114
classical_classification_v1,4,120,test,origin_hour,11,Free-flow,Heavy,0
classical_classification_v1,4,120,test,origin_hour,11,Free-flow,Severe,0
classical_classification_v1,4,120,test,origin_hour,11,Moderate,Free-flow,64
classical_classification_v1,4,120,test,origin_hour,11,Moderate,Moderate,230
classical_classification_v1,4,120,test,origin_hour,11,Moderate,Heavy,0
classical_classification_v1,4,120,test,origin_hour,11,Moderate,Severe,0
classical_classification_v1,4,120,test,origin_hour,11,Heavy,Free-flow,0
classical_classification_v1,4,120,test,origin_hour,11,Heavy,Moderate,2
classical_classification_v1,4,120,test,origin_hour,11,Heavy,Heavy,0
classical_classification_v1,4,120,test,origin_hour,11,Heavy,Severe,0
classical_classification_v1,4,120,test,origin_hour,11,Severe,Free-flow,0
classical_classification_v1,4,120,test,origin_hour,11,Severe,Moderate,0
classical_classification_v1,4,120,test,origin_hour,11,Severe,Heavy,0
classical_classification_v1,4,120,test,origin_hour,11,Severe,Severe,0
classical_classification_v1,4,120,test,origin_hour,12,Free-flow,Free-flow,664
classical_classification_v1,4,120,test,origin_hour,12,Free-flow,Moderate,121
classical_classification_v1,4,120,test,origin_hour,12,Free-flow,Heavy,0
classical_classification_v1,4,120,test,origin_hour,12,Free-flow,Severe,0
classical_classification_v1,4,120,test,origin_hour,12,Moderate,Free-flow,61
classical_classification_v1,4,120,test,origin_hour,12,Moderate,Moderate,297
classical_classification_v1,4,120,test,origin_hour,12,Moderate,Heavy,2
classical_classification_v1,4,120,test,origin_hour,12,Moderate,Severe,0
classical_classification_v1,4,120,test,origin_hour,12,Heavy,Free-flow,0
classical_classification_v1,4,120,test,origin_hour,12,Heavy,Moderate,5
classical_classification_v1,4,120,test,origin_hour,12,Heavy,Heavy,0
classical_classification_v1,4,120,test,origin_hour,12,Heavy,Severe,0
classical_classification_v1,4,120,test,origin_hour,12,Severe,Free-flow,0
classical_classification_v1,4,120,test,origin_hour,12,Severe,Moderate,0
classical_classification_v1,4,120,test,origin_hour,12,Severe,Heavy,0
classical_classification_v1,4,120,test,origin_hour,12,Severe,Severe,0
classical_classification_v1,4,120,test,origin_hour,13,Free-flow,Free-flow,333
classical_classification_v1,4,120,test,origin_hour,13,Free-flow,Moderate,143
classical_classification_v1,4,120,test,origin_hour,13,Free-flow,Heavy,0
classical_classification_v1,4,120,test,origin_hour,13,Free-flow,Severe,0
classical_classification_v1,4,120,test,origin_hour,13,Moderate,Free-flow,29
classical_classification_v1,4,120,test,origin_hour,13,Moderate,Moderate,614
classical_classification_v1,4,120,test,origin_hour,13,Moderate,Heavy,8
classical_classification_v1,4,120,test,origin_hour,13,Moderate,Severe,0
classical_classification_v1,4,120,test,origin_hour,13,Heavy,Free-flow,0
classical_classification_v1,4,120,test,origin_hour,13,Heavy,Moderate,8
classical_classification_v1,4,120,test,origin_hour,13,Heavy,Heavy,14
classical_classification_v1,4,120,test,origin_hour,13,Heavy,Severe,0
classical_classification_v1,4,120,test,origin_hour,13,Severe,Free-flow,0
classical_classification_v1,4,120,test,origin_hour,13,Severe,Moderate,0
classical_classification_v1,4,120,test,origin_hour,13,Severe,Heavy,0
classical_classification_v1,4,120,test,origin_hour,13,Severe,Severe,1
classical_classification_v1,4,120,test,origin_hour,14,Free-flow,Free-flow,90
classical_classification_v1,4,120,test,origin_hour,14,Free-flow,Moderate,55
classical_classification_v1,4,120,test,origin_hour,14,Free-flow,Heavy,0
classical_classification_v1,4,120,test,origin_hour,14,Free-flow,Severe,0
classical_classification_v1,4,120,test,origin_hour,14,Moderate,Free-flow,32
classical_classification_v1,4,120,test,origin_hour,14,Moderate,Moderate,507
classical_classification_v1,4,120,test,origin_hour,14,Moderate,Heavy,184
classical_classification_v1,4,120,test,origin_hour,14,Moderate,Severe,1
classical_classification_v1,4,120,test,origin_hour,14,Heavy,Free-flow,0
classical_classification_v1,4,120,test,origin_hour,14,Heavy,Moderate,39
classical_classification_v1,4,120,test,origin_hour,14,Heavy,Heavy,202
classical_classification_v1,4,120,test,origin_hour,14,Heavy,Severe,4
classical_classification_v1,4,120,test,origin_hour,14,Severe,Free-flow,0
classical_classification_v1,4,120,test,origin_hour,14,Severe,Moderate,1
classical_classification_v1,4,120,test,origin_hour,14,Severe,Heavy,12
classical_classification_v1,4,120,test,origin_hour,14,Severe,Severe,23
classical_classification_v1,4,120,test,origin_hour,15,Free-flow,Free-flow,49
classical_classification_v1,4,120,test,origin_hour,15,Free-flow,Moderate,1
classical_classification_v1,4,120,test,origin_hour,15,Free-flow,Heavy,1
classical_classification_v1,4,120,test,origin_hour,15,Free-flow,Severe,0
classical_classification_v1,4,120,test,origin_hour,15,Moderate,Free-flow,2
classical_classification_v1,4,120,test,origin_hour,15,Moderate,Moderate,274
classical_classification_v1,4,120,test,origin_hour,15,Moderate,Heavy,54
classical_classification_v1,4,120,test,origin_hour,15,Moderate,Severe,23
classical_classification_v1,4,120,test,origin_hour,15,Heavy,Free-flow,0
classical_classification_v1,4,120,test,origin_hour,15,Heavy,Moderate,22
classical_classification_v1,4,120,test,origin_hour,15,Heavy,Heavy,238
classical_classification_v1,4,120,test,origin_hour,15,Heavy,Severe,212
classical_classification_v1,4,120,test,origin_hour,15,Severe,Free-flow,0
classical_classification_v1,4,120,test,origin_hour,15,Severe,Moderate,2
classical_classification_v1,4,120,test,origin_hour,15,Severe,Heavy,82
classical_classification_v1,4,120,test,origin_hour,15,Severe,Severe,190
classical_classification_v1,4,120,test,origin_hour,16,Free-flow,Free-flow,50
classical_classification_v1,4,120,test,origin_hour,16,Free-flow,Moderate,2
classical_classification_v1,4,120,test,origin_hour,16,Free-flow,Heavy,0
classical_classification_v1,4,120,test,origin_hour,16,Free-flow,Severe,0
classical_classification_v1,4,120,test,origin_hour,16,Moderate,Free-flow,0
classical_classification_v1,4,120,test,origin_hour,16,Moderate,Moderate,272
classical_classification_v1,4,120,test,origin_hour,16,Moderate,Heavy,38
classical_classification_v1,4,120,test,origin_hour,16,Moderate,Severe,12
classical_classification_v1,4,120,test,origin_hour,16,Heavy,Free-flow,0
classical_classification_v1,4,120,test,origin_hour,16,Heavy,Moderate,26
classical_classification_v1,4,120,test,origin_hour,16,Heavy,Heavy,231
classical_classification_v1,4,120,test,origin_hour,16,Heavy,Severe,198
classical_classification_v1,4,120,test,origin_hour,16,Severe,Free-flow,0
classical_classification_v1,4,120,test,origin_hour,16,Severe,Moderate,0
classical_classification_v1,4,120,test,origin_hour,16,Severe,Heavy,98
classical_classification_v1,4,120,test,origin_hour,16,Severe,Severe,223
classical_classification_v1,4,120,test,origin_hour,17,Free-flow,Free-flow,48
classical_classification_v1,4,120,test,origin_hour,17,Free-flow,Moderate,108
classical_classification_v1,4,120,test,origin_hour,17,Free-flow,Heavy,1
classical_classification_v1,4,120,test,origin_hour,17,Free-flow,Severe,0
classical_classification_v1,4,120,test,origin_hour,17,Moderate,Free-flow,2
classical_classification_v1,4,120,test,origin_hour,17,Moderate,Moderate,539
classical_classification_v1,4,120,test,origin_hour,17,Moderate,Heavy,147
classical_classification_v1,4,120,test,origin_hour,17,Moderate,Severe,1
classical_classification_v1,4,120,test,origin_hour,17,Heavy,Free-flow,0
classical_classification_v1,4,120,test,origin_hour,17,Heavy,Moderate,32
classical_classification_v1,4,120,test,origin_hour,17,Heavy,Heavy,233
classical_classification_v1,4,120,test,origin_hour,17,Heavy,Severe,12
classical_classification_v1,4,120,test,origin_hour,17,Severe,Free-flow,0
classical_classification_v1,4,120,test,origin_hour,17,Severe,Moderate,0
classical_classification_v1,4,120,test,origin_hour,17,Severe,Heavy,16
classical_classification_v1,4,120,test,origin_hour,17,Severe,Severe,11
classical_classification_v1,4,120,test,origin_hour,18,Free-flow,Free-flow,676
classical_classification_v1,4,120,test,origin_hour,18,Free-flow,Moderate,131
classical_classification_v1,4,120,test,origin_hour,18,Free-flow,Heavy,0
classical_classification_v1,4,120,test,origin_hour,18,Free-flow,Severe,0
classical_classification_v1,4,120,test,origin_hour,18,Moderate,Free-flow,44
classical_classification_v1,4,120,test,origin_hour,18,Moderate,Moderate,289
classical_classification_v1,4,120,test,origin_hour,18,Moderate,Heavy,7
classical_classification_v1,4,120,test,origin_hour,18,Moderate,Severe,0
classical_classification_v1,4,120,test,origin_hour,18,Heavy,Free-flow,0
classical_classification_v1,4,120,test,origin_hour,18,Heavy,Moderate,2
classical_classification_v1,4,120,test,origin_hour,18,Heavy,Heavy,1
classical_classification_v1,4,120,test,origin_hour,18,Heavy,Severe,0
classical_classification_v1,4,120,test,origin_hour,18,Severe,Free-flow,0
classical_classification_v1,4,120,test,origin_hour,18,Severe,Moderate,0
classical_classification_v1,4,120,test,origin_hour,18,Severe,Heavy,0
classical_classification_v1,4,120,test,origin_hour,18,Severe,Severe,0
classical_classification_v1,4,120,test,origin_hour,19,Free-flow,Free-flow,1144
classical_classification_v1,4,120,test,origin_hour,19,Free-flow,Moderate,0
classical_classification_v1,4,120,test,origin_hour,19,Free-flow,Heavy,0
classical_classification_v1,4,120,test,origin_hour,19,Free-flow,Severe,0
classical_classification_v1,4,120,test,origin_hour,19,Moderate,Free-flow,6
classical_classification_v1,4,120,test,origin_hour,19,Moderate,Moderate,0
classical_classification_v1,4,120,test,origin_hour,19,Moderate,Heavy,0
classical_classification_v1,4,120,test,origin_hour,19,Moderate,Severe,0
classical_classification_v1,4,120,test,origin_hour,19,Heavy,Free-flow,0
classical_classification_v1,4,120,test,origin_hour,19,Heavy,Moderate,0
classical_classification_v1,4,120,test,origin_hour,19,Heavy,Heavy,0
classical_classification_v1,4,120,test,origin_hour,19,Heavy,Severe,0
classical_classification_v1,4,120,test,origin_hour,19,Severe,Free-flow,0
classical_classification_v1,4,120,test,origin_hour,19,Severe,Moderate,0
classical_classification_v1,4,120,test,origin_hour,19,Severe,Heavy,0
classical_classification_v1,4,120,test,origin_hour,19,Severe,Severe,0
classical_classification_v1,4,120,test,origin_hour,20,Free-flow,Free-flow,1150
classical_classification_v1,4,120,test,origin_hour,20,Free-flow,Moderate,0
classical_classification_v1,4,120,test,origin_hour,20,Free-flow,Heavy,0
classical_classification_v1,4,120,test,origin_hour,20,Free-flow,Severe,0
classical_classification_v1,4,120,test,origin_hour,20,Moderate,Free-flow,0
classical_classification_v1,4,120,test,origin_hour,20,Moderate,Moderate,0
classical_classification_v1,4,120,test,origin_hour,20,Moderate,Heavy,0
classical_classification_v1,4,120,test,origin_hour,20,Moderate,Severe,0
classical_classification_v1,4,120,test,origin_hour,20,Heavy,Free-flow,0
classical_classification_v1,4,120,test,origin_hour,20,Heavy,Moderate,0
classical_classification_v1,4,120,test,origin_hour,20,Heavy,Heavy,0
classical_classification_v1,4,120,test,origin_hour,20,Heavy,Severe,0
classical_classification_v1,4,120,test,origin_hour,20,Severe,Free-flow,0
classical_classification_v1,4,120,test,origin_hour,20,Severe,Moderate,0
classical_classification_v1,4,120,test,origin_hour,20,Severe,Heavy,0
classical_classification_v1,4,120,test,origin_hour,20,Severe,Severe,0
classical_classification_v1,4,120,test,origin_hour,21,Free-flow,Free-flow,1150
classical_classification_v1,4,120,test,origin_hour,21,Free-flow,Moderate,0
classical_classification_v1,4,120,test,origin_hour,21,Free-flow,Heavy,0
classical_classification_v1,4,120,test,origin_hour,21,Free-flow,Severe,0
classical_classification_v1,4,120,test,origin_hour,21,Moderate,Free-flow,0
classical_classification_v1,4,120,test,origin_hour,21,Moderate,Moderate,0
classical_classification_v1,4,120,test,origin_hour,21,Moderate,Heavy,0
classical_classification_v1,4,120,test,origin_hour,21,Moderate,Severe,0
classical_classification_v1,4,120,test,origin_hour,21,Heavy,Free-flow,0
classical_classification_v1,4,120,test,origin_hour,21,Heavy,Moderate,0
classical_classification_v1,4,120,test,origin_hour,21,Heavy,Heavy,0
classical_classification_v1,4,120,test,origin_hour,21,Heavy,Severe,0
classical_classification_v1,4,120,test,origin_hour,21,Severe,Free-flow,0
classical_classification_v1,4,120,test,origin_hour,21,Severe,Moderate,0
classical_classification_v1,4,120,test,origin_hour,21,Severe,Heavy,0
classical_classification_v1,4,120,test,origin_hour,21,Severe,Severe,0
classical_classification_v1,4,120,test,origin_hour,22,Free-flow,Free-flow,1100
classical_classification_v1,4,120,test,origin_hour,22,Free-flow,Moderate,0
classical_classification_v1,4,120,test,origin_hour,22,Free-flow,Heavy,0
classical_classification_v1,4,120,test,origin_hour,22,Free-flow,Severe,0
classical_classification_v1,4,120,test,origin_hour,22,Moderate,Free-flow,0
classical_classification_v1,4,120,test,origin_hour,22,Moderate,Moderate,0
classical_classification_v1,4,120,test,origin_hour,22,Moderate,Heavy,0
classical_classification_v1,4,120,test,origin_hour,22,Moderate,Severe,0
classical_classification_v1,4,120,test,origin_hour,22,Heavy,Free-flow,0
classical_classification_v1,4,120,test,origin_hour,22,Heavy,Moderate,0
classical_classification_v1,4,120,test,origin_hour,22,Heavy,Heavy,0
classical_classification_v1,4,120,test,origin_hour,22,Heavy,Severe,0
classical_classification_v1,4,120,test,origin_hour,22,Severe,Free-flow,0
classical_classification_v1,4,120,test,origin_hour,22,Severe,Moderate,0
classical_classification_v1,4,120,test,origin_hour,22,Severe,Heavy,0
classical_classification_v1,4,120,test,origin_hour,22,Severe,Severe,0
classical_classification_v1,4,120,test,origin_hour,23,Free-flow,Free-flow,1100
classical_classification_v1,4,120,test,origin_hour,23,Free-flow,Moderate,0
classical_classification_v1,4,120,test,origin_hour,23,Free-flow,Heavy,0
classical_classification_v1,4,120,test,origin_hour,23,Free-flow,Severe,0
classical_classification_v1,4,120,test,origin_hour,23,Moderate,Free-flow,0
classical_classification_v1,4,120,test,origin_hour,23,Moderate,Moderate,0
classical_classification_v1,4,120,test,origin_hour,23,Moderate,Heavy,0
classical_classification_v1,4,120,test,origin_hour,23,Moderate,Severe,0
classical_classification_v1,4,120,test,origin_hour,23,Heavy,Free-flow,0
classical_classification_v1,4,120,test,origin_hour,23,Heavy,Moderate,0
classical_classification_v1,4,120,test,origin_hour,23,Heavy,Heavy,0
classical_classification_v1,4,120,test,origin_hour,23,Heavy,Severe,0
classical_classification_v1,4,120,test,origin_hour,23,Severe,Free-flow,0
classical_classification_v1,4,120,test,origin_hour,23,Severe,Moderate,0
classical_classification_v1,4,120,test,origin_hour,23,Severe,Heavy,0
classical_classification_v1,4,120,test,origin_hour,23,Severe,Severe,0
classical_classification_v1,4,120,test,weekday,Friday,Free-flow,Free-flow,2147
classical_classification_v1,4,120,test,weekday,Friday,Free-flow,Moderate,242
classical_classification_v1,4,120,test,weekday,Friday,Free-flow,Heavy,1
classical_classification_v1,4,120,test,weekday,Friday,Free-flow,Severe,0
classical_classification_v1,4,120,test,weekday,Friday,Moderate,Free-flow,84
classical_classification_v1,4,120,test,weekday,Friday,Moderate,Moderate,844
classical_classification_v1,4,120,test,weekday,Friday,Moderate,Heavy,167
classical_classification_v1,4,120,test,weekday,Friday,Moderate,Severe,8
classical_classification_v1,4,120,test,weekday,Friday,Heavy,Free-flow,0
classical_classification_v1,4,120,test,weekday,Friday,Heavy,Moderate,30
classical_classification_v1,4,120,test,weekday,Friday,Heavy,Heavy,362
classical_classification_v1,4,120,test,weekday,Friday,Heavy,Severe,187
classical_classification_v1,4,120,test,weekday,Friday,Severe,Free-flow,0
classical_classification_v1,4,120,test,weekday,Friday,Severe,Moderate,1
classical_classification_v1,4,120,test,weekday,Friday,Severe,Heavy,67
classical_classification_v1,4,120,test,weekday,Friday,Severe,Severe,235
classical_classification_v1,4,120,test,weekday,Monday,Free-flow,Free-flow,1793
classical_classification_v1,4,120,test,weekday,Monday,Free-flow,Moderate,170
classical_classification_v1,4,120,test,weekday,Monday,Free-flow,Heavy,6
classical_classification_v1,4,120,test,weekday,Monday,Free-flow,Severe,0
classical_classification_v1,4,120,test,weekday,Monday,Moderate,Free-flow,77
classical_classification_v1,4,120,test,weekday,Monday,Moderate,Moderate,661
classical_classification_v1,4,120,test,weekday,Monday,Moderate,Heavy,140
classical_classification_v1,4,120,test,weekday,Monday,Moderate,Severe,12
classical_classification_v1,4,120,test,weekday,Monday,Heavy,Free-flow,0
classical_classification_v1,4,120,test,weekday,Monday,Heavy,Moderate,24
classical_classification_v1,4,120,test,weekday,Monday,Heavy,Heavy,297
classical_classification_v1,4,120,test,weekday,Monday,Heavy,Severe,157
classical_classification_v1,4,120,test,weekday,Monday,Severe,Free-flow,0
classical_classification_v1,4,120,test,weekday,Monday,Severe,Moderate,0
classical_classification_v1,4,120,test,weekday,Monday,Severe,Heavy,55
classical_classification_v1,4,120,test,weekday,Monday,Severe,Severe,208
classical_classification_v1,4,120,test,weekday,Saturday,Free-flow,Free-flow,3211
classical_classification_v1,4,120,test,weekday,Saturday,Free-flow,Moderate,160
classical_classification_v1,4,120,test,weekday,Saturday,Free-flow,Heavy,0
classical_classification_v1,4,120,test,weekday,Saturday,Free-flow,Severe,0
classical_classification_v1,4,120,test,weekday,Saturday,Moderate,Free-flow,78
classical_classification_v1,4,120,test,weekday,Saturday,Moderate,Moderate,1030
classical_classification_v1,4,120,test,weekday,Saturday,Moderate,Heavy,88
classical_classification_v1,4,120,test,weekday,Saturday,Moderate,Severe,0
classical_classification_v1,4,120,test,weekday,Saturday,Heavy,Free-flow,0
classical_classification_v1,4,120,test,weekday,Saturday,Heavy,Moderate,83
classical_classification_v1,4,120,test,weekday,Saturday,Heavy,Heavy,42
classical_classification_v1,4,120,test,weekday,Saturday,Heavy,Severe,0
classical_classification_v1,4,120,test,weekday,Saturday,Severe,Free-flow,0
classical_classification_v1,4,120,test,weekday,Saturday,Severe,Moderate,3
classical_classification_v1,4,120,test,weekday,Saturday,Severe,Heavy,5
classical_classification_v1,4,120,test,weekday,Saturday,Severe,Severe,0
classical_classification_v1,4,120,test,weekday,Sunday,Free-flow,Free-flow,2846
classical_classification_v1,4,120,test,weekday,Sunday,Free-flow,Moderate,99
classical_classification_v1,4,120,test,weekday,Sunday,Free-flow,Heavy,0
classical_classification_v1,4,120,test,weekday,Sunday,Free-flow,Severe,0
classical_classification_v1,4,120,test,weekday,Sunday,Moderate,Free-flow,47
classical_classification_v1,4,120,test,weekday,Sunday,Moderate,Moderate,499
classical_classification_v1,4,120,test,weekday,Sunday,Moderate,Heavy,49
classical_classification_v1,4,120,test,weekday,Sunday,Moderate,Severe,0
classical_classification_v1,4,120,test,weekday,Sunday,Heavy,Free-flow,0
classical_classification_v1,4,120,test,weekday,Sunday,Heavy,Moderate,35
classical_classification_v1,4,120,test,weekday,Sunday,Heavy,Heavy,25
classical_classification_v1,4,120,test,weekday,Sunday,Heavy,Severe,0
classical_classification_v1,4,120,test,weekday,Sunday,Severe,Free-flow,0
classical_classification_v1,4,120,test,weekday,Sunday,Severe,Moderate,0
classical_classification_v1,4,120,test,weekday,Sunday,Severe,Heavy,0
classical_classification_v1,4,120,test,weekday,Sunday,Severe,Severe,0
classical_classification_v1,4,120,test,weekday,Thursday,Free-flow,Free-flow,1636
classical_classification_v1,4,120,test,weekday,Thursday,Free-flow,Moderate,127
classical_classification_v1,4,120,test,weekday,Thursday,Free-flow,Heavy,0
classical_classification_v1,4,120,test,weekday,Thursday,Free-flow,Severe,0
classical_classification_v1,4,120,test,weekday,Thursday,Moderate,Free-flow,63
classical_classification_v1,4,120,test,weekday,Thursday,Moderate,Moderate,702
classical_classification_v1,4,120,test,weekday,Thursday,Moderate,Heavy,135
classical_classification_v1,4,120,test,weekday,Thursday,Moderate,Severe,9
classical_classification_v1,4,120,test,weekday,Thursday,Heavy,Free-flow,0
classical_classification_v1,4,120,test,weekday,Thursday,Heavy,Moderate,43
classical_classification_v1,4,120,test,weekday,Thursday,Heavy,Heavy,273
classical_classification_v1,4,120,test,weekday,Thursday,Heavy,Severe,139
classical_classification_v1,4,120,test,weekday,Thursday,Severe,Free-flow,0
classical_classification_v1,4,120,test,weekday,Thursday,Severe,Moderate,0
classical_classification_v1,4,120,test,weekday,Thursday,Severe,Heavy,72
classical_classification_v1,4,120,test,weekday,Thursday,Severe,Severe,401
classical_classification_v1,4,120,test,weekday,Tuesday,Free-flow,Free-flow,1772
classical_classification_v1,4,120,test,weekday,Tuesday,Free-flow,Moderate,159
classical_classification_v1,4,120,test,weekday,Tuesday,Free-flow,Heavy,0
classical_classification_v1,4,120,test,weekday,Tuesday,Free-flow,Severe,0
classical_classification_v1,4,120,test,weekday,Tuesday,Moderate,Free-flow,62
classical_classification_v1,4,120,test,weekday,Tuesday,Moderate,Moderate,698
classical_classification_v1,4,120,test,weekday,Tuesday,Moderate,Heavy,154
classical_classification_v1,4,120,test,weekday,Tuesday,Moderate,Severe,10
classical_classification_v1,4,120,test,weekday,Tuesday,Heavy,Free-flow,0
classical_classification_v1,4,120,test,weekday,Tuesday,Heavy,Moderate,29
classical_classification_v1,4,120,test,weekday,Tuesday,Heavy,Heavy,283
classical_classification_v1,4,120,test,weekday,Tuesday,Heavy,Severe,157
classical_classification_v1,4,120,test,weekday,Tuesday,Severe,Free-flow,0
classical_classification_v1,4,120,test,weekday,Tuesday,Severe,Moderate,0
classical_classification_v1,4,120,test,weekday,Tuesday,Severe,Heavy,66
classical_classification_v1,4,120,test,weekday,Tuesday,Severe,Severe,210
classical_classification_v1,4,120,test,weekday,Wednesday,Free-flow,Free-flow,1791
classical_classification_v1,4,120,test,weekday,Wednesday,Free-flow,Moderate,157
classical_classification_v1,4,120,test,weekday,Wednesday,Free-flow,Heavy,0
classical_classification_v1,4,120,test,weekday,Wednesday,Free-flow,Severe,0
classical_classification_v1,4,120,test,weekday,Wednesday,Moderate,Free-flow,73
classical_classification_v1,4,120,test,weekday,Wednesday,Moderate,Moderate,672
classical_classification_v1,4,120,test,weekday,Wednesday,Moderate,Heavy,173
classical_classification_v1,4,120,test,weekday,Wednesday,Moderate,Severe,17
classical_classification_v1,4,120,test,weekday,Wednesday,Heavy,Free-flow,0
classical_classification_v1,4,120,test,weekday,Wednesday,Heavy,Moderate,23
classical_classification_v1,4,120,test,weekday,Wednesday,Heavy,Heavy,284
classical_classification_v1,4,120,test,weekday,Wednesday,Heavy,Severe,170
classical_classification_v1,4,120,test,weekday,Wednesday,Severe,Free-flow,0
classical_classification_v1,4,120,test,weekday,Wednesday,Severe,Moderate,0
classical_classification_v1,4,120,test,weekday,Wednesday,Severe,Heavy,48
classical_classification_v1,4,120,test,weekday,Wednesday,Severe,Severe,192
classical_classification_v1,4,120,test,weekday_type,weekday,Free-flow,Free-flow,9139
classical_classification_v1,4,120,test,weekday_type,weekday,Free-flow,Moderate,855
classical_classification_v1,4,120,test,weekday_type,weekday,Free-flow,Heavy,7
classical_classification_v1,4,120,test,weekday_type,weekday,Free-flow,Severe,0
classical_classification_v1,4,120,test,weekday_type,weekday,Moderate,Free-flow,359
classical_classification_v1,4,120,test,weekday_type,weekday,Moderate,Moderate,3577
classical_classification_v1,4,120,test,weekday_type,weekday,Moderate,Heavy,769
classical_classification_v1,4,120,test,weekday_type,weekday,Moderate,Severe,56
classical_classification_v1,4,120,test,weekday_type,weekday,Heavy,Free-flow,0
classical_classification_v1,4,120,test,weekday_type,weekday,Heavy,Moderate,149
classical_classification_v1,4,120,test,weekday_type,weekday,Heavy,Heavy,1499
classical_classification_v1,4,120,test,weekday_type,weekday,Heavy,Severe,810
classical_classification_v1,4,120,test,weekday_type,weekday,Severe,Free-flow,0
classical_classification_v1,4,120,test,weekday_type,weekday,Severe,Moderate,1
classical_classification_v1,4,120,test,weekday_type,weekday,Severe,Heavy,308
classical_classification_v1,4,120,test,weekday_type,weekday,Severe,Severe,1246
classical_classification_v1,4,120,test,weekday_type,weekend,Free-flow,Free-flow,6057
classical_classification_v1,4,120,test,weekday_type,weekend,Free-flow,Moderate,259
classical_classification_v1,4,120,test,weekday_type,weekend,Free-flow,Heavy,0
classical_classification_v1,4,120,test,weekday_type,weekend,Free-flow,Severe,0
classical_classification_v1,4,120,test,weekday_type,weekend,Moderate,Free-flow,125
classical_classification_v1,4,120,test,weekday_type,weekend,Moderate,Moderate,1529
classical_classification_v1,4,120,test,weekday_type,weekend,Moderate,Heavy,137
classical_classification_v1,4,120,test,weekday_type,weekend,Moderate,Severe,0
classical_classification_v1,4,120,test,weekday_type,weekend,Heavy,Free-flow,0
classical_classification_v1,4,120,test,weekday_type,weekend,Heavy,Moderate,118
classical_classification_v1,4,120,test,weekday_type,weekend,Heavy,Heavy,67
classical_classification_v1,4,120,test,weekday_type,weekend,Heavy,Severe,0
classical_classification_v1,4,120,test,weekday_type,weekend,Severe,Free-flow,0
classical_classification_v1,4,120,test,weekday_type,weekend,Severe,Moderate,3
classical_classification_v1,4,120,test,weekday_type,weekend,Severe,Heavy,5
classical_classification_v1,4,120,test,weekday_type,weekend,Severe,Severe,0
classical_classification_v1,4,120,test,peak_status,evening_peak,Free-flow,Free-flow,1868
classical_classification_v1,4,120,test,peak_status,evening_peak,Free-flow,Moderate,239
classical_classification_v1,4,120,test,peak_status,evening_peak,Free-flow,Heavy,1
classical_classification_v1,4,120,test,peak_status,evening_peak,Free-flow,Severe,0
classical_classification_v1,4,120,test,peak_status,evening_peak,Moderate,Free-flow,52
classical_classification_v1,4,120,test,peak_status,evening_peak,Moderate,Moderate,828
classical_classification_v1,4,120,test,peak_status,evening_peak,Moderate,Heavy,154
classical_classification_v1,4,120,test,peak_status,evening_peak,Moderate,Severe,1
classical_classification_v1,4,120,test,peak_status,evening_peak,Heavy,Free-flow,0
classical_classification_v1,4,120,test,peak_status,evening_peak,Heavy,Moderate,34
classical_classification_v1,4,120,test,peak_status,evening_peak,Heavy,Heavy,234
classical_classification_v1,4,120,test,peak_status,evening_peak,Heavy,Severe,12
classical_classification_v1,4,120,test,peak_status,evening_peak,Severe,Free-flow,0
classical_classification_v1,4,120,test,peak_status,evening_peak,Severe,Moderate,0
classical_classification_v1,4,120,test,peak_status,evening_peak,Severe,Heavy,16
classical_classification_v1,4,120,test,peak_status,evening_peak,Severe,Severe,11
classical_classification_v1,4,120,test,peak_status,morning_peak,Free-flow,Free-flow,689
classical_classification_v1,4,120,test,peak_status,morning_peak,Free-flow,Moderate,235
classical_classification_v1,4,120,test,peak_status,morning_peak,Free-flow,Heavy,4
classical_classification_v1,4,120,test,peak_status,morning_peak,Free-flow,Severe,0
classical_classification_v1,4,120,test,peak_status,morning_peak,Moderate,Free-flow,87
classical_classification_v1,4,120,test,peak_status,morning_peak,Moderate,Moderate,1123
classical_classification_v1,4,120,test,peak_status,morning_peak,Moderate,Heavy,282
classical_classification_v1,4,120,test,peak_status,morning_peak,Moderate,Severe,9
classical_classification_v1,4,120,test,peak_status,morning_peak,Heavy,Free-flow,0
classical_classification_v1,4,120,test,peak_status,morning_peak,Heavy,Moderate,59
classical_classification_v1,4,120,test,peak_status,morning_peak,Heavy,Heavy,384
classical_classification_v1,4,120,test,peak_status,morning_peak,Heavy,Severe,136
classical_classification_v1,4,120,test,peak_status,morning_peak,Severe,Free-flow,0
classical_classification_v1,4,120,test,peak_status,morning_peak,Severe,Moderate,0
classical_classification_v1,4,120,test,peak_status,morning_peak,Severe,Heavy,86
classical_classification_v1,4,120,test,peak_status,morning_peak,Severe,Severe,281
classical_classification_v1,4,120,test,peak_status,off_peak,Free-flow,Free-flow,12639
classical_classification_v1,4,120,test,peak_status,off_peak,Free-flow,Moderate,640
classical_classification_v1,4,120,test,peak_status,off_peak,Free-flow,Heavy,2
classical_classification_v1,4,120,test,peak_status,off_peak,Free-flow,Severe,0
classical_classification_v1,4,120,test,peak_status,off_peak,Moderate,Free-flow,345
classical_classification_v1,4,120,test,peak_status,off_peak,Moderate,Moderate,3155
classical_classification_v1,4,120,test,peak_status,off_peak,Moderate,Heavy,470
classical_classification_v1,4,120,test,peak_status,off_peak,Moderate,Severe,46
classical_classification_v1,4,120,test,peak_status,off_peak,Heavy,Free-flow,0
classical_classification_v1,4,120,test,peak_status,off_peak,Heavy,Moderate,174
classical_classification_v1,4,120,test,peak_status,off_peak,Heavy,Heavy,948
classical_classification_v1,4,120,test,peak_status,off_peak,Heavy,Severe,662
classical_classification_v1,4,120,test,peak_status,off_peak,Severe,Free-flow,0
classical_classification_v1,4,120,test,peak_status,off_peak,Severe,Moderate,4
classical_classification_v1,4,120,test,peak_status,off_peak,Severe,Heavy,211
classical_classification_v1,4,120,test,peak_status,off_peak,Severe,Severe,954
classical_classification_v1,4,120,test,weather_condition,Clear,Free-flow,Free-flow,11680
classical_classification_v1,4,120,test,weather_condition,Clear,Free-flow,Moderate,860
classical_classification_v1,4,120,test,weather_condition,Clear,Free-flow,Heavy,7
classical_classification_v1,4,120,test,weather_condition,Clear,Free-flow,Severe,0
classical_classification_v1,4,120,test,weather_condition,Clear,Moderate,Free-flow,334
classical_classification_v1,4,120,test,weather_condition,Clear,Moderate,Moderate,3834
classical_classification_v1,4,120,test,weather_condition,Clear,Moderate,Heavy,635
classical_classification_v1,4,120,test,weather_condition,Clear,Moderate,Severe,36
classical_classification_v1,4,120,test,weather_condition,Clear,Heavy,Free-flow,0
classical_classification_v1,4,120,test,weather_condition,Clear,Heavy,Moderate,210
classical_classification_v1,4,120,test,weather_condition,Clear,Heavy,Heavy,1137
classical_classification_v1,4,120,test,weather_condition,Clear,Heavy,Severe,555
classical_classification_v1,4,120,test,weather_condition,Clear,Severe,Free-flow,0
classical_classification_v1,4,120,test,weather_condition,Clear,Severe,Moderate,4
classical_classification_v1,4,120,test,weather_condition,Clear,Severe,Heavy,237
classical_classification_v1,4,120,test,weather_condition,Clear,Severe,Severe,834
classical_classification_v1,4,120,test,weather_condition,Cloudy,Free-flow,Free-flow,2302
classical_classification_v1,4,120,test,weather_condition,Cloudy,Free-flow,Moderate,167
classical_classification_v1,4,120,test,weather_condition,Cloudy,Free-flow,Heavy,0
classical_classification_v1,4,120,test,weather_condition,Cloudy,Free-flow,Severe,0
classical_classification_v1,4,120,test,weather_condition,Cloudy,Moderate,Free-flow,71
classical_classification_v1,4,120,test,weather_condition,Cloudy,Moderate,Moderate,764
classical_classification_v1,4,120,test,weather_condition,Cloudy,Moderate,Heavy,166
classical_classification_v1,4,120,test,weather_condition,Cloudy,Moderate,Severe,10
classical_classification_v1,4,120,test,weather_condition,Cloudy,Heavy,Free-flow,0
classical_classification_v1,4,120,test,weather_condition,Cloudy,Heavy,Moderate,38
classical_classification_v1,4,120,test,weather_condition,Cloudy,Heavy,Heavy,311
classical_classification_v1,4,120,test,weather_condition,Cloudy,Heavy,Severe,177
classical_classification_v1,4,120,test,weather_condition,Cloudy,Severe,Free-flow,0
classical_classification_v1,4,120,test,weather_condition,Cloudy,Severe,Moderate,0
classical_classification_v1,4,120,test,weather_condition,Cloudy,Severe,Heavy,61
classical_classification_v1,4,120,test,weather_condition,Cloudy,Severe,Severe,341
classical_classification_v1,4,120,test,weather_condition,Fog,Free-flow,Free-flow,34
classical_classification_v1,4,120,test,weather_condition,Fog,Free-flow,Moderate,2
classical_classification_v1,4,120,test,weather_condition,Fog,Free-flow,Heavy,0
classical_classification_v1,4,120,test,weather_condition,Fog,Free-flow,Severe,0
classical_classification_v1,4,120,test,weather_condition,Fog,Moderate,Free-flow,6
classical_classification_v1,4,120,test,weather_condition,Fog,Moderate,Moderate,41
classical_classification_v1,4,120,test,weather_condition,Fog,Moderate,Heavy,18
classical_classification_v1,4,120,test,weather_condition,Fog,Moderate,Severe,0
classical_classification_v1,4,120,test,weather_condition,Fog,Heavy,Free-flow,0
classical_classification_v1,4,120,test,weather_condition,Fog,Heavy,Moderate,10
classical_classification_v1,4,120,test,weather_condition,Fog,Heavy,Heavy,10
classical_classification_v1,4,120,test,weather_condition,Fog,Heavy,Severe,19
classical_classification_v1,4,120,test,weather_condition,Fog,Severe,Free-flow,0
classical_classification_v1,4,120,test,weather_condition,Fog,Severe,Moderate,0
classical_classification_v1,4,120,test,weather_condition,Fog,Severe,Heavy,2
classical_classification_v1,4,120,test,weather_condition,Fog,Severe,Severe,24
classical_classification_v1,4,120,test,weather_condition,Overcast,Free-flow,Free-flow,467
classical_classification_v1,4,120,test,weather_condition,Overcast,Free-flow,Moderate,36
classical_classification_v1,4,120,test,weather_condition,Overcast,Free-flow,Heavy,0
classical_classification_v1,4,120,test,weather_condition,Overcast,Free-flow,Severe,0
classical_classification_v1,4,120,test,weather_condition,Overcast,Moderate,Free-flow,30
classical_classification_v1,4,120,test,weather_condition,Overcast,Moderate,Moderate,274
classical_classification_v1,4,120,test,weather_condition,Overcast,Moderate,Heavy,33
classical_classification_v1,4,120,test,weather_condition,Overcast,Moderate,Severe,0
classical_classification_v1,4,120,test,weather_condition,Overcast,Heavy,Free-flow,0
classical_classification_v1,4,120,test,weather_condition,Overcast,Heavy,Moderate,5
classical_classification_v1,4,120,test,weather_condition,Overcast,Heavy,Heavy,67
classical_classification_v1,4,120,test,weather_condition,Overcast,Heavy,Severe,17
classical_classification_v1,4,120,test,weather_condition,Overcast,Severe,Free-flow,0
classical_classification_v1,4,120,test,weather_condition,Overcast,Severe,Moderate,0
classical_classification_v1,4,120,test,weather_condition,Overcast,Severe,Heavy,7
classical_classification_v1,4,120,test,weather_condition,Overcast,Severe,Severe,34
classical_classification_v1,4,120,test,weather_condition,Rain,Free-flow,Free-flow,713
classical_classification_v1,4,120,test,weather_condition,Rain,Free-flow,Moderate,49
classical_classification_v1,4,120,test,weather_condition,Rain,Free-flow,Heavy,0
classical_classification_v1,4,120,test,weather_condition,Rain,Free-flow,Severe,0
classical_classification_v1,4,120,test,weather_condition,Rain,Moderate,Free-flow,43
classical_classification_v1,4,120,test,weather_condition,Rain,Moderate,Moderate,193
classical_classification_v1,4,120,test,weather_condition,Rain,Moderate,Heavy,54
classical_classification_v1,4,120,test,weather_condition,Rain,Moderate,Severe,10
classical_classification_v1,4,120,test,weather_condition,Rain,Heavy,Free-flow,0
classical_classification_v1,4,120,test,weather_condition,Rain,Heavy,Moderate,4
classical_classification_v1,4,120,test,weather_condition,Rain,Heavy,Heavy,41
classical_classification_v1,4,120,test,weather_condition,Rain,Heavy,Severe,42
classical_classification_v1,4,120,test,weather_condition,Rain,Severe,Free-flow,0
classical_classification_v1,4,120,test,weather_condition,Rain,Severe,Moderate,0
classical_classification_v1,4,120,test,weather_condition,Rain,Severe,Heavy,6
classical_classification_v1,4,120,test,weather_condition,Rain,Severe,Severe,13
classical_classification_v1,4,120,test,actual_congestion,Free-flow,Free-flow,Free-flow,15196
classical_classification_v1,4,120,test,actual_congestion,Free-flow,Free-flow,Moderate,1114
classical_classification_v1,4,120,test,actual_congestion,Free-flow,Free-flow,Heavy,7
classical_classification_v1,4,120,test,actual_congestion,Free-flow,Free-flow,Severe,0
classical_classification_v1,4,120,test,actual_congestion,Free-flow,Moderate,Free-flow,0
classical_classification_v1,4,120,test,actual_congestion,Free-flow,Moderate,Moderate,0
classical_classification_v1,4,120,test,actual_congestion,Free-flow,Moderate,Heavy,0
classical_classification_v1,4,120,test,actual_congestion,Free-flow,Moderate,Severe,0
classical_classification_v1,4,120,test,actual_congestion,Free-flow,Heavy,Free-flow,0
classical_classification_v1,4,120,test,actual_congestion,Free-flow,Heavy,Moderate,0
classical_classification_v1,4,120,test,actual_congestion,Free-flow,Heavy,Heavy,0
classical_classification_v1,4,120,test,actual_congestion,Free-flow,Heavy,Severe,0
classical_classification_v1,4,120,test,actual_congestion,Free-flow,Severe,Free-flow,0
classical_classification_v1,4,120,test,actual_congestion,Free-flow,Severe,Moderate,0
classical_classification_v1,4,120,test,actual_congestion,Free-flow,Severe,Heavy,0
classical_classification_v1,4,120,test,actual_congestion,Free-flow,Severe,Severe,0
classical_classification_v1,4,120,test,actual_congestion,Heavy,Free-flow,Free-flow,0
classical_classification_v1,4,120,test,actual_congestion,Heavy,Free-flow,Moderate,0
classical_classification_v1,4,120,test,actual_congestion,Heavy,Free-flow,Heavy,0
classical_classification_v1,4,120,test,actual_congestion,Heavy,Free-flow,Severe,0
classical_classification_v1,4,120,test,actual_congestion,Heavy,Moderate,Free-flow,0
classical_classification_v1,4,120,test,actual_congestion,Heavy,Moderate,Moderate,0
classical_classification_v1,4,120,test,actual_congestion,Heavy,Moderate,Heavy,0
classical_classification_v1,4,120,test,actual_congestion,Heavy,Moderate,Severe,0
classical_classification_v1,4,120,test,actual_congestion,Heavy,Heavy,Free-flow,0
classical_classification_v1,4,120,test,actual_congestion,Heavy,Heavy,Moderate,267
classical_classification_v1,4,120,test,actual_congestion,Heavy,Heavy,Heavy,1566
classical_classification_v1,4,120,test,actual_congestion,Heavy,Heavy,Severe,810
classical_classification_v1,4,120,test,actual_congestion,Heavy,Severe,Free-flow,0
classical_classification_v1,4,120,test,actual_congestion,Heavy,Severe,Moderate,0
classical_classification_v1,4,120,test,actual_congestion,Heavy,Severe,Heavy,0
classical_classification_v1,4,120,test,actual_congestion,Heavy,Severe,Severe,0
classical_classification_v1,4,120,test,actual_congestion,Moderate,Free-flow,Free-flow,0
classical_classification_v1,4,120,test,actual_congestion,Moderate,Free-flow,Moderate,0
classical_classification_v1,4,120,test,actual_congestion,Moderate,Free-flow,Heavy,0
classical_classification_v1,4,120,test,actual_congestion,Moderate,Free-flow,Severe,0
classical_classification_v1,4,120,test,actual_congestion,Moderate,Moderate,Free-flow,484
classical_classification_v1,4,120,test,actual_congestion,Moderate,Moderate,Moderate,5106
classical_classification_v1,4,120,test,actual_congestion,Moderate,Moderate,Heavy,906
classical_classification_v1,4,120,test,actual_congestion,Moderate,Moderate,Severe,56
classical_classification_v1,4,120,test,actual_congestion,Moderate,Heavy,Free-flow,0
classical_classification_v1,4,120,test,actual_congestion,Moderate,Heavy,Moderate,0
classical_classification_v1,4,120,test,actual_congestion,Moderate,Heavy,Heavy,0
classical_classification_v1,4,120,test,actual_congestion,Moderate,Heavy,Severe,0
classical_classification_v1,4,120,test,actual_congestion,Moderate,Severe,Free-flow,0
classical_classification_v1,4,120,test,actual_congestion,Moderate,Severe,Moderate,0
classical_classification_v1,4,120,test,actual_congestion,Moderate,Severe,Heavy,0
classical_classification_v1,4,120,test,actual_congestion,Moderate,Severe,Severe,0
classical_classification_v1,4,120,test,actual_congestion,Severe,Free-flow,Free-flow,0
classical_classification_v1,4,120,test,actual_congestion,Severe,Free-flow,Moderate,0
classical_classification_v1,4,120,test,actual_congestion,Severe,Free-flow,Heavy,0
classical_classification_v1,4,120,test,actual_congestion,Severe,Free-flow,Severe,0
classical_classification_v1,4,120,test,actual_congestion,Severe,Moderate,Free-flow,0
classical_classification_v1,4,120,test,actual_congestion,Severe,Moderate,Moderate,0
classical_classification_v1,4,120,test,actual_congestion,Severe,Moderate,Heavy,0
classical_classification_v1,4,120,test,actual_congestion,Severe,Moderate,Severe,0
classical_classification_v1,4,120,test,actual_congestion,Severe,Heavy,Free-flow,0
classical_classification_v1,4,120,test,actual_congestion,Severe,Heavy,Moderate,0
classical_classification_v1,4,120,test,actual_congestion,Severe,Heavy,Heavy,0
classical_classification_v1,4,120,test,actual_congestion,Severe,Heavy,Severe,0
classical_classification_v1,4,120,test,actual_congestion,Severe,Severe,Free-flow,0
classical_classification_v1,4,120,test,actual_congestion,Severe,Severe,Moderate,4
classical_classification_v1,4,120,test,actual_congestion,Severe,Severe,Heavy,313
classical_classification_v1,4,120,test,actual_congestion,Severe,Severe,Severe,1246
classical_classification_v1,4,120,validation,overall,all,Free-flow,Free-flow,15101
classical_classification_v1,4,120,validation,overall,all,Free-flow,Moderate,1216
classical_classification_v1,4,120,validation,overall,all,Free-flow,Heavy,167
classical_classification_v1,4,120,validation,overall,all,Free-flow,Severe,2
classical_classification_v1,4,120,validation,overall,all,Moderate,Free-flow,459
classical_classification_v1,4,120,validation,overall,all,Moderate,Moderate,5098
classical_classification_v1,4,120,validation,overall,all,Moderate,Heavy,964
classical_classification_v1,4,120,validation,overall,all,Moderate,Severe,73
classical_classification_v1,4,120,validation,overall,all,Heavy,Free-flow,1
classical_classification_v1,4,120,validation,overall,all,Heavy,Moderate,246
classical_classification_v1,4,120,validation,overall,all,Heavy,Heavy,1559
classical_classification_v1,4,120,validation,overall,all,Heavy,Severe,760
classical_classification_v1,4,120,validation,overall,all,Severe,Free-flow,0
classical_classification_v1,4,120,validation,overall,all,Severe,Moderate,4
classical_classification_v1,4,120,validation,overall,all,Severe,Heavy,315
classical_classification_v1,4,120,validation,overall,all,Severe,Severe,1110
classical_classification_v1,4,120,validation,road_id,NL-001,Free-flow,Free-flow,649
classical_classification_v1,4,120,validation,road_id,NL-001,Free-flow,Moderate,46
classical_classification_v1,4,120,validation,road_id,NL-001,Free-flow,Heavy,5
classical_classification_v1,4,120,validation,road_id,NL-001,Free-flow,Severe,0
classical_classification_v1,4,120,validation,road_id,NL-001,Moderate,Free-flow,24
classical_classification_v1,4,120,validation,road_id,NL-001,Moderate,Moderate,163
classical_classification_v1,4,120,validation,road_id,NL-001,Moderate,Heavy,41
classical_classification_v1,4,120,validation,road_id,NL-001,Moderate,Severe,1
classical_classification_v1,4,120,validation,road_id,NL-001,Heavy,Free-flow,0
classical_classification_v1,4,120,validation,road_id,NL-001,Heavy,Moderate,9
classical_classification_v1,4,120,validation,road_id,NL-001,Heavy,Heavy,61
classical_classification_v1,4,120,validation,road_id,NL-001,Heavy,Severe,36
classical_classification_v1,4,120,validation,road_id,NL-001,Severe,Free-flow,0
classical_classification_v1,4,120,validation,road_id,NL-001,Severe,Moderate,0
classical_classification_v1,4,120,validation,road_id,NL-001,Severe,Heavy,9
classical_classification_v1,4,120,validation,road_id,NL-001,Severe,Severe,39
classical_classification_v1,4,120,validation,road_id,NL-002,Free-flow,Free-flow,579
classical_classification_v1,4,120,validation,road_id,NL-002,Free-flow,Moderate,59
classical_classification_v1,4,120,validation,road_id,NL-002,Free-flow,Heavy,8
classical_classification_v1,4,120,validation,road_id,NL-002,Free-flow,Severe,1
classical_classification_v1,4,120,validation,road_id,NL-002,Moderate,Free-flow,19
classical_classification_v1,4,120,validation,road_id,NL-002,Moderate,Moderate,211
classical_classification_v1,4,120,validation,road_id,NL-002,Moderate,Heavy,38
classical_classification_v1,4,120,validation,road_id,NL-002,Moderate,Severe,6
classical_classification_v1,4,120,validation,road_id,NL-002,Heavy,Free-flow,0
classical_classification_v1,4,120,validation,road_id,NL-002,Heavy,Moderate,10
classical_classification_v1,4,120,validation,road_id,NL-002,Heavy,Heavy,65
classical_classification_v1,4,120,validation,road_id,NL-002,Heavy,Severe,23
classical_classification_v1,4,120,validation,road_id,NL-002,Severe,Free-flow,0
classical_classification_v1,4,120,validation,road_id,NL-002,Severe,Moderate,0
classical_classification_v1,4,120,validation,road_id,NL-002,Severe,Heavy,14
classical_classification_v1,4,120,validation,road_id,NL-002,Severe,Severe,50
classical_classification_v1,4,120,validation,road_id,NL-003,Free-flow,Free-flow,555
classical_classification_v1,4,120,validation,road_id,NL-003,Free-flow,Moderate,51
classical_classification_v1,4,120,validation,road_id,NL-003,Free-flow,Heavy,8
classical_classification_v1,4,120,validation,road_id,NL-003,Free-flow,Severe,0
classical_classification_v1,4,120,validation,road_id,NL-003,Moderate,Free-flow,33
classical_classification_v1,4,120,validation,road_id,NL-003,Moderate,Moderate,223
classical_classification_v1,4,120,validation,road_id,NL-003,Moderate,Heavy,30
classical_classification_v1,4,120,validation,road_id,NL-003,Moderate,Severe,2
classical_classification_v1,4,120,validation,road_id,NL-003,Heavy,Free-flow,0
classical_classification_v1,4,120,validation,road_id,NL-003,Heavy,Moderate,16
classical_classification_v1,4,120,validation,road_id,NL-003,Heavy,Heavy,69
classical_classification_v1,4,120,validation,road_id,NL-003,Heavy,Severe,30
classical_classification_v1,4,120,validation,road_id,NL-003,Severe,Free-flow,0
classical_classification_v1,4,120,validation,road_id,NL-003,Severe,Moderate,0
classical_classification_v1,4,120,validation,road_id,NL-003,Severe,Heavy,21
classical_classification_v1,4,120,validation,road_id,NL-003,Severe,Severe,45
classical_classification_v1,4,120,validation,road_id,NL-004,Free-flow,Free-flow,537
classical_classification_v1,4,120,validation,road_id,NL-004,Free-flow,Moderate,33
classical_classification_v1,4,120,validation,road_id,NL-004,Free-flow,Heavy,2
classical_classification_v1,4,120,validation,road_id,NL-004,Free-flow,Severe,0
classical_classification_v1,4,120,validation,road_id,NL-004,Moderate,Free-flow,25
classical_classification_v1,4,120,validation,road_id,NL-004,Moderate,Moderate,271
classical_classification_v1,4,120,validation,road_id,NL-004,Moderate,Heavy,32
classical_classification_v1,4,120,validation,road_id,NL-004,Moderate,Severe,3
classical_classification_v1,4,120,validation,road_id,NL-004,Heavy,Free-flow,0
classical_classification_v1,4,120,validation,road_id,NL-004,Heavy,Moderate,18
classical_classification_v1,4,120,validation,road_id,NL-004,Heavy,Heavy,64
classical_classification_v1,4,120,validation,road_id,NL-004,Heavy,Severe,36
classical_classification_v1,4,120,validation,road_id,NL-004,Severe,Free-flow,0
classical_classification_v1,4,120,validation,road_id,NL-004,Severe,Moderate,1
classical_classification_v1,4,120,validation,road_id,NL-004,Severe,Heavy,20
classical_classification_v1,4,120,validation,road_id,NL-004,Severe,Severe,41
classical_classification_v1,4,120,validation,road_id,NL-005,Free-flow,Free-flow,531
classical_classification_v1,4,120,validation,road_id,NL-005,Free-flow,Moderate,40
classical_classification_v1,4,120,validation,road_id,NL-005,Free-flow,Heavy,8
classical_classification_v1,4,120,validation,road_id,NL-005,Free-flow,Severe,0
classical_classification_v1,4,120,validation,road_id,NL-005,Moderate,Free-flow,19
classical_classification_v1,4,120,validation,road_id,NL-005,Moderate,Moderate,269
classical_classification_v1,4,120,validation,road_id,NL-005,Moderate,Heavy,23
classical_classification_v1,4,120,validation,road_id,NL-005,Moderate,Severe,2
classical_classification_v1,4,120,validation,road_id,NL-005,Heavy,Free-flow,0
classical_classification_v1,4,120,validation,road_id,NL-005,Heavy,Moderate,17
classical_classification_v1,4,120,validation,road_id,NL-005,Heavy,Heavy,77
classical_classification_v1,4,120,validation,road_id,NL-005,Heavy,Severe,23
classical_classification_v1,4,120,validation,road_id,NL-005,Severe,Free-flow,0
classical_classification_v1,4,120,validation,road_id,NL-005,Severe,Moderate,1
classical_classification_v1,4,120,validation,road_id,NL-005,Severe,Heavy,19
classical_classification_v1,4,120,validation,road_id,NL-005,Severe,Severe,54
classical_classification_v1,4,120,validation,road_id,NL-006,Free-flow,Free-flow,539
classical_classification_v1,4,120,validation,road_id,NL-006,Free-flow,Moderate,34
classical_classification_v1,4,120,validation,road_id,NL-006,Free-flow,Heavy,8
classical_classification_v1,4,120,validation,road_id,NL-006,Free-flow,Severe,0
classical_classification_v1,4,120,validation,road_id,NL-006,Moderate,Free-flow,26
classical_classification_v1,4,120,validation,road_id,NL-006,Moderate,Moderate,255
classical_classification_v1,4,120,validation,road_id,NL-006,Moderate,Heavy,37
classical_classification_v1,4,120,validation,road_id,NL-006,Moderate,Severe,4
classical_classification_v1,4,120,validation,road_id,NL-006,Heavy,Free-flow,1
classical_classification_v1,4,120,validation,road_id,NL-006,Heavy,Moderate,22
classical_classification_v1,4,120,validation,road_id,NL-006,Heavy,Heavy,61
classical_classification_v1,4,120,validation,road_id,NL-006,Heavy,Severe,30
classical_classification_v1,4,120,validation,road_id,NL-006,Severe,Free-flow,0
classical_classification_v1,4,120,validation,road_id,NL-006,Severe,Moderate,1
classical_classification_v1,4,120,validation,road_id,NL-006,Severe,Heavy,20
classical_classification_v1,4,120,validation,road_id,NL-006,Severe,Severe,45
classical_classification_v1,4,120,validation,road_id,NL-007,Free-flow,Free-flow,653
classical_classification_v1,4,120,validation,road_id,NL-007,Free-flow,Moderate,42
classical_classification_v1,4,120,validation,road_id,NL-007,Free-flow,Heavy,7
classical_classification_v1,4,120,validation,road_id,NL-007,Free-flow,Severe,0
classical_classification_v1,4,120,validation,road_id,NL-007,Moderate,Free-flow,13
classical_classification_v1,4,120,validation,road_id,NL-007,Moderate,Moderate,171
classical_classification_v1,4,120,validation,road_id,NL-007,Moderate,Heavy,47
classical_classification_v1,4,120,validation,road_id,NL-007,Moderate,Severe,0
classical_classification_v1,4,120,validation,road_id,NL-007,Heavy,Free-flow,0
classical_classification_v1,4,120,validation,road_id,NL-007,Heavy,Moderate,9
classical_classification_v1,4,120,validation,road_id,NL-007,Heavy,Heavy,55
classical_classification_v1,4,120,validation,road_id,NL-007,Heavy,Severe,29
classical_classification_v1,4,120,validation,road_id,NL-007,Severe,Free-flow,0
classical_classification_v1,4,120,validation,road_id,NL-007,Severe,Moderate,0
classical_classification_v1,4,120,validation,road_id,NL-007,Severe,Heavy,11
classical_classification_v1,4,120,validation,road_id,NL-007,Severe,Severe,46
classical_classification_v1,4,120,validation,road_id,NL-008,Free-flow,Free-flow,650
classical_classification_v1,4,120,validation,road_id,NL-008,Free-flow,Moderate,55
classical_classification_v1,4,120,validation,road_id,NL-008,Free-flow,Heavy,9
classical_classification_v1,4,120,validation,road_id,NL-008,Free-flow,Severe,0
classical_classification_v1,4,120,validation,road_id,NL-008,Moderate,Free-flow,7
classical_classification_v1,4,120,validation,road_id,NL-008,Moderate,Moderate,169
classical_classification_v1,4,120,validation,road_id,NL-008,Moderate,Heavy,38
classical_classification_v1,4,120,validation,road_id,NL-008,Moderate,Severe,1
classical_classification_v1,4,120,validation,road_id,NL-008,Heavy,Free-flow,0
classical_classification_v1,4,120,validation,road_id,NL-008,Heavy,Moderate,5
classical_classification_v1,4,120,validation,road_id,NL-008,Heavy,Heavy,64
classical_classification_v1,4,120,validation,road_id,NL-008,Heavy,Severe,27
classical_classification_v1,4,120,validation,road_id,NL-008,Severe,Free-flow,0
classical_classification_v1,4,120,validation,road_id,NL-008,Severe,Moderate,0
classical_classification_v1,4,120,validation,road_id,NL-008,Severe,Heavy,9
classical_classification_v1,4,120,validation,road_id,NL-008,Severe,Severe,49
classical_classification_v1,4,120,validation,road_id,NL-009,Free-flow,Free-flow,539
classical_classification_v1,4,120,validation,road_id,NL-009,Free-flow,Moderate,41
classical_classification_v1,4,120,validation,road_id,NL-009,Free-flow,Heavy,8
classical_classification_v1,4,120,validation,road_id,NL-009,Free-flow,Severe,0
classical_classification_v1,4,120,validation,road_id,NL-009,Moderate,Free-flow,32
classical_classification_v1,4,120,validation,road_id,NL-009,Moderate,Moderate,254
classical_classification_v1,4,120,validation,road_id,NL-009,Moderate,Heavy,27
classical_classification_v1,4,120,validation,road_id,NL-009,Moderate,Severe,1
classical_classification_v1,4,120,validation,road_id,NL-009,Heavy,Free-flow,0
classical_classification_v1,4,120,validation,road_id,NL-009,Heavy,Moderate,15
classical_classification_v1,4,120,validation,road_id,NL-009,Heavy,Heavy,70
classical_classification_v1,4,120,validation,road_id,NL-009,Heavy,Severe,33
classical_classification_v1,4,120,validation,road_id,NL-009,Severe,Free-flow,0
classical_classification_v1,4,120,validation,road_id,NL-009,Severe,Moderate,0
classical_classification_v1,4,120,validation,road_id,NL-009,Severe,Heavy,17
classical_classification_v1,4,120,validation,road_id,NL-009,Severe,Severe,46
classical_classification_v1,4,120,validation,road_id,NL-010,Free-flow,Free-flow,649
classical_classification_v1,4,120,validation,road_id,NL-010,Free-flow,Moderate,52
classical_classification_v1,4,120,validation,road_id,NL-010,Free-flow,Heavy,8
classical_classification_v1,4,120,validation,road_id,NL-010,Free-flow,Severe,0
classical_classification_v1,4,120,validation,road_id,NL-010,Moderate,Free-flow,17
classical_classification_v1,4,120,validation,road_id,NL-010,Moderate,Moderate,154
classical_classification_v1,4,120,validation,road_id,NL-010,Moderate,Heavy,52
classical_classification_v1,4,120,validation,road_id,NL-010,Moderate,Severe,6
classical_classification_v1,4,120,validation,road_id,NL-010,Heavy,Free-flow,0
classical_classification_v1,4,120,validation,road_id,NL-010,Heavy,Moderate,10
classical_classification_v1,4,120,validation,road_id,NL-010,Heavy,Heavy,58
classical_classification_v1,4,120,validation,road_id,NL-010,Heavy,Severe,33
classical_classification_v1,4,120,validation,road_id,NL-010,Severe,Free-flow,0
classical_classification_v1,4,120,validation,road_id,NL-010,Severe,Moderate,0
classical_classification_v1,4,120,validation,road_id,NL-010,Severe,Heavy,4
classical_classification_v1,4,120,validation,road_id,NL-010,Severe,Severe,40
classical_classification_v1,4,120,validation,road_id,NL-011,Free-flow,Free-flow,676
classical_classification_v1,4,120,validation,road_id,NL-011,Free-flow,Moderate,52
classical_classification_v1,4,120,validation,road_id,NL-011,Free-flow,Heavy,5
classical_classification_v1,4,120,validation,road_id,NL-011,Free-flow,Severe,0
classical_classification_v1,4,120,validation,road_id,NL-011,Moderate,Free-flow,7
classical_classification_v1,4,120,validation,road_id,NL-011,Moderate,Moderate,150
classical_classification_v1,4,120,validation,road_id,NL-011,Moderate,Heavy,39
classical_classification_v1,4,120,validation,road_id,NL-011,Moderate,Severe,2
classical_classification_v1,4,120,validation,road_id,NL-011,Heavy,Free-flow,0
classical_classification_v1,4,120,validation,road_id,NL-011,Heavy,Moderate,9
classical_classification_v1,4,120,validation,road_id,NL-011,Heavy,Heavy,61
classical_classification_v1,4,120,validation,road_id,NL-011,Heavy,Severe,32
classical_classification_v1,4,120,validation,road_id,NL-011,Severe,Free-flow,0
classical_classification_v1,4,120,validation,road_id,NL-011,Severe,Moderate,0
classical_classification_v1,4,120,validation,road_id,NL-011,Severe,Heavy,8
classical_classification_v1,4,120,validation,road_id,NL-011,Severe,Severe,42
classical_classification_v1,4,120,validation,road_id,NL-012,Free-flow,Free-flow,532
classical_classification_v1,4,120,validation,road_id,NL-012,Free-flow,Moderate,40
classical_classification_v1,4,120,validation,road_id,NL-012,Free-flow,Heavy,5
classical_classification_v1,4,120,validation,road_id,NL-012,Free-flow,Severe,0
classical_classification_v1,4,120,validation,road_id,NL-012,Moderate,Free-flow,13
classical_classification_v1,4,120,validation,road_id,NL-012,Moderate,Moderate,289
classical_classification_v1,4,120,validation,road_id,NL-012,Moderate,Heavy,32
classical_classification_v1,4,120,validation,road_id,NL-012,Moderate,Severe,5
classical_classification_v1,4,120,validation,road_id,NL-012,Heavy,Free-flow,0
classical_classification_v1,4,120,validation,road_id,NL-012,Heavy,Moderate,15
classical_classification_v1,4,120,validation,road_id,NL-012,Heavy,Heavy,68
classical_classification_v1,4,120,validation,road_id,NL-012,Heavy,Severe,23
classical_classification_v1,4,120,validation,road_id,NL-012,Severe,Free-flow,0
classical_classification_v1,4,120,validation,road_id,NL-012,Severe,Moderate,0
classical_classification_v1,4,120,validation,road_id,NL-012,Severe,Heavy,11
classical_classification_v1,4,120,validation,road_id,NL-012,Severe,Severe,50
classical_classification_v1,4,120,validation,road_id,NL-013,Free-flow,Free-flow,536
classical_classification_v1,4,120,validation,road_id,NL-013,Free-flow,Moderate,49
classical_classification_v1,4,120,validation,road_id,NL-013,Free-flow,Heavy,5
classical_classification_v1,4,120,validation,road_id,NL-013,Free-flow,Severe,0
classical_classification_v1,4,120,validation,road_id,NL-013,Moderate,Free-flow,15
classical_classification_v1,4,120,validation,road_id,NL-013,Moderate,Moderate,271
classical_classification_v1,4,120,validation,road_id,NL-013,Moderate,Heavy,31
classical_classification_v1,4,120,validation,road_id,NL-013,Moderate,Severe,3
classical_classification_v1,4,120,validation,road_id,NL-013,Heavy,Free-flow,0
classical_classification_v1,4,120,validation,road_id,NL-013,Heavy,Moderate,16
classical_classification_v1,4,120,validation,road_id,NL-013,Heavy,Heavy,61
classical_classification_v1,4,120,validation,road_id,NL-013,Heavy,Severe,30
classical_classification_v1,4,120,validation,road_id,NL-013,Severe,Free-flow,0
classical_classification_v1,4,120,validation,road_id,NL-013,Severe,Moderate,0
classical_classification_v1,4,120,validation,road_id,NL-013,Severe,Heavy,20
classical_classification_v1,4,120,validation,road_id,NL-013,Severe,Severe,46
classical_classification_v1,4,120,validation,road_id,NL-014,Free-flow,Free-flow,684
classical_classification_v1,4,120,validation,road_id,NL-014,Free-flow,Moderate,41
classical_classification_v1,4,120,validation,road_id,NL-014,Free-flow,Heavy,8
classical_classification_v1,4,120,validation,road_id,NL-014,Free-flow,Severe,0
classical_classification_v1,4,120,validation,road_id,NL-014,Moderate,Free-flow,13
classical_classification_v1,4,120,validation,road_id,NL-014,Moderate,Moderate,150
classical_classification_v1,4,120,validation,road_id,NL-014,Moderate,Heavy,45
classical_classification_v1,4,120,validation,road_id,NL-014,Moderate,Severe,2
classical_classification_v1,4,120,validation,road_id,NL-014,Heavy,Free-flow,0
classical_classification_v1,4,120,validation,road_id,NL-014,Heavy,Moderate,3
classical_classification_v1,4,120,validation,road_id,NL-014,Heavy,Heavy,52
classical_classification_v1,4,120,validation,road_id,NL-014,Heavy,Severe,37
classical_classification_v1,4,120,validation,road_id,NL-014,Severe,Free-flow,0
classical_classification_v1,4,120,validation,road_id,NL-014,Severe,Moderate,0
classical_classification_v1,4,120,validation,road_id,NL-014,Severe,Heavy,10
classical_classification_v1,4,120,validation,road_id,NL-014,Severe,Severe,38
classical_classification_v1,4,120,validation,road_id,NL-015,Free-flow,Free-flow,534
classical_classification_v1,4,120,validation,road_id,NL-015,Free-flow,Moderate,33
classical_classification_v1,4,120,validation,road_id,NL-015,Free-flow,Heavy,3
classical_classification_v1,4,120,validation,road_id,NL-015,Free-flow,Severe,0
classical_classification_v1,4,120,validation,road_id,NL-015,Moderate,Free-flow,21
classical_classification_v1,4,120,validation,road_id,NL-015,Moderate,Moderate,274
classical_classification_v1,4,120,validation,road_id,NL-015,Moderate,Heavy,38
classical_classification_v1,4,120,validation,road_id,NL-015,Moderate,Severe,3
classical_classification_v1,4,120,validation,road_id,NL-015,Heavy,Free-flow,0
classical_classification_v1,4,120,validation,road_id,NL-015,Heavy,Moderate,16
classical_classification_v1,4,120,validation,road_id,NL-015,Heavy,Heavy,63
classical_classification_v1,4,120,validation,road_id,NL-015,Heavy,Severe,30
classical_classification_v1,4,120,validation,road_id,NL-015,Severe,Free-flow,0
classical_classification_v1,4,120,validation,road_id,NL-015,Severe,Moderate,0
classical_classification_v1,4,120,validation,road_id,NL-015,Severe,Heavy,22
classical_classification_v1,4,120,validation,road_id,NL-015,Severe,Severe,46
classical_classification_v1,4,120,validation,road_id,NL-016,Free-flow,Free-flow,587
classical_classification_v1,4,120,validation,road_id,NL-016,Free-flow,Moderate,63
classical_classification_v1,4,120,validation,road_id,NL-016,Free-flow,Heavy,6
classical_classification_v1,4,120,validation,road_id,NL-016,Free-flow,Severe,0
classical_classification_v1,4,120,validation,road_id,NL-016,Moderate,Free-flow,28
classical_classification_v1,4,120,validation,road_id,NL-016,Moderate,Moderate,202
classical_classification_v1,4,120,validation,road_id,NL-016,Moderate,Heavy,39
classical_classification_v1,4,120,validation,road_id,NL-016,Moderate,Severe,3
classical_classification_v1,4,120,validation,road_id,NL-016,Heavy,Free-flow,0
classical_classification_v1,4,120,validation,road_id,NL-016,Heavy,Moderate,3
classical_classification_v1,4,120,validation,road_id,NL-016,Heavy,Heavy,67
classical_classification_v1,4,120,validation,road_id,NL-016,Heavy,Severe,36
classical_classification_v1,4,120,validation,road_id,NL-016,Severe,Free-flow,0
classical_classification_v1,4,120,validation,road_id,NL-016,Severe,Moderate,0
classical_classification_v1,4,120,validation,road_id,NL-016,Severe,Heavy,10
classical_classification_v1,4,120,validation,road_id,NL-016,Severe,Severe,39
classical_classification_v1,4,120,validation,road_id,NL-017,Free-flow,Free-flow,659
classical_classification_v1,4,120,validation,road_id,NL-017,Free-flow,Moderate,66
classical_classification_v1,4,120,validation,road_id,NL-017,Free-flow,Heavy,8
classical_classification_v1,4,120,validation,road_id,NL-017,Free-flow,Severe,0
classical_classification_v1,4,120,validation,road_id,NL-017,Moderate,Free-flow,10
classical_classification_v1,4,120,validation,road_id,NL-017,Moderate,Moderate,145
classical_classification_v1,4,120,validation,road_id,NL-017,Moderate,Heavy,40
classical_classification_v1,4,120,validation,road_id,NL-017,Moderate,Severe,2
classical_classification_v1,4,120,validation,road_id,NL-017,Heavy,Free-flow,0
classical_classification_v1,4,120,validation,road_id,NL-017,Heavy,Moderate,6
classical_classification_v1,4,120,validation,road_id,NL-017,Heavy,Heavy,61
classical_classification_v1,4,120,validation,road_id,NL-017,Heavy,Severe,31
classical_classification_v1,4,120,validation,road_id,NL-017,Severe,Free-flow,0
classical_classification_v1,4,120,validation,road_id,NL-017,Severe,Moderate,0
classical_classification_v1,4,120,validation,road_id,NL-017,Severe,Heavy,11
classical_classification_v1,4,120,validation,road_id,NL-017,Severe,Severe,44
classical_classification_v1,4,120,validation,road_id,NL-018,Free-flow,Free-flow,562
classical_classification_v1,4,120,validation,road_id,NL-018,Free-flow,Moderate,72
classical_classification_v1,4,120,validation,road_id,NL-018,Free-flow,Heavy,5
classical_classification_v1,4,120,validation,road_id,NL-018,Free-flow,Severe,0
classical_classification_v1,4,120,validation,road_id,NL-018,Moderate,Free-flow,14
classical_classification_v1,4,120,validation,road_id,NL-018,Moderate,Moderate,229
classical_classification_v1,4,120,validation,road_id,NL-018,Moderate,Heavy,35
classical_classification_v1,4,120,validation,road_id,NL-018,Moderate,Severe,2
classical_classification_v1,4,120,validation,road_id,NL-018,Heavy,Free-flow,0
classical_classification_v1,4,120,validation,road_id,NL-018,Heavy,Moderate,8
classical_classification_v1,4,120,validation,road_id,NL-018,Heavy,Heavy,66
classical_classification_v1,4,120,validation,road_id,NL-018,Heavy,Severe,32
classical_classification_v1,4,120,validation,road_id,NL-018,Severe,Free-flow,0
classical_classification_v1,4,120,validation,road_id,NL-018,Severe,Moderate,0
classical_classification_v1,4,120,validation,road_id,NL-018,Severe,Heavy,13
classical_classification_v1,4,120,validation,road_id,NL-018,Severe,Severe,45
classical_classification_v1,4,120,validation,road_id,NL-019,Free-flow,Free-flow,543
classical_classification_v1,4,120,validation,road_id,NL-019,Free-flow,Moderate,49
classical_classification_v1,4,120,validation,road_id,NL-019,Free-flow,Heavy,5
classical_classification_v1,4,120,validation,road_id,NL-019,Free-flow,Severe,1
classical_classification_v1,4,120,validation,road_id,NL-019,Moderate,Free-flow,24
classical_classification_v1,4,120,validation,road_id,NL-019,Moderate,Moderate,250
classical_classification_v1,4,120,validation,road_id,NL-019,Moderate,Heavy,31
classical_classification_v1,4,120,validation,road_id,NL-019,Moderate,Severe,7
classical_classification_v1,4,120,validation,road_id,NL-019,Heavy,Free-flow,0
classical_classification_v1,4,120,validation,road_id,NL-019,Heavy,Moderate,10
classical_classification_v1,4,120,validation,road_id,NL-019,Heavy,Heavy,65
classical_classification_v1,4,120,validation,road_id,NL-019,Heavy,Severe,24
classical_classification_v1,4,120,validation,road_id,NL-019,Severe,Free-flow,0
classical_classification_v1,4,120,validation,road_id,NL-019,Severe,Moderate,1
classical_classification_v1,4,120,validation,road_id,NL-019,Severe,Heavy,24
classical_classification_v1,4,120,validation,road_id,NL-019,Severe,Severe,49
classical_classification_v1,4,120,validation,road_id,NL-020,Free-flow,Free-flow,670
classical_classification_v1,4,120,validation,road_id,NL-020,Free-flow,Moderate,56
classical_classification_v1,4,120,validation,road_id,NL-020,Free-flow,Heavy,7
classical_classification_v1,4,120,validation,road_id,NL-020,Free-flow,Severe,0
classical_classification_v1,4,120,validation,road_id,NL-020,Moderate,Free-flow,7
classical_classification_v1,4,120,validation,road_id,NL-020,Moderate,Moderate,154
classical_classification_v1,4,120,validation,road_id,NL-020,Moderate,Heavy,41
classical_classification_v1,4,120,validation,road_id,NL-020,Moderate,Severe,1
classical_classification_v1,4,120,validation,road_id,NL-020,Heavy,Free-flow,0
classical_classification_v1,4,120,validation,road_id,NL-020,Heavy,Moderate,3
classical_classification_v1,4,120,validation,road_id,NL-020,Heavy,Heavy,66
classical_classification_v1,4,120,validation,road_id,NL-020,Heavy,Severe,31
classical_classification_v1,4,120,validation,road_id,NL-020,Severe,Free-flow,0
classical_classification_v1,4,120,validation,road_id,NL-020,Severe,Moderate,0
classical_classification_v1,4,120,validation,road_id,NL-020,Severe,Heavy,5
classical_classification_v1,4,120,validation,road_id,NL-020,Severe,Severe,42
classical_classification_v1,4,120,validation,road_id,NL-021,Free-flow,Free-flow,624
classical_classification_v1,4,120,validation,road_id,NL-021,Free-flow,Moderate,39
classical_classification_v1,4,120,validation,road_id,NL-021,Free-flow,Heavy,6
classical_classification_v1,4,120,validation,road_id,NL-021,Free-flow,Severe,0
classical_classification_v1,4,120,validation,road_id,NL-021,Moderate,Free-flow,35
classical_classification_v1,4,120,validation,road_id,NL-021,Moderate,Moderate,184
classical_classification_v1,4,120,validation,road_id,NL-021,Moderate,Heavy,44
classical_classification_v1,4,120,validation,road_id,NL-021,Moderate,Severe,3
classical_classification_v1,4,120,validation,road_id,NL-021,Heavy,Free-flow,0
classical_classification_v1,4,120,validation,road_id,NL-021,Heavy,Moderate,5
classical_classification_v1,4,120,validation,road_id,NL-021,Heavy,Heavy,61
classical_classification_v1,4,120,validation,road_id,NL-021,Heavy,Severe,27
classical_classification_v1,4,120,validation,road_id,NL-021,Severe,Free-flow,0
classical_classification_v1,4,120,validation,road_id,NL-021,Severe,Moderate,0
classical_classification_v1,4,120,validation,road_id,NL-021,Severe,Heavy,7
classical_classification_v1,4,120,validation,road_id,NL-021,Severe,Severe,48
classical_classification_v1,4,120,validation,road_id,NL-022,Free-flow,Free-flow,679
classical_classification_v1,4,120,validation,road_id,NL-022,Free-flow,Moderate,54
classical_classification_v1,4,120,validation,road_id,NL-022,Free-flow,Heavy,8
classical_classification_v1,4,120,validation,road_id,NL-022,Free-flow,Severe,0
classical_classification_v1,4,120,validation,road_id,NL-022,Moderate,Free-flow,4
classical_classification_v1,4,120,validation,road_id,NL-022,Moderate,Moderate,150
classical_classification_v1,4,120,validation,road_id,NL-022,Moderate,Heavy,53
classical_classification_v1,4,120,validation,road_id,NL-022,Moderate,Severe,5
classical_classification_v1,4,120,validation,road_id,NL-022,Heavy,Free-flow,0
classical_classification_v1,4,120,validation,road_id,NL-022,Heavy,Moderate,5
classical_classification_v1,4,120,validation,road_id,NL-022,Heavy,Heavy,47
classical_classification_v1,4,120,validation,road_id,NL-022,Heavy,Severe,28
classical_classification_v1,4,120,validation,road_id,NL-022,Severe,Free-flow,0
classical_classification_v1,4,120,validation,road_id,NL-022,Severe,Moderate,0
classical_classification_v1,4,120,validation,road_id,NL-022,Severe,Heavy,7
classical_classification_v1,4,120,validation,road_id,NL-022,Severe,Severe,43
classical_classification_v1,4,120,validation,road_id,NL-023,Free-flow,Free-flow,607
classical_classification_v1,4,120,validation,road_id,NL-023,Free-flow,Moderate,59
classical_classification_v1,4,120,validation,road_id,NL-023,Free-flow,Heavy,9
classical_classification_v1,4,120,validation,road_id,NL-023,Free-flow,Severe,0
classical_classification_v1,4,120,validation,road_id,NL-023,Moderate,Free-flow,27
classical_classification_v1,4,120,validation,road_id,NL-023,Moderate,Moderate,187
classical_classification_v1,4,120,validation,road_id,NL-023,Moderate,Heavy,36
classical_classification_v1,4,120,validation,road_id,NL-023,Moderate,Severe,3
classical_classification_v1,4,120,validation,road_id,NL-023,Heavy,Free-flow,0
classical_classification_v1,4,120,validation,road_id,NL-023,Heavy,Moderate,1
classical_classification_v1,4,120,validation,road_id,NL-023,Heavy,Heavy,68
classical_classification_v1,4,120,validation,road_id,NL-023,Heavy,Severe,29
classical_classification_v1,4,120,validation,road_id,NL-023,Severe,Free-flow,0
classical_classification_v1,4,120,validation,road_id,NL-023,Severe,Moderate,0
classical_classification_v1,4,120,validation,road_id,NL-023,Severe,Heavy,10
classical_classification_v1,4,120,validation,road_id,NL-023,Severe,Severe,47
classical_classification_v1,4,120,validation,road_id,NL-024,Free-flow,Free-flow,651
classical_classification_v1,4,120,validation,road_id,NL-024,Free-flow,Moderate,37
classical_classification_v1,4,120,validation,road_id,NL-024,Free-flow,Heavy,7
classical_classification_v1,4,120,validation,road_id,NL-024,Free-flow,Severe,0
classical_classification_v1,4,120,validation,road_id,NL-024,Moderate,Free-flow,22
classical_classification_v1,4,120,validation,road_id,NL-024,Moderate,Moderate,170
classical_classification_v1,4,120,validation,road_id,NL-024,Moderate,Heavy,47
classical_classification_v1,4,120,validation,road_id,NL-024,Moderate,Severe,4
classical_classification_v1,4,120,validation,road_id,NL-024,Heavy,Free-flow,0
classical_classification_v1,4,120,validation,road_id,NL-024,Heavy,Moderate,8
classical_classification_v1,4,120,validation,road_id,NL-024,Heavy,Heavy,59
classical_classification_v1,4,120,validation,road_id,NL-024,Heavy,Severe,38
classical_classification_v1,4,120,validation,road_id,NL-024,Severe,Free-flow,0
classical_classification_v1,4,120,validation,road_id,NL-024,Severe,Moderate,0
classical_classification_v1,4,120,validation,road_id,NL-024,Severe,Heavy,6
classical_classification_v1,4,120,validation,road_id,NL-024,Severe,Severe,34
classical_classification_v1,4,120,validation,road_id,NL-025,Free-flow,Free-flow,676
classical_classification_v1,4,120,validation,road_id,NL-025,Free-flow,Moderate,53
classical_classification_v1,4,120,validation,road_id,NL-025,Free-flow,Heavy,9
classical_classification_v1,4,120,validation,road_id,NL-025,Free-flow,Severe,0
classical_classification_v1,4,120,validation,road_id,NL-025,Moderate,Free-flow,4
classical_classification_v1,4,120,validation,road_id,NL-025,Moderate,Moderate,153
classical_classification_v1,4,120,validation,road_id,NL-025,Moderate,Heavy,48
classical_classification_v1,4,120,validation,road_id,NL-025,Moderate,Severe,2
classical_classification_v1,4,120,validation,road_id,NL-025,Heavy,Free-flow,0
classical_classification_v1,4,120,validation,road_id,NL-025,Heavy,Moderate,7
classical_classification_v1,4,120,validation,road_id,NL-025,Heavy,Heavy,50
classical_classification_v1,4,120,validation,road_id,NL-025,Heavy,Severe,32
classical_classification_v1,4,120,validation,road_id,NL-025,Severe,Free-flow,0
classical_classification_v1,4,120,validation,road_id,NL-025,Severe,Moderate,0
classical_classification_v1,4,120,validation,road_id,NL-025,Severe,Heavy,7
classical_classification_v1,4,120,validation,road_id,NL-025,Severe,Severe,42
classical_classification_v1,4,120,validation,origin_hour,0,Free-flow,Free-flow,1150
classical_classification_v1,4,120,validation,origin_hour,0,Free-flow,Moderate,0
classical_classification_v1,4,120,validation,origin_hour,0,Free-flow,Heavy,0
classical_classification_v1,4,120,validation,origin_hour,0,Free-flow,Severe,0
classical_classification_v1,4,120,validation,origin_hour,0,Moderate,Free-flow,0
classical_classification_v1,4,120,validation,origin_hour,0,Moderate,Moderate,0
classical_classification_v1,4,120,validation,origin_hour,0,Moderate,Heavy,0
classical_classification_v1,4,120,validation,origin_hour,0,Moderate,Severe,0
classical_classification_v1,4,120,validation,origin_hour,0,Heavy,Free-flow,0
classical_classification_v1,4,120,validation,origin_hour,0,Heavy,Moderate,0
classical_classification_v1,4,120,validation,origin_hour,0,Heavy,Heavy,0
classical_classification_v1,4,120,validation,origin_hour,0,Heavy,Severe,0
classical_classification_v1,4,120,validation,origin_hour,0,Severe,Free-flow,0
classical_classification_v1,4,120,validation,origin_hour,0,Severe,Moderate,0
classical_classification_v1,4,120,validation,origin_hour,0,Severe,Heavy,0
classical_classification_v1,4,120,validation,origin_hour,0,Severe,Severe,0
classical_classification_v1,4,120,validation,origin_hour,1,Free-flow,Free-flow,1150
classical_classification_v1,4,120,validation,origin_hour,1,Free-flow,Moderate,0
classical_classification_v1,4,120,validation,origin_hour,1,Free-flow,Heavy,0
classical_classification_v1,4,120,validation,origin_hour,1,Free-flow,Severe,0
classical_classification_v1,4,120,validation,origin_hour,1,Moderate,Free-flow,0
classical_classification_v1,4,120,validation,origin_hour,1,Moderate,Moderate,0
classical_classification_v1,4,120,validation,origin_hour,1,Moderate,Heavy,0
classical_classification_v1,4,120,validation,origin_hour,1,Moderate,Severe,0
classical_classification_v1,4,120,validation,origin_hour,1,Heavy,Free-flow,0
classical_classification_v1,4,120,validation,origin_hour,1,Heavy,Moderate,0
classical_classification_v1,4,120,validation,origin_hour,1,Heavy,Heavy,0
classical_classification_v1,4,120,validation,origin_hour,1,Heavy,Severe,0
classical_classification_v1,4,120,validation,origin_hour,1,Severe,Free-flow,0
classical_classification_v1,4,120,validation,origin_hour,1,Severe,Moderate,0
classical_classification_v1,4,120,validation,origin_hour,1,Severe,Heavy,0
classical_classification_v1,4,120,validation,origin_hour,1,Severe,Severe,0
classical_classification_v1,4,120,validation,origin_hour,2,Free-flow,Free-flow,1150
classical_classification_v1,4,120,validation,origin_hour,2,Free-flow,Moderate,0
classical_classification_v1,4,120,validation,origin_hour,2,Free-flow,Heavy,0
classical_classification_v1,4,120,validation,origin_hour,2,Free-flow,Severe,0
classical_classification_v1,4,120,validation,origin_hour,2,Moderate,Free-flow,0
classical_classification_v1,4,120,validation,origin_hour,2,Moderate,Moderate,0
classical_classification_v1,4,120,validation,origin_hour,2,Moderate,Heavy,0
classical_classification_v1,4,120,validation,origin_hour,2,Moderate,Severe,0
classical_classification_v1,4,120,validation,origin_hour,2,Heavy,Free-flow,0
classical_classification_v1,4,120,validation,origin_hour,2,Heavy,Moderate,0
classical_classification_v1,4,120,validation,origin_hour,2,Heavy,Heavy,0
classical_classification_v1,4,120,validation,origin_hour,2,Heavy,Severe,0
classical_classification_v1,4,120,validation,origin_hour,2,Severe,Free-flow,0
classical_classification_v1,4,120,validation,origin_hour,2,Severe,Moderate,0
classical_classification_v1,4,120,validation,origin_hour,2,Severe,Heavy,0
classical_classification_v1,4,120,validation,origin_hour,2,Severe,Severe,0
classical_classification_v1,4,120,validation,origin_hour,3,Free-flow,Free-flow,1150
classical_classification_v1,4,120,validation,origin_hour,3,Free-flow,Moderate,0
classical_classification_v1,4,120,validation,origin_hour,3,Free-flow,Heavy,0
classical_classification_v1,4,120,validation,origin_hour,3,Free-flow,Severe,0
classical_classification_v1,4,120,validation,origin_hour,3,Moderate,Free-flow,0
classical_classification_v1,4,120,validation,origin_hour,3,Moderate,Moderate,0
classical_classification_v1,4,120,validation,origin_hour,3,Moderate,Heavy,0
classical_classification_v1,4,120,validation,origin_hour,3,Moderate,Severe,0
classical_classification_v1,4,120,validation,origin_hour,3,Heavy,Free-flow,0
classical_classification_v1,4,120,validation,origin_hour,3,Heavy,Moderate,0
classical_classification_v1,4,120,validation,origin_hour,3,Heavy,Heavy,0
classical_classification_v1,4,120,validation,origin_hour,3,Heavy,Severe,0
classical_classification_v1,4,120,validation,origin_hour,3,Severe,Free-flow,0
classical_classification_v1,4,120,validation,origin_hour,3,Severe,Moderate,0
classical_classification_v1,4,120,validation,origin_hour,3,Severe,Heavy,0
classical_classification_v1,4,120,validation,origin_hour,3,Severe,Severe,0
classical_classification_v1,4,120,validation,origin_hour,4,Free-flow,Free-flow,956
classical_classification_v1,4,120,validation,origin_hour,4,Free-flow,Moderate,39
classical_classification_v1,4,120,validation,origin_hour,4,Free-flow,Heavy,0
classical_classification_v1,4,120,validation,origin_hour,4,Free-flow,Severe,0
classical_classification_v1,4,120,validation,origin_hour,4,Moderate,Free-flow,46
classical_classification_v1,4,120,validation,origin_hour,4,Moderate,Moderate,109
classical_classification_v1,4,120,validation,origin_hour,4,Moderate,Heavy,0
classical_classification_v1,4,120,validation,origin_hour,4,Moderate,Severe,0
classical_classification_v1,4,120,validation,origin_hour,4,Heavy,Free-flow,0
classical_classification_v1,4,120,validation,origin_hour,4,Heavy,Moderate,0
classical_classification_v1,4,120,validation,origin_hour,4,Heavy,Heavy,0
classical_classification_v1,4,120,validation,origin_hour,4,Heavy,Severe,0
classical_classification_v1,4,120,validation,origin_hour,4,Severe,Free-flow,0
classical_classification_v1,4,120,validation,origin_hour,4,Severe,Moderate,0
classical_classification_v1,4,120,validation,origin_hour,4,Severe,Heavy,0
classical_classification_v1,4,120,validation,origin_hour,4,Severe,Severe,0
classical_classification_v1,4,120,validation,origin_hour,5,Free-flow,Free-flow,98
classical_classification_v1,4,120,validation,origin_hour,5,Free-flow,Moderate,63
classical_classification_v1,4,120,validation,origin_hour,5,Free-flow,Heavy,17
classical_classification_v1,4,120,validation,origin_hour,5,Free-flow,Severe,0
classical_classification_v1,4,120,validation,origin_hour,5,Moderate,Free-flow,19
classical_classification_v1,4,120,validation,origin_hour,5,Moderate,Moderate,535
classical_classification_v1,4,120,validation,origin_hour,5,Moderate,Heavy,124
classical_classification_v1,4,120,validation,origin_hour,5,Moderate,Severe,0
classical_classification_v1,4,120,validation,origin_hour,5,Heavy,Free-flow,0
classical_classification_v1,4,120,validation,origin_hour,5,Heavy,Moderate,15
classical_classification_v1,4,120,validation,origin_hour,5,Heavy,Heavy,254
classical_classification_v1,4,120,validation,origin_hour,5,Heavy,Severe,0
classical_classification_v1,4,120,validation,origin_hour,5,Severe,Free-flow,0
classical_classification_v1,4,120,validation,origin_hour,5,Severe,Moderate,0
classical_classification_v1,4,120,validation,origin_hour,5,Severe,Heavy,25
classical_classification_v1,4,120,validation,origin_hour,5,Severe,Severe,0
classical_classification_v1,4,120,validation,origin_hour,6,Free-flow,Free-flow,0
classical_classification_v1,4,120,validation,origin_hour,6,Free-flow,Moderate,1
classical_classification_v1,4,120,validation,origin_hour,6,Free-flow,Heavy,0
classical_classification_v1,4,120,validation,origin_hour,6,Free-flow,Severe,1
classical_classification_v1,4,120,validation,origin_hour,6,Moderate,Free-flow,0
classical_classification_v1,4,120,validation,origin_hour,6,Moderate,Moderate,188
classical_classification_v1,4,120,validation,origin_hour,6,Moderate,Heavy,67
classical_classification_v1,4,120,validation,origin_hour,6,Moderate,Severe,22
classical_classification_v1,4,120,validation,origin_hour,6,Heavy,Free-flow,0
classical_classification_v1,4,120,validation,origin_hour,6,Heavy,Moderate,49
classical_classification_v1,4,120,validation,origin_hour,6,Heavy,Heavy,32
classical_classification_v1,4,120,validation,origin_hour,6,Heavy,Severe,237
classical_classification_v1,4,120,validation,origin_hour,6,Severe,Free-flow,0
classical_classification_v1,4,120,validation,origin_hour,6,Severe,Moderate,1
classical_classification_v1,4,120,validation,origin_hour,6,Severe,Heavy,2
classical_classification_v1,4,120,validation,origin_hour,6,Severe,Severe,525
classical_classification_v1,4,120,validation,origin_hour,7,Free-flow,Free-flow,0
classical_classification_v1,4,120,validation,origin_hour,7,Free-flow,Moderate,1
classical_classification_v1,4,120,validation,origin_hour,7,Free-flow,Heavy,6
classical_classification_v1,4,120,validation,origin_hour,7,Free-flow,Severe,0
classical_classification_v1,4,120,validation,origin_hour,7,Moderate,Free-flow,0
classical_classification_v1,4,120,validation,origin_hour,7,Moderate,Moderate,158
classical_classification_v1,4,120,validation,origin_hour,7,Moderate,Heavy,146
classical_classification_v1,4,120,validation,origin_hour,7,Moderate,Severe,17
classical_classification_v1,4,120,validation,origin_hour,7,Heavy,Free-flow,0
classical_classification_v1,4,120,validation,origin_hour,7,Heavy,Moderate,16
classical_classification_v1,4,120,validation,origin_hour,7,Heavy,Heavy,279
classical_classification_v1,4,120,validation,origin_hour,7,Heavy,Severe,109
classical_classification_v1,4,120,validation,origin_hour,7,Severe,Free-flow,0
classical_classification_v1,4,120,validation,origin_hour,7,Severe,Moderate,2
classical_classification_v1,4,120,validation,origin_hour,7,Severe,Heavy,96
classical_classification_v1,4,120,validation,origin_hour,7,Severe,Severe,270
classical_classification_v1,4,120,validation,origin_hour,8,Free-flow,Free-flow,96
classical_classification_v1,4,120,validation,origin_hour,8,Free-flow,Moderate,47
classical_classification_v1,4,120,validation,origin_hour,8,Free-flow,Heavy,42
classical_classification_v1,4,120,validation,origin_hour,8,Free-flow,Severe,0
classical_classification_v1,4,120,validation,origin_hour,8,Moderate,Free-flow,32
classical_classification_v1,4,120,validation,origin_hour,8,Moderate,Moderate,579
classical_classification_v1,4,120,validation,origin_hour,8,Moderate,Heavy,150
classical_classification_v1,4,120,validation,origin_hour,8,Moderate,Severe,0
classical_classification_v1,4,120,validation,origin_hour,8,Heavy,Free-flow,0
classical_classification_v1,4,120,validation,origin_hour,8,Heavy,Moderate,34
classical_classification_v1,4,120,validation,origin_hour,8,Heavy,Heavy,116
classical_classification_v1,4,120,validation,origin_hour,8,Heavy,Severe,0
classical_classification_v1,4,120,validation,origin_hour,8,Severe,Free-flow,0
classical_classification_v1,4,120,validation,origin_hour,8,Severe,Moderate,1
classical_classification_v1,4,120,validation,origin_hour,8,Severe,Heavy,3
classical_classification_v1,4,120,validation,origin_hour,8,Severe,Severe,0
classical_classification_v1,4,120,validation,origin_hour,9,Free-flow,Free-flow,432
classical_classification_v1,4,120,validation,origin_hour,9,Free-flow,Moderate,199
classical_classification_v1,4,120,validation,origin_hour,9,Free-flow,Heavy,31
classical_classification_v1,4,120,validation,origin_hour,9,Free-flow,Severe,0
classical_classification_v1,4,120,validation,origin_hour,9,Moderate,Free-flow,53
classical_classification_v1,4,120,validation,origin_hour,9,Moderate,Moderate,385
classical_classification_v1,4,120,validation,origin_hour,9,Moderate,Heavy,0
classical_classification_v1,4,120,validation,origin_hour,9,Moderate,Severe,0
classical_classification_v1,4,120,validation,origin_hour,9,Heavy,Free-flow,0
classical_classification_v1,4,120,validation,origin_hour,9,Heavy,Moderate,0
classical_classification_v1,4,120,validation,origin_hour,9,Heavy,Heavy,0
classical_classification_v1,4,120,validation,origin_hour,9,Heavy,Severe,0
classical_classification_v1,4,120,validation,origin_hour,9,Severe,Free-flow,0
classical_classification_v1,4,120,validation,origin_hour,9,Severe,Moderate,0
classical_classification_v1,4,120,validation,origin_hour,9,Severe,Heavy,0
classical_classification_v1,4,120,validation,origin_hour,9,Severe,Severe,0
classical_classification_v1,4,120,validation,origin_hour,10,Free-flow,Free-flow,735
classical_classification_v1,4,120,validation,origin_hour,10,Free-flow,Moderate,106
classical_classification_v1,4,120,validation,origin_hour,10,Free-flow,Heavy,0
classical_classification_v1,4,120,validation,origin_hour,10,Free-flow,Severe,0
classical_classification_v1,4,120,validation,origin_hour,10,Moderate,Free-flow,70
classical_classification_v1,4,120,validation,origin_hour,10,Moderate,Moderate,189
classical_classification_v1,4,120,validation,origin_hour,10,Moderate,Heavy,0
classical_classification_v1,4,120,validation,origin_hour,10,Moderate,Severe,0
classical_classification_v1,4,120,validation,origin_hour,10,Heavy,Free-flow,0
classical_classification_v1,4,120,validation,origin_hour,10,Heavy,Moderate,0
classical_classification_v1,4,120,validation,origin_hour,10,Heavy,Heavy,0
classical_classification_v1,4,120,validation,origin_hour,10,Heavy,Severe,0
classical_classification_v1,4,120,validation,origin_hour,10,Severe,Free-flow,0
classical_classification_v1,4,120,validation,origin_hour,10,Severe,Moderate,0
classical_classification_v1,4,120,validation,origin_hour,10,Severe,Heavy,0
classical_classification_v1,4,120,validation,origin_hour,10,Severe,Severe,0
classical_classification_v1,4,120,validation,origin_hour,11,Free-flow,Free-flow,720
classical_classification_v1,4,120,validation,origin_hour,11,Free-flow,Moderate,118
classical_classification_v1,4,120,validation,origin_hour,11,Free-flow,Heavy,0
classical_classification_v1,4,120,validation,origin_hour,11,Free-flow,Severe,0
classical_classification_v1,4,120,validation,origin_hour,11,Moderate,Free-flow,53
classical_classification_v1,4,120,validation,origin_hour,11,Moderate,Moderate,209
classical_classification_v1,4,120,validation,origin_hour,11,Moderate,Heavy,0
classical_classification_v1,4,120,validation,origin_hour,11,Moderate,Severe,0
classical_classification_v1,4,120,validation,origin_hour,11,Heavy,Free-flow,0
classical_classification_v1,4,120,validation,origin_hour,11,Heavy,Moderate,0
classical_classification_v1,4,120,validation,origin_hour,11,Heavy,Heavy,0
classical_classification_v1,4,120,validation,origin_hour,11,Heavy,Severe,0
classical_classification_v1,4,120,validation,origin_hour,11,Severe,Free-flow,0
classical_classification_v1,4,120,validation,origin_hour,11,Severe,Moderate,0
classical_classification_v1,4,120,validation,origin_hour,11,Severe,Heavy,0
classical_classification_v1,4,120,validation,origin_hour,11,Severe,Severe,0
classical_classification_v1,4,120,validation,origin_hour,12,Free-flow,Free-flow,639
classical_classification_v1,4,120,validation,origin_hour,12,Free-flow,Moderate,143
classical_classification_v1,4,120,validation,origin_hour,12,Free-flow,Heavy,0
classical_classification_v1,4,120,validation,origin_hour,12,Free-flow,Severe,0
classical_classification_v1,4,120,validation,origin_hour,12,Moderate,Free-flow,83
classical_classification_v1,4,120,validation,origin_hour,12,Moderate,Moderate,235
classical_classification_v1,4,120,validation,origin_hour,12,Moderate,Heavy,0
classical_classification_v1,4,120,validation,origin_hour,12,Moderate,Severe,0
classical_classification_v1,4,120,validation,origin_hour,12,Heavy,Free-flow,0
classical_classification_v1,4,120,validation,origin_hour,12,Heavy,Moderate,0
classical_classification_v1,4,120,validation,origin_hour,12,Heavy,Heavy,0
classical_classification_v1,4,120,validation,origin_hour,12,Heavy,Severe,0
classical_classification_v1,4,120,validation,origin_hour,12,Severe,Free-flow,0
classical_classification_v1,4,120,validation,origin_hour,12,Severe,Moderate,0
classical_classification_v1,4,120,validation,origin_hour,12,Severe,Heavy,0
classical_classification_v1,4,120,validation,origin_hour,12,Severe,Severe,0
classical_classification_v1,4,120,validation,origin_hour,13,Free-flow,Free-flow,324
classical_classification_v1,4,120,validation,origin_hour,13,Free-flow,Moderate,164
classical_classification_v1,4,120,validation,origin_hour,13,Free-flow,Heavy,0
classical_classification_v1,4,120,validation,origin_hour,13,Free-flow,Severe,0
classical_classification_v1,4,120,validation,origin_hour,13,Moderate,Free-flow,32
classical_classification_v1,4,120,validation,origin_hour,13,Moderate,Moderate,573
classical_classification_v1,4,120,validation,origin_hour,13,Moderate,Heavy,0
classical_classification_v1,4,120,validation,origin_hour,13,Moderate,Severe,0
classical_classification_v1,4,120,validation,origin_hour,13,Heavy,Free-flow,1
classical_classification_v1,4,120,validation,origin_hour,13,Heavy,Moderate,6
classical_classification_v1,4,120,validation,origin_hour,13,Heavy,Heavy,0
classical_classification_v1,4,120,validation,origin_hour,13,Heavy,Severe,0
classical_classification_v1,4,120,validation,origin_hour,13,Severe,Free-flow,0
classical_classification_v1,4,120,validation,origin_hour,13,Severe,Moderate,0
classical_classification_v1,4,120,validation,origin_hour,13,Severe,Heavy,0
classical_classification_v1,4,120,validation,origin_hour,13,Severe,Severe,0
classical_classification_v1,4,120,validation,origin_hour,14,Free-flow,Free-flow,51
classical_classification_v1,4,120,validation,origin_hour,14,Free-flow,Moderate,59
classical_classification_v1,4,120,validation,origin_hour,14,Free-flow,Heavy,23
classical_classification_v1,4,120,validation,origin_hour,14,Free-flow,Severe,0
classical_classification_v1,4,120,validation,origin_hour,14,Moderate,Free-flow,15
classical_classification_v1,4,120,validation,origin_hour,14,Moderate,Moderate,536
classical_classification_v1,4,120,validation,origin_hour,14,Moderate,Heavy,187
classical_classification_v1,4,120,validation,origin_hour,14,Moderate,Severe,0
classical_classification_v1,4,120,validation,origin_hour,14,Heavy,Free-flow,0
classical_classification_v1,4,120,validation,origin_hour,14,Heavy,Moderate,39
classical_classification_v1,4,120,validation,origin_hour,14,Heavy,Heavy,185
classical_classification_v1,4,120,validation,origin_hour,14,Heavy,Severe,0
classical_classification_v1,4,120,validation,origin_hour,14,Severe,Free-flow,0
classical_classification_v1,4,120,validation,origin_hour,14,Severe,Moderate,0
classical_classification_v1,4,120,validation,origin_hour,14,Severe,Heavy,5
classical_classification_v1,4,120,validation,origin_hour,14,Severe,Severe,0
classical_classification_v1,4,120,validation,origin_hour,15,Free-flow,Free-flow,0
classical_classification_v1,4,120,validation,origin_hour,15,Free-flow,Moderate,17
classical_classification_v1,4,120,validation,origin_hour,15,Free-flow,Heavy,14
classical_classification_v1,4,120,validation,origin_hour,15,Free-flow,Severe,0
classical_classification_v1,4,120,validation,origin_hour,15,Moderate,Free-flow,0
classical_classification_v1,4,120,validation,origin_hour,15,Moderate,Moderate,286
classical_classification_v1,4,120,validation,origin_hour,15,Moderate,Heavy,76
classical_classification_v1,4,120,validation,origin_hour,15,Moderate,Severe,16
classical_classification_v1,4,120,validation,origin_hour,15,Heavy,Free-flow,0
classical_classification_v1,4,120,validation,origin_hour,15,Heavy,Moderate,20
classical_classification_v1,4,120,validation,origin_hour,15,Heavy,Heavy,246
classical_classification_v1,4,120,validation,origin_hour,15,Heavy,Severe,225
classical_classification_v1,4,120,validation,origin_hour,15,Severe,Free-flow,0
classical_classification_v1,4,120,validation,origin_hour,15,Severe,Moderate,0
classical_classification_v1,4,120,validation,origin_hour,15,Severe,Heavy,64
classical_classification_v1,4,120,validation,origin_hour,15,Severe,Severe,136
classical_classification_v1,4,120,validation,origin_hour,16,Free-flow,Free-flow,0
classical_classification_v1,4,120,validation,origin_hour,16,Free-flow,Moderate,5
classical_classification_v1,4,120,validation,origin_hour,16,Free-flow,Heavy,12
classical_classification_v1,4,120,validation,origin_hour,16,Free-flow,Severe,1
classical_classification_v1,4,120,validation,origin_hour,16,Moderate,Free-flow,0
classical_classification_v1,4,120,validation,origin_hour,16,Moderate,Moderate,289
classical_classification_v1,4,120,validation,origin_hour,16,Moderate,Heavy,53
classical_classification_v1,4,120,validation,origin_hour,16,Moderate,Severe,18
classical_classification_v1,4,120,validation,origin_hour,16,Heavy,Free-flow,0
classical_classification_v1,4,120,validation,origin_hour,16,Heavy,Moderate,27
classical_classification_v1,4,120,validation,origin_hour,16,Heavy,Heavy,217
classical_classification_v1,4,120,validation,origin_hour,16,Heavy,Severe,189
classical_classification_v1,4,120,validation,origin_hour,16,Severe,Free-flow,0
classical_classification_v1,4,120,validation,origin_hour,16,Severe,Moderate,0
classical_classification_v1,4,120,validation,origin_hour,16,Severe,Heavy,110
classical_classification_v1,4,120,validation,origin_hour,16,Severe,Severe,179
classical_classification_v1,4,120,validation,origin_hour,17,Free-flow,Free-flow,20
classical_classification_v1,4,120,validation,origin_hour,17,Free-flow,Moderate,107
classical_classification_v1,4,120,validation,origin_hour,17,Free-flow,Heavy,22
classical_classification_v1,4,120,validation,origin_hour,17,Free-flow,Severe,0
classical_classification_v1,4,120,validation,origin_hour,17,Moderate,Free-flow,1
classical_classification_v1,4,120,validation,origin_hour,17,Moderate,Moderate,560
classical_classification_v1,4,120,validation,origin_hour,17,Moderate,Heavy,161
classical_classification_v1,4,120,validation,origin_hour,17,Moderate,Severe,0
classical_classification_v1,4,120,validation,origin_hour,17,Heavy,Free-flow,0
classical_classification_v1,4,120,validation,origin_hour,17,Heavy,Moderate,39
classical_classification_v1,4,120,validation,origin_hour,17,Heavy,Heavy,230
classical_classification_v1,4,120,validation,origin_hour,17,Heavy,Severe,0
classical_classification_v1,4,120,validation,origin_hour,17,Severe,Free-flow,0
classical_classification_v1,4,120,validation,origin_hour,17,Severe,Moderate,0
classical_classification_v1,4,120,validation,origin_hour,17,Severe,Heavy,10
classical_classification_v1,4,120,validation,origin_hour,17,Severe,Severe,0
classical_classification_v1,4,120,validation,origin_hour,18,Free-flow,Free-flow,681
classical_classification_v1,4,120,validation,origin_hour,18,Free-flow,Moderate,147
classical_classification_v1,4,120,validation,origin_hour,18,Free-flow,Heavy,0
classical_classification_v1,4,120,validation,origin_hour,18,Free-flow,Severe,0
classical_classification_v1,4,120,validation,origin_hour,18,Moderate,Free-flow,54
classical_classification_v1,4,120,validation,origin_hour,18,Moderate,Moderate,267
classical_classification_v1,4,120,validation,origin_hour,18,Moderate,Heavy,0
classical_classification_v1,4,120,validation,origin_hour,18,Moderate,Severe,0
classical_classification_v1,4,120,validation,origin_hour,18,Heavy,Free-flow,0
classical_classification_v1,4,120,validation,origin_hour,18,Heavy,Moderate,1
classical_classification_v1,4,120,validation,origin_hour,18,Heavy,Heavy,0
classical_classification_v1,4,120,validation,origin_hour,18,Heavy,Severe,0
classical_classification_v1,4,120,validation,origin_hour,18,Severe,Free-flow,0
classical_classification_v1,4,120,validation,origin_hour,18,Severe,Moderate,0
classical_classification_v1,4,120,validation,origin_hour,18,Severe,Heavy,0
classical_classification_v1,4,120,validation,origin_hour,18,Severe,Severe,0
classical_classification_v1,4,120,validation,origin_hour,19,Free-flow,Free-flow,1149
classical_classification_v1,4,120,validation,origin_hour,19,Free-flow,Moderate,0
classical_classification_v1,4,120,validation,origin_hour,19,Free-flow,Heavy,0
classical_classification_v1,4,120,validation,origin_hour,19,Free-flow,Severe,0
classical_classification_v1,4,120,validation,origin_hour,19,Moderate,Free-flow,1
classical_classification_v1,4,120,validation,origin_hour,19,Moderate,Moderate,0
classical_classification_v1,4,120,validation,origin_hour,19,Moderate,Heavy,0
classical_classification_v1,4,120,validation,origin_hour,19,Moderate,Severe,0
classical_classification_v1,4,120,validation,origin_hour,19,Heavy,Free-flow,0
classical_classification_v1,4,120,validation,origin_hour,19,Heavy,Moderate,0
classical_classification_v1,4,120,validation,origin_hour,19,Heavy,Heavy,0
classical_classification_v1,4,120,validation,origin_hour,19,Heavy,Severe,0
classical_classification_v1,4,120,validation,origin_hour,19,Severe,Free-flow,0
classical_classification_v1,4,120,validation,origin_hour,19,Severe,Moderate,0
classical_classification_v1,4,120,validation,origin_hour,19,Severe,Heavy,0
classical_classification_v1,4,120,validation,origin_hour,19,Severe,Severe,0
classical_classification_v1,4,120,validation,origin_hour,20,Free-flow,Free-flow,1150
classical_classification_v1,4,120,validation,origin_hour,20,Free-flow,Moderate,0
classical_classification_v1,4,120,validation,origin_hour,20,Free-flow,Heavy,0
classical_classification_v1,4,120,validation,origin_hour,20,Free-flow,Severe,0
classical_classification_v1,4,120,validation,origin_hour,20,Moderate,Free-flow,0
classical_classification_v1,4,120,validation,origin_hour,20,Moderate,Moderate,0
classical_classification_v1,4,120,validation,origin_hour,20,Moderate,Heavy,0
classical_classification_v1,4,120,validation,origin_hour,20,Moderate,Severe,0
classical_classification_v1,4,120,validation,origin_hour,20,Heavy,Free-flow,0
classical_classification_v1,4,120,validation,origin_hour,20,Heavy,Moderate,0
classical_classification_v1,4,120,validation,origin_hour,20,Heavy,Heavy,0
classical_classification_v1,4,120,validation,origin_hour,20,Heavy,Severe,0
classical_classification_v1,4,120,validation,origin_hour,20,Severe,Free-flow,0
classical_classification_v1,4,120,validation,origin_hour,20,Severe,Moderate,0
classical_classification_v1,4,120,validation,origin_hour,20,Severe,Heavy,0
classical_classification_v1,4,120,validation,origin_hour,20,Severe,Severe,0
classical_classification_v1,4,120,validation,origin_hour,21,Free-flow,Free-flow,1150
classical_classification_v1,4,120,validation,origin_hour,21,Free-flow,Moderate,0
classical_classification_v1,4,120,validation,origin_hour,21,Free-flow,Heavy,0
classical_classification_v1,4,120,validation,origin_hour,21,Free-flow,Severe,0
classical_classification_v1,4,120,validation,origin_hour,21,Moderate,Free-flow,0
classical_classification_v1,4,120,validation,origin_hour,21,Moderate,Moderate,0
classical_classification_v1,4,120,validation,origin_hour,21,Moderate,Heavy,0
classical_classification_v1,4,120,validation,origin_hour,21,Moderate,Severe,0
classical_classification_v1,4,120,validation,origin_hour,21,Heavy,Free-flow,0
classical_classification_v1,4,120,validation,origin_hour,21,Heavy,Moderate,0
classical_classification_v1,4,120,validation,origin_hour,21,Heavy,Heavy,0
classical_classification_v1,4,120,validation,origin_hour,21,Heavy,Severe,0
classical_classification_v1,4,120,validation,origin_hour,21,Severe,Free-flow,0
classical_classification_v1,4,120,validation,origin_hour,21,Severe,Moderate,0
classical_classification_v1,4,120,validation,origin_hour,21,Severe,Heavy,0
classical_classification_v1,4,120,validation,origin_hour,21,Severe,Severe,0
classical_classification_v1,4,120,validation,origin_hour,22,Free-flow,Free-flow,1150
classical_classification_v1,4,120,validation,origin_hour,22,Free-flow,Moderate,0
classical_classification_v1,4,120,validation,origin_hour,22,Free-flow,Heavy,0
classical_classification_v1,4,120,validation,origin_hour,22,Free-flow,Severe,0
classical_classification_v1,4,120,validation,origin_hour,22,Moderate,Free-flow,0
classical_classification_v1,4,120,validation,origin_hour,22,Moderate,Moderate,0
classical_classification_v1,4,120,validation,origin_hour,22,Moderate,Heavy,0
classical_classification_v1,4,120,validation,origin_hour,22,Moderate,Severe,0
classical_classification_v1,4,120,validation,origin_hour,22,Heavy,Free-flow,0
classical_classification_v1,4,120,validation,origin_hour,22,Heavy,Moderate,0
classical_classification_v1,4,120,validation,origin_hour,22,Heavy,Heavy,0
classical_classification_v1,4,120,validation,origin_hour,22,Heavy,Severe,0
classical_classification_v1,4,120,validation,origin_hour,22,Severe,Free-flow,0
classical_classification_v1,4,120,validation,origin_hour,22,Severe,Moderate,0
classical_classification_v1,4,120,validation,origin_hour,22,Severe,Heavy,0
classical_classification_v1,4,120,validation,origin_hour,22,Severe,Severe,0
classical_classification_v1,4,120,validation,origin_hour,23,Free-flow,Free-flow,1150
classical_classification_v1,4,120,validation,origin_hour,23,Free-flow,Moderate,0
classical_classification_v1,4,120,validation,origin_hour,23,Free-flow,Heavy,0
classical_classification_v1,4,120,validation,origin_hour,23,Free-flow,Severe,0
classical_classification_v1,4,120,validation,origin_hour,23,Moderate,Free-flow,0
classical_classification_v1,4,120,validation,origin_hour,23,Moderate,Moderate,0
classical_classification_v1,4,120,validation,origin_hour,23,Moderate,Heavy,0
classical_classification_v1,4,120,validation,origin_hour,23,Moderate,Severe,0
classical_classification_v1,4,120,validation,origin_hour,23,Heavy,Free-flow,0
classical_classification_v1,4,120,validation,origin_hour,23,Heavy,Moderate,0
classical_classification_v1,4,120,validation,origin_hour,23,Heavy,Heavy,0
classical_classification_v1,4,120,validation,origin_hour,23,Heavy,Severe,0
classical_classification_v1,4,120,validation,origin_hour,23,Severe,Free-flow,0
classical_classification_v1,4,120,validation,origin_hour,23,Severe,Moderate,0
classical_classification_v1,4,120,validation,origin_hour,23,Severe,Heavy,0
classical_classification_v1,4,120,validation,origin_hour,23,Severe,Severe,0
classical_classification_v1,4,120,validation,weekday,Friday,Free-flow,Free-flow,1998
classical_classification_v1,4,120,validation,weekday,Friday,Free-flow,Moderate,170
classical_classification_v1,4,120,validation,weekday,Friday,Free-flow,Heavy,0
classical_classification_v1,4,120,validation,weekday,Friday,Free-flow,Severe,0
classical_classification_v1,4,120,validation,weekday,Friday,Moderate,Free-flow,68
classical_classification_v1,4,120,validation,weekday,Friday,Moderate,Moderate,734
classical_classification_v1,4,120,validation,weekday,Friday,Moderate,Heavy,150
classical_classification_v1,4,120,validation,weekday,Friday,Moderate,Severe,5
classical_classification_v1,4,120,validation,weekday,Friday,Heavy,Free-flow,0
classical_classification_v1,4,120,validation,weekday,Friday,Heavy,Moderate,25
classical_classification_v1,4,120,validation,weekday,Friday,Heavy,Heavy,308
classical_classification_v1,4,120,validation,weekday,Friday,Heavy,Severe,167
classical_classification_v1,4,120,validation,weekday,Friday,Severe,Free-flow,0
classical_classification_v1,4,120,validation,weekday,Friday,Severe,Moderate,0
classical_classification_v1,4,120,validation,weekday,Friday,Severe,Heavy,69
classical_classification_v1,4,120,validation,weekday,Friday,Severe,Severe,231
classical_classification_v1,4,120,validation,weekday,Monday,Free-flow,Free-flow,1777
classical_classification_v1,4,120,validation,weekday,Monday,Free-flow,Moderate,212
classical_classification_v1,4,120,validation,weekday,Monday,Free-flow,Heavy,0
classical_classification_v1,4,120,validation,weekday,Monday,Free-flow,Severe,0
classical_classification_v1,4,120,validation,weekday,Monday,Moderate,Free-flow,70
classical_classification_v1,4,120,validation,weekday,Monday,Moderate,Moderate,631
classical_classification_v1,4,120,validation,weekday,Monday,Moderate,Heavy,164
classical_classification_v1,4,120,validation,weekday,Monday,Moderate,Severe,15
classical_classification_v1,4,120,validation,weekday,Monday,Heavy,Free-flow,0
classical_classification_v1,4,120,validation,weekday,Monday,Heavy,Moderate,29
classical_classification_v1,4,120,validation,weekday,Monday,Heavy,Heavy,285
classical_classification_v1,4,120,validation,weekday,Monday,Heavy,Severe,150
classical_classification_v1,4,120,validation,weekday,Monday,Severe,Free-flow,0
classical_classification_v1,4,120,validation,weekday,Monday,Severe,Moderate,0
classical_classification_v1,4,120,validation,weekday,Monday,Severe,Heavy,53
classical_classification_v1,4,120,validation,weekday,Monday,Severe,Severe,214
classical_classification_v1,4,120,validation,weekday,Saturday,Free-flow,Free-flow,2453
classical_classification_v1,4,120,validation,weekday,Saturday,Free-flow,Moderate,129
classical_classification_v1,4,120,validation,weekday,Saturday,Free-flow,Heavy,0
classical_classification_v1,4,120,validation,weekday,Saturday,Free-flow,Severe,0
classical_classification_v1,4,120,validation,weekday,Saturday,Moderate,Free-flow,65
classical_classification_v1,4,120,validation,weekday,Saturday,Moderate,Moderate,781
classical_classification_v1,4,120,validation,weekday,Saturday,Moderate,Heavy,79
classical_classification_v1,4,120,validation,weekday,Saturday,Moderate,Severe,0
classical_classification_v1,4,120,validation,weekday,Saturday,Heavy,Free-flow,1
classical_classification_v1,4,120,validation,weekday,Saturday,Heavy,Moderate,58
classical_classification_v1,4,120,validation,weekday,Saturday,Heavy,Heavy,28
classical_classification_v1,4,120,validation,weekday,Saturday,Heavy,Severe,0
classical_classification_v1,4,120,validation,weekday,Saturday,Severe,Free-flow,0
classical_classification_v1,4,120,validation,weekday,Saturday,Severe,Moderate,3
classical_classification_v1,4,120,validation,weekday,Saturday,Severe,Heavy,3
classical_classification_v1,4,120,validation,weekday,Saturday,Severe,Severe,0
classical_classification_v1,4,120,validation,weekday,Sunday,Free-flow,Free-flow,2484
classical_classification_v1,4,120,validation,weekday,Sunday,Free-flow,Moderate,125
classical_classification_v1,4,120,validation,weekday,Sunday,Free-flow,Heavy,0
classical_classification_v1,4,120,validation,weekday,Sunday,Free-flow,Severe,0
classical_classification_v1,4,120,validation,weekday,Sunday,Moderate,Free-flow,42
classical_classification_v1,4,120,validation,weekday,Sunday,Moderate,Moderate,774
classical_classification_v1,4,120,validation,weekday,Sunday,Moderate,Heavy,82
classical_classification_v1,4,120,validation,weekday,Sunday,Moderate,Severe,0
classical_classification_v1,4,120,validation,weekday,Sunday,Heavy,Free-flow,0
classical_classification_v1,4,120,validation,weekday,Sunday,Heavy,Moderate,57
classical_classification_v1,4,120,validation,weekday,Sunday,Heavy,Heavy,36
classical_classification_v1,4,120,validation,weekday,Sunday,Heavy,Severe,0
classical_classification_v1,4,120,validation,weekday,Sunday,Severe,Free-flow,0
classical_classification_v1,4,120,validation,weekday,Sunday,Severe,Moderate,0
classical_classification_v1,4,120,validation,weekday,Sunday,Severe,Heavy,0
classical_classification_v1,4,120,validation,weekday,Sunday,Severe,Severe,0
classical_classification_v1,4,120,validation,weekday,Thursday,Free-flow,Free-flow,2364
classical_classification_v1,4,120,validation,weekday,Thursday,Free-flow,Moderate,216
classical_classification_v1,4,120,validation,weekday,Thursday,Free-flow,Heavy,0
classical_classification_v1,4,120,validation,weekday,Thursday,Free-flow,Severe,0
classical_classification_v1,4,120,validation,weekday,Thursday,Moderate,Free-flow,86
classical_classification_v1,4,120,validation,weekday,Thursday,Moderate,Moderate,941
classical_classification_v1,4,120,validation,weekday,Thursday,Moderate,Heavy,206
classical_classification_v1,4,120,validation,weekday,Thursday,Moderate,Severe,9
classical_classification_v1,4,120,validation,weekday,Thursday,Heavy,Free-flow,0
classical_classification_v1,4,120,validation,weekday,Thursday,Heavy,Moderate,24
classical_classification_v1,4,120,validation,weekday,Thursday,Heavy,Heavy,381
classical_classification_v1,4,120,validation,weekday,Thursday,Heavy,Severe,193
classical_classification_v1,4,120,validation,weekday,Thursday,Severe,Free-flow,0
classical_classification_v1,4,120,validation,weekday,Thursday,Severe,Moderate,0
classical_classification_v1,4,120,validation,weekday,Thursday,Severe,Heavy,81
classical_classification_v1,4,120,validation,weekday,Thursday,Severe,Severe,299
classical_classification_v1,4,120,validation,weekday,Tuesday,Free-flow,Free-flow,1758
classical_classification_v1,4,120,validation,weekday,Tuesday,Free-flow,Moderate,186
classical_classification_v1,4,120,validation,weekday,Tuesday,Free-flow,Heavy,0
classical_classification_v1,4,120,validation,weekday,Tuesday,Free-flow,Severe,0
classical_classification_v1,4,120,validation,weekday,Tuesday,Moderate,Free-flow,67
classical_classification_v1,4,120,validation,weekday,Tuesday,Moderate,Moderate,681
classical_classification_v1,4,120,validation,weekday,Tuesday,Moderate,Heavy,131
classical_classification_v1,4,120,validation,weekday,Tuesday,Moderate,Severe,7
classical_classification_v1,4,120,validation,weekday,Tuesday,Heavy,Free-flow,0
classical_classification_v1,4,120,validation,weekday,Tuesday,Heavy,Moderate,29
classical_classification_v1,4,120,validation,weekday,Tuesday,Heavy,Heavy,296
classical_classification_v1,4,120,validation,weekday,Tuesday,Heavy,Severe,155
classical_classification_v1,4,120,validation,weekday,Tuesday,Severe,Free-flow,0
classical_classification_v1,4,120,validation,weekday,Tuesday,Severe,Moderate,0
classical_classification_v1,4,120,validation,weekday,Tuesday,Severe,Heavy,74
classical_classification_v1,4,120,validation,weekday,Tuesday,Severe,Severe,216
classical_classification_v1,4,120,validation,weekday,Wednesday,Free-flow,Free-flow,2267
classical_classification_v1,4,120,validation,weekday,Wednesday,Free-flow,Moderate,178
classical_classification_v1,4,120,validation,weekday,Wednesday,Free-flow,Heavy,167
classical_classification_v1,4,120,validation,weekday,Wednesday,Free-flow,Severe,2
classical_classification_v1,4,120,validation,weekday,Wednesday,Moderate,Free-flow,61
classical_classification_v1,4,120,validation,weekday,Wednesday,Moderate,Moderate,556
classical_classification_v1,4,120,validation,weekday,Wednesday,Moderate,Heavy,152
classical_classification_v1,4,120,validation,weekday,Wednesday,Moderate,Severe,37
classical_classification_v1,4,120,validation,weekday,Wednesday,Heavy,Free-flow,0
classical_classification_v1,4,120,validation,weekday,Wednesday,Heavy,Moderate,24
classical_classification_v1,4,120,validation,weekday,Wednesday,Heavy,Heavy,225
classical_classification_v1,4,120,validation,weekday,Wednesday,Heavy,Severe,95
classical_classification_v1,4,120,validation,weekday,Wednesday,Severe,Free-flow,0
classical_classification_v1,4,120,validation,weekday,Wednesday,Severe,Moderate,1
classical_classification_v1,4,120,validation,weekday,Wednesday,Severe,Heavy,35
classical_classification_v1,4,120,validation,weekday,Wednesday,Severe,Severe,150
classical_classification_v1,4,120,validation,weekday_type,weekday,Free-flow,Free-flow,10164
classical_classification_v1,4,120,validation,weekday_type,weekday,Free-flow,Moderate,962
classical_classification_v1,4,120,validation,weekday_type,weekday,Free-flow,Heavy,167
classical_classification_v1,4,120,validation,weekday_type,weekday,Free-flow,Severe,2
classical_classification_v1,4,120,validation,weekday_type,weekday,Moderate,Free-flow,352
classical_classification_v1,4,120,validation,weekday_type,weekday,Moderate,Moderate,3543
classical_classification_v1,4,120,validation,weekday_type,weekday,Moderate,Heavy,803
classical_classification_v1,4,120,validation,weekday_type,weekday,Moderate,Severe,73
classical_classification_v1,4,120,validation,weekday_type,weekday,Heavy,Free-flow,0
classical_classification_v1,4,120,validation,weekday_type,weekday,Heavy,Moderate,131
classical_classification_v1,4,120,validation,weekday_type,weekday,Heavy,Heavy,1495
classical_classification_v1,4,120,validation,weekday_type,weekday,Heavy,Severe,760
classical_classification_v1,4,120,validation,weekday_type,weekday,Severe,Free-flow,0
classical_classification_v1,4,120,validation,weekday_type,weekday,Severe,Moderate,1
classical_classification_v1,4,120,validation,weekday_type,weekday,Severe,Heavy,312
classical_classification_v1,4,120,validation,weekday_type,weekday,Severe,Severe,1110
classical_classification_v1,4,120,validation,weekday_type,weekend,Free-flow,Free-flow,4937
classical_classification_v1,4,120,validation,weekday_type,weekend,Free-flow,Moderate,254
classical_classification_v1,4,120,validation,weekday_type,weekend,Free-flow,Heavy,0
classical_classification_v1,4,120,validation,weekday_type,weekend,Free-flow,Severe,0
classical_classification_v1,4,120,validation,weekday_type,weekend,Moderate,Free-flow,107
classical_classification_v1,4,120,validation,weekday_type,weekend,Moderate,Moderate,1555
classical_classification_v1,4,120,validation,weekday_type,weekend,Moderate,Heavy,161
classical_classification_v1,4,120,validation,weekday_type,weekend,Moderate,Severe,0
classical_classification_v1,4,120,validation,weekday_type,weekend,Heavy,Free-flow,1
classical_classification_v1,4,120,validation,weekday_type,weekend,Heavy,Moderate,115
classical_classification_v1,4,120,validation,weekday_type,weekend,Heavy,Heavy,64
classical_classification_v1,4,120,validation,weekday_type,weekend,Heavy,Severe,0
classical_classification_v1,4,120,validation,weekday_type,weekend,Severe,Free-flow,0
classical_classification_v1,4,120,validation,weekday_type,weekend,Severe,Moderate,3
classical_classification_v1,4,120,validation,weekday_type,weekend,Severe,Heavy,3
classical_classification_v1,4,120,validation,weekday_type,weekend,Severe,Severe,0
classical_classification_v1,4,120,validation,peak_status,evening_peak,Free-flow,Free-flow,1850
classical_classification_v1,4,120,validation,peak_status,evening_peak,Free-flow,Moderate,254
classical_classification_v1,4,120,validation,peak_status,evening_peak,Free-flow,Heavy,22
classical_classification_v1,4,120,validation,peak_status,evening_peak,Free-flow,Severe,0
classical_classification_v1,4,120,validation,peak_status,evening_peak,Moderate,Free-flow,56
classical_classification_v1,4,120,validation,peak_status,evening_peak,Moderate,Moderate,827
classical_classification_v1,4,120,validation,peak_status,evening_peak,Moderate,Heavy,161
classical_classification_v1,4,120,validation,peak_status,evening_peak,Moderate,Severe,0
classical_classification_v1,4,120,validation,peak_status,evening_peak,Heavy,Free-flow,0
classical_classification_v1,4,120,validation,peak_status,evening_peak,Heavy,Moderate,40
classical_classification_v1,4,120,validation,peak_status,evening_peak,Heavy,Heavy,230
classical_classification_v1,4,120,validation,peak_status,evening_peak,Heavy,Severe,0
classical_classification_v1,4,120,validation,peak_status,evening_peak,Severe,Free-flow,0
classical_classification_v1,4,120,validation,peak_status,evening_peak,Severe,Moderate,0
classical_classification_v1,4,120,validation,peak_status,evening_peak,Severe,Heavy,10
classical_classification_v1,4,120,validation,peak_status,evening_peak,Severe,Severe,0
classical_classification_v1,4,120,validation,peak_status,morning_peak,Free-flow,Free-flow,528
classical_classification_v1,4,120,validation,peak_status,morning_peak,Free-flow,Moderate,247
classical_classification_v1,4,120,validation,peak_status,morning_peak,Free-flow,Heavy,79
classical_classification_v1,4,120,validation,peak_status,morning_peak,Free-flow,Severe,0
classical_classification_v1,4,120,validation,peak_status,morning_peak,Moderate,Free-flow,85
classical_classification_v1,4,120,validation,peak_status,morning_peak,Moderate,Moderate,1122
classical_classification_v1,4,120,validation,peak_status,morning_peak,Moderate,Heavy,296
classical_classification_v1,4,120,validation,peak_status,morning_peak,Moderate,Severe,17
classical_classification_v1,4,120,validation,peak_status,morning_peak,Heavy,Free-flow,0
classical_classification_v1,4,120,validation,peak_status,morning_peak,Heavy,Moderate,50
classical_classification_v1,4,120,validation,peak_status,morning_peak,Heavy,Heavy,395
classical_classification_v1,4,120,validation,peak_status,morning_peak,Heavy,Severe,109
classical_classification_v1,4,120,validation,peak_status,morning_peak,Severe,Free-flow,0
classical_classification_v1,4,120,validation,peak_status,morning_peak,Severe,Moderate,3
classical_classification_v1,4,120,validation,peak_status,morning_peak,Severe,Heavy,99
classical_classification_v1,4,120,validation,peak_status,morning_peak,Severe,Severe,270
classical_classification_v1,4,120,validation,peak_status,off_peak,Free-flow,Free-flow,12723
classical_classification_v1,4,120,validation,peak_status,off_peak,Free-flow,Moderate,715
classical_classification_v1,4,120,validation,peak_status,off_peak,Free-flow,Heavy,66
classical_classification_v1,4,120,validation,peak_status,off_peak,Free-flow,Severe,2
classical_classification_v1,4,120,validation,peak_status,off_peak,Moderate,Free-flow,318
classical_classification_v1,4,120,validation,peak_status,off_peak,Moderate,Moderate,3149
classical_classification_v1,4,120,validation,peak_status,off_peak,Moderate,Heavy,507
classical_classification_v1,4,120,validation,peak_status,off_peak,Moderate,Severe,56
classical_classification_v1,4,120,validation,peak_status,off_peak,Heavy,Free-flow,1
classical_classification_v1,4,120,validation,peak_status,off_peak,Heavy,Moderate,156
classical_classification_v1,4,120,validation,peak_status,off_peak,Heavy,Heavy,934
classical_classification_v1,4,120,validation,peak_status,off_peak,Heavy,Severe,651
classical_classification_v1,4,120,validation,peak_status,off_peak,Severe,Free-flow,0
classical_classification_v1,4,120,validation,peak_status,off_peak,Severe,Moderate,1
classical_classification_v1,4,120,validation,peak_status,off_peak,Severe,Heavy,206
classical_classification_v1,4,120,validation,peak_status,off_peak,Severe,Severe,840
classical_classification_v1,4,120,validation,weather_condition,Clear,Free-flow,Free-flow,11335
classical_classification_v1,4,120,validation,weather_condition,Clear,Free-flow,Moderate,946
classical_classification_v1,4,120,validation,weather_condition,Clear,Free-flow,Heavy,102
classical_classification_v1,4,120,validation,weather_condition,Clear,Free-flow,Severe,0
classical_classification_v1,4,120,validation,weather_condition,Clear,Moderate,Free-flow,357
classical_classification_v1,4,120,validation,weather_condition,Clear,Moderate,Moderate,3924
classical_classification_v1,4,120,validation,weather_condition,Clear,Moderate,Heavy,651
classical_classification_v1,4,120,validation,weather_condition,Clear,Moderate,Severe,40
classical_classification_v1,4,120,validation,weather_condition,Clear,Heavy,Free-flow,0
classical_classification_v1,4,120,validation,weather_condition,Clear,Heavy,Moderate,183
classical_classification_v1,4,120,validation,weather_condition,Clear,Heavy,Heavy,1113
classical_classification_v1,4,120,validation,weather_condition,Clear,Heavy,Severe,545
classical_classification_v1,4,120,validation,weather_condition,Clear,Severe,Free-flow,0
classical_classification_v1,4,120,validation,weather_condition,Clear,Severe,Moderate,2
classical_classification_v1,4,120,validation,weather_condition,Clear,Severe,Heavy,221
classical_classification_v1,4,120,validation,weather_condition,Clear,Severe,Severe,872
classical_classification_v1,4,120,validation,weather_condition,Cloudy,Free-flow,Free-flow,2721
classical_classification_v1,4,120,validation,weather_condition,Cloudy,Free-flow,Moderate,202
classical_classification_v1,4,120,validation,weather_condition,Cloudy,Free-flow,Heavy,64
classical_classification_v1,4,120,validation,weather_condition,Cloudy,Free-flow,Severe,1
classical_classification_v1,4,120,validation,weather_condition,Cloudy,Moderate,Free-flow,83
classical_classification_v1,4,120,validation,weather_condition,Cloudy,Moderate,Moderate,895
classical_classification_v1,4,120,validation,weather_condition,Cloudy,Moderate,Heavy,211
classical_classification_v1,4,120,validation,weather_condition,Cloudy,Moderate,Severe,15
classical_classification_v1,4,120,validation,weather_condition,Cloudy,Heavy,Free-flow,0
classical_classification_v1,4,120,validation,weather_condition,Cloudy,Heavy,Moderate,46
classical_classification_v1,4,120,validation,weather_condition,Cloudy,Heavy,Heavy,340
classical_classification_v1,4,120,validation,weather_condition,Cloudy,Heavy,Severe,160
classical_classification_v1,4,120,validation,weather_condition,Cloudy,Severe,Free-flow,0
classical_classification_v1,4,120,validation,weather_condition,Cloudy,Severe,Moderate,1
classical_classification_v1,4,120,validation,weather_condition,Cloudy,Severe,Heavy,82
classical_classification_v1,4,120,validation,weather_condition,Cloudy,Severe,Severe,187
classical_classification_v1,4,120,validation,weather_condition,Fog,Free-flow,Free-flow,38
classical_classification_v1,4,120,validation,weather_condition,Fog,Free-flow,Moderate,1
classical_classification_v1,4,120,validation,weather_condition,Fog,Free-flow,Heavy,1
classical_classification_v1,4,120,validation,weather_condition,Fog,Free-flow,Severe,1
classical_classification_v1,4,120,validation,weather_condition,Fog,Moderate,Free-flow,3
classical_classification_v1,4,120,validation,weather_condition,Fog,Moderate,Moderate,63
classical_classification_v1,4,120,validation,weather_condition,Fog,Moderate,Heavy,24
classical_classification_v1,4,120,validation,weather_condition,Fog,Moderate,Severe,9
classical_classification_v1,4,120,validation,weather_condition,Fog,Heavy,Free-flow,0
classical_classification_v1,4,120,validation,weather_condition,Fog,Heavy,Moderate,7
classical_classification_v1,4,120,validation,weather_condition,Fog,Heavy,Heavy,13
classical_classification_v1,4,120,validation,weather_condition,Fog,Heavy,Severe,5
classical_classification_v1,4,120,validation,weather_condition,Fog,Severe,Free-flow,0
classical_classification_v1,4,120,validation,weather_condition,Fog,Severe,Moderate,0
classical_classification_v1,4,120,validation,weather_condition,Fog,Severe,Heavy,0
classical_classification_v1,4,120,validation,weather_condition,Fog,Severe,Severe,11
classical_classification_v1,4,120,validation,weather_condition,Overcast,Free-flow,Free-flow,574
classical_classification_v1,4,120,validation,weather_condition,Overcast,Free-flow,Moderate,29
classical_classification_v1,4,120,validation,weather_condition,Overcast,Free-flow,Heavy,0
classical_classification_v1,4,120,validation,weather_condition,Overcast,Free-flow,Severe,0
classical_classification_v1,4,120,validation,weather_condition,Overcast,Moderate,Free-flow,11
classical_classification_v1,4,120,validation,weather_condition,Overcast,Moderate,Moderate,132
classical_classification_v1,4,120,validation,weather_condition,Overcast,Moderate,Heavy,31
classical_classification_v1,4,120,validation,weather_condition,Overcast,Moderate,Severe,0
classical_classification_v1,4,120,validation,weather_condition,Overcast,Heavy,Free-flow,1
classical_classification_v1,4,120,validation,weather_condition,Overcast,Heavy,Moderate,8
classical_classification_v1,4,120,validation,weather_condition,Overcast,Heavy,Heavy,39
classical_classification_v1,4,120,validation,weather_condition,Overcast,Heavy,Severe,11
classical_classification_v1,4,120,validation,weather_condition,Overcast,Severe,Free-flow,0
classical_classification_v1,4,120,validation,weather_condition,Overcast,Severe,Moderate,1
classical_classification_v1,4,120,validation,weather_condition,Overcast,Severe,Heavy,5
classical_classification_v1,4,120,validation,weather_condition,Overcast,Severe,Severe,14
classical_classification_v1,4,120,validation,weather_condition,Rain,Free-flow,Free-flow,433
classical_classification_v1,4,120,validation,weather_condition,Rain,Free-flow,Moderate,38
classical_classification_v1,4,120,validation,weather_condition,Rain,Free-flow,Heavy,0
classical_classification_v1,4,120,validation,weather_condition,Rain,Free-flow,Severe,0
classical_classification_v1,4,120,validation,weather_condition,Rain,Moderate,Free-flow,5
classical_classification_v1,4,120,validation,weather_condition,Rain,Moderate,Moderate,84
classical_classification_v1,4,120,validation,weather_condition,Rain,Moderate,Heavy,47
classical_classification_v1,4,120,validation,weather_condition,Rain,Moderate,Severe,9
classical_classification_v1,4,120,validation,weather_condition,Rain,Heavy,Free-flow,0
classical_classification_v1,4,120,validation,weather_condition,Rain,Heavy,Moderate,2
classical_classification_v1,4,120,validation,weather_condition,Rain,Heavy,Heavy,54
classical_classification_v1,4,120,validation,weather_condition,Rain,Heavy,Severe,39
classical_classification_v1,4,120,validation,weather_condition,Rain,Severe,Free-flow,0
classical_classification_v1,4,120,validation,weather_condition,Rain,Severe,Moderate,0
classical_classification_v1,4,120,validation,weather_condition,Rain,Severe,Heavy,7
classical_classification_v1,4,120,validation,weather_condition,Rain,Severe,Severe,26
classical_classification_v1,4,120,validation,actual_congestion,Free-flow,Free-flow,Free-flow,15101
classical_classification_v1,4,120,validation,actual_congestion,Free-flow,Free-flow,Moderate,1216
classical_classification_v1,4,120,validation,actual_congestion,Free-flow,Free-flow,Heavy,167
classical_classification_v1,4,120,validation,actual_congestion,Free-flow,Free-flow,Severe,2
classical_classification_v1,4,120,validation,actual_congestion,Free-flow,Moderate,Free-flow,0
classical_classification_v1,4,120,validation,actual_congestion,Free-flow,Moderate,Moderate,0
classical_classification_v1,4,120,validation,actual_congestion,Free-flow,Moderate,Heavy,0
classical_classification_v1,4,120,validation,actual_congestion,Free-flow,Moderate,Severe,0
classical_classification_v1,4,120,validation,actual_congestion,Free-flow,Heavy,Free-flow,0
classical_classification_v1,4,120,validation,actual_congestion,Free-flow,Heavy,Moderate,0
classical_classification_v1,4,120,validation,actual_congestion,Free-flow,Heavy,Heavy,0
classical_classification_v1,4,120,validation,actual_congestion,Free-flow,Heavy,Severe,0
classical_classification_v1,4,120,validation,actual_congestion,Free-flow,Severe,Free-flow,0
classical_classification_v1,4,120,validation,actual_congestion,Free-flow,Severe,Moderate,0
classical_classification_v1,4,120,validation,actual_congestion,Free-flow,Severe,Heavy,0
classical_classification_v1,4,120,validation,actual_congestion,Free-flow,Severe,Severe,0
classical_classification_v1,4,120,validation,actual_congestion,Heavy,Free-flow,Free-flow,0
classical_classification_v1,4,120,validation,actual_congestion,Heavy,Free-flow,Moderate,0
classical_classification_v1,4,120,validation,actual_congestion,Heavy,Free-flow,Heavy,0
classical_classification_v1,4,120,validation,actual_congestion,Heavy,Free-flow,Severe,0
classical_classification_v1,4,120,validation,actual_congestion,Heavy,Moderate,Free-flow,0
classical_classification_v1,4,120,validation,actual_congestion,Heavy,Moderate,Moderate,0
classical_classification_v1,4,120,validation,actual_congestion,Heavy,Moderate,Heavy,0
classical_classification_v1,4,120,validation,actual_congestion,Heavy,Moderate,Severe,0
classical_classification_v1,4,120,validation,actual_congestion,Heavy,Heavy,Free-flow,1
classical_classification_v1,4,120,validation,actual_congestion,Heavy,Heavy,Moderate,246
classical_classification_v1,4,120,validation,actual_congestion,Heavy,Heavy,Heavy,1559
classical_classification_v1,4,120,validation,actual_congestion,Heavy,Heavy,Severe,760
classical_classification_v1,4,120,validation,actual_congestion,Heavy,Severe,Free-flow,0
classical_classification_v1,4,120,validation,actual_congestion,Heavy,Severe,Moderate,0
classical_classification_v1,4,120,validation,actual_congestion,Heavy,Severe,Heavy,0
classical_classification_v1,4,120,validation,actual_congestion,Heavy,Severe,Severe,0
classical_classification_v1,4,120,validation,actual_congestion,Moderate,Free-flow,Free-flow,0
classical_classification_v1,4,120,validation,actual_congestion,Moderate,Free-flow,Moderate,0
classical_classification_v1,4,120,validation,actual_congestion,Moderate,Free-flow,Heavy,0
classical_classification_v1,4,120,validation,actual_congestion,Moderate,Free-flow,Severe,0
classical_classification_v1,4,120,validation,actual_congestion,Moderate,Moderate,Free-flow,459
classical_classification_v1,4,120,validation,actual_congestion,Moderate,Moderate,Moderate,5098
classical_classification_v1,4,120,validation,actual_congestion,Moderate,Moderate,Heavy,964
classical_classification_v1,4,120,validation,actual_congestion,Moderate,Moderate,Severe,73
classical_classification_v1,4,120,validation,actual_congestion,Moderate,Heavy,Free-flow,0
classical_classification_v1,4,120,validation,actual_congestion,Moderate,Heavy,Moderate,0
classical_classification_v1,4,120,validation,actual_congestion,Moderate,Heavy,Heavy,0
classical_classification_v1,4,120,validation,actual_congestion,Moderate,Heavy,Severe,0
classical_classification_v1,4,120,validation,actual_congestion,Moderate,Severe,Free-flow,0
classical_classification_v1,4,120,validation,actual_congestion,Moderate,Severe,Moderate,0
classical_classification_v1,4,120,validation,actual_congestion,Moderate,Severe,Heavy,0
classical_classification_v1,4,120,validation,actual_congestion,Moderate,Severe,Severe,0
classical_classification_v1,4,120,validation,actual_congestion,Severe,Free-flow,Free-flow,0
classical_classification_v1,4,120,validation,actual_congestion,Severe,Free-flow,Moderate,0
classical_classification_v1,4,120,validation,actual_congestion,Severe,Free-flow,Heavy,0
classical_classification_v1,4,120,validation,actual_congestion,Severe,Free-flow,Severe,0
classical_classification_v1,4,120,validation,actual_congestion,Severe,Moderate,Free-flow,0
classical_classification_v1,4,120,validation,actual_congestion,Severe,Moderate,Moderate,0
classical_classification_v1,4,120,validation,actual_congestion,Severe,Moderate,Heavy,0
classical_classification_v1,4,120,validation,actual_congestion,Severe,Moderate,Severe,0
classical_classification_v1,4,120,validation,actual_congestion,Severe,Heavy,Free-flow,0
classical_classification_v1,4,120,validation,actual_congestion,Severe,Heavy,Moderate,0
classical_classification_v1,4,120,validation,actual_congestion,Severe,Heavy,Heavy,0
classical_classification_v1,4,120,validation,actual_congestion,Severe,Heavy,Severe,0
classical_classification_v1,4,120,validation,actual_congestion,Severe,Severe,Free-flow,0
classical_classification_v1,4,120,validation,actual_congestion,Severe,Severe,Moderate,4
classical_classification_v1,4,120,validation,actual_congestion,Severe,Severe,Heavy,315
classical_classification_v1,4,120,validation,actual_congestion,Severe,Severe,Severe,1110
