task_type,model_version,target,horizon_windows,horizon_minutes,split,dimension,slice_value,rows,positive_rows,sufficient_support,rmse,mae,mape_percent,r_squared,bias,residual_standard_deviation,residual_q10,residual_median,residual_q90,interval_coverage,mean_interval_width,task,accuracy,precision,recall,f1,roc_auc,pr_auc,prevalence,mean_confidence,mean_normalized_entropy,macro_precision,macro_recall,macro_f1
regression,classical_regression_v1,speed,1,30,test,overall,all,27150,,True,3.7399844314,2.8213862472,9.0286201567,0.8980231916,-0.0300192180653,3.73986395391,-4.41612061088,-0.0614903150699,4.36346291004,0.898011049724,11.7229842228,,,,,,,,,,,,,
regression,classical_regression_v1,speed,1,30,test,road_id,NL-001,1086,,True,3.6980552789,2.7952602878,8.7365874721,0.8990507642,-0.16471045546,3.69438537673,-4.56471574716,-0.268220928389,4.17813340702,0.901473296501,11.7229842228,,,,,,,,,,,,,
regression,classical_regression_v1,speed,1,30,test,road_id,NL-002,1086,,True,3.6862501103,2.8166368375,9.0528000457,0.8992169407,-0.195770393215,3.68104792537,-4.57120850509,-0.145305165027,4.15033829957,0.897790055249,11.7229842228,,,,,,,,,,,,,
regression,classical_regression_v1,speed,1,30,test,road_id,NL-003,1086,,True,3.7342335644,2.8363544879,9.6278099238,0.8995921412,0.360297410188,3.71681127976,-4.07592312908,0.476010345922,4.6960192862,0.894106813996,11.7229842228,,,,,,,,,,,,,
regression,classical_regression_v1,speed,1,30,test,road_id,NL-004,1086,,True,3.9709634734,3.0091629567,10.2219376205,0.8924507504,0.427119150437,3.94792605536,-4.19391039838,0.491110264685,4.94054408009,0.882136279926,11.7229842228,,,,,,,,,,,,,
regression,classical_regression_v1,speed,1,30,test,road_id,NL-005,1086,,True,3.7704840256,2.8493719999,9.814316399,0.9013834003,0.481571196883,3.73960411939,-3.91798575809,0.497273771205,4.8231617978,0.889502762431,11.7229842228,,,,,,,,,,,,,
regression,classical_regression_v1,speed,1,30,test,road_id,NL-006,1086,,True,3.9689692205,3.0284818318,9.9077704955,0.8878188976,0.179790669451,3.96489495298,-4.47462939887,0.173568708412,4.79276558624,0.876611418048,11.7229842228,,,,,,,,,,,,,
regression,classical_regression_v1,speed,1,30,test,road_id,NL-007,1086,,True,3.8053556184,2.7959642701,8.7141373626,0.8937929239,-0.309951313016,3.7927116376,-4.44520143026,-0.395533961404,4.00581438494,0.910681399632,11.7229842228,,,,,,,,,,,,,
regression,classical_regression_v1,speed,1,30,test,road_id,NL-008,1086,,True,3.6562903994,2.7741945005,8.5213760673,0.8991062863,-0.301450691427,3.64384233544,-4.53218751433,-0.321235393891,3.78607179742,0.903314917127,11.7229842228,,,,,,,,,,,,,
regression,classical_regression_v1,speed,1,30,test,road_id,NL-009,1086,,True,4.0559068751,3.0399477941,10.8664719825,0.8893108802,0.576764584455,4.01468843044,-4.03937967152,0.304982490046,5.41216547364,0.879373848987,11.7229842228,,,,,,,,,,,,,
regression,classical_regression_v1,speed,1,30,test,road_id,NL-010,1086,,True,3.6662407528,2.7720428638,8.5220056344,0.9018247634,-0.291692615942,3.65461854032,-4.72410387561,-0.244548183594,3.95785338323,0.910681399632,11.7229842228,,,,,,,,,,,,,
regression,classical_regression_v1,speed,1,30,test,road_id,NL-011,1086,,True,3.5685720768,2.7295075917,8.0668687917,0.9040449001,-0.347737628354,3.55158911041,-4.40482329605,-0.405255737576,4.02102858373,0.911602209945,11.7229842228,,,,,,,,,,,,,
regression,classical_regression_v1,speed,1,30,test,road_id,NL-012,1086,,True,3.7316782764,2.826330676,9.4869937536,0.8996050961,0.211165813247,3.72569882811,-4.15363634807,0.243396514693,4.66531207942,0.887661141805,11.7229842228,,,,,,,,,,,,,
regression,classical_regression_v1,speed,1,30,test,road_id,NL-013,1086,,True,3.64698961,2.7608214026,9.358863798,0.9063932171,0.294425287807,3.63508555128,-3.85898306891,0.272075796243,4.50149612406,0.897790055249,11.7229842228,,,,,,,,,,,,,
regression,classical_regression_v1,speed,1,30,test,road_id,NL-014,1086,,True,3.8084066264,2.7928560284,8.3350665873,0.8901707628,-0.484127195198,3.77751001201,-4.9992850487,-0.270460041313,3.52549079992,0.891344383057,11.7229842228,,,,,,,,,,,,,
regression,classical_regression_v1,speed,1,30,test,road_id,NL-015,1086,,True,3.9960259984,3.0376909753,9.9260424703,0.8773740091,0.509718008876,3.96338382339,-4.27208710067,0.490843223725,5.32938572687,0.872007366483,11.7229842228,,,,,,,,,,,,,
regression,classical_regression_v1,speed,1,30,test,road_id,NL-016,1086,,True,3.7518629721,2.8576249782,9.2386270848,0.8967018922,0.0642120134121,3.75131344718,-4.41474533323,-0.0580128680123,4.79390917468,0.891344383057,11.7229842228,,,,,,,,,,,,,
regression,classical_regression_v1,speed,1,30,test,road_id,NL-017,1086,,True,3.4088818663,2.6322046169,7.7138880937,0.9119975786,-0.431623330286,3.38144597464,-4.42786171351,-0.407102422372,3.62099240854,0.924493554328,11.7229842228,,,,,,,,,,,,,
regression,classical_regression_v1,speed,1,30,test,road_id,NL-018,1086,,True,3.6747245145,2.7712933614,8.4574816561,0.8949215318,-0.0978482428121,3.67342156292,-4.19039476432,-0.0271175488241,4.35298584742,0.89226519337,11.7229842228,,,,,,,,,,,,,
regression,classical_regression_v1,speed,1,30,test,road_id,NL-019,1086,,True,4.0209751158,2.9186426544,10.0489599876,0.8895688428,0.212096964642,4.01537741186,-4.04109422136,0.0984217348034,4.72207968464,0.886740331492,11.7229842228,,,,,,,,,,,,,
regression,classical_regression_v1,speed,1,30,test,road_id,NL-020,1086,,True,3.58322564,2.7114654425,8.5514082213,0.905291088,-0.176337851981,3.5788840368,-4.55894658567,-0.33195016282,4.06995906568,0.913443830571,11.7229842228,,,,,,,,,,,,,
regression,classical_regression_v1,speed,1,30,test,road_id,NL-021,1086,,True,3.6653651495,2.7811476433,8.8011569532,0.8967530288,0.1005400105,3.66398599689,-4.20757151571,0.0224233398262,4.523966378,0.896869244936,11.7229842228,,,,,,,,,,,,,
regression,classical_regression_v1,speed,1,30,test,road_id,NL-022,1086,,True,3.454313905,2.6645133361,8.0187737562,0.9087697332,-0.504955086098,3.41720718064,-4.60955567488,-0.432308639684,3.62222666079,0.921731123389,11.7229842228,,,,,,,,,,,,,
regression,classical_regression_v1,speed,1,30,test,road_id,NL-023,1086,,True,3.6607988748,2.75438619,8.6910161033,0.9005137051,-0.315576598089,3.64717148108,-4.60568563455,-0.299240603004,3.98194141209,0.911602209945,11.7229842228,,,,,,,,,,,,,
regression,classical_regression_v1,speed,1,30,test,road_id,NL-024,1086,,True,3.9283450963,2.9048542067,9.3341037784,0.8853084189,-0.175813771676,3.92440883616,-4.60633283008,-0.205738012227,4.23656491802,0.895948434622,11.7229842228,,,,,,,,,,,,,
regression,classical_regression_v1,speed,1,30,test,road_id,NL-025,1086,,True,3.4868538574,2.6738992474,7.7010398774,0.9013420393,-0.370586387975,3.46710477953,-4.56680218499,-0.366370851443,3.91504275302,0.909760589319,11.7229842228,,,,,,,,,,,,,
regression,classical_regression_v1,speed,1,30,test,origin_hour,0,1100,,True,2.7324270905,2.1895553574,4.187900114,0.1268418749,-0.0567080830098,2.73183857469,-3.58425400924,-0.0979792887663,3.39282688322,0.969090909091,11.7229842228,,,,,,,,,,,,,
regression,classical_regression_v1,speed,1,30,test,origin_hour,1,1100,,True,2.6825013315,2.1475199803,4.11350367,0.1602194522,-0.00133380510794,2.68250099995,-3.35150161408,0.0200652171295,3.60121662636,0.972727272727,11.7229842228,,,,,,,,,,,,,
regression,classical_regression_v1,speed,1,30,test,origin_hour,2,1100,,True,2.6321095767,2.1330851595,4.1035113605,0.2230859331,0.0475770817903,2.63167954832,-3.41765232471,0.0919745083771,3.40751392177,0.978181818182,11.7229842228,,,,,,,,,,,,,
regression,classical_regression_v1,speed,1,30,test,origin_hour,3,1100,,True,2.7630799888,2.2181735438,4.2456861116,0.1381450289,-0.0938986186187,2.76148403466,-3.6995770749,0.0210157158578,3.38548738716,0.968181818182,11.7229842228,,,,,,,,,,,,,
regression,classical_regression_v1,speed,1,30,test,origin_hour,4,1100,,True,2.7698748928,2.2116937782,4.2671659715,0.1348768041,-0.226234878393,2.76062034724,-3.80613934045,-0.286771294808,3.28200963765,0.969090909091,11.7229842228,,,,,,,,,,,,,
regression,classical_regression_v1,speed,1,30,test,origin_hour,5,1100,,True,2.791832876,2.2140402562,4.4986075927,0.3366316542,-0.00473945577041,2.79182885307,-3.45935935793,0.0781710725783,3.466122679,0.957272727273,11.7229842228,,,,,,,,,,,,,
regression,classical_regression_v1,speed,1,30,test,origin_hour,6,1100,,True,3.3022847089,2.5697263174,6.4573358936,0.7002411693,0.060657934511,3.30172756503,-4.10610835345,-0.0418388000468,4.15594775876,0.927272727273,11.7229842228,,,,,,,,,,,,,
regression,classical_regression_v1,speed,1,30,test,origin_hour,7,1100,,True,5.0464733099,3.92832936,19.7071694956,0.7517864709,0.15289284719,5.04415668318,-5.89718666606,-0.0296683575569,6.56715187573,0.776363636364,11.7229842228,,,,,,,,,,,,,
regression,classical_regression_v1,speed,1,30,test,origin_hour,8,1125,,True,5.5800591794,4.3754898962,29.0815734721,0.7144139546,0.0712053216272,5.5796048469,-6.83865096288,0.0249520994377,7.12148945239,0.710222222222,11.7229842228,,,,,,,,,,,,,
regression,classical_regression_v1,speed,1,30,test,origin_hour,9,1150,,True,5.0984407091,3.8172188585,15.5352954856,0.6823727801,-0.0590388611097,5.09809886893,-5.99690354007,-0.222375799028,5.87885630889,0.792173913043,11.7229842228,,,,,,,,,,,,,
regression,classical_regression_v1,speed,1,30,test,origin_hour,10,1150,,True,3.5930552215,2.8349746244,7.344706445,0.6127245981,0.0539256304909,3.59265053288,-4.35228427717,-0.0036753593404,4.87268867715,0.890434782609,11.7229842228,,,,,,,,,,,,,
regression,classical_regression_v1,speed,1,30,test,origin_hour,11,1150,,True,3.2036083829,2.5414549348,5.7804849832,0.4971572919,-0.313154907451,3.18826609227,-4.5091709553,-0.316670543556,3.79775509428,0.93652173913,11.7229842228,,,,,,,,,,,,,
regression,classical_regression_v1,speed,1,30,test,origin_hour,12,1150,,True,3.2014290219,2.5250695485,5.7150524596,0.4841840739,0.081190675045,3.20039932768,-3.85868832698,0.0132512809012,4.1257070796,0.933913043478,11.7229842228,,,,,,,,,,,,,
regression,classical_regression_v1,speed,1,30,test,origin_hour,13,1150,,True,3.1737908343,2.5015703459,5.7239631415,0.475512926,0.201777849779,3.16737019607,-3.74803824351,0.240718161614,4.0069442728,0.940869565217,11.7229842228,,,,,,,,,,,,,
regression,classical_regression_v1,speed,1,30,test,origin_hour,14,1150,,True,3.1543091062,2.4570302717,5.8782889556,0.5846139406,-0.0087829361354,3.15429687848,-3.96091941566,-0.0777575288352,3.90747501593,0.939130434783,11.7229842228,,,,,,,,,,,,,
regression,classical_regression_v1,speed,1,30,test,origin_hour,15,1150,,True,4.0184381326,3.0821763958,8.8910740431,0.6300337057,-0.0862548304034,4.01751230611,-4.75640578794,-0.175401760545,4.77050822636,0.873913043478,11.7229842228,,,,,,,,,,,,,
regression,classical_regression_v1,speed,1,30,test,origin_hour,16,1150,,True,5.2418020363,3.9915919575,16.854746679,0.6681663625,0.138555510884,5.23997051119,-5.87573209636,0.104651846452,6.54591967003,0.77652173913,11.7229842228,,,,,,,,,,,,,
regression,classical_regression_v1,speed,1,30,test,origin_hour,17,1150,,True,5.3306223332,4.1706143876,21.8859190349,0.699795787,0.125648922552,5.3291412824,-6.27224069605,0.0730968544773,6.787059741,0.746956521739,11.7229842228,,,,,,,,,,,,,
regression,classical_regression_v1,speed,1,30,test,origin_hour,18,1150,,True,4.9911726489,3.8759711188,16.4741810386,0.6892811781,-0.143977330779,4.98909560332,-6.26824646796,-0.0986374888133,5.85609907858,0.781739130435,11.7229842228,,,,,,,,,,,,,
regression,classical_regression_v1,speed,1,30,test,origin_hour,19,1150,,True,3.800032171,2.9184165454,7.7976025487,0.6474479604,-0.100887970596,3.79869268541,-4.70681871674,-0.169696819387,4.62595427851,0.88347826087,11.7229842228,,,,,,,,,,,,,
regression,classical_regression_v1,speed,1,30,test,origin_hour,20,1150,,True,2.974277696,2.366769804,5.0267868921,0.4723425808,0.138963249623,2.97102962424,-3.57458919791,0.187530725957,4.07642016007,0.950434782609,11.7229842228,,,,,,,,,,,,,
regression,classical_regression_v1,speed,1,30,test,origin_hour,21,1150,,True,2.7089762361,2.1404219969,4.1533615761,0.198986416,-0.311750958508,2.69097818416,-3.78482190376,-0.274823497458,3.07915165332,0.96,11.7229842228,,,,,,,,,,,,,
regression,classical_regression_v1,speed,1,30,test,origin_hour,22,1150,,True,2.7149605765,2.1384119605,4.1101122992,0.060212124,0.00345681566135,2.71495837585,-3.56583834245,0.129212840213,3.18722805086,0.968695652174,11.7229842228,,,,,,,,,,,,,
regression,classical_regression_v1,speed,1,30,test,origin_hour,23,1125,,True,2.8310554664,2.256824612,4.2879883977,0.0736835449,-0.390029840057,2.80405987408,-4.04049163578,-0.377500040956,3.09997385293,0.960888888889,11.7229842228,,,,,,,,,,,,,
regression,classical_regression_v1,speed,1,30,test,weekday,Friday,4375,,True,3.7958894365,2.9144444183,10.1761615078,0.904409124,0.0274242974453,3.79579036858,-4.62041971707,-0.00912511203123,4.73568361384,0.882514285714,11.7229842228,,,,,,,,,,,,,
regression,classical_regression_v1,speed,1,30,test,weekday,Monday,3600,,True,4.2116924258,3.0566150393,10.4909905101,0.8812595831,0.0540400242829,4.21134571904,-4.50435687787,0.0946063812958,4.78616738057,0.872777777778,11.7229842228,,,,,,,,,,,,,
regression,classical_regression_v1,speed,1,30,test,weekday,Saturday,4775,,True,3.5781402948,2.631084515,6.7207750564,0.80038114,-0.0413724521479,3.57790110108,-4.15749648787,-0.185814041329,3.91746739715,0.925235602094,11.7229842228,,,,,,,,,,,,,
regression,classical_regression_v1,speed,1,30,test,weekday,Sunday,3600,,True,3.2470677321,2.5511756029,5.5985689859,0.7877761829,-0.32396160327,3.23086640648,-4.31596883794,-0.367638778194,3.6715448094,0.9325,11.7229842228,,,,,,,,,,,,,
regression,classical_regression_v1,speed,1,30,test,weekday,Thursday,3600,,True,4.0813987833,3.0956491532,12.1984925803,0.9150257814,0.119598253768,4.07964609816,-4.62556927913,0.219278820358,4.86651363742,0.869444444444,11.7229842228,,,,,,,,,,,,,
regression,classical_regression_v1,speed,1,30,test,weekday,Tuesday,3600,,True,3.600853009,2.7630839155,9.462464138,0.9137389824,0.0562172951552,3.600414144,-4.24314729709,0.0305660597967,4.4011754333,0.901944444444,11.7229842228,,,,,,,,,,,,,
regression,classical_regression_v1,speed,1,30,test,weekday,Wednesday,3600,,True,3.6180987274,2.779730101,9.059103164,0.9086740311,-0.1107410846,3.61640357447,-4.42536142399,-0.0414892405911,4.26990202354,0.896111111111,11.7229842228,,,,,,,,,,,,,
regression,classical_regression_v1,speed,1,30,test,weekday_type,weekday,18775,,True,3.8664042921,2.921596585,10.2732616783,0.905676051,0.0292300112014,3.86629380113,-4.49579160213,0.0524856507056,4.64457117958,0.884474034621,11.7229842228,,,,,,,,,,,,,
regression,classical_regression_v1,speed,1,30,test,weekday_type,weekend,8375,,True,3.4397355146,2.5967356095,6.2383939395,0.7990122943,-0.162843609645,3.43587868952,-4.22630496693,-0.259727477125,3.81108317904,0.928358208955,11.7229842228,,,,,,,,,,,,,
regression,classical_regression_v1,speed,1,30,test,peak_status,evening_peak,3450,,True,4.7528091122,3.6550006839,15.385900874,0.8040025356,-0.0397387929412,4.75264297896,-5.76451980861,-0.0830090782072,5.86378109954,0.804057971014,11.7229842228,,,,,,,,,,,,,
regression,classical_regression_v1,speed,1,30,test,peak_status,morning_peak,3375,,True,5.247531694,4.0395229975,21.4104433806,0.7567746287,0.0534499047299,5.24725947399,-6.31018105332,-0.108459488,6.62699163717,0.759703703704,11.7229842228,,,,,,,,,,,,,
regression,classical_regression_v1,speed,1,30,test,peak_status,off_peak,20325,,True,3.2058638614,2.4776134877,5.8935022302,0.8259984087,-0.0422295873697,3.20558571242,-3.97512504119,-0.0554125091145,3.83749533658,0.93692496925,11.7229842228,,,,,,,,,,,,,
regression,classical_regression_v1,speed,1,30,test,weather_condition,Clear,20414,,True,3.7394760399,2.8140649321,8.93708229,0.898151744,-0.00420980344029,3.73947367023,-4.34178569897,-0.0448179248589,4.38997349638,0.900019594396,11.7229842228,,,,,,,,,,,,,
regression,classical_regression_v1,speed,1,30,test,weather_condition,Cloudy,4432,,True,3.6869257011,2.7991144343,9.3552523974,0.9088567699,-0.190718635286,3.68198961531,-4.54264905381,-0.225754179627,4.14473124357,0.897337545126,11.7229842228,,,,,,,,,,,,,
regression,classical_regression_v1,speed,1,30,test,weather_condition,Fog,166,,True,3.9748346313,3.0994777868,9.7405353376,0.8050793961,0.62254419589,3.9257800588,-3.93585589933,0.791079100581,5.50257943459,0.867469879518,11.7229842228,,,,,,,,,,,,,
regression,classical_regression_v1,speed,1,30,test,weather_condition,Overcast,970,,True,3.859458442,2.895159482,9.7547694192,0.8884620298,-0.343463044175,3.84414523693,-4.8749618312,-0.338294209465,4.11788559586,0.879381443299,11.7229842228,,,,,,,,,,,,,
regression,classical_regression_v1,speed,1,30,test,weather_condition,Rain,1168,,True,3.8128330161,2.9330666998,8.6848506485,0.8404642741,0.296231990479,3.80130796126,-4.78856792193,0.536028261723,4.68558634539,0.885273972603,11.7229842228,,,,,,,,,,,,,
regression,classical_regression_v1,speed,1,30,test,actual_congestion,Free-flow,16317,,True,2.9485643787,2.3092940859,4.6645326968,0.5085198602,-0.338469384217,2.9290732956,-4.02953812719,-0.307235949267,3.26624904586,0.955629098486,11.7229842228,,,,,,,,,,,,,
regression,classical_regression_v1,speed,1,30,test,actual_congestion,Heavy,2676,,True,4.9321503801,3.9081368884,16.1871495033,-0.9278989608,0.072367669643,4.93161943913,-6.20526678581,0.0358018221969,6.42749726725,0.763826606876,11.7229842228,,,,,,,,,,,,,
regression,classical_regression_v1,speed,1,30,test,actual_congestion,Moderate,6567,,True,4.0944342432,3.1060419758,8.7182109919,0.173342639,-0.336922484732,4.08054837135,-5.26507577874,-0.124615130596,4.2797942708,0.870108116339,11.7229842228,,,,,,,,,,,,,
regression,classical_regression_v1,speed,1,30,test,actual_congestion,Severe,1590,,True,6.2802092954,5.0719075752,43.0481469094,-0.9706335517,4.23062719816,4.64142459863,-0.94793088622,4.189043023,9.89512187169,0.647798742138,11.7229842228,,,,,,,,,,,,,
regression,classical_regression_v1,speed,1,30,validation,overall,all,27150,,True,3.7229821969,2.8127505806,8.8385146432,0.8928018272,-0.0214766992039,3.72292025028,-4.4352300382,-0.0254346754468,4.34042793811,0.900036832413,11.7229842228,,,,,,,,,,,,,
regression,classical_regression_v1,speed,1,30,validation,road_id,NL-001,1086,,True,3.7868595251,2.784864586,8.7626957306,0.8892792358,-0.131944542571,3.78456017263,-4.21062394978,-0.233508495738,4.27399348351,0.902394106814,11.7229842228,,,,,,,,,,,,,
regression,classical_regression_v1,speed,1,30,validation,road_id,NL-002,1086,,True,3.7895017436,2.8740420421,9.052512409,0.8892123713,0.0410288293515,3.78927962811,-4.46328957506,0.066917224863,4.44286449662,0.900552486188,11.7229842228,,,,,,,,,,,,,
regression,classical_regression_v1,speed,1,30,validation,road_id,NL-003,1086,,True,3.9073804213,2.9312091817,10.0351192384,0.8871998673,0.387596128567,3.88810892307,-4.10173013472,0.327832465623,5.25383386785,0.883977900552,11.7229842228,,,,,,,,,,,,,
regression,classical_regression_v1,speed,1,30,validation,road_id,NL-004,1086,,True,3.9465150603,2.9916047081,9.9156686077,0.8802735826,0.372379151229,3.92890759485,-4.24097055717,0.476858798837,4.79407547055,0.89226519337,11.7229842228,,,,,,,,,,,,,
regression,classical_regression_v1,speed,1,30,validation,road_id,NL-005,1086,,True,3.7774599709,2.8489794138,9.7771885038,0.8977722107,0.658707880378,3.71958435315,-3.62199421739,0.520891004713,5.25418563319,0.887661141805,11.7229842228,,,,,,,,,,,,,
regression,classical_regression_v1,speed,1,30,validation,road_id,NL-006,1086,,True,3.9942563761,3.0103572647,9.9329367066,0.8792591139,0.194565010825,3.98951481447,-4.46129536022,0.181631333914,4.89585681877,0.875690607735,11.7229842228,,,,,,,,,,,,,
regression,classical_regression_v1,speed,1,30,validation,road_id,NL-007,1086,,True,3.5621112743,2.7540137935,8.5603422492,0.9032021113,-0.149229687367,3.5589840167,-4.15169305677,-0.304675228275,4.35166569867,0.913443830571,11.7229842228,,,,,,,,,,,,,
regression,classical_regression_v1,speed,1,30,validation,road_id,NL-008,1086,,True,3.6429915934,2.7901153369,8.7686423211,0.9000091775,-0.328664952505,3.62813548511,-4.68110279715,-0.475320232222,4.21854036084,0.895027624309,11.7229842228,,,,,,,,,,,,,
regression,classical_regression_v1,speed,1,30,validation,road_id,NL-009,1086,,True,3.77125391,2.8966014749,9.2273008813,0.8931898478,0.422276137898,3.74753771389,-4.0212457855,0.316800183347,4.84176189633,0.874769797422,11.7229842228,,,,,,,,,,,,,
regression,classical_regression_v1,speed,1,30,validation,road_id,NL-010,1086,,True,3.6326316188,2.7887886965,7.8724860789,0.8909999408,-0.501319615235,3.59787313859,-4.68077916959,-0.475957054837,4.07895619724,0.909760589319,11.7229842228,,,,,,,,,,,,,
regression,classical_regression_v1,speed,1,30,validation,road_id,NL-011,1086,,True,3.6936451162,2.7302908221,8.140908195,0.8928625242,-0.364153600635,3.67565047298,-4.80958749603,-0.210696894432,3.67339733084,0.899631675875,11.7229842228,,,,,,,,,,,,,
regression,classical_regression_v1,speed,1,30,validation,road_id,NL-012,1086,,True,3.5544731055,2.6928594704,8.6185635429,0.8991417375,0.158018409194,3.55095891839,-4.31012504092,0.183194841636,4.21167123752,0.907918968692,11.7229842228,,,,,,,,,,,,,
regression,classical_regression_v1,speed,1,30,validation,road_id,NL-013,1086,,True,3.6825271199,2.8453745761,9.1670599624,0.896944155,0.321454606451,3.66847010688,-4.32774473414,0.280894811977,4.7294497514,0.901473296501,11.7229842228,,,,,,,,,,,,,
regression,classical_regression_v1,speed,1,30,validation,road_id,NL-014,1086,,True,3.4321588991,2.6568361979,7.564300089,0.9005445387,-0.370535648095,3.41209877384,-4.37486279765,-0.412787070187,3.70894324355,0.932780847145,11.7229842228,,,,,,,,,,,,,
regression,classical_regression_v1,speed,1,30,validation,road_id,NL-015,1086,,True,3.8848547284,2.9810134985,9.8499782934,0.8848049661,0.510249311621,3.85120005984,-4.05974552161,0.499393648136,5.03490204342,0.887661141805,11.7229842228,,,,,,,,,,,,,
regression,classical_regression_v1,speed,1,30,validation,road_id,NL-016,1086,,True,3.9945271973,2.8963178447,9.7090526178,0.8747207822,0.0686842248199,3.99393665541,-4.46852326784,-0.0241675876222,4.49072968486,0.891344383057,11.7229842228,,,,,,,,,,,,,
regression,classical_regression_v1,speed,1,30,validation,road_id,NL-017,1086,,True,3.6684346119,2.836496316,8.5207365536,0.8966962711,-0.196330291204,3.66317716173,-4.56355277644,-0.257564312125,4.28905171414,0.895948434622,11.7229842228,,,,,,,,,,,,,
regression,classical_regression_v1,speed,1,30,validation,road_id,NL-018,1086,,True,3.7958226531,2.8066975725,8.8234088655,0.8872403628,0.0352920161511,3.79565858418,-4.29357416099,0.112278494669,4.46500810779,0.890423572744,11.7229842228,,,,,,,,,,,,,
regression,classical_regression_v1,speed,1,30,validation,road_id,NL-019,1086,,True,4.0397436378,2.9759168015,10.2237741874,0.8772673922,0.184216878436,4.03554120297,-4.77699112053,0.226029793818,4.57765164976,0.877532228361,11.7229842228,,,,,,,,,,,,,
regression,classical_regression_v1,speed,1,30,validation,road_id,NL-020,1086,,True,3.4304959227,2.627289041,7.7670187741,0.9043684819,-0.394297495242,3.40776051988,-4.43089022511,-0.426398896694,3.58428140191,0.917127071823,11.7229842228,,,,,,,,,,,,,
regression,classical_regression_v1,speed,1,30,validation,road_id,NL-021,1086,,True,3.6792401429,2.7418875237,8.7983827045,0.8964917769,-0.197794096485,3.67391964045,-4.59121011531,-0.136064548146,3.80679632169,0.911602209945,11.7229842228,,,,,,,,,,,,,
regression,classical_regression_v1,speed,1,30,validation,road_id,NL-022,1086,,True,3.5374528315,2.7124689333,7.6033759972,0.8941938895,-0.361097989309,3.51897439282,-4.84950635587,-0.170255591898,3.84886017006,0.912523020258,11.7229842228,,,,,,,,,,,,,
regression,classical_regression_v1,speed,1,30,validation,road_id,NL-023,1086,,True,3.5977341104,2.7163729944,8.2089257235,0.8992622388,-0.257908281796,3.58847795693,-4.56651142276,-0.373358329939,4.13331427654,0.917127071823,11.7229842228,,,,,,,,,,,,,
regression,classical_regression_v1,speed,1,30,validation,road_id,NL-024,1086,,True,3.6538595062,2.7147765403,8.1833997955,0.8891868049,-0.200266047164,3.6483671418,-4.29261258516,-0.0428431476116,3.88816905776,0.909760589319,11.7229842228,,,,,,,,,,,,,
regression,classical_regression_v1,speed,1,30,validation,road_id,NL-025,1086,,True,3.522125394,2.7135898849,7.8790880522,0.896581221,-0.437843817409,3.4948047274,-4.85198285953,-0.398087653069,3.61787436378,0.912523020258,11.7229842228,,,,,,,,,,,,,
regression,classical_regression_v1,speed,1,30,validation,origin_hour,0,1150,,True,2.6290235766,2.1031011239,4.0218431955,0.0689401985,0.0305053045459,2.62884658975,-3.35482173441,-0.00595422130574,3.48127572116,0.979130434783,11.7229842228,,,,,,,,,,,,,
regression,classical_regression_v1,speed,1,30,validation,origin_hour,1,1150,,True,2.6842941006,2.173866339,4.1558084312,0.0512629782,0.00818899685872,2.68428160945,-3.50376647096,0.00655225622777,3.33009363645,0.975652173913,11.7229842228,,,,,,,,,,,,,
regression,classical_regression_v1,speed,1,30,validation,origin_hour,2,1150,,True,2.6151029366,2.0836484226,3.9790692881,0.0795347776,-0.0121264017297,2.61507482097,-3.35461602034,0.0238079425824,3.3670393248,0.973913043478,11.7229842228,,,,,,,,,,,,,
regression,classical_regression_v1,speed,1,30,validation,origin_hour,3,1150,,True,2.7955322445,2.2598941914,4.3374598803,0.0637483792,0.00881077509768,2.79551835988,-3.62448363382,0.12419135475,3.56451630386,0.969565217391,11.7229842228,,,,,,,,,,,,,
regression,classical_regression_v1,speed,1,30,validation,origin_hour,4,1150,,True,2.7689428231,2.1808092343,4.1775162945,0.1229620258,-0.254110132224,2.75725813052,-3.73282194341,-0.13950720347,3.13263206321,0.967826086957,11.7229842228,,,,,,,,,,,,,
regression,classical_regression_v1,speed,1,30,validation,origin_hour,5,1150,,True,2.7891901388,2.2410340529,4.5331946343,0.2551446743,0.0460793123526,2.78880948205,-3.55813274703,0.0861306337323,3.72189246049,0.970434782609,11.7229842228,,,,,,,,,,,,,
regression,classical_regression_v1,speed,1,30,validation,origin_hour,6,1150,,True,3.4339639875,2.7017975791,6.7218090774,0.6175635478,0.157707551531,3.43034065303,-3.93335101106,0.177689364746,4.46767741427,0.917391304348,11.7229842228,,,,,,,,,,,,,
regression,classical_regression_v1,speed,1,30,validation,origin_hour,7,1150,,True,5.2577742629,4.0294576731,20.2593820834,0.6658640201,0.319911623269,5.24803265547,-5.9615871344,0.257246818252,6.92182335627,0.76347826087,11.7229842228,,,,,,,,,,,,,
regression,classical_regression_v1,speed,1,30,validation,origin_hour,8,1100,,True,5.870927366,4.5929026446,30.0809779216,0.6257715327,0.0218999100087,5.87088652002,-7.36664096613,0.101065299193,6.95821767105,0.689090909091,11.7229842228,,,,,,,,,,,,,
regression,classical_regression_v1,speed,1,30,validation,origin_hour,9,1100,,True,4.9808353992,3.8269201013,15.0322337372,0.6333492849,-0.0964760657671,4.97990096712,-6.09319575654,-0.143256823248,5.8064050441,0.791818181818,11.7229842228,,,,,,,,,,,,,
regression,classical_regression_v1,speed,1,30,validation,origin_hour,10,1100,,True,3.6775320726,2.8293175686,7.0311691647,0.499863804,-0.132615239937,3.67514018006,-4.55360689722,-0.108770333565,4.32492482817,0.89,11.7229842228,,,,,,,,,,,,,
regression,classical_regression_v1,speed,1,30,validation,origin_hour,11,1100,,True,3.1358144155,2.4845420665,5.4849052306,0.4070723974,-0.458304258758,3.10214268766,-4.46654531602,-0.361278574087,3.37796975059,0.94,11.7229842228,,,,,,,,,,,,,
regression,classical_regression_v1,speed,1,30,validation,origin_hour,12,1100,,True,2.9610919982,2.3690416617,5.2799148411,0.4164197601,0.0274061484876,2.96096516781,-3.77993798671,-0.0637662080218,3.79958729747,0.946363636364,11.7229842228,,,,,,,,,,,,,
regression,classical_regression_v1,speed,1,30,validation,origin_hour,13,1100,,True,2.9180490736,2.3042821509,5.1649764708,0.4508331952,0.0469760177341,2.91767092894,-3.66412812425,-0.0846143354149,3.71861644411,0.95,11.7229842228,,,,,,,,,,,,,
regression,classical_regression_v1,speed,1,30,validation,origin_hour,14,1100,,True,3.145655796,2.4636170218,5.7970181695,0.4642162489,0.314273106966,3.12991737929,-3.4919513294,0.253665577916,4.23940957998,0.938181818182,11.7229842228,,,,,,,,,,,,,
regression,classical_regression_v1,speed,1,30,validation,origin_hour,15,1100,,True,3.6318500913,2.8771015967,7.6079437987,0.5666918625,-0.27751586113,3.62123183908,-4.79655132932,-0.332212626862,4.16118669468,0.897272727273,11.7229842228,,,,,,,,,,,,,
regression,classical_regression_v1,speed,1,30,validation,origin_hour,16,1100,,True,4.8442742543,3.7585661349,14.1378464522,0.6079973538,-0.0216006710138,4.84422609529,-5.80570333245,0.0261998380038,6.08130639709,0.792727272727,11.7229842228,,,,,,,,,,,,,
regression,classical_regression_v1,speed,1,30,validation,origin_hour,17,1150,,True,5.5345879353,4.3565386874,22.9483092912,0.6041826817,0.0535573331447,5.53432879633,-6.69005412654,-0.129165730188,7.31495544829,0.732173913043,11.7229842228,,,,,,,,,,,,,
regression,classical_regression_v1,speed,1,30,validation,origin_hour,18,1150,,True,5.2305658227,4.0871851942,16.9355618355,0.5891688784,-0.0575458261744,5.23024925829,-6.33108858314,-0.216190128047,6.62004819992,0.752173913043,11.7229842228,,,,,,,,,,,,,
regression,classical_regression_v1,speed,1,30,validation,origin_hour,19,1150,,True,3.6418223274,2.8364213542,7.2190643903,0.5790542457,-0.353942029411,3.62458203164,-4.82945097567,-0.270790187718,4.24668763835,0.902608695652,11.7229842228,,,,,,,,,,,,,
regression,classical_regression_v1,speed,1,30,validation,origin_hour,20,1150,,True,3.0282696413,2.3978903889,5.0770732427,0.3287603205,0.213272877191,3.02075018834,-3.56800028126,0.0714609108289,4.11404884224,0.94347826087,11.7229842228,,,,,,,,,,,,,
regression,classical_regression_v1,speed,1,30,validation,origin_hour,21,1150,,True,2.7399314345,2.2087751776,4.3306773826,0.137352592,0.063027355187,2.73920642123,-3.51749712463,0.127848648135,3.5308205091,0.975652173913,11.7229842228,,,,,,,,,,,,,
regression,classical_regression_v1,speed,1,30,validation,origin_hour,22,1150,,True,2.6865135266,2.1364166622,4.1265818795,0.1445496933,0.0373893649599,2.68625333203,-3.3103997231,0.0203975074545,3.5066969281,0.973043478261,11.7229842228,,,,,,,,,,,,,
regression,classical_regression_v1,speed,1,30,validation,origin_hour,23,1150,,True,2.8856494275,2.298171069,4.3827257876,0.0363965754,-0.216847651237,2.87749017629,-3.91422241359,-0.173775160586,3.43950054408,0.957391304348,11.7229842228,,,,,,,,,,,,,
regression,classical_regression_v1,speed,1,30,validation,weekday,Friday,4000,,True,3.6364498612,2.8112849397,9.4868486948,0.9126261979,0.00383741616569,3.63644783646,-4.47890465469,-0.0173639339126,4.37474217992,0.895,11.7229842228,,,,,,,,,,,,,
regression,classical_regression_v1,speed,1,30,validation,weekday,Monday,3600,,True,3.9962851808,2.9821394012,10.0279184407,0.8910017722,-0.0294961072043,3.9961763257,-4.65183158001,0.0181828710104,4.59920657984,0.878333333333,11.7229842228,,,,,,,,,,,,,
regression,classical_regression_v1,speed,1,30,validation,weekday,Saturday,3600,,True,3.5138832918,2.589918712,6.60121536,0.8029194757,0.0816260141239,3.51293509511,-3.98284575065,0.0311677160726,3.99246508305,0.929722222222,11.7229842228,,,,,,,,,,,,,
regression,classical_regression_v1,speed,1,30,validation,weekday,Sunday,3600,,True,3.0460959308,2.4090209945,5.5334916449,0.838040382,-0.0684024600747,3.04532781865,-3.9805193003,-0.0170299691722,3.76196639326,0.944166666667,11.7229842228,,,,,,,,,,,,,
regression,classical_regression_v1,speed,1,30,validation,weekday,Thursday,4800,,True,3.7717392274,2.8733453918,9.7974889169,0.9058915293,0.0206107703961,3.77168291297,-4.41313456445,0.0307177298792,4.510509403,0.894166666667,11.7229842228,,,,,,,,,,,,,
regression,classical_regression_v1,speed,1,30,validation,weekday,Tuesday,3600,,True,3.8343021553,2.9322560722,10.4517252257,0.903805033,0.0838153446988,3.8333859715,-4.50616340017,-0.00218209185684,4.81344558948,0.880833333333,11.7229842228,,,,,,,,,,,,,
regression,classical_regression_v1,speed,1,30,validation,weekday,Wednesday,3950,,True,4.1142408498,3.0483478422,9.5135869789,0.8736255609,-0.23810830266,4.1073449096,-4.93714817961,-0.219838507594,4.40332301992,0.882278481013,11.7229842228,,,,,,,,,,,,,
regression,classical_regression_v1,speed,1,30,validation,weekday_type,weekday,19950,,True,3.8678763056,2.9258143018,9.8386329497,0.8989657344,-0.0316138936322,3.86774710618,-4.60155602261,-0.0355636633925,4.52795270456,0.88671679198,11.7229842228,,,,,,,,,,,,,
regression,classical_regression_v1,speed,1,30,validation,weekday_type,weekend,7200,,True,3.2883184311,2.4994698532,6.0673535024,0.8198498503,0.00661177702463,3.28831178396,-3.98184562542,0.00617369695643,3.86930426654,0.936944444444,11.7229842228,,,,,,,,,,,,,
regression,classical_regression_v1,speed,1,30,validation,peak_status,evening_peak,3450,,True,4.8735118174,3.7600484119,15.7009785056,0.7695383074,-0.119310174147,4.87205116117,-5.95762871825,-0.20215663579,5.88763477308,0.795652173913,11.7229842228,,,,,,,,,,,,,
regression,classical_regression_v1,speed,1,30,validation,peak_status,morning_peak,3350,,True,5.3808665751,4.1479645805,21.768006633,0.7029870404,0.0853327150522,5.38018990618,-6.46363620138,0.0683535473457,6.71253842443,0.748358208955,11.7229842228,,,,,,,,,,,,,
regression,classical_regression_v1,speed,1,30,validation,peak_status,off_peak,20350,,True,3.1143549628,2.4323503635,5.5466572235,0.810337086,-0.0224735566586,3.1142738758,-3.86198184487,-0.00995790443795,3.81912518016,0.942702702703,11.7229842228,,,,,,,,,,,,,
regression,classical_regression_v1,speed,1,30,validation,weather_condition,Clear,20342,,True,3.6543137041,2.7749144923,8.7440977227,0.8979256838,0.0373667348825,3.65412265461,-4.30279725395,0.0212950515272,4.34200295171,0.904434175597,11.7229842228,,,,,,,,,,,,,
regression,classical_regression_v1,speed,1,30,validation,weather_condition,Cloudy,5032,,True,3.9235356756,2.9328296937,9.2282509592,0.8812014877,-0.231566942934,3.91669617774,-4.81550166414,-0.248140554452,4.38032547428,0.881160572337,11.7229842228,,,,,,,,,,,,,
regression,classical_regression_v1,speed,1,30,validation,weather_condition,Fog,176,,True,4.2628320776,2.6543486642,6.5817305912,0.3354674294,0.102305311912,4.26160426893,-3.61521943898,0.262158433052,3.721903691,0.948863636364,11.7229842228,,,,,,,,,,,,,
regression,classical_regression_v1,speed,1,30,validation,weather_condition,Overcast,856,,True,3.9840713538,2.9935281063,9.8366609353,0.8873613548,-0.269673053875,3.97493408699,-4.94757381549,-0.321187934164,4.24884486064,0.894859813084,11.7229842228,,,,,,,,,,,,,
regression,classical_regression_v1,speed,1,30,validation,weather_condition,Rain,744,,True,3.742252317,2.8645742183,8.1695047281,0.837867858,0.0468719780918,3.74195876802,-4.73921407623,0.325149468061,4.46212521725,0.90188172043,11.7229842228,,,,,,,,,,,,,
regression,classical_regression_v1,speed,1,30,validation,actual_congestion,Free-flow,16486,,True,2.9307646542,2.3046820564,4.6584749454,0.4901456673,-0.3097912343,2.91434569833,-3.95586340938,-0.264375054346,3.32341665764,0.957539730681,11.7229842228,,,,,,,,,,,,,
regression,classical_regression_v1,speed,1,30,validation,actual_congestion,Heavy,2613,,True,4.9361422929,3.8846334279,15.947313444,-0.8625348098,-0.142265295668,4.93409174227,-6.40922478118,-0.128423227829,5.95441435839,0.779181017987,11.7229842228,,,,,,,,,,,,,
regression,classical_regression_v1,speed,1,30,validation,actual_congestion,Moderate,6595,,True,4.114406775,3.108921927,8.7098798631,0.15117271,-0.24493419189,4.1071097321,-5.3957694775,0.0477245829188,4.42458301668,0.872327520849,11.7229842228,,,,,,,,,,,,,
regression,classical_regression_v1,speed,1,30,validation,actual_congestion,Severe,1456,,True,6.3872928428,5.30034521,43.9931778069,-1.301763766,4.47198222416,4.56057944193,-1.08361884625,4.60777223475,9.76841476042,0.591346153846,11.7229842228,,,,,,,,,,,,,
regression,classical_regression_v1,speed,2,60,test,overall,all,27125,,True,3.7682986979,2.8537939106,9.0561166237,0.8960345175,-0.0801168046991,3.76744693054,-4.51327011517,-0.0970425867519,4.37729294388,0.896626728111,11.851200777,,,,,,,,,,,,,
regression,classical_regression_v1,speed,2,60,test,road_id,NL-001,1085,,True,3.7303962369,2.7962921424,8.6340770474,0.8964900267,-0.226121468402,3.72353664757,-4.6434397754,-0.194212284275,3.99123879385,0.905069124424,11.851200777,,,,,,,,,,,,,
regression,classical_regression_v1,speed,2,60,test,road_id,NL-002,1085,,True,3.7587063281,2.9140717894,9.2543843569,0.8949594167,-0.295892082044,3.74704165129,-4.83424537787,-0.285633426926,4.01566423978,0.894930875576,11.851200777,,,,,,,,,,,,,
regression,classical_regression_v1,speed,2,60,test,road_id,NL-003,1085,,True,3.7821014477,2.8811179446,9.5762806382,0.8962807851,0.30315484694,3.76993216117,-4.1009889145,0.342099508654,4.90362985019,0.894930875576,11.851200777,,,,,,,,,,,,,
regression,classical_regression_v1,speed,2,60,test,road_id,NL-004,1085,,True,4.0006628054,3.0284221648,10.3100746988,0.8904486477,0.428636295329,3.97763419746,-4.16765504768,0.615744096073,4.80519942871,0.890322580645,11.851200777,,,,,,,,,,,,,
regression,classical_regression_v1,speed,2,60,test,road_id,NL-005,1085,,True,3.819239835,2.884151537,9.7866242229,0.8984412716,0.505780558734,3.78560152998,-3.84284346796,0.56809539465,4.87786736062,0.881105990783,11.851200777,,,,,,,,,,,,,
regression,classical_regression_v1,speed,2,60,test,road_id,NL-006,1085,,True,4.0263658393,3.0609618,9.9170150116,0.8839883644,0.209197682844,4.02092753003,-4.58991805411,0.171317267775,5.05531334817,0.870046082949,11.851200777,,,,,,,,,,,,,
regression,classical_regression_v1,speed,2,60,test,road_id,NL-007,1085,,True,3.8266499023,2.8124342775,8.6604464042,0.8918827029,-0.409191578052,3.80470915146,-4.88304372131,-0.389413544206,3.81950107942,0.90599078341,11.851200777,,,,,,,,,,,,,
regression,classical_regression_v1,speed,2,60,test,road_id,NL-008,1085,,True,3.6885202587,2.7566091032,8.4360276094,0.8970156263,-0.378351793803,3.66906413395,-4.6562735626,-0.393831215196,3.68935746651,0.903225806452,11.851200777,,,,,,,,,,,,,
regression,classical_regression_v1,speed,2,60,test,road_id,NL-009,1085,,True,4.1179867657,3.0997053066,10.976019439,0.8856675824,0.595876250567,4.0746467941,-4.11163566397,0.362172898148,5.60313848308,0.870967741935,11.851200777,,,,,,,,,,,,,
regression,classical_regression_v1,speed,2,60,test,road_id,NL-010,1085,,True,3.7025919453,2.7872111521,8.4666760685,0.8993632028,-0.353828927635,3.68564678225,-4.75152084493,-0.309810036302,4.01749848344,0.900460829493,11.851200777,,,,,,,,,,,,,
regression,classical_regression_v1,speed,2,60,test,road_id,NL-011,1085,,True,3.6203803035,2.7829153885,8.1728424504,0.900857298,-0.41285297842,3.59676326165,-4.51512491939,-0.510602479994,4.06043406343,0.917050691244,11.851200777,,,,,,,,,,,,,
regression,classical_regression_v1,speed,2,60,test,road_id,NL-012,1085,,True,3.7187716106,2.8707794952,9.3652109664,0.8996384792,0.196921991554,3.71355409562,-4.38560089517,0.0899170651653,4.75784732618,0.889400921659,11.851200777,,,,,,,,,,,,,
regression,classical_regression_v1,speed,2,60,test,road_id,NL-013,1085,,True,3.6709432259,2.8026033785,9.5726363794,0.9048868262,0.336775554972,3.65546254164,-3.8875914212,0.278758510324,4.7952521687,0.897695852535,11.851200777,,,,,,,,,,,,,
regression,classical_regression_v1,speed,2,60,test,road_id,NL-014,1085,,True,3.7851424508,2.8268021137,8.4412506021,0.8909878117,-0.558518603135,3.74370943617,-5.23716714157,-0.388922369256,3.72849823469,0.894930875576,11.851200777,,,,,,,,,,,,,
regression,classical_regression_v1,speed,2,60,test,road_id,NL-015,1085,,True,3.916390851,3.0003485369,9.6523652141,0.8816584593,0.465764032118,3.88859629739,-4.16947516572,0.504710967428,5.08794785594,0.876497695853,11.851200777,,,,,,,,,,,,,
regression,classical_regression_v1,speed,2,60,test,road_id,NL-016,1085,,True,3.791846088,2.8725815144,9.2823535569,0.8942616792,0.00741946598314,3.79183882919,-4.44273417191,-0.041538580334,4.68361367688,0.890322580645,11.851200777,,,,,,,,,,,,,
regression,classical_regression_v1,speed,2,60,test,road_id,NL-017,1085,,True,3.4398937353,2.6824654584,7.7919663313,0.9102821574,-0.535494581998,3.39795739566,-4.5825713662,-0.604308543731,3.70350495274,0.920737327189,11.851200777,,,,,,,,,,,,,
regression,classical_regression_v1,speed,2,60,test,road_id,NL-018,1085,,True,3.739677792,2.8171495405,8.4811195677,0.8907234226,-0.154045883045,3.73650369378,-4.65854157566,-0.119743319934,4.29920848387,0.891244239631,11.851200777,,,,,,,,,,,,,
regression,classical_regression_v1,speed,2,60,test,road_id,NL-019,1085,,True,3.9854559784,2.892434505,9.9083874624,0.8908759676,0.165189823117,3.98203109957,-4.21986918203,0.0933994865208,4.701183422,0.889400921659,11.851200777,,,,,,,,,,,,,
regression,classical_regression_v1,speed,2,60,test,road_id,NL-020,1085,,True,3.6700709725,2.8087904833,8.8277313965,0.9001238323,-0.291024988944,3.65851409713,-4.60523341636,-0.467201223463,4.16225340456,0.910599078341,11.851200777,,,,,,,,,,,,,
regression,classical_regression_v1,speed,2,60,test,road_id,NL-021,1085,,True,3.7042933112,2.8333235278,8.8463375831,0.8941544918,0.0656062269291,3.70371229422,-4.39982031727,0.106950954308,4.46965131617,0.890322580645,11.851200777,,,,,,,,,,,,,
regression,classical_regression_v1,speed,2,60,test,road_id,NL-022,1085,,True,3.4863170279,2.6834599028,8.0727142325,0.9067743918,-0.559139482635,3.44118721631,-4.84476544146,-0.594460343899,3.59565182022,0.915207373272,11.851200777,,,,,,,,,,,,,
regression,classical_regression_v1,speed,2,60,test,road_id,NL-023,1085,,True,3.7329316707,2.8192688001,8.9012704337,0.8963119175,-0.398722757876,3.71157635249,-4.79059892449,-0.437667444024,3.96292165479,0.906912442396,11.851200777,,,,,,,,,,,,,
regression,classical_regression_v1,speed,2,60,test,road_id,NL-024,1085,,True,3.8890057191,2.8984898611,9.2023293521,0.8869416533,-0.274350495569,3.87931660075,-4.78528101348,-0.242579328001,4.17620990217,0.899539170507,11.851200777,,,,,,,,,,,,,
regression,classical_regression_v1,speed,2,60,test,road_id,NL-025,1085,,True,3.5174520513,2.7324580415,7.8667745674,0.8991916965,-0.435707225007,3.49036217993,-4.58676290606,-0.522620785619,3.91059696891,0.908755760369,11.851200777,,,,,,,,,,,,,
regression,classical_regression_v1,speed,2,60,test,origin_hour,0,1100,,True,2.8126690433,2.2488262313,4.2925860856,0.0996980544,-0.150648091428,2.80863174872,-3.77078414115,-0.0998280226768,3.50356020753,0.968181818182,11.851200777,,,,,,,,,,,,,
regression,classical_regression_v1,speed,2,60,test,origin_hour,1,1100,,True,2.6430572568,2.1198764639,4.0849024533,0.1577609305,0.086169795455,2.64165221575,-3.18609681437,0.0917443908882,3.55606882306,0.976363636364,11.851200777,,,,,,,,,,,,,
regression,classical_regression_v1,speed,2,60,test,origin_hour,2,1100,,True,2.6556897995,2.1672112188,4.1529691636,0.1703830159,-0.0275666522437,2.65554672168,-3.49175428435,0.0513987698488,3.35424213487,0.976363636364,11.851200777,,,,,,,,,,,,,
regression,classical_regression_v1,speed,2,60,test,origin_hour,3,1100,,True,2.9245532431,2.3417721666,4.4743464625,0.0642222427,-0.423874135181,2.89367282002,-4.22477293183,-0.408142876472,3.21327549504,0.96,11.851200777,,,,,,,,,,,,,
regression,classical_regression_v1,speed,2,60,test,origin_hour,4,1100,,True,2.8492667874,2.2922048217,4.5108304489,0.1591152474,-0.101563498178,2.84745607189,-3.67069690917,-0.155528905888,3.44382316332,0.962727272727,11.851200777,,,,,,,,,,,,,
regression,classical_regression_v1,speed,2,60,test,origin_hour,5,1100,,True,2.9658404382,2.304625326,4.999131932,0.5407300083,-0.0532632735299,2.96536212434,-3.55786918281,-0.0181269440069,3.66097707503,0.945454545455,11.851200777,,,,,,,,,,,,,
regression,classical_regression_v1,speed,2,60,test,origin_hour,6,1100,,True,4.0721143982,3.1115493773,10.1654608053,0.7636827478,-0.257148133311,4.06398702132,-5.13443542817,-0.299631683302,4.8486838152,0.876363636364,11.851200777,,,,,,,,,,,,,
regression,classical_regression_v1,speed,2,60,test,origin_hour,7,1100,,True,5.4621335009,4.3029975866,27.8381108663,0.7256891693,0.297688438038,5.45401539923,-6.54349867729,0.173311986592,6.98614058397,0.731818181818,11.851200777,,,,,,,,,,,,,
regression,classical_regression_v1,speed,2,60,test,origin_hour,8,1125,,True,5.6408142082,4.3152838497,23.7660186649,0.6921841494,-0.00373489964196,5.64081297176,-6.77850163471,-0.0653301919767,7.34042917904,0.723555555556,11.851200777,,,,,,,,,,,,,
regression,classical_regression_v1,speed,2,60,test,origin_hour,9,1150,,True,4.0839542343,3.1889521437,10.0805508089,0.6858174386,0.240246966441,4.07688160034,-4.68127994064,0.0109985181495,5.42903803988,0.853913043478,11.851200777,,,,,,,,,,,,,
regression,classical_regression_v1,speed,2,60,test,origin_hour,10,1150,,True,3.3482689594,2.6751396246,6.3169788708,0.5161800479,-0.1656325328,3.344169686,-4.29349255391,-0.328655945408,4.21366950886,0.929565217391,11.851200777,,,,,,,,,,,,,
regression,classical_regression_v1,speed,2,60,test,origin_hour,11,1150,,True,3.1927491458,2.5020432994,5.6450115718,0.5079871558,-0.197942344522,3.18660727679,-4.42016156432,-0.133508486443,3.62999017009,0.927826086957,11.851200777,,,,,,,,,,,,,
regression,classical_regression_v1,speed,2,60,test,origin_hour,12,1150,,True,3.2503357669,2.5831573045,5.8727366869,0.4473001284,0.206821884298,3.24374895854,-3.78683047438,0.160874387539,4.19424180307,0.934782608696,11.851200777,,,,,,,,,,,,,
regression,classical_regression_v1,speed,2,60,test,origin_hour,13,1150,,True,3.1580254439,2.457024805,5.7021273225,0.4945714481,0.198230538917,3.15179779771,-3.82664826949,0.129825029939,3.97390732819,0.94,11.851200777,,,,,,,,,,,,,
regression,classical_regression_v1,speed,2,60,test,origin_hour,14,1150,,True,3.3529104721,2.5969159668,6.5998219451,0.6352786085,-0.193285234011,3.34733467885,-4.3575690576,-0.193724116074,3.94321911387,0.922608695652,11.851200777,,,,,,,,,,,,,
regression,classical_regression_v1,speed,2,60,test,origin_hour,15,1150,,True,4.5339459278,3.48084829,11.7177602472,0.6696896262,-0.0172393888448,4.5339131531,-5.49410741451,-0.0128083561487,5.50216535757,0.83652173913,11.851200777,,,,,,,,,,,,,
regression,classical_regression_v1,speed,2,60,test,origin_hour,16,1150,,True,5.4930970946,4.2305825755,20.6571199032,0.6807478162,-0.050388320309,5.4928659831,-6.37840187756,-0.210448392958,6.98954605163,0.750434782609,11.851200777,,,,,,,,,,,,,
regression,classical_regression_v1,speed,2,60,test,origin_hour,17,1150,,True,5.1653538976,4.0332231219,20.6451838097,0.7065126319,0.316128473845,5.15567102089,-6.28786922604,0.450619819965,6.54905597948,0.773913043478,11.851200777,,,,,,,,,,,,,
regression,classical_regression_v1,speed,2,60,test,origin_hour,18,1150,,True,4.4788670564,3.4430305952,11.4165933146,0.6750650731,-0.244151904838,4.47220750369,-5.64361398826,-0.349581060117,5.57367622888,0.825217391304,11.851200777,,,,,,,,,,,,,
regression,classical_regression_v1,speed,2,60,test,origin_hour,19,1150,,True,3.2213932305,2.5343325179,5.8478689312,0.5852031416,0.00149988950463,3.22139288133,-3.93435626987,-0.0891050466087,4.12144963931,0.929565217391,11.851200777,,,,,,,,,,,,,
regression,classical_regression_v1,speed,2,60,test,origin_hour,20,1150,,True,2.8537969502,2.2518724186,4.52989562,0.3228829247,-0.069471140092,2.85295124275,-3.66407645063,-0.0659326270328,3.61591697283,0.95652173913,11.851200777,,,,,,,,,,,,,
regression,classical_regression_v1,speed,2,60,test,origin_hour,21,1150,,True,2.6741925721,2.129929214,4.1018178794,0.0591232828,-0.155740353818,2.66965369571,-3.59385652711,-0.0908548475853,3.11803090888,0.971304347826,11.851200777,,,,,,,,,,,,,
regression,classical_regression_v1,speed,2,60,test,origin_hour,22,1150,,True,2.8363067792,2.2301186215,4.2920107371,0.0845969953,0.0202785333938,2.83623428634,-3.49747654133,-0.0450354456722,3.50080403375,0.959130434783,11.851200777,,,,,,,,,,,,,
regression,classical_regression_v1,speed,2,60,test,origin_hour,23,1100,,True,3.6869651981,2.8988635541,5.4553828044,-0.5643069914,-1.22590798835,3.47719167948,-5.82259368706,-1.14963328817,3.13137403663,0.892727272727,11.851200777,,,,,,,,,,,,,
regression,classical_regression_v1,speed,2,60,test,weekday,Friday,4375,,True,3.8134525773,2.9436143485,10.0936287848,0.9019845916,-0.0492949775288,3.81313395576,-4.71729314082,-0.12901849375,4.548687204,0.8848,11.851200777,,,,,,,,,,,,,
regression,classical_regression_v1,speed,2,60,test,weekday,Monday,3600,,True,4.1779295225,3.0728431732,10.4604669797,0.883515127,-0.0923884935607,4.17690788281,-4.75944961415,-0.0335872862332,4.73031303506,0.876111111111,11.851200777,,,,,,,,,,,,,
regression,classical_regression_v1,speed,2,60,test,weekday,Saturday,4750,,True,3.6573652299,2.6823395249,6.8266613424,0.7919780852,0.00555130447864,3.6573610169,-4.11913800201,-0.137556809643,4.02886401435,0.916,11.851200777,,,,,,,,,,,,,
regression,classical_regression_v1,speed,2,60,test,weekday,Sunday,3600,,True,3.3265920713,2.6123606771,5.7083727077,0.7756482282,-0.354151438717,3.3076867396,-4.42395370831,-0.441096992607,3.76028915447,0.927222222222,11.851200777,,,,,,,,,,,,,
regression,classical_regression_v1,speed,2,60,test,weekday,Thursday,3600,,True,4.1086363035,3.1182793549,12.2474827808,0.913942582,0.0444490711609,4.10839586149,-4.88074513395,0.103460804786,5.03426341409,0.8675,11.851200777,,,,,,,,,,,,,
regression,classical_regression_v1,speed,2,60,test,weekday,Tuesday,3600,,True,3.6099922555,2.7766009203,9.4480927757,0.9130610278,0.00388601731737,3.60999016393,-4.42473993657,0.0216208026282,4.37618753423,0.906666666667,11.851200777,,,,,,,,,,,,,
regression,classical_regression_v1,speed,2,60,test,weekday,Wednesday,3600,,True,3.6382664501,2.8059531821,9.0969447861,0.9075441045,-0.152870572047,3.63505341781,-4.53902079408,-0.0548399811834,4.30807304979,0.894444444444,11.851200777,,,,,,,,,,,,,
regression,classical_regression_v1,speed,2,60,test,weekday_type,weekday,18775,,True,3.8741943272,2.9434646415,10.2620708545,0.9049669794,-0.0492459038272,3.87388132569,-4.6329206779,-0.0244818457275,4.58421869981,0.88585885486,11.851200777,,,,,,,,,,,,,
regression,classical_regression_v1,speed,2,60,test,weekday_type,weekend,8350,,True,3.5185716912,2.6521690037,6.344524925,0.789380037,-0.149530117737,3.51539293537,-4.2592670895,-0.246505383606,3.9111478207,0.920838323353,11.851200777,,,,,,,,,,,,,
regression,classical_regression_v1,speed,2,60,test,peak_status,evening_peak,3450,,True,4.3634277559,3.3368620783,12.6365486852,0.8452316922,0.0244921528371,4.36335901744,-5.31144637783,-0.00190398407075,5.36646897346,0.842898550725,11.851200777,,,,,,,,,,,,,
regression,classical_regression_v1,speed,2,60,test,peak_status,morning_peak,3375,,True,5.1003270827,3.9274923382,20.4300226315,0.7973758161,0.177641342563,5.09723257309,-5.9601439329,0.0367874067231,6.71438429252,0.770666666667,11.851200777,,,,,,,,,,,,,
regression,classical_regression_v1,speed,2,60,test,peak_status,off_peak,20300,,True,3.3783995477,2.5931871435,6.5566376391,0.8578643136,-0.140749053493,3.37546636895,-4.22454253092,-0.140026703187,3.88775903434,0.926699507389,11.851200777,,,,,,,,,,,,,
regression,classical_regression_v1,speed,2,60,test,weather_condition,Clear,20397,,True,3.7558253738,2.837016281,8.9121153345,0.8948229551,-0.0565800106539,3.75539917201,-4.43137109361,-0.0896224462364,4.38271152847,0.898514487425,11.851200777,,,,,,,,,,,,,
regression,classical_regression_v1,speed,2,60,test,weather_condition,Cloudy,4424,,True,3.7379551183,2.8469844173,9.5835809214,0.9116705851,-0.23300884179,3.73068564019,-4.7161302484,-0.242423564324,4.23156626609,0.893761301989,11.851200777,,,,,,,,,,,,,
regression,classical_regression_v1,speed,2,60,test,weather_condition,Fog,166,,True,3.9575932615,3.1147581039,11.4265614001,0.8774469367,0.128538940397,3.9555052982,-4.65699249413,-0.238514500239,4.52418223988,0.873493975904,11.851200777,,,,,,,,,,,,,
regression,classical_regression_v1,speed,2,60,test,weather_condition,Overcast,970,,True,3.8649375196,2.8410083048,9.4638505841,0.8824803604,-0.305014378925,3.85288311002,-4.61147808068,-0.382257650062,3.90358521519,0.9,11.851200777,,,,,,,,,,,,,
regression,classical_regression_v1,speed,2,60,test,weather_condition,Rain,1168,,True,3.9851281606,3.1461059748,8.8974663399,0.8328014481,0.245078552547,3.97758506633,-5.04832826172,0.485965919909,4.77726834142,0.875,11.851200777,,,,,,,,,,,,,
regression,classical_regression_v1,speed,2,60,test,actual_congestion,Free-flow,16317,,True,3.0466405338,2.3832078847,4.805800149,0.4752805343,-0.404311606826,3.01969380349,-4.186671327,-0.378705601026,3.32952276272,0.9490715205,11.851200777,,,,,,,,,,,,,
regression,classical_regression_v1,speed,2,60,test,actual_congestion,Heavy,2671,,True,4.8875577383,3.8897244436,16.1223261836,-0.8943159071,-0.0372612924334,4.88741570167,-6.27709741917,-0.0861484133912,6.39409525989,0.77087233246,11.851200777,,,,,,,,,,,,,
regression,classical_regression_v1,speed,2,60,test,actual_congestion,Moderate,6567,,True,4.0641351345,3.0775449578,8.6487282055,0.1855320185,-0.328870018226,4.0508071915,-5.36917698299,-0.0961441188514,4.25730110017,0.877112836912,11.851200777,,,,,,,,,,,,,
regression,classical_regression_v1,speed,2,60,test,actual_congestion,Severe,1570,,True,6.2561300889,5.0462834675,42.9120961938,-0.9491454065,4.25681432032,4.58461509092,-0.755385168048,4.15873363369,9.66583864926,0.647133757962,11.851200777,,,,,,,,,,,,,
regression,classical_regression_v1,speed,2,60,validation,overall,all,27125,,True,3.7590777742,2.8335186851,8.8629248669,0.8903613758,-0.0394196216689,3.75887108135,-4.46419836674,-0.0462675756959,4.39678075274,0.900055299539,11.851200777,,,,,,,,,,,,,
regression,classical_regression_v1,speed,2,60,validation,road_id,NL-001,1085,,True,3.8101083876,2.8139958391,8.8035178138,0.887486309,-0.166354288593,3.80647503284,-4.29934664465,-0.240619862047,4.30206932618,0.905069124424,11.851200777,,,,,,,,,,,,,
regression,classical_regression_v1,speed,2,60,validation,road_id,NL-002,1085,,True,3.8748001712,2.8902765418,8.941539207,0.8832755372,-0.0567948786019,3.87438391341,-4.54753102186,0.063325372952,4.38504080179,0.905069124424,11.851200777,,,,,,,,,,,,,
regression,classical_regression_v1,speed,2,60,validation,road_id,NL-003,1085,,True,3.9200603404,2.9560977028,10.1107826086,0.8861559843,0.434184261841,3.8959411057,-4.102415621,0.314103817861,5.02163202999,0.891244239631,11.851200777,,,,,,,,,,,,,
regression,classical_regression_v1,speed,2,60,validation,road_id,NL-004,1085,,True,3.9899231399,2.9987698924,9.9395700556,0.8775305671,0.466955863417,3.9625041178,-4.23305549329,0.479808505509,4.92492236865,0.892165898618,11.851200777,,,,,,,,,,,,,
regression,classical_regression_v1,speed,2,60,validation,road_id,NL-005,1085,,True,3.8432262805,2.8578653282,9.8313554093,0.8939316919,0.67605532324,3.78329716553,-3.53756684668,0.475863130894,5.40467896108,0.890322580645,11.851200777,,,,,,,,,,,,,
regression,classical_regression_v1,speed,2,60,validation,road_id,NL-006,1085,,True,3.9695905588,2.9785617826,9.8781151256,0.8806790954,0.246784816235,3.96191197011,-4.41368526602,0.300606337257,4.71764592264,0.888479262673,11.851200777,,,,,,,,,,,,,
regression,classical_regression_v1,speed,2,60,validation,road_id,NL-007,1085,,True,3.747411665,2.8412090254,8.8226707908,0.8923188381,-0.185710972466,3.74280718467,-4.38580577001,-0.260884129269,4.33622259279,0.910599078341,11.851200777,,,,,,,,,,,,,
regression,classical_regression_v1,speed,2,60,validation,road_id,NL-008,1085,,True,3.6320687611,2.7930264947,8.7377945841,0.9004984591,-0.381441492169,3.61198364803,-4.70229163068,-0.507427771746,4.12062474952,0.90599078341,11.851200777,,,,,,,,,,,,,
regression,classical_regression_v1,speed,2,60,validation,road_id,NL-009,1085,,True,3.7890820766,2.9028608251,9.2604612401,0.8917737598,0.441821239349,3.76323490842,-3.91440623436,0.400835905249,5.001482273,0.881105990783,11.851200777,,,,,,,,,,,,,
regression,classical_regression_v1,speed,2,60,validation,road_id,NL-010,1085,,True,3.7223646134,2.8603886138,7.9957620384,0.8852245748,-0.517871976227,3.68616425728,-4.88417619238,-0.476836468275,4.0949332797,0.90599078341,11.851200777,,,,,,,,,,,,,
regression,classical_regression_v1,speed,2,60,validation,road_id,NL-011,1085,,True,3.6457964649,2.7326585169,8.1600564646,0.8953927891,-0.387637997455,3.62513015583,-4.7002068718,-0.260748909032,3.63685899458,0.905069124424,11.851200777,,,,,,,,,,,,,
regression,classical_regression_v1,speed,2,60,validation,road_id,NL-012,1085,,True,3.6527167904,2.7753220081,8.8546348709,0.8932303667,0.0940250565437,3.65150643431,-4.35578880142,0.121986681215,4.43907739132,0.902304147465,11.851200777,,,,,,,,,,,,,
regression,classical_regression_v1,speed,2,60,validation,road_id,NL-013,1085,,True,3.6554970892,2.8331599473,9.112789541,0.898119388,0.34179998896,3.63948234457,-4.21402156437,0.319784646953,4.86658958161,0.903225806452,11.851200777,,,,,,,,,,,,,
regression,classical_regression_v1,speed,2,60,validation,road_id,NL-014,1085,,True,3.4692634958,2.6698062325,7.589061673,0.8981347369,-0.408750291487,3.44509976671,-4.47171245012,-0.471001589617,3.71494096924,0.930875576037,11.851200777,,,,,,,,,,,,,
regression,classical_regression_v1,speed,2,60,validation,road_id,NL-015,1085,,True,3.8612963835,2.9636028526,9.7687778895,0.8855504265,0.53847459201,3.82356572783,-4.04597612817,0.607051390097,5.15277206935,0.887557603687,11.851200777,,,,,,,,,,,,,
regression,classical_regression_v1,speed,2,60,validation,road_id,NL-016,1085,,True,3.9809534271,2.8656989849,9.5714663164,0.875195051,-0.00289994327993,3.9809523709,-4.60346767175,0.00532452703591,4.31982463935,0.894930875576,11.851200777,,,,,,,,,,,,,
regression,classical_regression_v1,speed,2,60,validation,road_id,NL-017,1085,,True,3.7278924607,2.8701354303,8.5089135598,0.892455882,-0.277005368207,3.71758661289,-4.70415426446,-0.364298010294,4.38538526273,0.888479262673,11.851200777,,,,,,,,,,,,,
regression,classical_regression_v1,speed,2,60,validation,road_id,NL-018,1085,,True,3.8085852992,2.8141854464,8.7339732255,0.8861276064,-0.00261455508931,3.80858440178,-4.27838929961,0.0753268470435,4.50068581593,0.897695852535,11.851200777,,,,,,,,,,,,,
regression,classical_regression_v1,speed,2,60,validation,road_id,NL-019,1085,,True,4.0887208527,2.9869678333,10.246536985,0.8741263278,0.196392984413,4.08400146997,-4.6497706198,0.241464326851,4.69806679125,0.882949308756,11.851200777,,,,,,,,,,,,,
regression,classical_regression_v1,speed,2,60,validation,road_id,NL-020,1085,,True,3.4322484585,2.6412774641,7.7774447592,0.9040654416,-0.439709034447,3.40396613468,-4.66511361795,-0.435982192714,3.61807575409,0.910599078341,11.851200777,,,,,,,,,,,,,
regression,classical_regression_v1,speed,2,60,validation,road_id,NL-021,1085,,True,3.6923732133,2.7328741516,8.6258292097,0.8953215362,-0.248823878875,3.68397972626,-4.59012143142,-0.15328580922,3.87525188129,0.912442396313,11.851200777,,,,,,,,,,,,,
regression,classical_regression_v1,speed,2,60,validation,road_id,NL-022,1085,,True,3.7020088848,2.8121757596,7.8661525707,0.8839335708,-0.411466542161,3.67907122354,-5.08738989635,-0.277432779764,3.76472514612,0.899539170507,11.851200777,,,,,,,,,,,,,
regression,classical_regression_v1,speed,2,60,validation,road_id,NL-023,1085,,True,3.6683898362,2.7660191968,8.3080418093,0.8950087446,-0.244408227558,3.66023887316,-4.52748081324,-0.357247917126,3.95275454105,0.907834101382,11.851200777,,,,,,,,,,,,,
regression,classical_regression_v1,speed,2,60,validation,road_id,NL-024,1085,,True,3.6268715833,2.7151561535,8.121096701,0.8904666683,-0.217170118599,3.62036387968,-4.46093034898,-0.0150713871779,3.99204977458,0.904147465438,11.851200777,,,,,,,,,,,,,
regression,classical_regression_v1,speed,2,60,validation,road_id,NL-025,1085,,True,3.5822648372,2.7658751044,8.0067772228,0.8924159016,-0.473325102518,3.55085689816,-4.94583647025,-0.475871284141,3.7551644666,0.897695852535,11.851200777,,,,,,,,,,,,,
regression,classical_regression_v1,speed,2,60,validation,origin_hour,0,1150,,True,2.6576954759,2.1390848902,4.0840968664,0.0428009953,-0.0856764202499,2.6563141368,-3.43908446291,-0.0885524916468,3.38030571018,0.98347826087,11.851200777,,,,,,,,,,,,,
regression,classical_regression_v1,speed,2,60,validation,origin_hour,1,1150,,True,2.710721198,2.1822849427,4.154537958,0.0020181366,-0.106387101255,2.70863271742,-3.58708284627,-0.0777326567392,3.38127883828,0.972173913043,11.851200777,,,,,,,,,,,,,
regression,classical_regression_v1,speed,2,60,validation,origin_hour,2,1150,,True,2.6804403515,2.1390531339,4.1003185775,0.0844559734,0.0876965134883,2.67900537507,-3.33321951611,0.141994945955,3.4637301596,0.971304347826,11.851200777,,,,,,,,,,,,,
regression,classical_regression_v1,speed,2,60,validation,origin_hour,3,1150,,True,2.9462585833,2.362274623,4.5322153018,0.0486805047,-0.180243260321,2.94074004406,-3.97194048386,-0.196516566652,3.53780612342,0.962608695652,11.851200777,,,,,,,,,,,,,
regression,classical_regression_v1,speed,2,60,validation,origin_hour,4,1150,,True,2.7850524043,2.1951943,4.2832419906,0.119719739,-0.208458581164,2.77723998144,-3.76323681951,-0.125296855552,3.24405368341,0.969565217391,11.851200777,,,,,,,,,,,,,
regression,classical_regression_v1,speed,2,60,validation,origin_hour,5,1150,,True,2.9667518179,2.3575010738,5.1040090009,0.4702890991,0.128251545212,2.96397838899,-3.55621252213,0.0223230050236,3.90689622904,0.958260869565,11.851200777,,,,,,,,,,,,,
regression,classical_regression_v1,speed,2,60,validation,origin_hour,6,1150,,True,4.1786517998,3.1637060597,10.214828889,0.6920950748,0.0567311797405,4.17826667852,-5.11866359714,0.0153147972669,5.07968773715,0.854782608696,11.851200777,,,,,,,,,,,,,
regression,classical_regression_v1,speed,2,60,validation,origin_hour,7,1125,,True,5.791129302,4.5268580805,29.2044959409,0.631910899,0.499597330893,5.76953907171,-6.59612734319,0.789699741723,7.15536217007,0.706666666667,11.851200777,,,,,,,,,,,,,
regression,classical_regression_v1,speed,2,60,validation,origin_hour,8,1100,,True,5.8331768411,4.4842253899,24.5261059789,0.6110001877,0.0995937331021,5.83232656384,-7.04614042425,0.203808244421,7.25893653366,0.721818181818,11.851200777,,,,,,,,,,,,,
regression,classical_regression_v1,speed,2,60,validation,origin_hour,9,1100,,True,4.1108551107,3.1848279155,9.2019221541,0.6050710652,-0.137054797806,4.10856979048,-5.25104397838,-0.226448022891,4.91207988208,0.853636363636,11.851200777,,,,,,,,,,,,,
regression,classical_regression_v1,speed,2,60,validation,origin_hour,10,1100,,True,3.3004171636,2.6158472621,5.9881180447,0.4318156836,-0.34015078708,3.28284189325,-4.54692338491,-0.382393515048,3.70164160977,0.921818181818,11.851200777,,,,,,,,,,,,,
regression,classical_regression_v1,speed,2,60,validation,origin_hour,11,1100,,True,3.0352594597,2.3831147902,5.2416959909,0.4190355691,-0.346298719166,3.01543979954,-4.31157192533,-0.236369477506,3.35519549845,0.938181818182,11.851200777,,,,,,,,,,,,,
regression,classical_regression_v1,speed,2,60,validation,origin_hour,12,1100,,True,2.9462050777,2.3450849206,5.2026515698,0.4160324421,-0.118425663488,2.94382399646,-3.93578995591,-0.10107719216,3.63868809846,0.949090909091,11.851200777,,,,,,,,,,,,,
regression,classical_regression_v1,speed,2,60,validation,origin_hour,13,1100,,True,3.11069112,2.4932618616,5.7023175707,0.4295099338,0.223535321277,3.10264906233,-3.73262569934,0.129468861066,4.21448316821,0.944545454545,11.851200777,,,,,,,,,,,,,
regression,classical_regression_v1,speed,2,60,validation,origin_hour,14,1100,,True,3.2909092901,2.6217029837,6.4008741349,0.5428666149,-0.00735849540785,3.29090106325,-4.08890380501,0.0227674781904,4.02511855687,0.931818181818,11.851200777,,,,,,,,,,,,,
regression,classical_regression_v1,speed,2,60,validation,origin_hour,15,1100,,True,4.0579565356,3.1616645068,9.6347316553,0.6158604704,-0.204427564513,4.05280404363,-5.42570950337,-0.143926418708,4.70401301042,0.866363636364,11.851200777,,,,,,,,,,,,,
regression,classical_regression_v1,speed,2,60,validation,origin_hour,16,1100,,True,5.4794861837,4.1828199591,18.9197002721,0.5663355257,-0.140039349002,5.47769639706,-6.7023464283,-0.211254326299,6.56050661355,0.745454545455,11.851200777,,,,,,,,,,,,,
regression,classical_regression_v1,speed,2,60,validation,origin_hour,17,1150,,True,5.6917065072,4.4668678652,22.6508861079,0.5833728065,0.175456529082,5.68900149149,-6.79358184257,-0.00650714651981,7.75092873395,0.718260869565,11.851200777,,,,,,,,,,,,,
regression,classical_regression_v1,speed,2,60,validation,origin_hour,18,1150,,True,4.502170095,3.4567947415,10.9594571882,0.5986514891,-0.346744343756,4.48879760338,-5.8685318853,-0.2742924427,5.2455951556,0.829565217391,11.851200777,,,,,,,,,,,,,
regression,classical_regression_v1,speed,2,60,validation,origin_hour,19,1150,,True,3.2401435083,2.5650006357,5.7917998272,0.4585143799,-0.036496502836,3.23993795612,-4.08326482946,-0.0877056732047,4.17484544873,0.927826086957,11.851200777,,,,,,,,,,,,,
regression,classical_regression_v1,speed,2,60,validation,origin_hour,20,1150,,True,3.0086680188,2.3955420637,4.8293712158,0.1579811526,0.0807450573408,3.00758432679,-3.87084495651,0.0705627231322,3.96634134699,0.955652173913,11.851200777,,,,,,,,,,,,,
regression,classical_regression_v1,speed,2,60,validation,origin_hour,21,1150,,True,2.7125906502,2.1581613947,4.2046208914,0.1252156872,0.149365011308,2.70847524061,-3.24831999015,0.122645291278,3.54033145874,0.974782608696,11.851200777,,,,,,,,,,,,,
regression,classical_regression_v1,speed,2,60,validation,origin_hour,22,1150,,True,2.7751501206,2.2203130444,4.2896034455,0.0949723628,0.144412406304,2.77139012935,-3.44330126339,0.102560728753,3.6189476921,0.971304347826,11.851200777,,,,,,,,,,,,,
regression,classical_regression_v1,speed,2,60,validation,origin_hour,23,1150,,True,2.9308397679,2.3257642274,4.4113170629,-0.0890802237,-0.348752277007,2.91001608143,-4.0807779333,-0.24264110463,3.37592313942,0.958260869565,11.851200777,,,,,,,,,,,,,
regression,classical_regression_v1,speed,2,60,validation,weekday,Friday,3975,,True,3.6580176902,2.8192914837,9.5023931028,0.9120336592,-0.055641184089,3.65759449367,-4.54131574178,-0.0798584716847,4.4770321588,0.896100628931,11.851200777,,,,,,,,,,,,,
regression,classical_regression_v1,speed,2,60,validation,weekday,Monday,3600,,True,3.9997993012,3.000031511,10.0322004941,0.8906639862,-0.0754562021044,3.99908749733,-4.65939275779,0.0500798602537,4.64261417712,0.880277777778,11.851200777,,,,,,,,,,,,,
regression,classical_regression_v1,speed,2,60,validation,weekday,Saturday,3600,,True,3.5299687868,2.5982761833,6.633020369,0.8004593209,0.166351591914,3.52604690607,-3.92900978161,0.0568421488638,4.06330881621,0.933888888889,11.851200777,,,,,,,,,,,,,
regression,classical_regression_v1,speed,2,60,validation,weekday,Sunday,3600,,True,3.0518077809,2.4064768394,5.5287409485,0.8372261368,-0.0670693478492,3.05107070288,-3.97603615247,-0.0601316630516,3.69454624963,0.945555555556,11.851200777,,,,,,,,,,,,,
regression,classical_regression_v1,speed,2,60,validation,weekday,Thursday,4800,,True,3.7929725135,2.8803053833,9.8138680235,0.9045228284,0.0268620225017,3.79287739323,-4.47415335417,0.0770358351346,4.62122560396,0.893541666667,11.851200777,,,,,,,,,,,,,
regression,classical_regression_v1,speed,2,60,validation,weekday,Tuesday,3600,,True,3.8376667817,2.9407576644,10.4508608589,0.9037317543,0.0705394886198,3.83701843986,-4.45539654625,-0.0263283284932,4.82956211164,0.884722222222,11.851200777,,,,,,,,,,,,,
regression,classical_regression_v1,speed,2,60,validation,weekday,Wednesday,3950,,True,4.2708176268,3.1450868186,9.6219990643,0.860753386,-0.333351176991,4.25778818097,-5.16943960486,-0.286847907913,4.4813079943,0.87164556962,11.851200777,,,,,,,,,,,,,
regression,classical_regression_v1,speed,2,60,validation,weekday_type,weekday,19925,,True,3.9118720317,2.9531785923,9.8682306786,0.89638197,-0.0716021739725,3.91121668039,-4.64627122474,-0.0642598604814,4.60346333786,0.885721455458,11.851200777,,,,,,,,,,,,,
regression,classical_regression_v1,speed,2,60,validation,weekday_type,weekend,7200,,True,3.2995613623,2.5023765113,6.0808806587,0.8182043858,0.0496411220323,3.29918792169,-3.96982190511,-0.00799335928853,3.89581680497,0.939722222222,11.851200777,,,,,,,,,,,,,
regression,classical_regression_v1,speed,2,60,validation,peak_status,evening_peak,3450,,True,4.5885214932,3.4962210808,13.1340477078,0.8142447665,-0.06926143917,4.58799873006,-5.6128844643,-0.133934492974,5.49995555549,0.825217391304,11.851200777,,,,,,,,,,,,,
regression,classical_regression_v1,speed,2,60,validation,peak_status,morning_peak,3325,,True,5.309855099,4.0687741283,21.0393650766,0.763483821,0.156643556716,5.30754406182,-6.19089730264,0.142601181021,6.58629674721,0.76030075188,11.851200777,,,,,,,,,,,,,
regression,classical_regression_v1,speed,2,60,validation,peak_status,off_peak,20350,,True,3.2648019743,2.5193394412,6.1493112306,0.8508357507,-0.0663953365461,3.2641267731,-4.08009881365,-0.0546798165984,3.88066175901,0.935577395577,11.851200777,,,,,,,,,,,,,
regression,classical_regression_v1,speed,2,60,validation,weather_condition,Clear,20325,,True,3.6631374902,2.7823776458,8.7165526043,0.8964659149,0.00897384266885,3.66312649822,-4.34682369221,-0.0103899868023,4.37704569524,0.906027060271,11.851200777,,,,,,,,,,,,,
regression,classical_regression_v1,speed,2,60,validation,weather_condition,Cloudy,5024,,True,4.0256679947,2.9841820321,9.4083536981,0.8761955828,-0.181536533085,4.02157273847,-4.78632268739,-0.153883217168,4.48068119149,0.881170382166,11.851200777,,,,,,,,,,,,,
regression,classical_regression_v1,speed,2,60,validation,weather_condition,Fog,176,,True,5.1229795391,3.2840892126,8.6990036432,0.4391110515,0.234595177661,5.11760534434,-4.51071895893,0.54479330363,4.46745606938,0.892045454545,11.851200777,,,,,,,,,,,,,
regression,classical_regression_v1,speed,2,60,validation,weather_condition,Overcast,856,,True,3.8163204194,2.8542388705,9.1378650244,0.8901819953,-0.248821103678,3.80820031008,-4.69253370315,-0.268276926151,4.05849272211,0.893691588785,11.851200777,,,,,,,,,,,,,
regression,classical_regression_v1,speed,2,60,validation,weather_condition,Rain,744,,True,4.0255632612,3.0828091108,8.900939852,0.8430858204,-0.225684051497,4.01923205086,-5.45316087535,0.0969962176482,4.78094465252,0.873655913978,11.851200777,,,,,,,,,,,,,
regression,classical_regression_v1,speed,2,60,validation,actual_congestion,Free-flow,16486,,True,2.9892375239,2.3456998565,4.7372590865,0.4695980959,-0.346813431301,2.96905059208,-4.06906586578,-0.286538807493,3.35414861157,0.955841319908,11.851200777,,,,,,,,,,,,,
regression,classical_regression_v1,speed,2,60,validation,actual_congestion,Heavy,2600,,True,4.9683403578,3.9021494145,15.9692766448,-0.8990319829,-0.122731813911,4.96682421801,-6.30930818694,-0.176654742291,6.04071066287,0.783846153846,11.851200777,,,,,,,,,,,,,
regression,classical_regression_v1,speed,2,60,validation,actual_congestion,Moderate,6595,,True,4.1304472636,3.0930423714,8.6661733003,0.1445413066,-0.230545336992,4.12400817712,-5.44038473375,0.0675837659204,4.44027051549,0.873388931008,11.851200777,,,,,,,,,,,,,
regression,classical_regression_v1,speed,2,60,validation,actual_congestion,Severe,1444,,True,6.4077138317,5.293478935,44.0684567319,-1.3130498693,4.49297659577,4.56858379133,-1.05461180542,4.7357785728,9.71021751203,0.594182825485,11.851200777,,,,,,,,,,,,,
regression,classical_regression_v1,speed,3,90,test,overall,all,27100,,True,3.7940188313,2.8714671676,9.1447160492,0.8943737872,-0.072025186163,3.79333511105,-4.53114641733,-0.114284285808,4.47030513873,0.904833948339,12.2148129273,,,,,,,,,,,,,
regression,classical_regression_v1,speed,3,90,test,road_id,NL-001,1084,,True,3.7128359167,2.8026465133,8.7493600605,0.8970409203,-0.373464179895,3.6940052857,-4.86935415734,-0.309217677382,3.9122696376,0.903136531365,12.2148129273,,,,,,,,,,,,,
regression,classical_regression_v1,speed,3,90,test,road_id,NL-002,1084,,True,3.6772487548,2.8294181541,9.0774837108,0.8992056683,-0.13978359606,3.67459099097,-4.62034274671,-0.120923186127,4.33852038989,0.901291512915,12.2148129273,,,,,,,,,,,,,
regression,classical_regression_v1,speed,3,90,test,road_id,NL-003,1084,,True,3.8077766519,2.8815493019,9.7368055029,0.8947551482,0.505394634658,3.77408787575,-3.87040811473,0.522075870071,4.99293009165,0.909594095941,12.2148129273,,,,,,,,,,,,,
regression,classical_regression_v1,speed,3,90,test,road_id,NL-004,1084,,True,3.9990958471,2.9993819153,10.4386355937,0.8901971189,0.791004138941,3.92008673963,-3.76904346622,0.864673385625,5.3136135931,0.90036900369,12.2148129273,,,,,,,,,,,,,
regression,classical_regression_v1,speed,3,90,test,road_id,NL-005,1084,,True,3.8898835359,2.9266666377,9.9705247226,0.8945714286,0.865764883074,3.79231394934,-3.38166726013,0.862517338898,5.50588175031,0.886531365314,12.2148129273,,,,,,,,,,,,,
regression,classical_regression_v1,speed,3,90,test,road_id,NL-006,1084,,True,4.0138822533,3.0482890632,10.0007217561,0.8845530633,0.649641738593,3.9609615442,-4.15482736205,0.646614437399,5.41509500143,0.886531365314,12.2148129273,,,,,,,,,,,,,
regression,classical_regression_v1,speed,3,90,test,road_id,NL-007,1084,,True,3.9144241323,2.8502735984,8.8488904649,0.8868282683,-0.606089383478,3.86721759756,-4.87884640347,-0.650994406213,3.76235840009,0.901291512915,12.2148129273,,,,,,,,,,,,,
regression,classical_regression_v1,speed,3,90,test,road_id,NL-008,1084,,True,3.7375117684,2.7930257932,8.6820357457,0.8941058107,-0.563441203803,3.69479745437,-4.82470516161,-0.624892963306,3.3690570903,0.913284132841,12.2148129273,,,,,,,,,,,,,
regression,classical_regression_v1,speed,3,90,test,road_id,NL-009,1084,,True,4.2055133038,3.1821512553,11.3272497605,0.8807238562,0.928949814795,4.10163313692,-3.84394019323,0.765635337379,5.87440176479,0.879151291513,12.2148129273,,,,,,,,,,,,,
regression,classical_regression_v1,speed,3,90,test,road_id,NL-010,1084,,True,3.7007853093,2.7963758144,8.5768977868,0.8992779413,-0.465407866919,3.67140401253,-4.82412836924,-0.46638201568,3.67088343699,0.913284132841,12.2148129273,,,,,,,,,,,,,
regression,classical_regression_v1,speed,3,90,test,road_id,NL-011,1084,,True,3.6677797175,2.8268753724,8.1345583334,0.8975205338,-0.77607834255,3.58473296951,-4.96333145598,-0.825044219806,3.5506217417,0.916974169742,12.2148129273,,,,,,,,,,,,,
regression,classical_regression_v1,speed,3,90,test,road_id,NL-012,1084,,True,3.7393247524,2.8729505119,9.4359846645,0.8982367484,0.571333172096,3.69541986931,-3.92233660844,0.484174828979,5.18644955549,0.899446494465,12.2148129273,,,,,,,,,,,,,
regression,classical_regression_v1,speed,3,90,test,road_id,NL-013,1084,,True,3.669444938,2.7820078148,9.6481538082,0.9047551485,0.667434613795,3.60823463615,-3.36865312076,0.661845367248,5.03677551875,0.90405904059,12.2148129273,,,,,,,,,,,,,
regression,classical_regression_v1,speed,3,90,test,road_id,NL-014,1084,,True,3.9380882915,2.9282318437,8.6695092331,0.8818835575,-0.960291648105,3.81921187452,-5.38495715307,-0.833867084573,3.2448321262,0.897601476015,12.2148129273,,,,,,,,,,,,,
regression,classical_regression_v1,speed,3,90,test,road_id,NL-015,1084,,True,4.0078750089,3.0719647771,9.9078929603,0.875481689,0.855611997763,3.9154808384,-3.74491825141,0.909930445001,5.55988150824,0.880073800738,12.2148129273,,,,,,,,,,,,,
regression,classical_regression_v1,speed,3,90,test,road_id,NL-016,1084,,True,3.7348614032,2.8324480933,9.1847723814,0.8969181181,0.0713392642633,3.73418001844,-4.45624082484,-0.0539416453277,4.74445832893,0.905904059041,12.2148129273,,,,,,,,,,,,,
regression,classical_regression_v1,speed,3,90,test,road_id,NL-017,1084,,True,3.4879866248,2.7455812938,7.867698434,0.9075247467,-0.882138780074,3.37459358551,-4.77763108686,-1.06134016917,3.35952895454,0.924354243542,12.2148129273,,,,,,,,,,,,,
regression,classical_regression_v1,speed,3,90,test,road_id,NL-018,1084,,True,3.6799032463,2.796860189,8.3775951034,0.8939317706,-0.039228009217,3.67969415376,-4.48987737418,-0.0829995895941,4.5865707181,0.908671586716,12.2148129273,,,,,,,,,,,,,
regression,classical_regression_v1,speed,3,90,test,road_id,NL-019,1084,,True,3.9840023129,2.934455278,10.101185436,0.8908551261,0.536279005124,3.94774356541,-3.77240306125,0.524457833827,5.0713539299,0.894833948339,12.2148129273,,,,,,,,,,,,,
regression,classical_regression_v1,speed,3,90,test,road_id,NL-020,1084,,True,3.6797442194,2.8214974899,8.795210397,0.8992634596,-0.616742197138,3.62769163277,-4.88388713483,-0.758821871992,3.78545405111,0.917896678967,12.2148129273,,,,,,,,,,,,,
regression,classical_regression_v1,speed,3,90,test,road_id,NL-021,1084,,True,3.6727472987,2.7785284332,8.802546553,0.8958694603,-0.0437557865036,3.67248664412,-4.36140195277,-0.0973013777079,4.43342863925,0.911439114391,12.2148129273,,,,,,,,,,,,,
regression,classical_regression_v1,speed,3,90,test,road_id,NL-022,1084,,True,3.6500796383,2.8209123191,8.4799407336,0.8975456089,-0.988150773733,3.51377850952,-5.12402484916,-1.0924162531,3.05382296668,0.916051660517,12.2148129273,,,,,,,,,,,,,
regression,classical_regression_v1,speed,3,90,test,road_id,NL-023,1084,,True,3.6623629677,2.7457367386,8.6639388464,0.9000832574,-0.427215439517,3.63736023446,-4.74339982201,-0.470480513022,3.78420770813,0.925276752768,12.2148129273,,,,,,,,,,,,,
regression,classical_regression_v1,speed,3,90,test,road_id,NL-024,1084,,True,3.9455276078,2.9325239259,9.2765378073,0.8835127811,-0.534554207579,3.90914823244,-5.1977829918,-0.510038071416,3.84914889374,0.910516605166,12.2148129273,,,,,,,,,,,,,
regression,classical_regression_v1,speed,3,90,test,road_id,NL-025,1084,,True,3.5798565989,2.7863270624,7.8637714331,0.8952491851,-0.827041502605,3.48301243487,-5.13929154739,-0.832517404502,3.4565943637,0.913284132841,12.2148129273,,,,,,,,,,,,,
regression,classical_regression_v1,speed,3,90,test,origin_hour,0,1100,,True,2.7389090383,2.1976051883,4.2088773567,0.1245302661,-0.0719650008176,2.73796343267,-3.56561043025,-0.0132411110374,3.4757275593,0.974545454545,12.2148129273,,,,,,,,,,,,,
regression,classical_regression_v1,speed,3,90,test,origin_hour,1,1100,,True,2.7695101089,2.2196875155,4.2837075522,0.1398563973,0.0486391402283,2.76908296685,-3.53960997652,-0.0256786594127,3.53767318777,0.972727272727,12.2148129273,,,,,,,,,,,,,
regression,classical_regression_v1,speed,3,90,test,origin_hour,2,1100,,True,2.7870115636,2.2409680758,4.2852396655,0.1231509876,-0.14984313405,2.78298050496,-3.77124125534,0.0102583925856,3.27223285285,0.977272727273,12.2148129273,,,,,,,,,,,,,
regression,classical_regression_v1,speed,3,90,test,origin_hour,3,1100,,True,2.8351055437,2.2803073202,4.4009668147,0.09364964,-0.249024120333,2.82414773543,-3.77838926249,-0.358627174705,3.39970174363,0.969090909091,12.2148129273,,,,,,,,,,,,,
regression,classical_regression_v1,speed,3,90,test,origin_hour,4,1100,,True,2.7930414799,2.200382408,4.4693333456,0.3360571764,-0.0228796344556,2.79294776724,-3.47141778124,-0.0248620165764,3.44360245233,0.957272727273,12.2148129273,,,,,,,,,,,,,
regression,classical_regression_v1,speed,3,90,test,origin_hour,5,1100,,True,3.3048796823,2.5592768829,6.396096707,0.6997698763,-0.124355434234,3.30253924132,-4.23651935277,-0.166916209359,4.04464145891,0.937272727273,12.2148129273,,,,,,,,,,,,,
regression,classical_regression_v1,speed,3,90,test,origin_hour,6,1100,,True,5.0307886893,3.9011325635,19.3995171686,0.7533269863,-0.133600801534,5.02901438276,-6.04379800649,-0.168676110013,6.30454933223,0.795454545455,12.2148129273,,,,,,,,,,,,,
regression,classical_regression_v1,speed,3,90,test,origin_hour,7,1100,,True,5.6354327566,4.4226385446,30.2278862852,0.711860792,0.284459336902,5.62824886089,-6.63863193791,0.310733582907,7.8035058133,0.712727272727,12.2148129273,,,,,,,,,,,,,
regression,classical_regression_v1,speed,3,90,test,origin_hour,8,1125,,True,5.1314447653,3.8842977394,15.3163820189,0.6760347532,-0.417944028579,5.11439616849,-6.2848723209,-0.555941449565,5.92960172022,0.798222222222,12.2148129273,,,,,,,,,,,,,
regression,classical_regression_v1,speed,3,90,test,origin_hour,9,1150,,True,3.7015688451,2.917269856,7.5662077664,0.5889792079,0.189921394722,3.69669335742,-4.50410997342,0.0215132669231,4.88219540316,0.904347826087,12.2148129273,,,,,,,,,,,,,
regression,classical_regression_v1,speed,3,90,test,origin_hour,10,1150,,True,3.3972665273,2.7113165377,6.1508064989,0.4345261135,-0.426533393782,3.37038412074,-4.72969010901,-0.494641215288,3.82462979925,0.937391304348,12.2148129273,,,,,,,,,,,,,
regression,classical_regression_v1,speed,3,90,test,origin_hour,11,1150,,True,3.4044719105,2.7003775991,6.0733259288,0.4166804899,-0.285023190343,3.39251982612,-4.43801600772,-0.391591277396,4.15272624919,0.924347826087,12.2148129273,,,,,,,,,,,,,
regression,classical_regression_v1,speed,3,90,test,origin_hour,12,1150,,True,3.370007013,2.6413322035,6.0631020449,0.4086565433,0.268992337227,3.35925443968,-3.85382137949,0.202568928963,4.64435537185,0.944347826087,12.2148129273,,,,,,,,,,,,,
regression,classical_regression_v1,speed,3,90,test,origin_hour,13,1150,,True,3.3318993411,2.6303958458,6.3419283621,0.536524093,0.300551507313,3.31831614086,-3.86071554679,0.31125362429,4.41078544639,0.939130434783,12.2148129273,,,,,,,,,,,,,
regression,classical_regression_v1,speed,3,90,test,origin_hour,14,1150,,True,3.8842950199,2.9615201469,8.7182431088,0.6543217912,0.189953404479,3.87964760068,-4.31195135905,0.128853008619,5.10126173138,0.898260869565,12.2148129273,,,,,,,,,,,,,
regression,classical_regression_v1,speed,3,90,test,origin_hour,15,1150,,True,5.2104591112,3.9716771073,16.317287343,0.6721228424,-0.187313321406,5.20709111393,-6.2461791242,-0.14187958607,6.16518447525,0.793043478261,12.2148129273,,,,,,,,,,,,,
regression,classical_regression_v1,speed,3,90,test,origin_hour,16,1150,,True,5.3844028117,4.1947209093,23.1766283611,0.6937077285,1.02696157762,5.28555990952,-5.35042378163,1.01998014736,7.64957621837,0.766086956522,12.2148129273,,,,,,,,,,,,,
regression,classical_regression_v1,speed,3,90,test,origin_hour,17,1150,,True,5.0657236168,3.8767434859,15.9962497452,0.6799297136,-0.674151395998,5.02066486207,-7.15489350711,-0.485320177729,5.1716172044,0.793043478261,12.2148129273,,,,,,,,,,,,,
regression,classical_regression_v1,speed,3,90,test,origin_hour,18,1150,,True,3.7065392081,2.8575947255,7.5667304565,0.6645823733,-0.262632169945,3.69722290974,-4.82850674317,-0.378316677886,4.29163081796,0.899130434783,12.2148129273,,,,,,,,,,,,,
regression,classical_regression_v1,speed,3,90,test,origin_hour,19,1150,,True,3.0331484784,2.4015843109,5.107329451,0.4512476905,0.18728039573,3.02736118514,-3.56174638812,0.165692900687,4.0929674669,0.953913043478,12.2148129273,,,,,,,,,,,,,
regression,classical_regression_v1,speed,3,90,test,origin_hour,20,1150,,True,2.7444614046,2.1790745297,4.2295995509,0.1778638481,-0.344665858928,2.72273279028,-3.9317810686,-0.36412980246,3.09124844539,0.977391304348,12.2148129273,,,,,,,,,,,,,
regression,classical_regression_v1,speed,3,90,test,origin_hour,21,1150,,True,2.7356796951,2.1525184468,4.1280665049,0.0458134804,-0.136299798149,2.73228215224,-3.65774212997,-0.0683637554035,3.3170152469,0.974782608696,12.2148129273,,,,,,,,,,,,,
regression,classical_regression_v1,speed,3,90,test,origin_hour,22,1125,,True,2.9643250253,2.3477467045,4.4752152868,-0.0155802893,-0.377993414448,2.94012649966,-4.0605173473,-0.472643205681,3.19285189656,0.952,12.2148129273,,,,,,,,,,,,,
regression,classical_regression_v1,speed,3,90,test,origin_hour,23,1100,,True,2.9974827094,2.4145157579,4.6060360798,-0.0507734912,-0.381930927551,2.97305085053,-4.19811155965,-0.401733194709,3.41869730173,0.968181818182,12.2148129273,,,,,,,,,,,,,
regression,classical_regression_v1,speed,3,90,test,weekday,Friday,4375,,True,3.8911116751,2.9896853736,10.2948139125,0.8970683279,0.0575509778852,3.89068605175,-4.68923179231,-0.0482664050017,4.88953466117,0.888914285714,12.2148129273,,,,,,,,,,,,,
regression,classical_regression_v1,speed,3,90,test,weekday,Monday,3600,,True,4.230327416,3.0970828489,10.4345866455,0.8805480596,-0.290032467425,4.22037335012,-4.86952469487,-0.250423781629,4.55359753629,0.883055555556,12.2148129273,,,,,,,,,,,,,
regression,classical_regression_v1,speed,3,90,test,weekday,Saturday,4725,,True,3.6222070009,2.6657501505,6.8095576021,0.796164706,0.0344859251073,3.62204283217,-4.07148954,-0.157028415456,4.11441529341,0.929523809524,12.2148129273,,,,,,,,,,,,,
regression,classical_regression_v1,speed,3,90,test,weekday,Sunday,3600,,True,3.2451855495,2.5500577869,5.5830288288,0.7861123629,-0.390629107598,3.22158938278,-4.41011717515,-0.439921826513,3.67813696749,0.941666666667,12.2148129273,,,,,,,,,,,,,
regression,classical_regression_v1,speed,3,90,test,weekday,Thursday,3600,,True,4.1261246409,3.1271273613,12.317462665,0.9133705751,0.083089101549,4.1252879601,-4.80663404631,0.159296447804,4.98863152033,0.878611111111,12.2148129273,,,,,,,,,,,,,
regression,classical_regression_v1,speed,3,90,test,weekday,Tuesday,3600,,True,3.6724593919,2.8328235722,9.6659876032,0.9100751818,0.0215727056521,3.67239603029,-4.39589484561,-0.0201869191371,4.50178830167,0.910555555556,12.2148129273,,,,,,,,,,,,,
regression,classical_regression_v1,speed,3,90,test,weekday,Wednesday,3600,,True,3.7147959237,2.8765798949,9.3897215896,0.9033781774,-0.0813930292327,3.71390413573,-4.56015762357,-0.0269457802267,4.59549135166,0.897222222222,12.2148129273,,,,,,,,,,,,,
regression,classical_regression_v1,speed,3,90,test,weekday_type,weekday,18775,,True,3.9314150109,2.9848672569,10.4153257778,0.9019644174,-0.0377397472061,3.93123386472,-4.68580650082,-0.0360754620416,4.70791032083,0.89155792277,12.2148129273,,,,,,,,,,,,,
regression,classical_regression_v1,speed,3,90,test,weekday_type,weekend,8325,,True,3.4642097602,2.6157210203,6.2791667812,0.7958667714,-0.149347602549,3.46098895638,-4.23241249968,-0.27702860056,3.93823048917,0.934774774775,12.2148129273,,,,,,,,,,,,,
regression,classical_regression_v1,speed,3,90,test,peak_status,evening_peak,3450,,True,4.0249214632,3.0453075074,9.5567698842,0.8482874582,-0.249834390071,4.01716013653,-5.09512103647,-0.190683012047,4.5041919492,0.882028985507,12.2148129273,,,,,,,,,,,,,
regression,classical_regression_v1,speed,3,90,test,peak_status,morning_peak,3375,,True,4.8781890187,3.7302511675,17.5356277382,0.8316133515,0.0181119532952,4.87815539513,-5.75594144956,-0.12410434434,6.40284752391,0.806518518519,12.2148129273,,,,,,,,,,,,,
regression,classical_regression_v1,speed,3,90,test,peak_status,off_peak,20275,,True,3.5386828729,2.6989322639,7.6778399613,0.8868245511,-0.0567734521155,3.53822741637,-4.25501539492,-0.101731369047,4.20874710041,0.925080147965,12.2148129273,,,,,,,,,,,,,
regression,classical_regression_v1,speed,3,90,test,weather_condition,Clear,20380,,True,3.7745804545,2.8477745837,8.9561865464,0.8922812957,-0.0630124853124,3.7740544556,-4.44228918542,-0.118505397091,4.42607875661,0.907212953876,12.2148129273,,,,,,,,,,,,,
regression,classical_regression_v1,speed,3,90,test,weather_condition,Cloudy,4416,,True,3.7696016614,2.8780123435,9.7940294828,0.9131048633,-0.211562770091,3.76366017059,-4.76089220203,-0.202860575536,4.40226312394,0.898550724638,12.2148129273,,,,,,,,,,,,,
regression,classical_regression_v1,speed,3,90,test,weather_condition,Fog,166,,True,4.2123362046,3.3578680329,14.3300625093,0.8807349385,0.476869968147,4.18525642393,-4.69594165094,0.20517544908,5.73536844749,0.885542168675,12.2148129273,,,,,,,,,,,,,
regression,classical_regression_v1,speed,3,90,test,weather_condition,Overcast,970,,True,3.942398579,2.9054651789,9.685323567,0.8750337414,-0.240829959074,3.93503589393,-4.83517480625,-0.34984380218,4.25423262659,0.9,12.2148129273,,,,,,,,,,,,,
regression,classical_regression_v1,speed,3,90,test,weather_condition,Rain,1168,,True,4.0287175419,3.1627606167,8.7934372302,0.8208568651,0.360460397227,4.01255944933,-4.79373027033,0.54906649566,5.16121757366,0.893835616438,12.2148129273,,,,,,,,,,,,,
regression,classical_regression_v1,speed,3,90,test,actual_congestion,Free-flow,16317,,True,3.0373208176,2.3797183591,4.8032795133,0.4784858726,-0.426962025627,3.00716164811,-4.18491161034,-0.427175645982,3.30855660834,0.957835386407,12.2148129273,,,,,,,,,,,,,
regression,classical_regression_v1,speed,3,90,test,actual_congestion,Heavy,2653,,True,4.8665059019,3.8371197833,15.8252480691,-0.875096744,-0.117230387907,4.86509370197,-6.20549163258,-0.145652972968,6.2919092986,0.788164342254,12.2148129273,,,,,,,,,,,,,
regression,classical_regression_v1,speed,3,90,test,actual_congestion,Moderate,6567,,True,4.1592188711,3.1559785911,8.8736947797,0.1469759305,-0.248992351673,4.15175919664,-5.39542229827,0.0113137914842,4.52227634525,0.881681132937,12.2148129273,,,,,,,,,,,,,
regression,classical_regression_v1,speed,3,90,test,actual_congestion,Severe,1563,,True,6.3553191868,5.1706369694,44.2666387517,-1.0069090505,4.45361600748,4.53380485073,-0.510776225945,4.34957621837,9.46315830347,0.646833013436,12.2148129273,,,,,,,,,,,,,
regression,classical_regression_v1,speed,3,90,validation,overall,all,27100,,True,3.8544108763,2.9143107317,9.0850935217,0.8843770566,-0.162566279048,3.85098109681,-4.70282950904,-0.142914421658,4.41439410059,0.900036900369,12.2148129273,,,,,,,,,,,,,
regression,classical_regression_v1,speed,3,90,validation,road_id,NL-001,1084,,True,3.8262098716,2.8786743395,8.9646129077,0.8865749426,-0.434001815127,3.80151606681,-4.71784925001,-0.527580076531,3.86173120721,0.90221402214,12.2148129273,,,,,,,,,,,,,
regression,classical_regression_v1,speed,3,90,validation,road_id,NL-002,1084,,True,3.905160623,2.9013213115,9.0285792834,0.8809052988,-0.0128268701616,3.90513955738,-4.51524035142,0.0288816466214,4.44932181678,0.897601476015,12.2148129273,,,,,,,,,,,,,
regression,classical_regression_v1,speed,3,90,validation,road_id,NL-003,1084,,True,3.9466919149,2.9773710377,10.1534735093,0.8841345816,0.429859708597,3.9232126761,-4.11957542101,0.438119208532,5.00629907297,0.90036900369,12.2148129273,,,,,,,,,,,,,
regression,classical_regression_v1,speed,3,90,validation,road_id,NL-004,1084,,True,4.0847545545,3.0899266951,10.2709654664,0.871292468,0.763581663175,4.01275003138,-3.91111744109,0.745471147815,5.34439727014,0.899446494465,12.2148129273,,,,,,,,,,,,,
regression,classical_regression_v1,speed,3,90,validation,road_id,NL-005,1084,,True,4.0639434554,3.0238176082,10.3640234663,0.8811743684,0.933116405425,3.95536726268,-3.51549570288,0.762632911881,5.84081535028,0.880996309963,12.2148129273,,,,,,,,,,,,,
regression,classical_regression_v1,speed,3,90,validation,road_id,NL-006,1084,,True,4.1254199387,3.0948373189,10.1570977897,0.8702179091,0.510938482078,4.09365747694,-4.0564406344,0.578820486071,5.13422513659,0.877306273063,12.2148129273,,,,,,,,,,,,,
regression,classical_regression_v1,speed,3,90,validation,road_id,NL-007,1084,,True,3.7803190609,2.9096823073,8.9388593839,0.8902278515,-0.488634684017,3.74860618733,-4.79712638726,-0.541094476535,4.18724203527,0.908671586716,12.2148129273,,,,,,,,,,,,,
regression,classical_regression_v1,speed,3,90,validation,road_id,NL-008,1084,,True,3.7581134483,2.8725839356,8.963958966,0.8931506978,-0.670799528428,3.69776211821,-5.22363206808,-0.749930733058,3.86495993051,0.908671586716,12.2148129273,,,,,,,,,,,,,
regression,classical_regression_v1,speed,3,90,validation,road_id,NL-009,1084,,True,3.8460596407,2.9372079076,9.3798235449,0.8881287181,0.554386017586,3.80589423174,-3.85042378163,0.493186998299,5.24856987332,0.899446494465,12.2148129273,,,,,,,,,,,,,
regression,classical_regression_v1,speed,3,90,validation,road_id,NL-010,1084,,True,3.8933987717,2.961085183,8.2522678775,0.8742636209,-0.815408309443,3.80705441045,-5.31113000373,-0.709703362056,3.70075253377,0.904981549815,12.2148129273,,,,,,,,,,,,,
regression,classical_regression_v1,speed,3,90,validation,road_id,NL-011,1084,,True,3.8455404129,2.8375929733,8.3677826489,0.8834907885,-0.905806291709,3.73733809399,-5.4080540688,-0.710613124058,3.19909041157,0.890221402214,12.2148129273,,,,,,,,,,,,,
regression,classical_regression_v1,speed,3,90,validation,road_id,NL-012,1084,,True,3.6906672238,2.805771383,9.084106869,0.8906223651,0.356602527892,3.67339886129,-4.17516402724,0.384398910198,4.56144207308,0.906826568266,12.2148129273,,,,,,,,,,,,,
regression,classical_regression_v1,speed,3,90,validation,road_id,NL-013,1084,,True,3.850360729,2.9719845362,9.6851651006,0.8867833452,0.561106502839,3.80925678265,-4.23641819309,0.541065636158,5.16683456388,0.89852398524,12.2148129273,,,,,,,,,,,,,
regression,classical_regression_v1,speed,3,90,validation,road_id,NL-014,1084,,True,3.6827004449,2.8483981874,7.9161186845,0.8846610695,-0.928899999976,3.5636255916,-5.05203675082,-0.951261256063,3.44908182655,0.921586715867,12.2148129273,,,,,,,,,,,,,
regression,classical_regression_v1,speed,3,90,validation,road_id,NL-015,1084,,True,3.9583914709,3.0392914088,10.117328402,0.8796067318,0.785854631389,3.87959991948,-3.92051769279,0.85887509597,5.4757536816,0.881918819188,12.2148129273,,,,,,,,,,,,,
regression,classical_regression_v1,speed,3,90,validation,road_id,NL-016,1084,,True,3.9388819687,2.8977208689,9.5995826899,0.8775118061,-0.0486726401359,3.93858123405,-4.37955398559,-0.0811909369515,4.37611387991,0.901291512915,12.2148129273,,,,,,,,,,,,,
regression,classical_regression_v1,speed,3,90,validation,road_id,NL-017,1084,,True,3.8082887318,2.9377135396,8.6199663318,0.887359822,-0.723990028231,3.73883691861,-5.23772027129,-0.71851240855,4.05119165674,0.90405904059,12.2148129273,,,,,,,,,,,,,
regression,classical_regression_v1,speed,3,90,validation,road_id,NL-018,1084,,True,3.7722130249,2.8005057851,8.7424580504,0.8880986113,0.000470894824208,3.77221299554,-4.12241683082,0.137575040008,4.28252533819,0.90405904059,12.2148129273,,,,,,,,,,,,,
regression,classical_regression_v1,speed,3,90,validation,road_id,NL-019,1084,,True,4.1136120552,3.0529197133,10.3832569245,0.8716839532,0.447520980543,4.08919663415,-4.3482670724,0.484596216865,4.90745208727,0.887453874539,12.2148129273,,,,,,,,,,,,,
regression,classical_regression_v1,speed,3,90,validation,road_id,NL-020,1084,,True,3.6754953251,2.8155182998,8.1058640189,0.8893573792,-0.96233693292,3.5472769151,-5.18043453931,-0.958888465821,3.26359981925,0.906826568266,12.2148129273,,,,,,,,,,,,,
regression,classical_regression_v1,speed,3,90,validation,road_id,NL-021,1084,,True,3.7404851938,2.7878953666,8.9406793631,0.8924642814,-0.475270573142,3.71016810498,-5.02707677425,-0.394149489387,3.75619525975,0.908671586716,12.2148129273,,,,,,,,,,,,,
regression,classical_regression_v1,speed,3,90,validation,road_id,NL-022,1084,,True,3.7945313992,2.9290042332,8.0867177767,0.8777485486,-0.884212035062,3.69007284707,-5.75021703365,-0.721172157563,3.44858728792,0.891143911439,12.2148129273,,,,,,,,,,,,,
regression,classical_regression_v1,speed,3,90,validation,road_id,NL-023,1084,,True,3.6636894449,2.7852325929,8.3761139581,0.8948700851,-0.398976238242,3.64190037065,-4.60777889701,-0.450423781629,3.96927757376,0.918819188192,12.2148129273,,,,,,,,,,,,,
regression,classical_regression_v1,speed,3,90,validation,road_id,NL-024,1084,,True,3.7247764346,2.7662065185,8.2145593865,0.8837081589,-0.664929622924,3.66494585015,-4.91239540083,-0.373900748466,3.5085707173,0.903136531365,12.2148129273,,,,,,,,,,,,,
regression,classical_regression_v1,speed,3,90,validation,road_id,NL-025,1084,,True,3.8118520229,2.9355052401,8.4139756437,0.878073442,-0.992829221021,3.68028612774,-5.53246902677,-0.993727903792,3.39354282777,0.89667896679,12.2148129273,,,,,,,,,,,,,
regression,classical_regression_v1,speed,3,90,validation,origin_hour,0,1150,,True,2.7060945642,2.1873929317,4.1753984338,0.0357900874,-0.0890159017187,2.70463009659,-3.58244774094,-0.107072649746,3.39347346382,0.979130434783,12.2148129273,,,,,,,,,,,,,
regression,classical_regression_v1,speed,3,90,validation,origin_hour,1,1150,,True,2.7111074614,2.1408855884,4.092479858,0.0107107906,-0.0219164142903,2.71101887449,-3.37702199379,-0.0333058498913,3.40626053987,0.974782608696,12.2148129273,,,,,,,,,,,,,
regression,classical_regression_v1,speed,3,90,validation,origin_hour,2,1150,,True,2.8154506207,2.2688831971,4.352323633,0.0503591233,-0.0459475100076,2.81507566927,-3.72145090262,-0.0225748847009,3.48725810313,0.973913043478,12.2148129273,,,,,,,,,,,,,
regression,classical_regression_v1,speed,3,90,validation,origin_hour,3,1150,,True,2.8481008948,2.2629225738,4.3518147582,0.072100026,-0.163693256757,2.84339290719,-3.71687669487,-0.135543181607,3.37609337932,0.970434782609,12.2148129273,,,,,,,,,,,,,
regression,classical_regression_v1,speed,3,90,validation,origin_hour,4,1150,,True,2.8108107327,2.2552824664,4.5587912407,0.2435523265,-0.0348892118461,2.81059419308,-3.66052985618,-0.0299455519757,3.65066494982,0.971304347826,12.2148129273,,,,,,,,,,,,,
regression,classical_regression_v1,speed,3,90,validation,origin_hour,5,1150,,True,3.4197730051,2.6536721945,6.5632730597,0.620717882,-0.0253918849428,3.41967873621,-4.33657899059,-0.0507126224814,4.29693819549,0.932173913043,12.2148129273,,,,,,,,,,,,,
regression,classical_regression_v1,speed,3,90,validation,origin_hour,6,1150,,True,5.3265996093,4.1269031826,20.267943715,0.6570589474,-0.145576197944,5.32460993578,-6.65314944633,-0.359027271734,6.5440146568,0.768695652174,12.2148129273,,,,,,,,,,,,,
regression,classical_regression_v1,speed,3,90,validation,origin_hour,7,1100,,True,5.9572558937,4.6614782876,31.4893543157,0.6146849989,0.378742951166,5.94520408064,-7.31759453613,0.236676801958,7.76623826728,0.687272727273,12.2148129273,,,,,,,,,,,,,
regression,classical_regression_v1,speed,3,90,validation,origin_hour,8,1100,,True,5.1464146211,3.9631112276,15.2030093813,0.6085667614,-0.50260760345,5.12181306271,-6.93869149393,-0.499266123823,5.46718549726,0.782727272727,12.2148129273,,,,,,,,,,,,,
regression,classical_regression_v1,speed,3,90,validation,origin_hour,9,1100,,True,3.8860348841,3.0274712227,7.5369637947,0.4415442868,-0.120322441854,3.88417167876,-5.17078266152,-0.0196800225451,4.63110259035,0.886363636364,12.2148129273,,,,,,,,,,,,,
regression,classical_regression_v1,speed,3,90,validation,origin_hour,10,1100,,True,3.5197416454,2.7729964138,6.07091038,0.2529966705,-0.841782054998,3.41759918977,-5.32969010901,-0.653925422346,3.34607457765,0.912727272727,12.2148129273,,,,,,,,,,,,,
regression,classical_regression_v1,speed,3,90,validation,origin_hour,11,1100,,True,3.2689029977,2.5965424188,5.7076455217,0.2887851048,-0.620799802329,3.20941340648,-4.64850113427,-0.650357678702,3.58441951966,0.935454545455,12.2148129273,,,,,,,,,,,,,
regression,classical_regression_v1,speed,3,90,validation,origin_hour,12,1100,,True,3.1981661072,2.567370032,5.7136032057,0.3403385147,-0.22943898115,3.18992542284,-4.24622537518,-0.248266594975,3.9866059435,0.951818181818,12.2148129273,,,,,,,,,,,,,
regression,classical_regression_v1,speed,3,90,validation,origin_hour,13,1100,,True,3.2799998313,2.6022374022,6.1327762715,0.4174747134,0.376765425527,3.25828892331,-3.70265057891,0.340429852705,4.58355021059,0.936363636364,12.2148129273,,,,,,,,,,,,,
regression,classical_regression_v1,speed,3,90,validation,origin_hour,14,1100,,True,3.5755199426,2.8091213295,7.447874806,0.5800288804,-0.107802055664,3.57389445518,-4.47867959026,-0.109654685273,4.43813479676,0.919090909091,12.2148129273,,,,,,,,,,,,,
regression,classical_regression_v1,speed,3,90,validation,origin_hour,15,1100,,True,4.9827273942,3.9169359537,14.3284619483,0.5852696589,-0.580572315931,4.9487885458,-6.9373313012,-0.485484559303,5.26137630346,0.798181818182,12.2148129273,,,,,,,,,,,,,
regression,classical_regression_v1,speed,3,90,validation,origin_hour,16,1100,,True,5.8838189927,4.6149052069,24.5213547763,0.556822583,0.625954441024,5.8504279311,-6.81653444817,0.532259663449,8.23271203105,0.713636363636,12.2148129273,,,,,,,,,,,,,
regression,classical_regression_v1,speed,3,90,validation,origin_hour,17,1150,,True,5.5974994461,4.3789918249,17.1627001585,0.5295059774,-1.01856053383,5.50404710079,-8.20065131099,-0.850423781629,5.75993521315,0.755652173913,12.2148129273,,,,,,,,,,,,,
regression,classical_regression_v1,speed,3,90,validation,origin_hour,18,1150,,True,3.7304205455,2.89356721,7.318775609,0.5583235801,-0.591474474304,3.6832316507,-5.14946970329,-0.527897666398,4.13376359078,0.894782608696,12.2148129273,,,,,,,,,,,,,
regression,classical_regression_v1,speed,3,90,validation,origin_hour,19,1150,,True,3.0526654842,2.4018940716,5.0724295635,0.3179016981,0.0967142312605,3.05113305447,-3.77111201359,0.0830931117962,4.11076512127,0.95652173913,12.2148129273,,,,,,,,,,,,,
regression,classical_regression_v1,speed,3,90,validation,origin_hour,20,1150,,True,2.9023591224,2.3312965827,4.5831489673,0.0320426335,0.152485086515,2.89835069894,-3.62656690163,0.247406622091,3.89388406593,0.972173913043,12.2148129273,,,,,,,,,,,,,
regression,classical_regression_v1,speed,3,90,validation,origin_hour,21,1150,,True,2.7372088738,2.1610396053,4.1803437648,0.1119598495,0.0474917026827,2.73679684251,-3.36272627705,-0.0317683488838,3.47452520451,0.970434782609,12.2148129273,,,,,,,,,,,,,
regression,classical_regression_v1,speed,3,90,validation,origin_hour,22,1150,,True,2.9178219016,2.3441003582,4.4731656286,0.0147901212,-0.246658572621,2.90737754652,-3.91141336033,-0.241362940412,3.51195982497,0.962608695652,12.2148129273,,,,,,,,,,,,,
regression,classical_regression_v1,speed,3,90,validation,origin_hour,23,1150,,True,2.73119873,2.1952850678,4.1855721298,-0.0048360751,-0.193130088945,2.72436180994,-3.77932133511,-0.201908039915,3.30181092243,0.973913043478,12.2148129273,,,,,,,,,,,,,
regression,classical_regression_v1,speed,3,90,validation,weekday,Friday,3950,,True,3.7087874718,2.8690627575,9.7506503134,0.9098293008,-0.0542335751135,3.708390922,-4.55822684139,-0.111112170321,4.46333688445,0.899746835443,12.2148129273,,,,,,,,,,,,,
regression,classical_regression_v1,speed,3,90,validation,weekday,Monday,3600,,True,4.1035717924,3.0808449623,10.2822533794,0.8846873076,-0.202247495315,4.09858480527,-4.96700871451,-0.108081190312,4.57389358596,0.883888888889,12.2148129273,,,,,,,,,,,,,
regression,classical_regression_v1,speed,3,90,validation,weekday,Saturday,3600,,True,3.5419957376,2.6122311486,6.650360234,0.7992124389,0.153597911793,3.53866379958,-3.92242263311,-0.00554742301336,4.1377666574,0.935833333333,12.2148129273,,,,,,,,,,,,,
regression,classical_regression_v1,speed,3,90,validation,weekday,Sunday,3600,,True,3.0600970934,2.4152313409,5.5273078639,0.8361935496,-0.205417218543,3.05319471825,-4.06883196763,-0.214835211754,3.6342007417,0.9525,12.2148129273,,,,,,,,,,,,,
regression,classical_regression_v1,speed,3,90,validation,weekday,Thursday,4800,,True,3.8359281274,2.9322031011,10.0796248001,0.9022788043,0.0356894751275,3.83576209636,-4.49831994876,0.0490816155053,4.70376693617,0.901041666667,12.2148129273,,,,,,,,,,,,,
regression,classical_regression_v1,speed,3,90,validation,weekday,Tuesday,3600,,True,3.9147583662,3.0080939359,10.7486015185,0.9002266453,0.0970724239257,3.91355465153,-4.63674148192,-0.0215292713235,4.95829262975,0.888888888889,12.2148129273,,,,,,,,,,,,,
regression,classical_regression_v1,speed,3,90,validation,weekday,Wednesday,3950,,True,4.5834250844,3.4307349505,10.0653376901,0.8352077633,-0.961380572102,4.48146548571,-6.44820655846,-0.691349517608,4.2166492377,0.843544303797,12.2148129273,,,,,,,,,,,,,
regression,classical_regression_v1,speed,3,90,validation,weekday_type,weekday,19900,,True,4.0333718073,3.0592440133,10.1691673008,0.8895221765,-0.212009882306,4.02779591662,-4.9884407907,-0.155377735066,4.60175119993,0.884070351759,12.2148129273,,,,,,,,,,,,,
regression,classical_regression_v1,speed,3,90,validation,weekday_type,weekend,7200,,True,3.3098283963,2.5137312448,6.0888340489,0.8170470634,-0.025909653375,3.30972698315,-3.99592112739,-0.11794907649,3.91847035707,0.944166666667,12.2148129273,,,,,,,,,,,,,
regression,classical_regression_v1,speed,3,90,validation,peak_status,evening_peak,3450,,True,4.2648487294,3.2248177022,9.851301777,0.8128897846,-0.504440258959,4.23491141699,-5.49712110533,-0.398823328131,4.55956352738,0.868985507246,12.2148129273,,,,,,,,,,,,,
regression,classical_regression_v1,speed,3,90,validation,peak_status,morning_peak,3300,,True,5.0687193766,3.8840202459,18.0764424972,0.8094838615,-0.0813956980457,5.06806579072,-6.28483379877,-0.0966749818276,6.36895200548,0.785454545455,12.2148129273,,,,,,,,,,,,,
regression,classical_regression_v1,speed,3,90,validation,peak_status,off_peak,20350,,True,3.5403989763,2.7044193093,7.4971392171,0.87687157,-0.117770096572,3.53843964424,-4.35048264513,-0.113733586836,4.13444542343,0.923882063882,12.2148129273,,,,,,,,,,,,,
regression,classical_regression_v1,speed,3,90,validation,weather_condition,Clear,20308,,True,3.7558021861,2.8567721761,8.9530804896,0.8907346019,-0.0868817996119,3.75479714689,-4.56369799409,-0.102964154009,4.43276016689,0.906637778215,12.2148129273,,,,,,,,,,,,,
regression,classical_regression_v1,speed,3,90,validation,weather_condition,Cloudy,5016,,True,4.1500632977,3.0928410266,9.6540739454,0.8678070336,-0.42806116478,4.12792793228,-5.21150521047,-0.309742220356,4.36130006025,0.879385964912,12.2148129273,,,,,,,,,,,,,
regression,classical_regression_v1,speed,3,90,validation,weather_condition,Fog,176,,True,5.6813978713,4.0054542356,12.4842332641,0.595379145,-0.955075914533,5.60054566714,-7.43102111473,-0.544901660979,4.56005076351,0.801136363636,12.2148129273,,,,,,,,,,,,,
regression,classical_regression_v1,speed,3,90,validation,weather_condition,Overcast,856,,True,3.6933963927,2.8231097133,8.1033901246,0.8829234778,-0.399578797871,3.67171808525,-4.85548746099,-0.336938991816,3.8334473417,0.910046728972,12.2148129273,,,,,,,,,,,,,
regression,classical_regression_v1,speed,3,90,validation,weather_condition,Rain,744,,True,4.0819083284,3.1280363262,9.1778413232,0.8562565385,0.0216895682832,4.08185070336,-5.28597889279,0.23391486583,4.80682192485,0.870967741935,12.2148129273,,,,,,,,,,,,,
regression,classical_regression_v1,speed,3,90,validation,actual_congestion,Free-flow,16486,,True,3.116610341,2.4282211226,4.8967831767,0.4234337212,-0.528332800024,3.07150198931,-4.32578071843,-0.449459341312,3.28990018119,0.952626470945,12.2148129273,,,,,,,,,,,,,
regression,classical_regression_v1,speed,3,90,validation,actual_congestion,Heavy,2587,,True,4.8470748849,3.8020817014,15.4703608773,-0.8060143774,-0.215103883612,4.84229958378,-6.14471248039,-0.133418741181,5.84863640847,0.810977966757,12.2148129273,,,,,,,,,,,,,
regression,classical_regression_v1,speed,3,90,validation,actual_congestion,Moderate,6594,,True,4.2745703973,3.2254012457,9.0094422887,0.0838698756,-0.313248771424,4.26307720886,-5.75999420167,0.0308382324624,4.52864955252,0.869426751592,12.2148129273,,,,,,,,,,,,,
regression,classical_regression_v1,speed,3,90,validation,actual_congestion,Severe,1433,,True,6.535816349,5.4723560532,46.0904263411,-1.40095116,4.83362492999,4.39920053924,-0.471858118405,5.06623826728,9.96302198392,0.59665038381,12.2148129273,,,,,,,,,,,,,
regression,classical_regression_v1,speed,4,120,test,overall,all,27075,,True,3.7923349063,2.8730982037,9.0851187838,0.8944522222,-0.0632546240488,3.79180733877,-4.49119813671,-0.10620922549,4.50559702507,0.903527239151,12.1640870141,,,,,,,,,,,,,
regression,classical_regression_v1,speed,4,120,test,road_id,NL-001,1083,,True,3.712291204,2.8091966696,8.7184216241,0.897077902,-0.365214443095,3.69428266295,-4.82584753938,-0.397210779099,3.96869707101,0.903970452447,12.1640870141,,,,,,,,,,,,,
regression,classical_regression_v1,speed,4,120,test,road_id,NL-002,1083,,True,3.6812721604,2.8342606949,9.0457139441,0.8988669976,-0.18723332532,3.6765076364,-4.60597191418,-0.162494574491,4.30885826647,0.892890120037,12.1640870141,,,,,,,,,,,,,
regression,classical_regression_v1,speed,4,120,test,road_id,NL-003,1083,,True,3.8074670101,2.8667884331,9.6933561614,0.8946870975,0.600285249983,3.7598487538,-3.84454167964,0.615743234512,5.18175297949,0.909510618652,12.1640870141,,,,,,,,,,,,,
regression,classical_regression_v1,speed,4,120,test,road_id,NL-004,1083,,True,3.9815419564,3.0064668532,10.3287921072,0.8909642052,0.792312333958,3.90191203334,-3.75763133513,0.922209326009,5.25060117788,0.896583564174,12.1640870141,,,,,,,,,,,,,
regression,classical_regression_v1,speed,4,120,test,road_id,NL-005,1083,,True,3.9013106886,2.951132506,9.979563384,0.8938953599,0.909775578047,3.79374926516,-3.44439379058,0.941114581326,5.36043073109,0.887349953832,12.1640870141,,,,,,,,,,,,,
regression,classical_regression_v1,speed,4,120,test,road_id,NL-006,1083,,True,4.0453057787,3.0835267543,10.0920882908,0.8827826035,0.694814763831,3.98518899014,-4.06160164587,0.766298898,5.35678411742,0.891043397969,12.1640870141,,,,,,,,,,,,,
regression,classical_regression_v1,speed,4,120,test,road_id,NL-007,1083,,True,3.9449005038,2.899966161,8.8945292145,0.8850007471,-0.624229825435,3.89519923881,-4.9035358584,-0.639400331307,3.72966190869,0.91135734072,12.1640870141,,,,,,,,,,,,,
regression,classical_regression_v1,speed,4,120,test,road_id,NL-008,1083,,True,3.7065620454,2.7621968978,8.461273046,0.895939849,-0.60305635836,3.65717448657,-4.77407041461,-0.639313836002,3.38627448143,0.915974145891,12.1640870141,,,,,,,,,,,,,
regression,classical_regression_v1,speed,4,120,test,road_id,NL-009,1083,,True,4.1601742699,3.1703623972,11.2134109212,0.8831339739,1.04762322121,4.02610674753,-3.72845520895,0.86923280038,6.10482230211,0.87811634349,12.1640870141,,,,,,,,,,,,,
regression,classical_regression_v1,speed,4,120,test,road_id,NL-010,1083,,True,3.6889143624,2.7833586354,8.5135844157,0.8999725931,-0.473109422345,3.65845003355,-4.76166389157,-0.566022960188,3.77863853794,0.909510618652,12.1640870141,,,,,,,,,,,,,
regression,classical_regression_v1,speed,4,120,test,road_id,NL-011,1083,,True,3.6850602513,2.8380166539,8.0865486613,0.8965831701,-0.828980823315,3.59060717013,-4.97032584165,-0.839400331307,3.61805791612,0.91135734072,12.1640870141,,,,,,,,,,,,,
regression,classical_regression_v1,speed,4,120,test,road_id,NL-012,1083,,True,3.7224979077,2.8408070552,9.3213460207,0.8991024688,0.607069039686,3.67266359112,-3.91979800932,0.521935563885,5.14789563054,0.902123730379,12.1640870141,,,,,,,,,,,,,
regression,classical_regression_v1,speed,4,120,test,road_id,NL-013,1083,,True,3.6479638147,2.7699865632,9.53098082,0.9058384212,0.682608880823,3.58352969975,-3.30046424028,0.575413447745,4.98085613377,0.909510618652,12.1640870141,,,,,,,,,,,,,
regression,classical_regression_v1,speed,4,120,test,road_id,NL-014,1083,,True,3.8835025884,2.8973175022,8.3680464716,0.8850759417,-1.01041171822,3.74975472717,-5.48880954224,-0.896170611193,3.04240431114,0.894736842105,12.1640870141,,,,,,,,,,,,,
regression,classical_regression_v1,speed,4,120,test,road_id,NL-015,1083,,True,4.0680879363,3.1075402212,9.9821531664,0.8717987334,0.959421609597,3.95333398946,-3.54036212105,1.10398570701,5.84320694326,0.871652816251,12.1640870141,,,,,,,,,,,,,
regression,classical_regression_v1,speed,4,120,test,road_id,NL-016,1083,,True,3.7090858003,2.8151033657,9.0575866649,0.898211461,0.0557000685247,3.70866754727,-4.33969465583,-0.0494710280592,4.59393360131,0.903047091413,12.1640870141,,,,,,,,,,,,,
regression,classical_regression_v1,speed,4,120,test,road_id,NL-017,1083,,True,3.5002739263,2.7354332627,7.7688949101,0.9069070227,-0.904246584502,3.38145762554,-4.7557572503,-1.0542950501,3.25265868083,0.927054478301,12.1640870141,,,,,,,,,,,,,
regression,classical_regression_v1,speed,4,120,test,road_id,NL-018,1083,,True,3.6858702216,2.8220621684,8.4136615891,0.8935899105,0.017283843081,3.68582969754,-4.25628643033,-0.0177053570298,4.64093127476,0.905817174515,12.1640870141,,,,,,,,,,,,,
regression,classical_regression_v1,speed,4,120,test,road_id,NL-019,1083,,True,3.979129057,2.9285239659,10.013116113,0.891083773,0.570488258312,3.93802122889,-3.8531490651,0.605091007508,5.0443972003,0.895660203139,12.1640870141,,,,,,,,,,,,,
regression,classical_regression_v1,speed,4,120,test,road_id,NL-020,1083,,True,3.7256011745,2.8515523602,8.8485208343,0.8967967937,-0.684612962425,3.66215909034,-4.98375493943,-0.805594170854,3.65508330532,0.907663896584,12.1640870141,,,,,,,,,,,,,
regression,classical_regression_v1,speed,4,120,test,road_id,NL-021,1083,,True,3.682247406,2.7828514993,8.7843491703,0.8953958235,-0.0120659076028,3.68222763731,-4.27693009464,-0.0925587894847,4.66677091587,0.904893813481,12.1640870141,,,,,,,,,,,,,
regression,classical_regression_v1,speed,4,120,test,road_id,NL-022,1083,,True,3.6151555523,2.8027376323,8.2931607736,0.8995527791,-1.01062294115,3.47102159861,-5.15880865853,-1.17452470185,3.14645862182,0.915974145891,12.1640870141,,,,,,,,,,,,,
regression,classical_regression_v1,speed,4,120,test,road_id,NL-023,1083,,True,3.6413946089,2.735025133,8.5972097893,0.9012903039,-0.44752311737,3.61378994372,-4.6596257371,-0.456951231426,3.82454639684,0.923361034164,12.1640870141,,,,,,,,,,,,,
regression,classical_regression_v1,speed,4,120,test,road_id,NL-024,1083,,True,3.9406832327,2.920659701,9.2189889202,0.8838274094,-0.521390180912,3.90603848155,-5.05625592653,-0.517231438406,3.70595372007,0.910433979686,12.1640870141,,,,,,,,,,,,,
regression,classical_regression_v1,speed,4,120,test,road_id,NL-025,1083,,True,3.600184861,2.8125820062,7.9026725814,0.8941457405,-0.846050838222,3.49936122924,-5.05934539442,-0.923790305762,3.57498185536,0.908587257618,12.1640870141,,,,,,,,,,,,,
regression,classical_regression_v1,speed,4,120,test,origin_hour,0,1100,,True,2.7052919357,2.1601743563,4.169268084,0.1176304418,0.0964360051881,2.70357255388,-3.36604594071,0.0365581452351,3.72463946263,0.978181818182,12.1640870141,,,,,,,,,,,,,
regression,classical_regression_v1,speed,4,120,test,origin_hour,1,1100,,True,2.7679486019,2.2318928565,4.2941454575,0.0987630557,0.0242811713167,2.76784209946,-3.43697183933,-0.0327563089999,3.45513241357,0.973636363636,12.1640870141,,,,,,,,,,,,,
regression,classical_regression_v1,speed,4,120,test,origin_hour,2,1100,,True,2.870572734,2.2863418332,4.3841667171,0.098448035,-0.166000737114,2.86576893289,-3.94863275071,-0.130123637065,3.50616598693,0.971818181818,12.1640870141,,,,,,,,,,,,,
regression,classical_regression_v1,speed,4,120,test,origin_hour,3,1100,,True,2.8380749629,2.2550304364,4.4364052351,0.1657082077,-0.161763215749,2.83346116212,-3.73309721852,-0.146493527513,3.41655291804,0.964545454545,12.1640870141,,,,,,,,,,,,,
regression,classical_regression_v1,speed,4,120,test,origin_hour,4,1100,,True,2.8345957702,2.244641513,4.8591542473,0.5804779669,-0.0425056046165,2.83427706023,-3.49699367024,-0.0659919094108,3.49211163421,0.963636363636,12.1640870141,,,,,,,,,,,,,
regression,classical_regression_v1,speed,4,120,test,origin_hour,5,1100,,True,4.1005333604,3.1557127851,10.2644020066,0.7603727593,-0.284629926651,4.09064293781,-5.45463877822,-0.341149411687,4.80021778879,0.875454545455,12.1640870141,,,,,,,,,,,,,
regression,classical_regression_v1,speed,4,120,test,origin_hour,6,1100,,True,5.4333137062,4.2691012917,27.5970001139,0.7285762191,0.230730419379,5.42841241098,-6.50875691592,0.180388235709,7.26407346288,0.737272727273,12.1640870141,,,,,,,,,,,,,
regression,classical_regression_v1,speed,4,120,test,origin_hour,7,1100,,True,5.6165748647,4.2731692177,23.0866995729,0.6993598723,-0.287062670528,5.60923419315,-7.04504114,-0.203479529652,6.91223699455,0.738181818182,12.1640870141,,,,,,,,,,,,,
regression,classical_regression_v1,speed,4,120,test,origin_hour,8,1125,,True,4.0918665005,3.1747757565,9.9601892052,0.684038354,0.00993302788968,4.09185444422,-4.78166176427,-0.202923945653,5.44561559499,0.866666666667,12.1640870141,,,,,,,,,,,,,
regression,classical_regression_v1,speed,4,120,test,origin_hour,9,1150,,True,3.5270347589,2.7802446881,6.6764785302,0.463138105,0.386527452628,3.50579102614,-4.06456958295,0.151161299337,4.90381662797,0.926086956522,12.1640870141,,,,,,,,,,,,,
regression,classical_regression_v1,speed,4,120,test,origin_hour,10,1150,,True,3.4519968054,2.7252408081,6.1202601235,0.4248414028,-0.527543462313,3.41144834933,-4.65648578967,-0.570490484663,3.66577536717,0.914782608696,12.1640870141,,,,,,,,,,,,,
regression,classical_regression_v1,speed,4,120,test,origin_hour,11,1150,,True,3.4518963921,2.7503494381,6.2048501722,0.3766263885,-0.255311968903,3.44244164808,-4.41150123091,-0.336943247605,4.29506543092,0.932173913043,12.1640870141,,,,,,,,,,,,,
regression,classical_regression_v1,speed,4,120,test,origin_hour,12,1150,,True,3.436581068,2.7195445274,6.3374949389,0.4014758084,0.317967819771,3.42183954954,-4.01418652514,0.225602823231,4.82532469526,0.94,12.1640870141,,,,,,,,,,,,,
regression,classical_regression_v1,speed,4,120,test,origin_hour,13,1150,,True,3.3725787976,2.6331786806,6.7530674353,0.6309871137,0.28731549967,3.36031807267,-3.77763687878,0.340254600631,4.44832100133,0.928695652174,12.1640870141,,,,,,,,,,,,,
regression,classical_regression_v1,speed,4,120,test,origin_hour,14,1150,,True,4.5622686237,3.4728310699,11.6768141225,0.6655499648,0.129667251689,4.56042557209,-5.28493177053,0.168525346422,5.63092944965,0.849565217391,12.1640870141,,,,,,,,,,,,,
regression,classical_regression_v1,speed,4,120,test,origin_hour,15,1150,,True,5.532389102,4.2545429184,20.7203743679,0.6761642734,-0.13511127365,5.53073902114,-6.82986515098,-0.213943146288,6.88788196142,0.749565217391,12.1640870141,,,,,,,,,,,,,
regression,classical_regression_v1,speed,4,120,test,origin_hour,16,1150,,True,5.3218953127,4.1027406673,21.2978583878,0.6884541976,0.462242202065,5.30178289501,-6.11454199623,0.562078099901,6.94320694326,0.765217391304,12.1640870141,,,,,,,,,,,,,
regression,classical_regression_v1,speed,4,120,test,origin_hour,17,1150,,True,4.4041990248,3.3868862518,11.2296152877,0.6858088664,-0.227474962305,4.39832061034,-5.47335777417,-0.220081238372,5.40252741954,0.84347826087,12.1640870141,,,,,,,,,,,,,
regression,classical_regression_v1,speed,4,120,test,origin_hour,18,1150,,True,3.1674696005,2.4931266491,5.7508651287,0.5989736717,-0.0328087269068,3.16729967915,-3.96538696384,-0.0751995827044,4.07261628933,0.951304347826,12.1640870141,,,,,,,,,,,,,
regression,classical_regression_v1,speed,4,120,test,origin_hour,19,1150,,True,2.9195212046,2.3266737184,4.6888458917,0.291335146,-0.00673145968815,2.91951344427,-3.72283279885,-0.0102834418517,3.77784861466,0.958260869565,12.1640870141,,,,,,,,,,,,,
regression,classical_regression_v1,speed,4,120,test,origin_hour,20,1150,,True,2.6629009895,2.1292460823,4.0979701281,0.0670520744,-0.187878257334,2.65626494166,-3.57790950982,-0.114451332868,3.20349508144,0.977391304348,12.1640870141,,,,,,,,,,,,,
regression,classical_regression_v1,speed,4,120,test,origin_hour,21,1150,,True,2.9570811424,2.3197884638,4.4376336377,0.0049786232,-0.301261308341,2.9416951757,-3.94547319559,-0.375980282072,3.29195955801,0.954782608696,12.1640870141,,,,,,,,,,,,,
regression,classical_regression_v1,speed,4,120,test,origin_hour,22,1100,,True,3.020132676,2.4163917116,4.5832676265,-0.0496293213,-0.598615051576,2.96021306678,-4.24736012319,-0.678705620873,3.07046181239,0.96,12.1640870141,,,,,,,,,,,,,
regression,classical_regression_v1,speed,4,120,test,origin_hour,23,1100,,True,2.9649301772,2.3520513461,4.4922462487,-0.0004142352,-0.283445144047,2.95135050547,-3.98772148139,-0.31474896773,3.48212627766,0.967272727273,12.1640870141,,,,,,,,,,,,,
regression,classical_regression_v1,speed,4,120,test,weekday,Friday,4375,,True,3.8865279451,2.9858290904,10.2080274133,0.8976202079,0.0516040855578,3.88618533861,-4.6174351468,-0.0567930567429,4.94537077077,0.8896,12.1640870141,,,,,,,,,,,,,
regression,classical_regression_v1,speed,4,120,test,weekday,Monday,3600,,True,4.1995106779,3.0803776182,10.3401999484,0.8825081338,-0.291059146229,4.18941219116,-4.86177955407,-0.234386567137,4.50514355491,0.886111111111,12.1640870141,,,,,,,,,,,,,
regression,classical_regression_v1,speed,4,120,test,weekday,Saturday,4700,,True,3.6142996175,2.6709171288,6.8361299212,0.7978331671,0.0393754211503,3.61408512648,-4.08425676549,-0.172982964405,4.11221315691,0.931914893617,12.1640870141,,,,,,,,,,,,,
regression,classical_regression_v1,speed,4,120,test,weekday,Sunday,3600,,True,3.2776089771,2.5760932279,5.644420839,0.7799374479,-0.344662778313,3.25943678815,-4.34539112942,-0.442669986016,3.75550057283,0.9375,12.1640870141,,,,,,,,,,,,,
regression,classical_regression_v1,speed,4,120,test,weekday,Thursday,3600,,True,4.0881237677,3.0864822928,11.9152924472,0.9151101435,0.0593066720341,4.08769356222,-4.78483391614,0.157498368316,4.95829705094,0.878333333333,12.1640870141,,,,,,,,,,,,,
regression,classical_regression_v1,speed,4,120,test,weekday,Tuesday,3600,,True,3.6779272679,2.8367802821,9.6629539067,0.9097013645,0.034884903242,3.6777618236,-4.40802137632,0.0432069432571,4.55116681014,0.905,12.1640870141,,,,,,,,,,,,,
regression,classical_regression_v1,speed,4,120,test,weekday,Wednesday,3600,,True,3.7593963193,2.9127168817,9.4342607775,0.9009201302,-0.0483172340243,3.75908581043,-4.55979193359,-0.0844069404536,4.70809442888,0.890555555556,12.1640870141,,,,,,,,,,,,,
regression,classical_regression_v1,speed,4,120,test,weekday_type,weekday,18775,,True,3.9255161747,2.9806597997,10.3078490238,0.9023600076,-0.0349878787538,3.92536024922,-4.6493102865,-0.0394003313073,4.74405657297,0.889906790945,12.1640870141,,,,,,,,,,,,,
regression,classical_regression_v1,speed,4,120,test,weekday_type,weekend,8300,,True,3.4722766791,2.6297886899,6.3192440542,0.7946347161,-0.127195364159,3.46994620647,-4.22617220298,-0.275595807919,3.96331823545,0.934337349398,12.1640870141,,,,,,,,,,,,,
regression,classical_regression_v1,speed,4,120,test,peak_status,evening_peak,3450,,True,3.5568448932,2.7355622064,7.2231087694,0.8320911937,-0.0890050496334,3.55573110565,-4.40818371573,-0.0958712909677,4.2426895557,0.91768115942,12.1640870141,,,,,,,,,,,,,
regression,classical_regression_v1,speed,4,120,test,peak_status,morning_peak,3375,,True,4.4834764204,3.3983378539,13.1195652432,0.8355089953,0.0414554931312,4.48328476166,-5.10497832305,-0.0488387006632,5.59416744515,0.845037037037,12.1640870141,,,,,,,,,,,,,
regression,classical_regression_v1,speed,4,120,test,peak_status,off_peak,20250,,True,3.7045059276,2.8089903208,8.7299423764,0.9009427647,-0.0763192007015,3.70371969067,-4.41330225995,-0.117899232185,4.36940001932,0.910864197531,12.1640870141,,,,,,,,,,,,,
regression,classical_regression_v1,speed,4,120,test,weather_condition,Clear,20363,,True,3.7770767622,2.8536202997,8.9276682736,0.8918830854,-0.0719361277681,3.77639167209,-4.46589576092,-0.132417623018,4.45230256174,0.905858665226,12.1640870141,,,,,,,,,,,,,
regression,classical_regression_v1,speed,4,120,test,weather_condition,Cloudy,4408,,True,3.7893288962,2.8962605449,9.8678127272,0.9139835735,-0.154774914351,3.78616669064,-4.60586808469,-0.163907109085,4.42629230605,0.897912885662,12.1640870141,,,,,,,,,,,,,
regression,classical_regression_v1,speed,4,120,test,weather_condition,Fog,166,,True,4.8268647675,3.7508355015,16.837648674,0.8427429895,0.0295454677043,4.82677434202,-5.90454683605,-0.161266718935,5.62938751181,0.807228915663,12.1640870141,,,,,,,,,,,,,
regression,classical_regression_v1,speed,4,120,test,weather_condition,Overcast,970,,True,3.6736430324,2.7455101226,8.2905637514,0.8826857691,-0.127430889807,3.67143221339,-4.50483830193,-0.201996489064,4.23159530921,0.916494845361,12.1640870141,,,,,,,,,,,,,
regression,classical_regression_v1,speed,4,120,test,weather_condition,Rain,1168,,True,3.9937462344,3.1064757786,8.4343039355,0.8058332571,0.473602449958,3.96556549615,-4.52457592006,0.578504184524,5.29962189692,0.88698630137,12.1640870141,,,,,,,,,,,,,
regression,classical_regression_v1,speed,4,120,test,actual_congestion,Free-flow,16317,,True,3.0529952538,2.3937543502,4.8333400538,0.4730893189,-0.429255408468,3.02266766517,-4.19333390513,-0.463441854765,3.33796828806,0.956732242447,12.1640870141,,,,,,,,,,,,,
regression,classical_regression_v1,speed,4,120,test,actual_congestion,Heavy,2643,,True,4.8973366279,3.8567399657,15.9899763637,-0.8952008007,-0.0757909391418,4.89675012438,-6.44101429378,0.0112664422754,6.20249837355,0.780930760499,12.1640870141,,,,,,,,,,,,,
regression,classical_regression_v1,speed,4,120,test,actual_congestion,Moderate,6552,,True,4.1427405188,3.1456394863,8.8467092742,0.1541810308,-0.17952862983,4.13884868986,-5.29752749438,0.0950342950092,4.59448753186,0.883241758242,12.1640870141,,,,,,,,,,,,,
regression,classical_regression_v1,speed,4,120,test,actual_congestion,Severe,1563,,True,6.2708809259,5.0714334547,42.7951597699,-0.9539347897,4.26623710086,4.59599484177,-0.994622701075,4.36730515768,9.59964584487,0.640435060781,12.1640870141,,,,,,,,,,,,,
regression,classical_regression_v1,speed,4,120,validation,overall,all,27075,,True,3.8418605814,2.9119783211,9.0620157884,0.8848580965,-0.144876437171,3.83912796671,-4.67268805615,-0.148450717262,4.43861705072,0.900055401662,12.1640870141,,,,,,,,,,,,,
regression,classical_regression_v1,speed,4,120,validation,road_id,NL-001,1083,,True,3.8288251312,2.8686964849,8.8810539283,0.8860223129,-0.420413400391,3.80567398209,-4.77213225454,-0.529314780243,3.99268852921,0.903970452447,12.1640870141,,,,,,,,,,,,,
regression,classical_regression_v1,speed,4,120,validation,road_id,NL-002,1083,,True,3.9481502314,2.929144274,9.0652080542,0.878037456,-0.0504360619003,3.94782806788,-4.64101429378,0.0951102483458,4.43237300217,0.899353647276,12.1640870141,,,,,,,,,,,,,
regression,classical_regression_v1,speed,4,120,validation,road_id,NL-003,1083,,True,3.958803695,2.9722951317,10.196118815,0.8833066934,0.520061748325,3.9244951871,-4.02194840972,0.444056572971,5.13826074773,0.895660203139,12.1640870141,,,,,,,,,,,,,
regression,classical_regression_v1,speed,4,120,validation,road_id,NL-004,1083,,True,4.1149841194,3.1359121318,10.3777147233,0.8690454345,0.799710246655,4.03652794177,-3.91737861492,0.845303802892,5.4239876083,0.8891966759,12.1640870141,,,,,,,,,,,,,
regression,classical_regression_v1,speed,4,120,validation,road_id,NL-005,1083,,True,4.0786857833,3.0397703535,10.4213003466,0.8802247367,0.985537713138,3.95782681974,-3.40919892939,0.757795013768,5.83463202599,0.871652816251,12.1640870141,,,,,,,,,,,,,
regression,classical_regression_v1,speed,4,120,validation,road_id,NL-006,1083,,True,4.0903082813,3.0791509412,10.021265984,0.8721456915,0.538111350052,4.054757454,-4.12136468333,0.643206943257,5.18998397357,0.884579870729,12.1640870141,,,,,,,,,,,,,
regression,classical_regression_v1,speed,4,120,validation,road_id,NL-007,1083,,True,3.7441437572,2.9140991173,8.9299040707,0.891934132,-0.469938094607,3.71453505322,-4.68398353996,-0.572546331421,4.38485688114,0.908587257618,12.1640870141,,,,,,,,,,,,,
regression,classical_regression_v1,speed,4,120,validation,road_id,NL-008,1083,,True,3.7617939788,2.87552812,8.8856883846,0.8923222682,-0.734269639006,3.6894365473,-5.07155082827,-0.782785988104,3.72735360196,0.902123730379,12.1640870141,,,,,,,,,,,,,
regression,classical_regression_v1,speed,4,120,validation,road_id,NL-009,1083,,True,3.8634214477,2.9527522952,9.4619127806,0.8869826483,0.633284439416,3.81116466467,-3.74263847782,0.561593375677,5.10297569739,0.890120036934,12.1640870141,,,,,,,,,,,,,
regression,classical_regression_v1,speed,4,120,validation,road_id,NL-010,1083,,True,3.8115091915,2.9155630757,8.1443607143,0.8791645028,-0.778507283727,3.73115648639,-5.16285674114,-0.748450717262,3.75320335194,0.910433979686,12.1640870141,,,,,,,,,,,,,
regression,classical_regression_v1,speed,4,120,validation,road_id,NL-011,1083,,True,3.8396975422,2.8558145356,8.4076781671,0.8831500288,-0.924414122759,3.72675941607,-5.38758484643,-0.765941374282,3.19040702652,0.890120036934,12.1640870141,,,,,,,,,,,,,
regression,classical_regression_v1,speed,4,120,validation,road_id,NL-012,1083,,True,3.66556083,2.7881332625,9.0353796023,0.8917594025,0.363237094496,3.64751902141,-4.07812677265,0.422057806102,4.53824764821,0.91135734072,12.1640870141,,,,,,,,,,,,,
regression,classical_regression_v1,speed,4,120,validation,road_id,NL-013,1083,,True,3.845720784,2.9646358449,9.6504985348,0.8868549331,0.596343566419,3.79920290319,-4.07222122597,0.590391586829,5.23199201087,0.90027700831,12.1640870141,,,,,,,,,,,,,
regression,classical_regression_v1,speed,4,120,validation,road_id,NL-014,1083,,True,3.6972844644,2.8493880641,7.9165023384,0.8834456677,-0.950544505203,3.57300679466,-5.03791355633,-1.03387456756,3.44580677571,0.927977839335,12.1640870141,,,,,,,,,,,,,
regression,classical_regression_v1,speed,4,120,validation,road_id,NL-015,1083,,True,3.9613743482,3.0529124732,10.140710706,0.8792268295,0.851051147602,3.86887563393,-3.93044000839,0.926828916928,5.5596004924,0.890120036934,12.1640870141,,,,,,,,,,,,,
regression,classical_regression_v1,speed,4,120,validation,road_id,NL-016,1083,,True,3.920556947,2.8903700651,9.5661719941,0.8783060564,0.0281473247018,3.92045590497,-4.23476354637,-0.0855665870689,4.61237561672,0.895660203139,12.1640870141,,,,,,,,,,,,,
regression,classical_regression_v1,speed,4,120,validation,road_id,NL-017,1083,,True,3.8470968353,2.9719129926,8.756625547,0.8846318772,-0.767093718505,3.76984366877,-5.16491170752,-0.784256765488,3.99478960796,0.898430286242,12.1640870141,,,,,,,,,,,,,
regression,classical_regression_v1,speed,4,120,validation,road_id,NL-018,1083,,True,3.7511772393,2.7950371425,8.7460363111,0.8892508769,0.0303569753886,3.75105440305,-4.14080072684,0.0609306733848,4.37139281473,0.898430286242,12.1640870141,,,,,,,,,,,,,
regression,classical_regression_v1,speed,4,120,validation,road_id,NL-019,1083,,True,4.1042082773,3.0649891978,10.3455643594,0.8721258796,0.451648354356,4.07928171953,-4.3241100169,0.600046756638,4.92836672477,0.885503231764,12.1640870141,,,,,,,,,,,,,
regression,classical_regression_v1,speed,4,120,validation,road_id,NL-020,1083,,True,3.6450839576,2.8018743456,8.0335088444,0.8907790241,-0.979637894187,3.51097517137,-5.06675213217,-0.965386963841,3.22760915599,0.910433979686,12.1640870141,,,,,,,,,,,,,
regression,classical_regression_v1,speed,4,120,validation,road_id,NL-021,1083,,True,3.6399537852,2.7428597811,8.7489196876,0.8980724545,-0.458225992306,3.61099605351,-4.87291350164,-0.440996075468,3.68325472105,0.915974145891,12.1640870141,,,,,,,,,,,,,
regression,classical_regression_v1,speed,4,120,validation,road_id,NL-022,1083,,True,3.8135625482,2.9387129508,8.1269159433,0.8764273787,-0.877927971907,3.71113214337,-5.48747852088,-0.712338704001,3.60527326162,0.895660203139,12.1640870141,,,,,,,,,,,,,
regression,classical_regression_v1,speed,4,120,validation,road_id,NL-023,1083,,True,3.5824796963,2.7354071456,8.222589458,0.8993428658,-0.376655002539,3.5626242832,-4.5848470705,-0.456235156666,3.89404221814,0.923361034164,12.1640870141,,,,,,,,,,,,,
regression,classical_regression_v1,speed,4,120,validation,road_id,NL-024,1083,,True,3.662869219,2.7350547334,8.108819282,0.8871095316,-0.656835252425,3.6034952985,-4.86687687757,-0.469343219039,3.45871199482,0.909510618652,12.1640870141,,,,,,,,,,,,,
regression,classical_regression_v1,speed,4,120,validation,road_id,NL-025,1083,,True,3.7955739824,2.9294435677,8.3599461321,0.8789993581,-0.974501950351,3.66834128787,-5.54463998708,-0.921142567532,3.40412515954,0.892890120037,12.1640870141,,,,,,,,,,,,,
regression,classical_regression_v1,speed,4,120,validation,origin_hour,0,1150,,True,2.7141800485,2.1921623992,4.169384126,-0.000530316,-0.16620946505,2.70908614652,-3.79325051296,-0.162505024339,3.30273048429,0.974782608696,12.1640870141,,,,,,,,,,,,,
regression,classical_regression_v1,speed,4,120,validation,origin_hour,1,1150,,True,2.7829245611,2.2009705345,4.2208108801,0.0131075956,0.0739538973035,2.78194175597,-3.46344185476,0.141187588674,3.43943027456,0.969565217391,12.1640870141,,,,,,,,,,,,,
regression,classical_regression_v1,speed,4,120,validation,origin_hour,2,1150,,True,2.9411423732,2.3589824346,4.540192242,0.0519815894,-0.0138409716432,2.94110980536,-3.77126026023,-0.0606824069609,3.81062362204,0.969565217391,12.1640870141,,,,,,,,,,,,,
regression,classical_regression_v1,speed,4,120,validation,origin_hour,3,1150,,True,2.7824225815,2.2154580643,4.323188466,0.1213813868,-0.254326556346,2.77077487805,-3.87754714953,-0.212414033628,3.27234047378,0.975652173913,12.1640870141,,,,,,,,,,,,,
regression,classical_regression_v1,speed,4,120,validation,origin_hour,4,1150,,True,2.9566153303,2.3490064506,5.084456297,0.4739026371,0.0326420750097,2.95643513476,-3.58573155911,-0.0611253278057,3.93923545871,0.968695652174,12.1640870141,,,,,,,,,,,,,
regression,classical_regression_v1,speed,4,120,validation,origin_hour,5,1150,,True,4.2387880269,3.256029347,10.5341209834,0.6831690012,0.026167345044,4.23870725663,-5.18983089816,-0.123578043611,5.41885627691,0.869565217391,12.1640870141,,,,,,,,,,,,,
regression,classical_regression_v1,speed,4,120,validation,origin_hour,6,1125,,True,5.6580513404,4.4655153882,29.2941950525,0.6486336215,0.205964659155,5.65430132996,-6.75488400866,0.0589857062196,7.27916272867,0.707555555556,12.1640870141,,,,,,,,,,,,,
regression,classical_regression_v1,speed,4,120,validation,origin_hour,7,1100,,True,5.9171693799,4.5798239102,24.4922576192,0.5997170347,-0.162710905881,5.91493183658,-7.63539098541,-0.173783071301,7.12715499204,0.710909090909,12.1640870141,,,,,,,,,,,,,
regression,classical_regression_v1,speed,4,120,validation,origin_hour,8,1100,,True,4.1351564396,3.2245452022,9.2757126593,0.6003880175,-0.344404644979,4.12078927156,-5.47362546978,-0.407984737181,4.71655908688,0.868181818182,12.1640870141,,,,,,,,,,,,,
regression,classical_regression_v1,speed,4,120,validation,origin_hour,9,1100,,True,3.5195287482,2.7984040657,6.4982239973,0.3538689648,0.104590784055,3.5179743287,-4.3689074417,0.0973567616978,4.44536388843,0.913636363636,12.1640870141,,,,,,,,,,,,,
regression,classical_regression_v1,speed,4,120,validation,origin_hour,10,1100,,True,3.4258750362,2.6931827068,5.8758543812,0.259882052,-0.83308144529,3.32304003425,-5.26727208128,-0.666022960188,3.28570184336,0.918181818182,12.1640870141,,,,,,,,,,,,,
regression,classical_regression_v1,speed,4,120,validation,origin_hour,11,1100,,True,3.2554960006,2.6146659265,5.7404898367,0.2869875623,-0.716437781265,3.17568435385,-4.74093100855,-0.775168502706,3.54031443567,0.947272727273,12.1640870141,,,,,,,,,,,,,
regression,classical_regression_v1,speed,4,120,validation,origin_hour,12,1100,,True,3.3479032456,2.6911319437,6.1599761444,0.3391846775,0.187823213283,3.34263048848,-4.04907480998,0.20530514497,4.62677537579,0.927272727273,12.1640870141,,,,,,,,,,,,,
regression,classical_regression_v1,speed,4,120,validation,origin_hour,13,1100,,True,3.3388913874,2.6418410781,6.4836752665,0.5294392492,0.157581601656,3.33517072066,-3.94992682463,0.130652177091,4.33411674357,0.933636363636,12.1640870141,,,,,,,,,,,,,
regression,classical_regression_v1,speed,4,120,validation,origin_hour,14,1100,,True,4.0571460333,3.1808453939,9.681582393,0.6160139048,-0.182650002829,4.0530325575,-5.28620235175,-0.0836301130131,4.71481458058,0.878181818182,12.1640870141,,,,,,,,,,,,,
regression,classical_regression_v1,speed,4,120,validation,origin_hour,15,1100,,True,5.6820590376,4.4893182117,19.8438378177,0.5336782657,-0.667768498257,5.64268377103,-7.75787983594,-0.698227761075,6.45915206301,0.726363636364,12.1640870141,,,,,,,,,,,,,
regression,classical_regression_v1,speed,4,120,validation,origin_hour,16,1100,,True,6.1409265903,4.8491865502,24.2960670674,0.5224612613,0.0453344800434,6.14075925053,-7.889518462,0.0400636483586,7.95068189823,0.690909090909,12.1640870141,,,,,,,,,,,,,
regression,classical_regression_v1,speed,4,120,validation,origin_hour,17,1150,,True,4.4838835216,3.422555457,10.8702941155,0.6019052017,-0.424818328123,4.46371379271,-6.00829528502,-0.361963899424,5.10401626669,0.835652173913,12.1640870141,,,,,,,,,,,,,
regression,classical_regression_v1,speed,4,120,validation,origin_hour,18,1150,,True,3.1959577229,2.5268694536,5.6812284833,0.4731821428,-0.24776093469,3.18633963757,-4.21289227097,-0.242809749706,3.97370124662,0.945217391304,12.1640870141,,,,,,,,,,,,,
regression,classical_regression_v1,speed,4,120,validation,origin_hour,19,1150,,True,2.9761437085,2.376184642,4.7911402692,0.1760875422,0.107832114901,2.97418957176,-3.80754090443,0.16387124701,3.97565861033,0.96347826087,12.1640870141,,,,,,,,,,,,,
regression,classical_regression_v1,speed,4,120,validation,origin_hour,20,1150,,True,2.8736513766,2.2778157845,4.4498173731,0.018250645,0.199558717777,2.86671389445,-3.42690498364,0.126212232455,3.90340395509,0.967826086957,12.1640870141,,,,,,,,,,,,,
regression,classical_regression_v1,speed,4,120,validation,origin_hour,21,1150,,True,2.8125463467,2.2500181121,4.3386259117,0.0704168243,0.0115775391196,2.81252251776,-3.5376195968,0.0208166936316,3.59021830123,0.968695652174,12.1640870141,,,,,,,,,,,,,
regression,classical_regression_v1,speed,4,120,validation,origin_hour,22,1150,,True,2.8643848921,2.2974520244,4.3530488291,-0.0402517839,-0.410152995522,2.83486778008,-4.0843628191,-0.347448937492,3.33171188504,0.965217391304,12.1640870141,,,,,,,,,,,,,
regression,classical_regression_v1,speed,4,120,validation,origin_hour,23,1150,,True,2.6976875258,2.1711637696,4.1355730101,0.0137770795,-0.240139184333,2.68697807195,-3.64059193337,-0.284256765488,3.24122774878,0.98,12.1640870141,,,,,,,,,,,,,
regression,classical_regression_v1,speed,4,120,validation,weekday,Friday,3925,,True,3.7429591186,2.9045942354,9.8499090608,0.9085373348,-0.0384855180193,3.74276125721,-4.5798786417,-0.0575111480903,4.60116667544,0.897834394904,12.1640870141,,,,,,,,,,,,,
regression,classical_regression_v1,speed,4,120,validation,weekday,Monday,3600,,True,4.1178607263,3.0954567066,10.3019262588,0.8835691702,-0.183517980884,4.11376933139,-4.88954557809,-0.0891044506675,4.57265552883,0.885,12.1640870141,,,,,,,,,,,,,
regression,classical_regression_v1,speed,4,120,validation,weekday,Saturday,3600,,True,3.5493109388,2.6126899692,6.6526852751,0.7979207932,0.19735363057,3.54381992837,-3.87410310554,0.023677379156,4.15789482275,0.934722222222,12.1640870141,,,,,,,,,,,,,
regression,classical_regression_v1,speed,4,120,validation,weekday,Sunday,3600,,True,3.046316913,2.4032465654,5.4892022634,0.8373228423,-0.223690199443,3.03809305799,-4.08519651247,-0.199645976018,3.59789941072,0.952222222222,12.1640870141,,,,,,,,,,,,,
regression,classical_regression_v1,speed,4,120,validation,weekday,Thursday,4800,,True,3.8467451564,2.9404436228,10.0836809026,0.9017298134,0.043000478372,3.84650481047,-4.48253018998,0.0197194391831,4.74369709471,0.898541666667,12.1640870141,,,,,,,,,,,,,
regression,classical_regression_v1,speed,4,120,validation,weekday,Tuesday,3600,,True,3.9251090293,3.0253939022,10.7738133076,0.8999847068,0.0685045049529,3.92451118289,-4.64656655254,-0.0417100607479,4.94478481955,0.885,12.1640870141,,,,,,,,,,,,,
regression,classical_regression_v1,speed,4,120,validation,weekday,Wednesday,3950,,True,4.4534389158,3.3505614088,9.7995084801,0.8410759096,-0.878231902041,4.3659852156,-6.12678349674,-0.69029160542,4.21686635676,0.852405063291,12.1640870141,,,,,,,,,,,,,
regression,classical_regression_v1,speed,4,120,validation,weekday_type,weekday,19875,,True,4.0179755723,3.0583366802,10.1455739538,0.8901847678,-0.192589579293,4.01335731696,-4.9270804655,-0.170158703743,4.64097441316,0.884327044025,12.1640870141,,,,,,,,,,,,,
regression,classical_regression_v1,speed,4,120,validation,weekday_type,weekend,7200,,True,3.3073898224,2.5079682673,6.0709437692,0.8169170947,-0.0131682844365,3.3073636077,-3.99362494643,-0.0855015053878,3.89962829547,0.943472222222,12.1640870141,,,,,,,,,,,,,
regression,classical_regression_v1,speed,4,120,validation,peak_status,evening_peak,3450,,True,3.6137140901,2.7752031842,7.114220956,0.8056469429,-0.188249049304,3.60880753444,-4.60912991809,-0.142577114555,4.29325233435,0.914782608696,12.1640870141,,,,,,,,,,,,,
regression,classical_regression_v1,speed,4,120,validation,peak_status,morning_peak,3300,,True,4.6367910908,3.534257726,13.4220647586,0.8177727362,-0.134174922268,4.63484937298,-5.65172231674,-0.160964452046,5.48036742965,0.830909090909,12.1640870141,,,,,,,,,,,,,
regression,classical_regression_v1,speed,4,120,validation,peak_status,off_peak,20325,,True,3.7355467721,2.8341604705,8.6847331596,0.8920231342,-0.1392518117,3.73295039066,-4.54877598633,-0.146191774937,4.30175399097,0.908782287823,12.1640870141,,,,,,,,,,,,,
regression,classical_regression_v1,speed,4,120,validation,weather_condition,Clear,20291,,True,3.7715923157,2.8676143643,8.986687554,0.8896704946,-0.0851222774953,3.77063161739,-4.56962625017,-0.116903825953,4.44581703211,0.904391109359,12.1640870141,,,,,,,,,,,,,
regression,classical_regression_v1,speed,4,120,validation,weather_condition,Cloudy,5008,,True,4.0582024697,3.042686753,9.3933227627,0.8727700974,-0.363846658223,4.04185884147,-4.98391285258,-0.281562409797,4.34320694326,0.887779552716,12.1640870141,,,,,,,,,,,,,
regression,classical_regression_v1,speed,4,120,validation,weather_condition,Fog,176,,True,5.4526047294,4.2083066805,15.5831019209,0.7073868001,-0.703750515067,5.40699857107,-7.2697499297,-1.03412787794,5.59556104305,0.755681818182,12.1640870141,,,,,,,,,,,,,
regression,classical_regression_v1,speed,4,120,validation,weather_condition,Overcast,856,,True,3.5448916269,2.7243591277,7.2266534066,0.8662350261,-0.218908248879,3.53812603291,-4.62284721288,-0.146770926474,4.00390920187,0.919392523364,12.1640870141,,,,,,,,,,,,,
regression,classical_regression_v1,speed,4,120,validation,weather_condition,Rain,744,,True,4.1022438415,3.1512921103,9.4553745449,0.869215767,-0.0832308973989,4.10139941399,-5.12038823922,0.065532990609,4.97873859739,0.876344086022,12.1640870141,,,,,,,,,,,,,
regression,classical_regression_v1,speed,4,120,validation,actual_congestion,Free-flow,16486,,True,3.1058146826,2.4279246702,4.8946321817,0.4274211508,-0.529463069964,3.06035189161,-4.35216067027,-0.45613414738,3.2966408411,0.953839621497,12.1640870141,,,,,,,,,,,,,
regression,classical_regression_v1,speed,4,120,validation,actual_congestion,Heavy,2566,,True,4.88381872,3.8419165442,15.7290360857,-0.8357923958,-0.120435286841,4.88233352322,-6.27059460478,0.0313434678478,5.95379255715,0.798519095869,12.1640870141,,,,,,,,,,,,,
regression,classical_regression_v1,speed,4,120,validation,actual_congestion,Moderate,6594,,True,4.228755536,3.2046437174,8.9534175882,0.1034028067,-0.247575925539,4.22150204836,-5.59320978089,0.10201232699,4.60104095184,0.871701546861,12.1640870141,,,,,,,,,,,,,
regression,classical_regression_v1,speed,4,120,validation,actual_congestion,Severe,1429,,True,6.55914291,5.476045071,45.669439573,-1.4146242492,4.72200926107,4.5524701265,-0.84101429378,4.9528186887,10.1030775734,0.592722183345,12.1640870141,,,,,,,,,,,,,
regression,classical_regression_v1,travel_time,1,30,test,overall,all,27150,,True,1.1426335123,0.4610248102,9.7532276832,0.8065249258,0.0415156661738,1.14187906231,-0.345266578684,0.0334326100289,0.579805857497,0.896022099448,1.99341785278,,,,,,,,,,,,,
regression,classical_regression_v1,travel_time,1,30,test,road_id,NL-001,1086,,True,1.0144020939,0.4282158114,9.9752806245,0.7293203856,0.0623241731586,1.01248570637,-0.311668778764,0.0512947086568,0.551072445648,0.896869244936,1.99395695339,,,,,,,,,,,,,
regression,classical_regression_v1,travel_time,1,30,test,road_id,NL-002,1086,,True,0.5802859422,0.2174268828,11.1027139707,0.5522321572,0.0510921865374,0.578032320223,-0.127051504642,0.0183572565271,0.268584596158,0.951197053407,1.99028296979,,,,,,,,,,,,,
regression,classical_regression_v1,travel_time,1,30,test,road_id,NL-003,1086,,True,1.1285302398,0.470060786,10.0152071936,0.7342932458,0.040578603137,1.12780046063,-0.292753154115,0.0464962478976,0.658805186949,0.89226519337,1.99395695339,,,,,,,,,,,,,
regression,classical_regression_v1,travel_time,1,30,test,road_id,NL-004,1086,,True,0.5781196318,0.2206938155,11.1246431101,0.5605211315,0.042256945019,0.576573203746,-0.127242975405,0.0170379742,0.263226843546,0.946593001842,1.98415342181,,,,,,,,,,,,,
regression,classical_regression_v1,travel_time,1,30,test,road_id,NL-005,1086,,True,0.6343214042,0.2717140792,11.2220930703,0.6730676958,0.0922130907274,0.627582974383,-0.151349169513,0.0283955278046,0.547129544968,0.929097605893,1.99395695339,,,,,,,,,,,,,
regression,classical_regression_v1,travel_time,1,30,test,road_id,NL-006,1086,,True,1.0540911976,0.499598792,11.2847082952,0.7309111984,0.121294031452,1.0470893041,-0.318099853794,0.061491447488,0.87881174012,0.863720073665,1.99395695339,,,,,,,,,,,,,
regression,classical_regression_v1,travel_time,1,30,test,road_id,NL-007,1086,,True,0.6398140338,0.2574094966,10.5710173,0.65597891,0.073657158105,0.635560084442,-0.143834327476,0.0283901280644,0.367846304394,0.930018416206,1.99395695339,,,,,,,,,,,,,
regression,classical_regression_v1,travel_time,1,30,test,road_id,NL-008,1086,,True,1.5056532503,0.6692510161,9.7068929697,0.7579707754,0.130219575864,1.500011524,-0.399160684561,0.0594712437335,0.935481364961,0.858195211786,1.99395695339,,,,,,,,,,,,,
regression,classical_regression_v1,travel_time,1,30,test,road_id,NL-009,1086,,True,1.2401922017,0.5292024789,10.0986328511,0.7328449369,-0.012465427012,1.24012955379,-0.414103558646,0.0409414263123,0.609768244476,0.881215469613,1.99395695339,,,,,,,,,,,,,
regression,classical_regression_v1,travel_time,1,30,test,road_id,NL-010,1086,,True,1.6572504001,0.664157635,8.3532411403,0.7699750722,-0.0928169010247,1.65464918083,-0.61515051166,0.023946555259,0.61541554656,0.865561694291,1.99395695339,,,,,,,,,,,,,
regression,classical_regression_v1,travel_time,1,30,test,road_id,NL-011,1086,,True,1.4477658095,0.5979527504,7.9271736626,0.7949674606,-0.0728283442611,1.44593287234,-0.529035706489,0.0416198330187,0.606478953503,0.884898710866,1.99395695339,,,,,,,,,,,,,
regression,classical_regression_v1,travel_time,1,30,test,road_id,NL-012,1086,,True,1.3949603539,0.60211996,9.3139873167,0.747923002,-0.0229352780476,1.39477179566,-0.544544052986,0.0377657879902,0.666498104424,0.867403314917,1.99395695339,,,,,,,,,,,,,
regression,classical_regression_v1,travel_time,1,30,test,road_id,NL-013,1086,,True,1.1576941295,0.5003424961,10.7111114674,0.7104945313,0.157163503862,1.14697660416,-0.283322790183,0.0542003085263,0.832324657596,0.877532228361,1.99395695339,,,,,,,,,,,,,
regression,classical_regression_v1,travel_time,1,30,test,road_id,NL-014,1086,,True,0.8337281635,0.3475564828,9.1069741091,0.7507265362,0.0296193118413,0.833201864475,-0.271965112878,0.0149770563875,0.417270543434,0.920810313076,1.99395695339,,,,,,,,,,,,,
regression,classical_regression_v1,travel_time,1,30,test,road_id,NL-015,1086,,True,0.7594231778,0.3173668555,10.2705587842,0.6466079573,-0.00244445477386,0.759419243654,-0.347652654902,0.0172655730154,0.309816484944,0.922651933702,1.99395695339,,,,,,,,,,,,,
regression,classical_regression_v1,travel_time,1,30,test,road_id,NL-016,1086,,True,0.9752682785,0.4215304873,9.9944966955,0.7144330362,0.0517911136721,0.973892137568,-0.335900698669,0.0315490161111,0.488833093245,0.897790055249,1.99395695339,,,,,,,,,,,,,
regression,classical_regression_v1,travel_time,1,30,test,road_id,NL-017,1086,,True,0.7511721912,0.2804969992,9.8067940624,0.5879249991,0.121619289191,0.741261363734,-0.160737296755,0.0290456700161,0.388687236492,0.933701657459,1.99395695339,,,,,,,,,,,,,
regression,classical_regression_v1,travel_time,1,30,test,road_id,NL-018,1086,,True,1.4832122026,0.6090069984,8.3456213666,0.7533573093,-0.104239470937,1.47954471736,-0.680476177316,0.0181745796745,0.541314794102,0.876611418048,1.99395695339,,,,,,,,,,,,,
regression,classical_regression_v1,travel_time,1,30,test,road_id,NL-019,1086,,True,1.381139948,0.6207432313,10.772029409,0.7392991883,0.00491318849359,1.38113120905,-0.486269893414,0.0583236222271,0.801277590721,0.852670349908,1.99395695339,,,,,,,,,,,,,
regression,classical_regression_v1,travel_time,1,30,test,road_id,NL-020,1086,,True,1.2451871866,0.4956964076,8.0698503703,0.7800633557,-0.00293734022438,1.24518372203,-0.41116700013,0.0297717343709,0.544433714905,0.901473296501,1.99395695339,,,,,,,,,,,,,
regression,classical_regression_v1,travel_time,1,30,test,road_id,NL-021,1086,,True,1.275355344,0.5528444289,9.5433462033,0.7478806964,0.10247839053,1.27123146317,-0.379391228769,0.0403947458901,0.754146521964,0.881215469613,1.99395695339,,,,,,,,,,,,,
regression,classical_regression_v1,travel_time,1,30,test,road_id,NL-022,1086,,True,1.2931565134,0.5277058734,8.4523580264,0.76596365,0.0877385957876,1.29017661855,-0.342505784239,0.0485205577055,0.582396508643,0.894106813996,1.99395695339,,,,,,,,,,,,,
regression,classical_regression_v1,travel_time,1,30,test,road_id,NL-023,1086,,True,0.8493603354,0.3618528678,10.2671561004,0.7222913722,0.101432551626,0.843281932029,-0.212825532454,0.0441928753451,0.524589051196,0.913443830571,1.99395695339,,,,,,,,,,,,,
regression,classical_regression_v1,travel_time,1,30,test,road_id,NL-024,1086,,True,1.4707127473,0.6093203182,9.0432547151,0.7613797422,-0.0242276574498,1.47051317768,-0.492453635629,0.0452351937052,0.747217216291,0.867403314917,1.99395695339,,,,,,,,,,,,,
regression,classical_regression_v1,travel_time,1,30,test,road_id,NL-025,1086,,True,1.087094788,0.4533533045,8.7515492658,0.7298173133,0.102394819071,1.08226169621,-0.316200708932,0.038181229998,0.649201396473,0.894106813996,1.99395695339,,,,,,,,,,,,,
regression,classical_regression_v1,travel_time,1,30,test,origin_hour,0,1100,,True,0.1394345227,0.1059020596,4.2984157696,0.9768175824,0.00642622570292,0.139286358786,-0.159217034825,0.0116558275345,0.176557522756,1,1.99192567346,,,,,,,,,,,,,
regression,classical_regression_v1,travel_time,1,30,test,origin_hour,1,1100,,True,0.1359580619,0.102296277,4.1086519025,0.9780056289,0.00716387050243,0.135769192257,-0.158804844115,0.0130581213397,0.17225363559,1,1.99194541689,,,,,,,,,,,,,
regression,classical_regression_v1,travel_time,1,30,test,origin_hour,2,1100,,True,0.1349815166,0.1028434094,4.1439826737,0.9786014935,0.00265577034366,0.134955387854,-0.167280922185,0.0074516375239,0.156605501878,1,1.99199347161,,,,,,,,,,,,,
regression,classical_regression_v1,travel_time,1,30,test,origin_hour,3,1100,,True,0.1427793153,0.107116976,4.2836002665,0.975597316,0.00745015878699,0.142584809902,-0.170321211206,0.00810365450494,0.181407005601,1,1.99224829197,,,,,,,,,,,,,
regression,classical_regression_v1,travel_time,1,30,test,origin_hour,4,1100,,True,0.1474818994,0.1108813567,4.4188779561,0.9743050511,0.00780570449028,0.147275190174,-0.172901121899,0.0147307449492,0.180979619759,1,1.99289252341,,,,,,,,,,,,,
regression,classical_regression_v1,travel_time,1,30,test,origin_hour,5,1100,,True,0.1716583387,0.1259291583,4.7433804979,0.9682206749,0.00276353021595,0.171636092162,-0.207716519544,0.00690510730785,0.20427145047,1,1.99362151828,,,,,,,,,,,,,
regression,classical_regression_v1,travel_time,1,30,test,origin_hour,6,1100,,True,0.3389726895,0.2229573081,6.8451993493,0.9226524791,-0.018513796237,0.33846672445,-0.338645119497,-0.00511096595231,0.296499463336,0.986363636364,1.99395221106,,,,,,,,,,,,,
regression,classical_regression_v1,travel_time,1,30,test,origin_hour,7,1100,,True,2.1525263245,1.2571185041,19.9652454681,0.6852659534,0.0273862727133,2.15235210168,-1.72706206533,0.142039326993,1.94782371723,0.648181818182,1.99394760199,,,,,,,,,,,,,
regression,classical_regression_v1,travel_time,1,30,test,origin_hour,8,1125,,True,3.3480256858,2.331465697,29.9861532091,0.6430615601,0.157797613228,3.34430499596,-4.27692933275,0.475321159874,3.85971815883,0.392888888889,1.99395695339,,,,,,,,,,,,,
regression,classical_regression_v1,travel_time,1,30,test,origin_hour,9,1150,,True,1.6780979163,0.9350925835,19.1829992483,0.6618748013,0.155158098394,1.67090950714,-1.15941223452,0.207683183045,1.45433507006,0.71652173913,1.99395695339,,,,,,,,,,,,,
regression,classical_regression_v1,travel_time,1,30,test,origin_hour,10,1150,,True,0.4568095579,0.2884652888,9.1189619481,0.8702537148,0.108440858825,0.443751678633,-0.289143698869,0.0904121334979,0.502126893013,0.973913043478,1.99395695339,,,,,,,,,,,,,
regression,classical_regression_v1,travel_time,1,30,test,origin_hour,11,1150,,True,0.2420676993,0.1721143054,5.924831288,0.9512701586,0.0220638037732,0.241060074672,-0.250585116049,0.0337301207637,0.292968339994,0.995652173913,1.99392280006,,,,,,,,,,,,,
regression,classical_regression_v1,travel_time,1,30,test,origin_hour,12,1150,,True,0.2412871689,0.1703846792,5.8049982027,0.9496098409,0.0177520767699,0.240633251283,-0.253046578836,0.0264393791914,0.277668909473,0.994782608696,1.99391466601,,,,,,,,,,,,,
regression,classical_regression_v1,travel_time,1,30,test,origin_hour,13,1150,,True,0.2392179755,0.1713303648,5.9028388487,0.9500752282,0.0132212876115,0.238852333765,-0.256748184154,0.0170636336993,0.284694982642,0.994782608696,1.99392371898,,,,,,,,,,,,,
regression,classical_regression_v1,travel_time,1,30,test,origin_hour,14,1150,,True,0.2956329573,0.19174887,6.2462585004,0.9337729731,0.0308595349887,0.294017915382,-0.237955132513,0.0332834322372,0.315385565927,0.987826086957,1.99389312211,,,,,,,,,,,,,
regression,classical_regression_v1,travel_time,1,30,test,origin_hour,15,1150,,True,0.6894018931,0.3504286081,9.2677726985,0.7883323885,0.0133870278945,0.689271904001,-0.486232694742,0.0395420004081,0.494733158439,0.946956521739,1.9939017244,,,,,,,,,,,,,
regression,classical_regression_v1,travel_time,1,30,test,origin_hour,16,1150,,True,1.6065667914,0.9146904143,17.0741222843,0.7074089895,-0.0504436771526,1.6057746699,-1.38694021779,0.097557492751,1.27868411121,0.715652173913,1.99395695339,,,,,,,,,,,,,
regression,classical_regression_v1,travel_time,1,30,test,origin_hour,17,1150,,True,2.3311770861,1.4952287022,22.406670616,0.6728159495,-0.052608375089,2.33058339599,-2.56129581911,0.185947978757,2.26029734372,0.538260869565,1.99395695339,,,,,,,,,,,,,
regression,classical_regression_v1,travel_time,1,30,test,origin_hour,18,1150,,True,1.7279894779,1.0543327141,20.3985621,0.6646294277,0.312590817266,1.69948069034,-0.912480056464,0.283882002004,1.98244823863,0.680869565217,1.99395695339,,,,,,,,,,,,,
regression,classical_regression_v1,travel_time,1,30,test,origin_hour,19,1150,,True,0.5753651475,0.3543129671,10.8343217364,0.8152016671,0.146781175593,0.556327546896,-0.339897660404,0.116242809628,0.633426379814,0.944347826087,1.99394707592,,,,,,,,,,,,,
regression,classical_regression_v1,travel_time,1,30,test,origin_hour,20,1150,,True,0.1968908933,0.1451908476,5.4676280027,0.9620657728,0.0267751892084,0.19506181867,-0.204540844362,0.0302052705928,0.245194927843,0.999130434783,1.99388307471,,,,,,,,,,,,,
regression,classical_regression_v1,travel_time,1,30,test,origin_hour,21,1150,,True,0.1520584328,0.1130510016,4.4742161806,0.9735000343,0.0220133227177,0.150456573801,-0.154121548147,0.0265863038621,0.197369585617,1,1.99338024015,,,,,,,,,,,,,
regression,classical_regression_v1,travel_time,1,30,test,origin_hour,22,1150,,True,0.1388725849,0.1029554777,4.1571174867,0.9770667252,0.00688247799189,0.138701933383,-0.16633494598,0.0100349051269,0.168716645499,1,1.99255332244,,,,,,,,,,,,,
regression,classical_regression_v1,travel_time,1,30,test,origin_hour,23,1125,,True,0.1399170471,0.1041326984,4.2463341816,0.9766809144,0.0118860888497,0.139411265516,-0.156240451989,0.017037622804,0.177282518925,1,1.99221649997,,,,,,,,,,,,,
regression,classical_regression_v1,travel_time,1,30,test,weekday,Friday,4375,,True,1.2404562129,0.5432444859,10.8552136564,0.7846845153,0.0503996947657,1.23943192106,-0.40758055805,0.0290255520698,0.78185370774,0.864,1.99357903344,,,,,,,,,,,,,
regression,classical_regression_v1,travel_time,1,30,test,weekday,Monday,3600,,True,1.3133077787,0.5543695242,11.0348797996,0.7607222539,0.0348244481801,1.31284598468,-0.426843169359,0.0301303453877,0.735297345958,0.865,1.99352846019,,,,,,,,,,,,,
regression,classical_regression_v1,travel_time,1,30,test,weekday,Saturday,4775,,True,0.4772562856,0.2224999151,7.0283224981,0.8600044926,0.0446133548398,0.475166508447,-0.230413765833,0.0415797900205,0.372814668092,0.975916230366,1.99304883464,,,,,,,,,,,,,
regression,classical_regression_v1,travel_time,1,30,test,weekday,Sunday,3600,,True,0.2957001312,0.1901975418,6.5997523144,0.9325141592,0.0651360158058,0.288436937703,-0.194494621717,0.0504585183167,0.344573976207,0.985277777778,1.99310639198,,,,,,,,,,,,,
regression,classical_regression_v1,travel_time,1,30,test,weekday,Thursday,3600,,True,1.7728264315,0.7656956529,12.84175558,0.8060096145,-0.0342502761985,1.77249555004,-0.720089684673,0.0168598740317,0.960261116102,0.820833333333,1.99364311527,,,,,,,,,,,,,
regression,classical_regression_v1,travel_time,1,30,test,weekday,Tuesday,3600,,True,1.219353419,0.5141141803,10.17011124,0.7879286008,0.0331022165096,1.21890401738,-0.400710356251,0.0282484326678,0.693058076613,0.872777777778,1.99353128819,,,,,,,,,,,,,
regression,classical_regression_v1,travel_time,1,30,test,weekday,Wednesday,3600,,True,1.1101489457,0.4972041776,10.3947043783,0.8007164615,0.0938606242193,1.10617397586,-0.375836822432,0.0288043679828,0.81770301154,0.869166666667,1.99357359057,,,,,,,,,,,,,
regression,classical_regression_v1,travel_time,1,30,test,weekday_type,weekday,18775,,True,1.3465930848,0.5736178616,11.0509072351,0.7932114928,0.0361987701922,1.34610645381,-0.446431106616,0.027251173381,0.800262518007,0.858588548602,1.99357142511,,,,,,,,,,,,,
regression,classical_regression_v1,travel_time,1,30,test,weekday_type,weekend,8375,,True,0.4092071114,0.2086147158,6.8441012848,0.8875591627,0.0534350359715,0.405703286845,-0.215562647575,0.0456900579428,0.359859925267,0.979940298507,1.99307357571,,,,,,,,,,,,,
regression,classical_regression_v1,travel_time,1,30,test,peak_status,evening_peak,3450,,True,1.7079597278,0.9679581278,17.8798514841,0.7266964142,0.13558787259,1.70256934093,-1.03402771255,0.168156208734,1.69566638379,0.72115942029,1.9939536609,,,,,,,,,,,,,
regression,classical_regression_v1,travel_time,1,30,test,peak_status,morning_peak,3375,,True,2.4912026866,1.5055068843,23.039004892,0.691427006,0.11439378608,2.48857487073,-2.03001621746,0.225682977177,2.5662591851,0.58637037037,1.99395390553,,,,,,,,,,,,,
regression,classical_regression_v1,travel_time,1,30,test,peak_status,off_peak,20325,,True,0.4672657505,0.2015391056,6.1676753982,0.8841932028,0.0134461573512,0.46707224547,-0.235771424784,0.0212617330499,0.276762145912,0.977121771218,1.99323789136,,,,,,,,,,,,,
regression,classical_regression_v1,travel_time,1,30,test,weather_condition,Clear,20414,,True,1.1319294853,0.4479398406,9.5519418545,0.805896143,0.0313604645875,1.13149497606,-0.341617577033,0.0325486061825,0.542068766301,0.900313510336,1.99333853704,,,,,,,,,,,,,
regression,classical_regression_v1,travel_time,1,30,test,weather_condition,Cloudy,4432,,True,1.2203276042,0.5052427312,10.2046438751,0.8208175955,0.0458124111419,1.21946737739,-0.351467998833,0.0457012968078,0.654602447094,0.882897111913,1.9935906166,,,,,,,,,,,,,
regression,classical_regression_v1,travel_time,1,30,test,weather_condition,Fog,166,,True,0.8327022017,0.3882510119,8.7224022331,0.7709865615,-0.122565911359,0.823632535885,-0.532626819552,-0.0577687632371,0.338058756092,0.927710843373,1.99395695339,,,,,,,,,,,,,
regression,classical_regression_v1,travel_time,1,30,test,weather_condition,Overcast,970,,True,1.207442366,0.5300392219,10.7332440025,0.7768773882,0.122048804199,1.20125815573,-0.311302362921,0.060653970769,0.80398192736,0.876288659794,1.99355630854,,,,,,,,,,,,,
regression,classical_regression_v1,travel_time,1,30,test,weather_condition,Rain,1168,,True,0.997515123,0.4749624939,10.8909618783,0.7465969868,0.1591402462,0.984738951501,-0.370008647577,-0.00168268118995,0.970798490077,0.882705479452,1.99395695339,,,,,,,,,,,,,
regression,classical_regression_v1,travel_time,1,30,test,actual_congestion,Free-flow,16317,,True,0.2029979164,0.1365437584,5.1421804066,0.9582263524,0.0368258860358,0.199629677561,-0.171871496379,0.0284263467075,0.2476723588,0.997916283631,1.99305993914,,,,,,,,,,,,,
regression,classical_regression_v1,travel_time,1,30,test,actual_congestion,Heavy,2676,,True,1.8097405553,1.2587740255,24.7789161867,0.2407719658,0.685960050121,1.67469987973,-1.01613455287,0.367607419946,2.8459689737,0.562406576981,1.99395695339,,,,,,,,,,,,,
regression,classical_regression_v1,travel_time,1,30,test,actual_congestion,Moderate,6567,,True,0.6943507469,0.3960297194,11.4589402404,0.7377911676,0.192616085369,0.667099695267,-0.347013609278,0.0675712382956,0.800148756411,0.921273031826,1.99395695339,,,,,,,,,,,,,
regression,classical_regression_v1,travel_time,1,30,test,actual_congestion,Severe,1590,,True,3.7904649107,2.7167500826,24.7395808998,0.4994895448,-1.61904186954,3.4272915931,-6.31692942713,-1.07955559437,2.12515848532,0.307547169811,1.99395695339,,,,,,,,,,,,,
regression,classical_regression_v1,travel_time,1,30,validation,overall,all,27150,,True,1.1004809536,0.4405902833,9.5145271974,0.7796204661,0.0418787868555,1.0996838166,-0.322881194536,0.0330823108118,0.559379887796,0.900036832413,1.99342047072,,,,,,,,,,,,,
regression,classical_regression_v1,travel_time,1,30,validation,road_id,NL-001,1086,,True,1.0537653174,0.4204556679,9.4183888657,0.6805804771,0.00230640385272,1.05376279338,-0.290634481184,0.0537698259985,0.498515023513,0.908839779006,1.99395695339,,,,,,,,,,,,,
regression,classical_regression_v1,travel_time,1,30,validation,road_id,NL-002,1086,,True,0.4887726657,0.1949327519,10.0847993553,0.6046951072,0.00871475309878,0.488694968034,-0.138799015292,0.0148898069111,0.237458819649,0.960405156538,1.99032681233,,,,,,,,,,,,,
regression,classical_regression_v1,travel_time,1,30,validation,road_id,NL-003,1086,,True,1.1364792733,0.4735795336,10.2222698622,0.6385640256,0.0274583843592,1.13614751496,-0.317943652307,0.0457402966715,0.643595846217,0.894106813996,1.99395695339,,,,,,,,,,,,,
regression,classical_regression_v1,travel_time,1,30,validation,road_id,NL-004,1086,,True,0.4650571168,0.2015830447,10.9428230293,0.6190608266,0.0409261822769,0.46325281375,-0.122000543508,0.0150950205042,0.313059678926,0.953038674033,1.98417502771,,,,,,,,,,,,,
regression,classical_regression_v1,travel_time,1,30,validation,road_id,NL-005,1086,,True,0.5601120405,0.2500467548,10.3202683744,0.6898089516,0.0420295710153,0.558532911313,-0.170374532919,0.0226118435672,0.435402157519,0.941988950276,1.99395695339,,,,,,,,,,,,,
regression,classical_regression_v1,travel_time,1,30,validation,road_id,NL-006,1086,,True,1.0857933515,0.4966122631,11.2893167412,0.6633069122,0.0728893446565,1.08334405694,-0.334014116486,0.0547883736729,0.665825896424,0.873848987109,1.99395695339,,,,,,,,,,,,,
regression,classical_regression_v1,travel_time,1,30,validation,road_id,NL-007,1086,,True,0.5181310596,0.2295340708,9.8477166804,0.7278674031,0.0405978731638,0.516538098924,-0.145980175734,0.0331331663265,0.358773889139,0.947513812155,1.99395695339,,,,,,,,,,,,,
regression,classical_regression_v1,travel_time,1,30,validation,road_id,NL-008,1086,,True,1.5775158833,0.6504300639,9.3981789672,0.7072971227,0.103065755394,1.57414542284,-0.388786465324,0.0791845964449,0.868429329881,0.865561694291,1.99395695339,,,,,,,,,,,,,
regression,classical_regression_v1,travel_time,1,30,validation,road_id,NL-009,1086,,True,1.0542937813,0.4808624229,10.220255752,0.6702820999,0.0961935027616,1.04989627454,-0.381023721098,0.0429944189238,0.644360591536,0.884898710866,1.99395695339,,,,,,,,,,,,,
regression,classical_regression_v1,travel_time,1,30,validation,road_id,NL-010,1086,,True,1.4685047038,0.6127998761,8.7728490904,0.7141706457,0.0710679517408,1.46678403703,-0.464688841265,0.0394630659466,0.715687733274,0.863720073665,1.99395695339,,,,,,,,,,,,,
regression,classical_regression_v1,travel_time,1,30,validation,road_id,NL-011,1086,,True,1.4146816553,0.5977145349,8.3660554764,0.7413010089,-0.033696337248,1.41428029141,-0.545507837958,0.0282612579317,0.595685410107,0.865561694291,1.99395695339,,,,,,,,,,,,,
regression,classical_regression_v1,travel_time,1,30,validation,road_id,NL-012,1086,,True,1.3578118928,0.5666732733,9.089597263,0.705224918,0.0252286282154,1.35757749417,-0.405183735957,0.0460706140499,0.705602512674,0.875690607735,1.99395695339,,,,,,,,,,,,,
regression,classical_regression_v1,travel_time,1,30,validation,road_id,NL-013,1086,,True,1.0111193468,0.4596862091,10.5460826738,0.7016863587,0.167198268913,0.997199615139,-0.259828329107,0.0579016380211,0.84167335929,0.886740331492,1.99395695339,,,,,,,,,,,,,
regression,classical_regression_v1,travel_time,1,30,validation,road_id,NL-014,1086,,True,0.7490952171,0.3139154316,8.488375878,0.7026296753,0.0427877450263,0.747872217106,-0.234573139164,0.0264570873309,0.381047863526,0.930939226519,1.99395695339,,,,,,,,,,,,,
regression,classical_regression_v1,travel_time,1,30,validation,road_id,NL-015,1086,,True,0.6872642973,0.2883245611,9.2442811776,0.686952854,-0.0623940723989,0.684426178693,-0.311832564467,0.0144073091513,0.27026990387,0.926335174954,1.99395695339,,,,,,,,,,,,,
regression,classical_regression_v1,travel_time,1,30,validation,road_id,NL-016,1086,,True,0.9942676489,0.4211035667,10.1258247309,0.6414343535,0.0861156445541,0.990531298524,-0.279257863851,0.0360194414284,0.604856639069,0.899631675875,1.99395695339,,,,,,,,,,,,,
regression,classical_regression_v1,travel_time,1,30,validation,road_id,NL-017,1086,,True,0.5780230475,0.251297206,9.3368790564,0.725685562,0.0508369551732,0.575783160052,-0.167771503502,0.0265446829633,0.381944377147,0.941068139963,1.99395695339,,,,,,,,,,,,,
regression,classical_regression_v1,travel_time,1,30,validation,road_id,NL-018,1086,,True,1.5927397748,0.6572463765,8.7779423647,0.6806914312,-0.154231090901,1.58525479364,-0.761790895414,0.00645101716357,0.549294116372,0.857274401473,1.99395695339,,,,,,,,,,,,,
regression,classical_regression_v1,travel_time,1,30,validation,road_id,NL-019,1086,,True,1.4091630009,0.584071079,10.0907468491,0.6505570042,-0.0133769076929,1.40909950732,-0.409626893714,0.0630606384563,0.714205775144,0.86832412523,1.99395695339,,,,,,,,,,,,,
regression,classical_regression_v1,travel_time,1,30,validation,road_id,NL-020,1086,,True,1.191631224,0.4762338032,8.1436667198,0.734615796,0.0261146403873,1.191345038,-0.333306504216,0.044710913254,0.526104560923,0.89226519337,1.99395695339,,,,,,,,,,,,,
regression,classical_regression_v1,travel_time,1,30,validation,road_id,NL-021,1086,,True,1.2711297866,0.5230033793,9.1413308138,0.7293741473,0.084647343432,1.26830822818,-0.360153323639,0.0604548453294,0.674205889923,0.894106813996,1.99395695339,,,,,,,,,,,,,
regression,classical_regression_v1,travel_time,1,30,validation,road_id,NL-022,1086,,True,1.1162272276,0.4844264817,8.5246815322,0.7289823884,0.105709283213,1.11121049814,-0.32893777108,0.0289081606324,0.653350707521,0.886740331492,1.99395695339,,,,,,,,,,,,,
regression,classical_regression_v1,travel_time,1,30,validation,road_id,NL-023,1086,,True,0.7993872264,0.336675288,9.6089159298,0.6429095697,0.0769185844491,0.795677993382,-0.202149661001,0.0399953658165,0.47579472135,0.914364640884,1.99395695339,,,,,,,,,,,,,
regression,classical_regression_v1,travel_time,1,30,validation,road_id,NL-024,1086,,True,1.4415918061,0.5878248095,9.0040612332,0.674634641,0.070465094378,1.43986860716,-0.377433853524,0.0251486575778,0.751787611405,0.872007366483,1.99395695339,,,,,,,,,,,,,
regression,classical_regression_v1,travel_time,1,30,validation,road_id,NL-025,1086,,True,1.0754366253,0.4557246333,8.857871519,0.7193547124,0.0693961695675,1.07319527887,-0.312539868997,0.0246885492898,0.593955193315,0.895948434622,1.99395695339,,,,,,,,,,,,,
regression,classical_regression_v1,travel_time,1,30,validation,origin_hour,0,1150,,True,0.1344131411,0.1015673242,4.1018801473,0.9783431853,0.00601993460334,0.134278266602,-0.163489706671,0.0101964843932,0.167964737242,1,1.99196545721,,,,,,,,,,,,,
regression,classical_regression_v1,travel_time,1,30,validation,origin_hour,1,1150,,True,0.1359844177,0.1041867455,4.2482034303,0.9774459259,0.00885363599464,0.135695891586,-0.157224052803,0.0118523705078,0.173359846624,1,1.99195147598,,,,,,,,,,,,,
regression,classical_regression_v1,travel_time,1,30,validation,origin_hour,2,1150,,True,0.1308584884,0.0993685153,4.0185622976,0.979274592,0.0079276529306,0.130618131622,-0.157454440512,0.0116447895644,0.169589757304,1,1.99200871448,,,,,,,,,,,,,
regression,classical_regression_v1,travel_time,1,30,validation,origin_hour,3,1150,,True,0.14436224,0.108481442,4.3295801383,0.9750420232,0.00352337275216,0.144319237026,-0.175999419196,0.00660330896027,0.175355257621,0.999130434783,1.99232346615,,,,,,,,,,,,,
regression,classical_regression_v1,travel_time,1,30,validation,origin_hour,4,1150,,True,0.1430346839,0.1060132774,4.2889407766,0.9758483329,0.00996864300161,0.142686884351,-0.161606634891,0.0109984181064,0.17384631352,1,1.99295691634,,,,,,,,,,,,,
regression,classical_regression_v1,travel_time,1,30,validation,origin_hour,5,1150,,True,0.1586592081,0.120611998,4.6320218638,0.9721445261,0.00353865228758,0.158619741032,-0.192166664333,0.00671571350693,0.192542261723,1,1.9936857694,,,,,,,,,,,,,
regression,classical_regression_v1,travel_time,1,30,validation,origin_hour,6,1150,,True,0.3125753618,0.2180355643,6.8407556228,0.9316879522,-0.0315831767169,0.310975657806,-0.378639345873,-0.0147464075065,0.298476043576,0.984347826087,1.99395695339,,,,,,,,,,,,,
regression,classical_regression_v1,travel_time,1,30,validation,origin_hour,7,1150,,True,2.1994711305,1.3004066436,21.4766124944,0.5564864097,0.0420226495581,2.19906965577,-1.79763097652,0.141613419427,2.26255334911,0.628695652174,1.99395695339,,,,,,,,,,,,,
regression,classical_regression_v1,travel_time,1,30,validation,origin_hour,8,1100,,True,3.5096138061,2.493481183,31.8180629854,0.561254104,0.102022259345,3.50813063139,-4.78335006172,0.424986474004,4.06982360371,0.362727272727,1.99395695339,,,,,,,,,,,,,
regression,classical_regression_v1,travel_time,1,30,validation,origin_hour,9,1100,,True,1.3739227942,0.8280606362,17.7557008344,0.6633814665,0.146881908886,1.36604888246,-0.991442342963,0.218723670564,1.40513659749,0.736363636364,1.99395695339,,,,,,,,,,,,,
regression,classical_regression_v1,travel_time,1,30,validation,origin_hour,10,1100,,True,0.3539918893,0.250552636,8.2720069744,0.9125069585,0.0879115397516,0.342902054298,-0.27618826914,0.0893318976142,0.445218071041,0.984545454545,1.99395695339,,,,,,,,,,,,,
regression,classical_regression_v1,travel_time,1,30,validation,origin_hour,11,1100,,True,0.2109003168,0.1609256644,5.7272810429,0.9599644182,0.0491009934421,0.205104939209,-0.192011667407,0.0477485478966,0.292855739495,1,1.99395695339,,,,,,,,,,,,,
regression,classical_regression_v1,travel_time,1,30,validation,origin_hour,12,1100,,True,0.2042998924,0.1522754132,5.3975374301,0.9611792796,0.0341245481914,0.201429792362,-0.200642779389,0.0395445903277,0.279304664959,0.999090909091,1.99395695339,,,,,,,,,,,,,
regression,classical_regression_v1,travel_time,1,30,validation,origin_hour,13,1100,,True,0.2028863886,0.1532662243,5.3642843949,0.9623808893,0.0282590024005,0.200908724182,-0.217861864802,0.032822356731,0.2729225522,0.999090909091,1.99395695339,,,,,,,,,,,,,
regression,classical_regression_v1,travel_time,1,30,validation,origin_hour,14,1100,,True,0.2386095548,0.177143982,6.013447948,0.9531498717,0.0155943126576,0.238099426871,-0.265958278664,0.0281953371495,0.29103175328,0.998181818182,1.99395695339,,,,,,,,,,,,,
regression,classical_regression_v1,travel_time,1,30,validation,origin_hour,15,1100,,True,0.4028453116,0.287347012,8.4530087059,0.8994947792,0.0494673175906,0.399796610246,-0.401771149904,0.060096316076,0.503076411019,0.972727272727,1.99395695339,,,,,,,,,,,,,
regression,classical_regression_v1,travel_time,1,30,validation,origin_hour,16,1100,,True,1.142842902,0.7394502549,15.686811831,0.6995389937,0.0544886584891,1.14154320322,-1.04284427703,0.0867195458102,1.1442068523,0.765454545455,1.99395695339,,,,,,,,,,,,,
regression,classical_regression_v1,travel_time,1,30,validation,origin_hour,17,1150,,True,2.4085179899,1.474699585,22.6525686087,0.533104713,-0.0658420414236,2.40761785445,-2.37910423062,0.225072998109,2.15744662353,0.540869565217,1.99395695339,,,,,,,,,,,,,
regression,classical_regression_v1,travel_time,1,30,validation,origin_hour,18,1150,,True,1.4626401658,0.9779720666,19.9706660971,0.6111853825,0.267961391446,1.43788488666,-1.05117906327,0.293299081599,1.91531644809,0.657391304348,1.99395695339,,,,,,,,,,,,,
regression,classical_regression_v1,travel_time,1,30,validation,origin_hour,19,1150,,True,0.4542287731,0.3054175931,9.6427345287,0.8622952652,0.140853010389,0.431838173167,-0.277255508991,0.102605873764,0.622788670215,0.960869565217,1.99395695339,,,,,,,,,,,,,
regression,classical_regression_v1,travel_time,1,30,validation,origin_hour,20,1150,,True,0.1956480149,0.1439063705,5.399556505,0.9600908617,0.0295305411904,0.19340654817,-0.18686018586,0.0260540994709,0.256722209559,0.999130434783,1.99394750746,,,,,,,,,,,,,
regression,classical_regression_v1,travel_time,1,30,validation,origin_hour,21,1150,,True,0.1489872338,0.1119049781,4.4027916586,0.9746881822,0.00579807045106,0.148874370615,-0.176172420094,0.00819803126155,0.186355452537,1,1.9934513282,,,,,,,,,,,,,
regression,classical_regression_v1,travel_time,1,30,validation,origin_hour,22,1150,,True,0.1407263819,0.105223968,4.2128144296,0.9766751012,0.00455443937048,0.140652663079,-0.16802184125,0.0117663716303,0.163585172876,1,1.99250629157,,,,,,,,,,,,,
regression,classical_regression_v1,travel_time,1,30,validation,origin_hour,23,1150,,True,0.1447794497,0.1093977418,4.4627088348,0.9749006364,0.0124153705105,0.144246135606,-0.164764971495,0.0159966001933,0.185778227886,1,1.99210695104,,,,,,,,,,,,,
regression,classical_regression_v1,travel_time,1,30,validation,weekday,Friday,4000,,True,1.2976767363,0.5216813937,10.1405627847,0.7583029067,0.0246145399711,1.29744326901,-0.385747065016,0.025297334846,0.667822299045,0.87425,1.99348030149,,,,,,,,,,,,,
regression,classical_regression_v1,travel_time,1,30,validation,weekday,Monday,3600,,True,1.3053409215,0.5521589551,10.9479791393,0.7517563565,0.0404195887244,1.30471497969,-0.39426675233,0.0275845168488,0.781367633953,0.861111111111,1.99352341986,,,,,,,,,,,,,
regression,classical_regression_v1,travel_time,1,30,validation,weekday,Saturday,3600,,True,0.3381068118,0.2007801643,6.6113444411,0.9214943834,0.0487223595707,0.33457786517,-0.218804797973,0.034551980799,0.354064255957,0.983333333333,1.99315633853,,,,,,,,,,,,,
regression,classical_regression_v1,travel_time,1,30,validation,weekday,Sunday,3600,,True,0.3158491927,0.1926782285,6.3452646579,0.9308462624,0.0466627376747,0.31238326054,-0.222365362394,0.035117085013,0.32977127235,0.980277777778,1.99320834441,,,,,,,,,,,,,
regression,classical_regression_v1,travel_time,1,30,validation,weekday,Thursday,4800,,True,1.2309788389,0.5218974974,10.2804104087,0.785313347,0.0325333464397,1.23054885447,-0.417906375395,0.0278913525833,0.696014065805,0.873125,1.99353406695,,,,,,,,,,,,,
regression,classical_regression_v1,travel_time,1,30,validation,weekday,Tuesday,3600,,True,1.3874275929,0.561705791,10.6364756985,0.7420428242,0.00754478118275,1.38740707864,-0.411037902251,0.0294991573915,0.756953953764,0.862777777778,1.99355655637,,,,,,,,,,,,,
regression,classical_regression_v1,travel_time,1,30,validation,weekday,Wednesday,3950,,True,1.1291625026,0.492108691,11.1552815537,0.7703263127,0.0927424705272,1.12534740918,-0.291552033808,0.0552888517188,0.775286546816,0.879240506329,1.99343804551,,,,,,,,,,,,,
regression,classical_regression_v1,travel_time,1,30,validation,weekday_type,weekday,19950,,True,1.2686613373,0.5286002996,10.6103067997,0.7630909476,0.0397805871199,1.26803749695,-0.385107793475,0.0324267676724,0.729430850685,0.870526315789,1.9935064121,,,,,,,,,,,,,
regression,classical_regression_v1,travel_time,1,30,validation,weekday_type,weekend,7200,,True,0.3271673339,0.1967291964,6.4783045495,0.9261539511,0.0476925486227,0.323672496783,-0.220181294391,0.0348775818738,0.341502305822,0.981805555556,1.99318234147,,,,,,,,,,,,,
regression,classical_regression_v1,travel_time,1,30,validation,peak_status,evening_peak,3450,,True,1.6478874294,0.9193630816,17.4219897448,0.6519653941,0.114324120137,1.64391696131,-1.05111594325,0.164702608294,1.60822912202,0.719710144928,1.99395695339,,,,,,,,,,,,,
regression,classical_regression_v1,travel_time,1,30,validation,peak_status,morning_peak,3350,,True,2.5149631282,1.5370637735,23.6505207673,0.6252807814,0.0961554125511,2.51312428519,-2.35876803309,0.230534839801,2.54036303553,0.57671641791,1.99395695339,,,,,,,,,,,,,
regression,classical_regression_v1,travel_time,1,30,validation,peak_status,off_peak,20350,,True,0.3378470942,0.1789218633,5.8468945563,0.920843448,0.020661927106,0.337214685102,-0.217615217569,0.0209195565141,0.269058256378,0.983832923833,1.99324120378,,,,,,,,,,,,,
regression,classical_regression_v1,travel_time,1,30,validation,weather_condition,Clear,20342,,True,1.1154212194,0.436321675,9.2534619102,0.7791157919,0.0284637493023,1.11505798582,-0.32468096543,0.0295925694995,0.509093474387,0.903991741225,1.99340312977,,,,,,,,,,,,,
regression,classical_regression_v1,travel_time,1,30,validation,weather_condition,Cloudy,5032,,True,1.0647866062,0.4654608757,10.4907224001,0.7835446575,0.0865490644545,1.06126329255,-0.316912845018,0.0496962266661,0.755310294449,0.881558028617,1.99342494948,,,,,,,,,,,,,
regression,classical_regression_v1,travel_time,1,30,validation,weather_condition,Fog,176,,True,0.5076408516,0.2295435151,8.4133856222,0.7849830371,0.0173740125145,0.507343451633,-0.26931026223,-0.0218914204451,0.245603064976,0.965909090909,1.99395695339,,,,,,,,,,,,,
regression,classical_regression_v1,travel_time,1,30,validation,weather_condition,Overcast,856,,True,1.2813057688,0.4979771695,10.3552582994,0.7577771993,0.0625326444301,1.27977894245,-0.246514156261,0.0581497385681,0.7541669359,0.879672897196,1.99324058267,,,,,,,,,,,,,
regression,classical_regression_v1,travel_time,1,30,validation,weather_condition,Rain,744,,True,0.7474129869,0.3729884911,9.3431708903,0.8080568829,0.0885736729163,0.742146129491,-0.372456074772,0.0217454840166,0.574735636284,0.924731182796,1.99394436273,,,,,,,,,,,,,
regression,classical_regression_v1,travel_time,1,30,validation,actual_congestion,Free-flow,16486,,True,0.2111728997,0.136870483,5.1424718646,0.9541105709,0.0410651725108,0.207141606582,-0.164645515864,0.0281216872849,0.249912020307,0.996299890816,1.9930734459,,,,,,,,,,,,,
regression,classical_regression_v1,travel_time,1,30,validation,actual_congestion,Heavy,2613,,True,1.7833104134,1.2270720918,23.838703457,0.262288693,0.685916286345,1.64612116159,-0.958235291111,0.362183768471,2.81761677488,0.578262533486,1.99395695339,,,,,,,,,,,,,
regression,classical_regression_v1,travel_time,1,30,validation,actual_congestion,Moderate,6595,,True,0.6943519225,0.3914166102,11.2849286898,0.7323993852,0.189637287452,0.66795380937,-0.349256573358,0.0640731248268,0.8013227842,0.921152388173,1.99395695339,,,,,,,,,,,,,
regression,classical_regression_v1,travel_time,1,30,validation,actual_congestion,Severe,1456,,True,3.7665015274,2.6908293193,25.292572396,0.3961436241,-1.77400311666,3.32256628192,-6.1748932684,-1.27882065859,1.72200217052,0.291895604396,1.99395695339,,,,,,,,,,,,,
regression,classical_regression_v1,travel_time,2,60,test,overall,all,27125,,True,1.0948588833,0.4393373466,9.3162069585,0.8209535241,0.0294803062096,1.09446191609,-0.345655883433,0.0305630339659,0.530234708381,0.900755760369,2.00079757725,,,,,,,,,,,,,
regression,classical_regression_v1,travel_time,2,60,test,road_id,NL-001,1085,,True,0.9931481412,0.3980913487,9.2036184589,0.7302413592,0.038179642423,0.992413998885,-0.31765194801,0.0413371708405,0.411121661139,0.914285714286,2.00137528663,,,,,,,,,,,,,
regression,classical_regression_v1,travel_time,2,60,test,road_id,NL-002,1085,,True,0.5142973386,0.2012295384,10.5386379543,0.648049238,0.0525496568068,0.511605596216,-0.120570886349,0.0191040350921,0.243122092826,0.95668202765,1.99719734966,,,,,,,,,,,,,
regression,classical_regression_v1,travel_time,2,60,test,road_id,NL-003,1085,,True,1.0873005979,0.4457543558,9.4856279069,0.7444489893,0.0230997193884,1.08705519325,-0.286381368397,0.0356143296375,0.64163868566,0.898617511521,2.00137528663,,,,,,,,,,,,,
regression,classical_regression_v1,travel_time,2,60,test,road_id,NL-004,1085,,True,0.5077912604,0.1987615275,10.18321101,0.6595601068,0.0192224110725,0.507427298322,-0.146017128056,0.00700781436397,0.223904280641,0.95668202765,1.99111048913,,,,,,,,,,,,,
regression,classical_regression_v1,travel_time,2,60,test,road_id,NL-005,1085,,True,0.554728605,0.2474443281,10.6156172515,0.7488426484,0.0670023229222,0.550667335092,-0.155373995841,0.0259460829732,0.393881561987,0.944700460829,2.00137528663,,,,,,,,,,,,,
regression,classical_regression_v1,travel_time,2,60,test,road_id,NL-006,1085,,True,0.9862593998,0.4751996917,10.9152792911,0.7620302098,0.0918881106028,0.981969540648,-0.345315027168,0.0696198835682,0.826609656304,0.871889400922,2.00137528663,,,,,,,,,,,,,
regression,classical_regression_v1,travel_time,2,60,test,road_id,NL-007,1085,,True,0.6262443357,0.2352853955,9.6819974406,0.6643492614,0.0539247196068,0.623918338119,-0.139758792787,0.0276086863421,0.305703653361,0.94930875576,2.00137528663,,,,,,,,,,,,,
regression,classical_regression_v1,travel_time,2,60,test,road_id,NL-008,1085,,True,1.3894297017,0.6015191236,8.774713982,0.7936459838,0.0755213288078,1.38737573313,-0.381955910929,0.0642040208559,0.864070047845,0.863594470046,2.00137528663,,,,,,,,,,,,,
regression,classical_regression_v1,travel_time,2,60,test,road_id,NL-009,1085,,True,1.2376712975,0.5192594705,9.896103215,0.7337927283,-0.0199954454584,1.23750976676,-0.414671524853,0.0386666366337,0.568115288321,0.887557603687,2.00137528663,,,,,,,,,,,,,
regression,classical_regression_v1,travel_time,2,60,test,road_id,NL-010,1085,,True,1.5862978046,0.6474561236,8.21393886,0.7878322725,-0.0887675967062,1.58381218539,-0.617822651613,0.0333201044837,0.583676010198,0.871889400922,2.00137528663,,,,,,,,,,,,,
regression,classical_regression_v1,travel_time,2,60,test,road_id,NL-011,1085,,True,1.3996360762,0.5910349815,7.9179677157,0.8078449401,-0.0722996165986,1.39776747399,-0.551538345822,0.0352298909096,0.550986796227,0.873732718894,2.00137528663,,,,,,,,,,,,,
regression,classical_regression_v1,travel_time,2,60,test,road_id,NL-012,1085,,True,1.2287687159,0.5637630028,9.0953027525,0.7972238093,-0.0189611748308,1.22862241187,-0.620164539508,0.0372090717153,0.642284412329,0.866359447005,2.00137528663,,,,,,,,,,,,,
regression,classical_regression_v1,travel_time,2,60,test,road_id,NL-013,1085,,True,1.1453831606,0.4836198868,10.3387097084,0.7160988125,0.144694891956,1.13620683538,-0.282608071058,0.0547810361871,0.78020155539,0.887557603687,2.00137528663,,,,,,,,,,,,,
regression,classical_regression_v1,travel_time,2,60,test,road_id,NL-014,1085,,True,0.758528559,0.3251049536,8.5318536471,0.792569431,0.0230059755255,0.758179596115,-0.262305271132,0.0184691953885,0.340511978161,0.922580645161,2.00137528663,,,,,,,,,,,,,
regression,classical_regression_v1,travel_time,2,60,test,road_id,NL-015,1085,,True,0.696061803,0.2865160139,9.45419206,0.7007102725,-0.0194076163993,0.695791188482,-0.294683762792,0.00804378505944,0.280971677728,0.928110599078,2.00137528663,,,,,,,,,,,,,
regression,classical_regression_v1,travel_time,2,60,test,road_id,NL-016,1085,,True,0.9696732812,0.3976312501,9.2460981289,0.7175247123,0.016361343508,0.96953523848,-0.320709196766,0.0178708405758,0.372551928721,0.900460829493,2.00137528663,,,,,,,,,,,,,
regression,classical_regression_v1,travel_time,2,60,test,road_id,NL-017,1085,,True,0.6944434477,0.2676867199,9.5314730749,0.6479339768,0.0997356667538,0.687244133395,-0.158303835789,0.031442327068,0.39772573397,0.938248847926,2.00137528663,,,,,,,,,,,,,
regression,classical_regression_v1,travel_time,2,60,test,road_id,NL-018,1085,,True,1.4054121183,0.5827108991,8.1367393067,0.7775631037,-0.0602720133576,1.40411912124,-0.643512698266,0.0156684097818,0.523899116614,0.879262672811,2.00137528663,,,,,,,,,,,,,
regression,classical_regression_v1,travel_time,2,60,test,road_id,NL-019,1085,,True,1.3248186575,0.5864519566,10.3174989439,0.7550707321,0.00877451012883,1.32478959962,-0.438361065569,0.0682222287788,0.744994614702,0.858986175115,2.00137528663,,,,,,,,,,,,,
regression,classical_regression_v1,travel_time,2,60,test,road_id,NL-020,1085,,True,1.3034204485,0.5070694179,8.1861882658,0.7571689331,-0.0309986790844,1.30305178229,-0.455678267242,0.0235034266956,0.505280004018,0.889400921659,2.00137528663,,,,,,,,,,,,,
regression,classical_regression_v1,travel_time,2,60,test,road_id,NL-021,1085,,True,1.319708852,0.5475004978,9.2560198582,0.7292850104,0.0682223821287,1.3179442934,-0.385318753176,0.0248449174402,0.598063607981,0.881105990783,2.00137528663,,,,,,,,,,,,,
regression,classical_regression_v1,travel_time,2,60,test,road_id,NL-022,1085,,True,1.2103327974,0.4923584679,7.9677656368,0.794686127,0.0551488147078,1.20907571674,-0.387774377552,0.0513883595266,0.442844593244,0.896774193548,2.00137528663,,,,,,,,,,,,,
regression,classical_regression_v1,travel_time,2,60,test,road_id,NL-023,1085,,True,0.7919259406,0.3439904379,9.9859661068,0.7584477366,0.101829895009,0.785351747912,-0.200176884215,0.0372003510671,0.600607542362,0.908755760369,2.00137528663,,,,,,,,,,,,,
regression,classical_regression_v1,travel_time,2,60,test,road_id,NL-024,1085,,True,1.4099766032,0.5895557278,8.8243126063,0.7784228153,0.00601420685187,1.40996377647,-0.460079515688,0.0384541219051,0.744948383232,0.872811059908,2.00137528663,,,,,,,,,,,,,
regression,classical_regression_v1,travel_time,2,60,test,road_id,NL-025,1085,,True,1.0543189629,0.4484385484,8.6063407789,0.7449876789,0.102534199477,1.04932131087,-0.319135837004,0.0337475994158,0.639771628567,0.899539170507,2.00137528663,,,,,,,,,,,,,
regression,classical_regression_v1,travel_time,2,60,test,origin_hour,0,1100,,True,0.1422325166,0.1067719566,4.3327814317,0.9760418666,0.00746646087317,0.142036406393,-0.159490426766,0.0153187410704,0.176497707619,1,1.99911410789,,,,,,,,,,,,,
regression,classical_regression_v1,travel_time,2,60,test,origin_hour,1,1100,,True,0.1363097905,0.1029220765,4.0950809652,0.9780979938,-0.00183310753365,0.136297463989,-0.171053627857,0.00583737462672,0.157137685513,1,1.99897681591,,,,,,,,,,,,,
regression,classical_regression_v1,travel_time,2,60,test,origin_hour,2,1100,,True,0.1395467794,0.1049111841,4.2092107891,0.9767994817,0.0040219722732,0.139488807378,-0.169693014759,0.00391562327261,0.171940186759,1,1.99913998448,,,,,,,,,,,,,
regression,classical_regression_v1,travel_time,2,60,test,origin_hour,3,1100,,True,0.1487405642,0.1118240331,4.4825872898,0.973455248,0.0142948378307,0.14805206198,-0.172233664174,0.0188930054928,0.196944113711,1,1.99983482749,,,,,,,,,,,,,
regression,classical_regression_v1,travel_time,2,60,test,origin_hour,4,1100,,True,0.161413312,0.1189461867,4.5835693325,0.9703547922,0.00467970955903,0.161345460418,-0.196532829692,0.015642539305,0.187099143961,1,2.00079192905,,,,,,,,,,,,,
regression,classical_regression_v1,travel_time,2,60,test,origin_hour,5,1100,,True,0.1988888708,0.1425559713,5.1033359452,0.9629165275,0.00246614197562,0.198873580597,-0.219498184295,0.0109464106616,0.22238267977,0.998181818182,2.00128774429,,,,,,,,,,,,,
regression,classical_regression_v1,travel_time,2,60,test,origin_hour,6,1100,,True,0.9409188178,0.4782958513,10.9448644807,0.8104786535,0.0375461034512,0.940169405928,-0.671370833172,0.0883728339233,0.633894655185,0.89,2.00137528663,,,,,,,,,,,,,
regression,classical_regression_v1,travel_time,2,60,test,origin_hour,7,1100,,True,3.0767604276,2.0393765389,26.2675714499,0.6533777134,0.0107886716955,3.07674151229,-3.73885531788,0.229279183545,3.39607205232,0.454545454545,2.00137528663,,,,,,,,,,,,,
regression,classical_regression_v1,travel_time,2,60,test,origin_hour,8,1125,,True,2.5899166115,1.6437263643,25.0979341625,0.681747075,0.235048608328,2.57922860683,-2.06574919708,0.326705028189,2.81772365961,0.519111111111,2.00137528663,,,,,,,,,,,,,
regression,classical_regression_v1,travel_time,2,60,test,origin_hour,9,1150,,True,1.037631084,0.4568653473,11.007209754,0.6952388649,0.0095995497059,1.0375866784,-0.571802755285,0.0719801861605,0.595514406392,0.919130434783,2.00136648947,,,,,,,,,,,,,
regression,classical_regression_v1,travel_time,2,60,test,origin_hour,10,1150,,True,0.3021499916,0.2040642993,6.7780833835,0.9290532977,0.0359850489998,0.299999489454,-0.265291449084,0.0356431751247,0.326632265971,0.986956521739,2.00137528663,,,,,,,,,,,,,
regression,classical_regression_v1,travel_time,2,60,test,origin_hour,11,1150,,True,0.2357159163,0.1655832879,5.7367517549,0.9524288264,0.0242997354395,0.234460052105,-0.241359950032,0.0286447999544,0.282713689352,0.997391304348,2.00137528663,,,,,,,,,,,,,
regression,classical_regression_v1,travel_time,2,60,test,origin_hour,12,1150,,True,0.2384307901,0.1708345921,5.8428725783,0.9504006626,0.0119251089575,0.238132386366,-0.24598506277,0.0190851213974,0.271020660956,0.994782608696,2.00134262683,,,,,,,,,,,,,
regression,classical_regression_v1,travel_time,2,60,test,origin_hour,13,1150,,True,0.2481515006,0.1643887719,5.5496414324,0.9485687212,-0.00368377883358,0.248124156447,-0.259583729152,0.00441910568911,0.254933030779,0.994782608696,2.00128475326,,,,,,,,,,,,,
regression,classical_regression_v1,travel_time,2,60,test,origin_hour,14,1150,,True,0.4081971732,0.226161871,6.6955283819,0.8953339635,-0.00926878102825,0.4080919283,-0.321756327583,0.0164329720088,0.33077162261,0.980869565217,2.00129319267,,,,,,,,,,,,,
regression,classical_regression_v1,travel_time,2,60,test,origin_hour,15,1150,,True,0.9928582644,0.5380174705,12.4642596837,0.7818349412,0.0995351543168,0.987856409756,-0.548541343353,0.105395837104,0.899323357748,0.870434782609,2.00135114418,,,,,,,,,,,,,
regression,classical_regression_v1,travel_time,2,60,test,origin_hour,16,1150,,True,1.893496152,1.1908276096,19.4173128896,0.7362122013,-0.0652990146455,1.89236986772,-2.09148028811,0.127886619223,1.73628494642,0.62,2.00137528663,,,,,,,,,,,,,
regression,classical_regression_v1,travel_time,2,60,test,origin_hour,17,1150,,True,2.0279045216,1.2635941554,19.253984389,0.7179130146,-0.06805979804,2.0267621006,-2.11623742992,0.0885720261995,1.86771355506,0.595652173913,2.00137528663,,,,,,,,,,,,,
regression,classical_regression_v1,travel_time,2,60,test,origin_hour,18,1150,,True,1.1300879083,0.6547892869,16.2524595796,0.6911601128,0.236140252542,1.10514092385,-0.559048339718,0.159756133642,1.21038638396,0.819130434783,2.00137528663,,,,,,,,,,,,,
regression,classical_regression_v1,travel_time,2,60,test,origin_hour,19,1150,,True,0.3323100925,0.211348935,7.3124183122,0.9084826845,0.0678993986218,0.325299353305,-0.254998754711,0.0455558861611,0.351212142129,0.979130434783,2.00137528663,,,,,,,,,,,,,
regression,classical_regression_v1,travel_time,2,60,test,origin_hour,20,1150,,True,0.1687080651,0.1230507174,4.7850892981,0.9693139825,0.0123062523857,0.168258632405,-0.175980510498,0.0138830644056,0.211804355279,1,2.0010979314,,,,,,,,,,,,,
regression,classical_regression_v1,travel_time,2,60,test,origin_hour,21,1150,,True,0.1378321691,0.1037238302,4.1849411874,0.977624781,0.0154423405591,0.1369643784,-0.155521608802,0.0196408628281,0.174948874986,1,2.00039058372,,,,,,,,,,,,,
regression,classical_regression_v1,travel_time,2,60,test,origin_hour,22,1150,,True,0.1497540734,0.1087917136,4.3519956802,0.9733199004,0.00761410060961,0.149560382391,-0.16677412823,0.0160164839027,0.186333011402,1,1.99980414537,,,,,,,,,,,,,
regression,classical_regression_v1,travel_time,2,60,test,origin_hour,23,1100,,True,0.149371555,0.111200925,4.516914011,0.9732095486,0.0156807703647,0.148546204579,-0.161577504681,0.0217301825932,0.185755382872,1,1.99944684564,,,,,,,,,,,,,
regression,classical_regression_v1,travel_time,2,60,test,weekday,Friday,4375,,True,1.1668329652,0.4985356624,10.0676402458,0.8000362902,0.0147024605304,1.16674033375,-0.391182507092,0.0301778843517,0.654216212648,0.878171428571,2.00092077219,,,,,,,,,,,,,
regression,classical_regression_v1,travel_time,2,60,test,weekday,Monday,3600,,True,1.2938201915,0.542457116,10.722494255,0.7678184305,0.0413240153334,1.29316008817,-0.401543017727,0.030801810545,0.773789917769,0.870555555556,2.00092095483,,,,,,,,,,,,,
regression,classical_regression_v1,travel_time,2,60,test,weekday,Saturday,4750,,True,0.4536154736,0.2047599893,6.3495717963,0.8737368727,0.0174789918523,0.453278592851,-0.241553603482,0.0329702392376,0.302745390885,0.978947368421,2.00049888644,,,,,,,,,,,,,
regression,classical_regression_v1,travel_time,2,60,test,weekday,Sunday,3600,,True,0.2851529057,0.1843914328,6.3708350819,0.9372512035,0.0524336961372,0.28029071898,-0.206900372974,0.0482325129259,0.321346512302,0.985,2.00046278751,,,,,,,,,,,,,
regression,classical_regression_v1,travel_time,2,60,test,weekday,Thursday,3600,,True,1.6449896143,0.7248001788,12.6584440417,0.8329869659,-0.0117268662151,1.6449478143,-0.716644705767,0.0143659659391,0.973797286755,0.82,2.00099721724,,,,,,,,,,,,,
regression,classical_regression_v1,travel_time,2,60,test,weekday,Tuesday,3600,,True,1.1837158572,0.4980228498,9.7581152138,0.8000918458,0.0205648325483,1.18353720612,-0.403557690278,0.0242134006681,0.678802496934,0.876111111111,2.00090699239,,,,,,,,,,,,,
regression,classical_regression_v1,travel_time,2,60,test,weekday,Wednesday,3600,,True,1.115095132,0.4845845489,10.0722563077,0.7989409891,0.0786001082565,1.11232152565,-0.367040853009,0.0281602538896,0.788258800505,0.876388888889,2.00094432415,,,,,,,,,,,,,
regression,classical_regression_v1,travel_time,2,60,test,weekday_type,weekday,18775,,True,1.2900325394,0.5475689172,10.6315121929,0.8085446322,0.0281154081781,1.28972612467,-0.437873993568,0.0262552697102,0.765044201021,0.86482023968,2.00093733887,,,,,,,,,,,,,
regression,classical_regression_v1,travel_time,2,60,test,weekday_type,weekend,8350,,True,0.3900126033,0.1959783362,6.3587392009,0.8979407731,0.03254928352,0.388651997143,-0.225417346489,0.0387180961118,0.313225348151,0.981556886228,2.00048332283,,,,,,,,,,,,,
regression,classical_regression_v1,travel_time,2,60,test,peak_status,evening_peak,3450,,True,1.3539972214,0.7099107924,14.2729540936,0.780350589,0.0786599510413,1.35171043039,-0.768081087396,0.0844001135185,1.2176880818,0.797971014493,2.00137528663,,,,,,,,,,,,,
regression,classical_regression_v1,travel_time,2,60,test,peak_status,morning_peak,3375,,True,2.3849780972,1.3682671117,20.6778654059,0.7143585099,0.0851368015987,2.38345804439,-1.75603385519,0.151140063488,2.32523192548,0.63437037037,2.00137228908,,,,,,,,,,,,,
regression,classical_regression_v1,travel_time,2,60,test,peak_status,off_peak,20300,,True,0.5869202324,0.2389128961,6.5848584424,0.8776528991,0.01186895416,0.586800210532,-0.247343646487,0.0211992672828,0.295377225967,0.962512315271,2.00060384574,,,,,,,,,,,,,
regression,classical_regression_v1,travel_time,2,60,test,weather_condition,Clear,20397,,True,1.0684269746,0.4199005485,9.0410840389,0.8184661753,0.0145633159116,1.06832771654,-0.344031291395,0.0285890101094,0.480705510797,0.907731529146,2.00071561954,,,,,,,,,,,,,
regression,classical_regression_v1,travel_time,2,60,test,weather_condition,Cloudy,4424,,True,1.2445384178,0.5175777704,10.1384015578,0.8354370435,0.0482098275216,1.24360431242,-0.356415568448,0.042849021293,0.680848415637,0.875678119349,2.00097528603,,,,,,,,,,,,,
regression,classical_regression_v1,travel_time,2,60,test,weather_condition,Fog,166,,True,1.0428384101,0.4801686122,9.9279747602,0.7962286868,0.0405065677914,1.04205142271,-0.472256641951,0.0320151903416,0.551607375582,0.89156626506,2.00137528663,,,,,,,,,,,,,
regression,classical_regression_v1,travel_time,2,60,test,weather_condition,Overcast,970,,True,1.1082468884,0.4675698927,9.5867528079,0.7888795512,0.100649817949,1.10366696961,-0.286714625179,0.0577843633748,0.745517436623,0.888659793814,2.00095614675,,,,,,,,,,,,,
regression,classical_regression_v1,travel_time,2,60,test,weather_condition,Rain,1168,,True,0.9285881211,0.4531671209,10.69489733,0.7855335293,0.158365291667,0.914984334871,-0.36314740783,-0.0228792578042,0.944728533021,0.885273972603,2.00134192289,,,,,,,,,,,,,
regression,classical_regression_v1,travel_time,2,60,test,actual_congestion,Free-flow,16317,,True,0.2007135012,0.1346050195,5.0694337523,0.9591612527,0.0321076825483,0.198128761886,-0.175440533962,0.0270365228354,0.239491967095,0.998038855182,2.00041491604,,,,,,,,,,,,,
regression,classical_regression_v1,travel_time,2,60,test,actual_congestion,Heavy,2671,,True,1.7479841574,1.1947820313,23.348504059,0.2920885402,0.647197414422,1.62375617664,-0.987944164889,0.327669464188,2.62925471815,0.587046050168,2.00137528663,,,,,,,,,,,,,
regression,classical_regression_v1,travel_time,2,60,test,actual_congestion,Moderate,6567,,True,0.6491029896,0.374796456,10.7682488192,0.7708516569,0.172872463611,0.625659493956,-0.338310205966,0.0578461934016,0.767230133875,0.922795797168,2.00137528663,,,,,,,,,,,,,
regression,classical_regression_v1,travel_time,2,60,test,actual_congestion,Severe,1570,,True,3.6511770591,2.5911619689,23.5065088372,0.5367395767,-1.64851306539,3.25783648916,-6.00618007535,-1.09768817448,1.85121864274,0.331210191083,2.00137528663,,,,,,,,,,,,,
regression,classical_regression_v1,travel_time,2,60,validation,overall,all,27125,,True,1.0853351419,0.4365356943,9.579594156,0.7852796097,0.0430171473789,1.08448231671,-0.324493454185,0.0304660915119,0.561689972072,0.900055299539,2.00080877564,,,,,,,,,,,,,
regression,classical_regression_v1,travel_time,2,60,validation,road_id,NL-001,1085,,True,1.0721828625,0.4182661734,9.5761847702,0.6684278367,0.0192431219758,1.07201016451,-0.27042118434,0.0467049851522,0.492628901027,0.907834101382,2.00137528663,,,,,,,,,,,,,
regression,classical_regression_v1,travel_time,2,60,validation,road_id,NL-002,1085,,True,0.4873735237,0.1957828929,10.4016929403,0.5897218901,0.0327898128762,0.486269246213,-0.136133635798,0.015453485808,0.252161245382,0.95668202765,1.99756385433,,,,,,,,,,,,,
regression,classical_regression_v1,travel_time,2,60,validation,road_id,NL-003,1085,,True,1.1304602857,0.4629823113,10.0773815107,0.6418004127,0.0293050240414,1.13008038344,-0.308829826223,0.0436737913689,0.597598147382,0.889400921659,2.00137528663,,,,,,,,,,,,,
regression,classical_regression_v1,travel_time,2,60,validation,road_id,NL-004,1085,,True,0.4424883413,0.1936420013,10.6044790226,0.6552872537,0.0279006566525,0.441607841353,-0.129514813859,0.0110674148279,0.262355925786,0.955760368664,1.99102394418,,,,,,,,,,,,,
regression,classical_regression_v1,travel_time,2,60,validation,road_id,NL-005,1085,,True,0.567677078,0.2552189586,10.8271695922,0.6809392989,0.0404770307787,0.566232174031,-0.175230194463,0.0190449886118,0.407059900135,0.941935483871,2.00137528663,,,,,,,,,,,,,
regression,classical_regression_v1,travel_time,2,60,validation,road_id,NL-006,1085,,True,1.052030793,0.4813481167,11.1737818946,0.6841098965,0.0628103841025,1.05015410541,-0.301659342707,0.0566756819635,0.793253076469,0.866359447005,2.00137528663,,,,,,,,,,,,,
regression,classical_regression_v1,travel_time,2,60,validation,road_id,NL-007,1085,,True,0.5370822229,0.2216942775,9.5314544081,0.7054578156,0.0174333232636,0.536799211449,-0.152523238127,0.0217216877675,0.27201715723,0.952995391705,2.00137528663,,,,,,,,,,,,,
regression,classical_regression_v1,travel_time,2,60,validation,road_id,NL-008,1085,,True,1.5440409104,0.629008045,9.1421952239,0.719702884,0.0808296124508,1.54192376809,-0.407211309797,0.0666678402046,0.871149939845,0.866359447005,2.00137528663,,,,,,,,,,,,,
regression,classical_regression_v1,travel_time,2,60,validation,road_id,NL-009,1085,,True,1.0328485886,0.4810557229,10.2055769599,0.6819196496,0.102026826802,1.0277970294,-0.391533897765,0.0446673736881,0.718320416832,0.877419354839,2.00137528663,,,,,,,,,,,,,
regression,classical_regression_v1,travel_time,2,60,validation,road_id,NL-010,1085,,True,1.4231108948,0.5977872425,8.7510280236,0.7312066857,0.0534659164745,1.42210618964,-0.479497671343,0.0539837185345,0.743560838704,0.868202764977,2.00137528663,,,,,,,,,,,,,
regression,classical_regression_v1,travel_time,2,60,validation,road_id,NL-011,1085,,True,1.4058328273,0.5822062213,8.1601759526,0.7443833937,-0.038653868236,1.405301326,-0.517004303629,0.0186173692676,0.584634346692,0.876497695853,2.00137528663,,,,,,,,,,,,,
regression,classical_regression_v1,travel_time,2,60,validation,road_id,NL-012,1085,,True,1.3845368825,0.5700215376,9.3543851723,0.6931963546,0.0274461213331,1.38426481909,-0.404125589523,0.0414865841027,0.719490763465,0.871889400922,2.00137528663,,,,,,,,,,,,,
regression,classical_regression_v1,travel_time,2,60,validation,road_id,NL-013,1085,,True,1.038767127,0.4762260905,11.1527235751,0.6842218916,0.165233511424,1.02554133547,-0.248311086398,0.0591101621128,0.927825651826,0.870046082949,2.00137528663,,,,,,,,,,,,,
regression,classical_regression_v1,travel_time,2,60,validation,road_id,NL-014,1085,,True,0.7420298851,0.3207189174,8.9792575748,0.7079520624,0.0685857140455,0.73885340238,-0.234062767785,0.026699090742,0.408680480755,0.924423963134,2.00137528663,,,,,,,,,,,,,
regression,classical_regression_v1,travel_time,2,60,validation,road_id,NL-015,1085,,True,0.6642438962,0.2827548913,9.1917701384,0.7028732964,-0.0509921331675,0.662283742814,-0.283583099933,0.0242487046517,0.298295503514,0.933640552995,2.00137528663,,,,,,,,,,,,,
regression,classical_regression_v1,travel_time,2,60,validation,road_id,NL-016,1085,,True,0.9233345122,0.3946068759,9.5436581348,0.6901680738,0.0526483133954,0.921832293012,-0.306370543801,0.0267175457871,0.488710327166,0.898617511521,2.00137528663,,,,,,,,,,,,,
regression,classical_regression_v1,travel_time,2,60,validation,road_id,NL-017,1085,,True,0.595562998,0.2528769978,9.3267464131,0.7088307539,0.0172417028715,0.595313369799,-0.191407273441,0.0165279603272,0.280786053363,0.942857142857,2.00137528663,,,,,,,,,,,,,
regression,classical_regression_v1,travel_time,2,60,validation,road_id,NL-018,1085,,True,1.5088285574,0.6430685602,8.8460039597,0.71281372,-0.0985446271506,1.50560704436,-0.646874187692,0.00479265079045,0.611137141596,0.860829493088,2.00137528663,,,,,,,,,,,,,
regression,classical_regression_v1,travel_time,2,60,validation,road_id,NL-019,1085,,True,1.4164517888,0.5903450152,10.3020922631,0.6470310034,-0.018130908651,1.4163357441,-0.414868086127,0.0547580757761,0.730452104258,0.871889400922,2.00137528663,,,,,,,,,,,,,
regression,classical_regression_v1,travel_time,2,60,validation,road_id,NL-020,1085,,True,1.1565958652,0.4850764419,8.4176869357,0.7499027251,0.030343635584,1.15619775959,-0.355827003191,0.0424990758069,0.63420458702,0.892165898618,2.00137528663,,,,,,,,,,,,,
regression,classical_regression_v1,travel_time,2,60,validation,road_id,NL-021,1085,,True,1.2667245468,0.5235869222,9.3125556372,0.7302716393,0.0921369792582,1.26336924714,-0.334017493837,0.0475072800498,0.701264027307,0.892165898618,2.00137528663,,,,,,,,,,,,,
regression,classical_regression_v1,travel_time,2,60,validation,road_id,NL-022,1085,,True,1.0692261611,0.4703831804,8.4935966199,0.7512915867,0.115429144837,1.06297727925,-0.362788207009,0.0199296052203,0.645692498812,0.897695852535,2.00137528663,,,,,,,,,,,,,
regression,classical_regression_v1,travel_time,2,60,validation,road_id,NL-023,1085,,True,0.7760376744,0.3348542304,9.8062906063,0.6630536918,0.0797493202974,0.771929088672,-0.211101966494,0.0394455586994,0.499851845693,0.922580645161,2.00137528663,,,,,,,,,,,,,
regression,classical_regression_v1,travel_time,2,60,validation,road_id,NL-024,1085,,True,1.4587826217,0.5990525883,9.3288455867,0.6662602161,0.0947033810026,1.45570532971,-0.394168089997,0.0267273868575,0.807896290918,0.865437788018,2.00137528663,,,,,,,,,,,,,
regression,classical_regression_v1,travel_time,2,60,validation,road_id,NL-025,1085,,True,1.0603072542,0.4508281448,8.9831209834,0.7250652922,0.0719506882095,1.05786321037,-0.306665311421,0.0285735306065,0.596645687081,0.897695852535,2.00137528663,,,,,,,,,,,,,
regression,classical_regression_v1,travel_time,2,60,validation,origin_hour,0,1150,,True,0.1330224454,0.1015793016,4.1333334782,0.9784311967,0.0108793230711,0.132576812907,-0.156516490905,0.0147570376503,0.170553225648,1,1.9992372392,,,,,,,,,,,,,
regression,classical_regression_v1,travel_time,2,60,validation,origin_hour,1,1150,,True,0.1367657566,0.1036434884,4.2140380522,0.9772353908,0.0121014777268,0.136229315503,-0.154069739406,0.0137415464412,0.173144209611,1,1.99911987639,,,,,,,,,,,,,
regression,classical_regression_v1,travel_time,2,60,validation,origin_hour,2,1150,,True,0.133573908,0.1016049315,4.0983559522,0.9785400114,0.0041533594086,0.13350931991,-0.163959726112,0.00603746452019,0.167967213807,1,1.99924143742,,,,,,,,,,,,,
regression,classical_regression_v1,travel_time,2,60,validation,origin_hour,3,1150,,True,0.1500182179,0.1119632851,4.4864999836,0.9733503115,0.00386197002832,0.149968499669,-0.176901827977,0.0116225184332,0.183190584113,0.999130434783,1.99988889999,,,,,,,,,,,,,
regression,classical_regression_v1,travel_time,2,60,validation,origin_hour,4,1150,,True,0.1487902792,0.1125348509,4.4873990305,0.9740147816,0.0164447166023,0.147878728953,-0.159977933897,0.0133079670901,0.198802927915,1,2.00083090444,,,,,,,,,,,,,
regression,classical_regression_v1,travel_time,2,60,validation,origin_hour,5,1150,,True,0.1881429202,0.1425035737,5.1448619353,0.9663550503,-0.00466611317597,0.18808504945,-0.238322804569,0.00315674238602,0.213878090217,1,2.0012657728,,,,,,,,,,,,,
regression,classical_regression_v1,travel_time,2,60,validation,origin_hour,6,1150,,True,0.6712143644,0.4428956145,10.993848324,0.8391949248,0.0129317635007,0.671089779733,-0.654029137041,0.065312499803,0.680294560265,0.907826086957,2.00137528663,,,,,,,,,,,,,
regression,classical_regression_v1,travel_time,2,60,validation,origin_hour,7,1125,,True,3.2227324747,2.2426136849,30.8075828798,0.5715769024,0.0917268202326,3.22142682575,-4.21160186912,0.352948043404,3.55621744671,0.393777777778,2.00137528663,,,,,,,,,,,,,
regression,classical_regression_v1,travel_time,2,60,validation,origin_hour,8,1100,,True,2.7354152558,1.805861719,29.4490460527,0.5700647755,0.276279628277,2.72142723379,-2.76522503415,0.357385841324,3.24637251768,0.488181818182,2.00137528663,,,,,,,,,,,,,
regression,classical_regression_v1,travel_time,2,60,validation,origin_hour,9,1100,,True,0.563203021,0.3783197614,10.5321750035,0.8530697438,0.0705784028599,0.55876321637,-0.480726650588,0.0640582183626,0.66071679783,0.927272727273,2.00137528663,,,,,,,,,,,,,
regression,classical_regression_v1,travel_time,2,60,validation,origin_hour,10,1100,,True,0.2651388933,0.1888516614,6.5194964073,0.9411729488,0.0440165745442,0.26145969842,-0.24586678027,0.0425591864347,0.323196723691,0.992727272727,2.00137528663,,,,,,,,,,,,,
regression,classical_regression_v1,travel_time,2,60,validation,origin_hour,11,1100,,True,0.2059768202,0.1514956614,5.4109956939,0.9604028216,0.0465577081872,0.200646032296,-0.180289746829,0.0404497471157,0.292669611359,1,2.00137528663,,,,,,,,,,,,,
regression,classical_regression_v1,travel_time,2,60,validation,origin_hour,12,1100,,True,0.2054099818,0.1544507793,5.448539729,0.9610663958,0.0367921004625,0.202088104419,-0.186005599228,0.0399345648583,0.28689369463,1,2.00137528663,,,,,,,,,,,,,
regression,classical_regression_v1,travel_time,2,60,validation,origin_hour,13,1100,,True,0.2177334011,0.1628263626,5.6096200598,0.9582005336,-0.000686221201993,0.217732319772,-0.26144769571,0.00821769920828,0.264958130541,1,2.00137528663,,,,,,,,,,,,,
regression,classical_regression_v1,travel_time,2,60,validation,origin_hour,14,1100,,True,0.2789216107,0.204322058,6.6403576926,0.9426408349,0.00878600856871,0.278783197073,-0.296804441359,0.00951888091503,0.334223669306,0.992727272727,2.00137528663,,,,,,,,,,,,,
regression,classical_regression_v1,travel_time,2,60,validation,origin_hour,15,1100,,True,0.655776961,0.4561667022,12.0807281247,0.8214776378,0.166635508323,0.63425233935,-0.4326276819,0.143239661674,0.878398023062,0.888181818182,2.00137528663,,,,,,,,,,,,,
regression,classical_regression_v1,travel_time,2,60,validation,origin_hour,16,1100,,True,1.7957476686,1.1355770814,20.1922345809,0.6002882683,0.0508427487407,1.7950277725,-1.61090487197,0.142320875257,1.81154592713,0.606363636364,2.00137528663,,,,,,,,,,,,,
regression,classical_regression_v1,travel_time,2,60,validation,origin_hour,17,1150,,True,2.2304247721,1.3790444992,22.4491044014,0.5474988503,-0.0725841447076,2.22924341562,-2.27407867526,0.188356424419,1.97105619904,0.555652173913,2.00137528663,,,,,,,,,,,,,
regression,classical_regression_v1,travel_time,2,60,validation,origin_hour,18,1150,,True,0.8232625947,0.5393734745,14.0815173278,0.7554246607,0.196717850446,0.799414402602,-0.539463925672,0.13876713948,1.10774036305,0.84,2.00137528663,,,,,,,,,,,,,
regression,classical_regression_v1,travel_time,2,60,validation,origin_hour,19,1150,,True,0.2697230111,0.1840117926,6.5067059015,0.935315477,0.056805649678,0.263673322263,-0.218372871982,0.0436273679915,0.320731075456,0.989565217391,2.00137528663,,,,,,,,,,,,,
regression,classical_regression_v1,travel_time,2,60,validation,origin_hour,20,1150,,True,0.1708284907,0.1258394613,4.8247688201,0.9676215181,0.00548698998719,0.170740347198,-0.183353459142,0.0110531248918,0.199986591121,1,2.0011264529,,,,,,,,,,,,,
regression,classical_regression_v1,travel_time,2,60,validation,origin_hour,21,1150,,True,0.1430824909,0.1073986657,4.2421955816,0.9761440655,-0.00137406542697,0.143075892943,-0.181372366688,0.00716673447858,0.172942424173,1,2.00046910184,,,,,,,,,,,,,
regression,classical_regression_v1,travel_time,2,60,validation,origin_hour,22,1150,,True,0.1412287155,0.1066566086,4.3239776334,0.9763572221,0.000829073661851,0.14122628199,-0.166794894541,0.00884773628414,0.16112830302,1,1.9998025954,,,,,,,,,,,,,
regression,classical_regression_v1,travel_time,2,60,validation,origin_hour,23,1150,,True,0.1414144373,0.1074124929,4.3755223276,0.9762195686,0.0139467102895,0.140725023939,-0.167579820582,0.0184979896268,0.189086477214,1,1.99940831586,,,,,,,,,,,,,
regression,classical_regression_v1,travel_time,2,60,validation,weekday,Friday,3975,,True,1.2386474233,0.5017418262,9.7432774747,0.7808153205,0.0173415170241,1.23852602354,-0.374325634124,0.0269766591943,0.648617303963,0.876226415094,2.0008173896,,,,,,,,,,,,,
regression,classical_regression_v1,travel_time,2,60,validation,weekday,Monday,3600,,True,1.2333412049,0.5261755388,10.5355815144,0.7783736426,0.0454470160898,1.23250358883,-0.387925108995,0.0293955197368,0.767425804132,0.866388888889,2.00091969138,,,,,,,,,,,,,
regression,classical_regression_v1,travel_time,2,60,validation,weekday,Saturday,3600,,True,0.326779985,0.1893481232,6.1259882089,0.9266333153,0.0196758303882,0.326187093998,-0.239848983677,0.0230820171729,0.302688144695,0.984444444444,2.00056380562,,,,,,,,,,,,,
regression,classical_regression_v1,travel_time,2,60,validation,weekday,Sunday,3600,,True,0.2992743918,0.1824843679,5.9697250391,0.9378928185,0.0280591000624,0.297956118433,-0.231428306268,0.0276578097426,0.292181313298,0.983611111111,2.00060897365,,,,,,,,,,,,,
regression,classical_regression_v1,travel_time,2,60,validation,weekday,Thursday,4800,,True,1.2300659872,0.5136673984,9.9872697176,0.785575909,0.0192638570062,1.2299151339,-0.401028864637,0.020350996806,0.667546503268,0.875,2.00094267243,,,,,,,,,,,,,
regression,classical_regression_v1,travel_time,2,60,validation,weekday,Tuesday,3600,,True,1.337722252,0.5409105436,10.1920205103,0.760178921,-0.00638238919648,1.33770702649,-0.420049572684,0.0210813090244,0.699980040139,0.87,2.00094463882,,,,,,,,,,,,,
regression,classical_regression_v1,travel_time,2,60,validation,weekday,Wednesday,3950,,True,1.228922679,0.5571890055,13.9276288335,0.7235545414,0.175433587953,1.21633630512,-0.298022655682,0.0719571699983,1.04670913934,0.859493670886,2.00081784654,,,,,,,,,,,,,
regression,classical_regression_v1,travel_time,2,60,validation,weekday_type,weekday,19925,,True,1.252252112,0.5270983056,10.8558054599,0.7688710183,0.0499369823352,1.25125602889,-0.376973505292,0.0332287877213,0.764840546249,0.869711417817,2.00088913596,,,,,,,,,,,,,
regression,classical_regression_v1,travel_time,2,60,validation,weekday_type,weekend,7200,,True,0.3133291562,0.1859162456,6.047856624,0.9322423961,0.0238674652253,0.312418796176,-0.237034175684,0.0253482076491,0.297888937273,0.984027777778,2.00058638963,,,,,,,,,,,,,
regression,classical_regression_v1,travel_time,2,60,validation,peak_status,evening_peak,3450,,True,1.3814613599,0.7008099221,14.3457758769,0.7039728146,0.0603131184721,1.38014412893,-0.69393095948,0.0901587053845,1.28139523332,0.795072463768,2.00137528663,,,,,,,,,,,,,
regression,classical_regression_v1,travel_time,2,60,validation,peak_status,morning_peak,3325,,True,2.4686862276,1.4813654208,23.6504883915,0.6503355062,0.145785415643,2.46437787337,-2.04009286111,0.165952576359,2.74160689391,0.601503759398,2.00137528663,,,,,,,,,,,,,
regression,classical_regression_v1,travel_time,2,60,validation,peak_status,off_peak,20350,,True,0.5008070507,0.2210170247,6.4725155186,0.8766823549,0.0232935310521,0.50026504316,-0.23367647315,0.0205789514449,0.299775536429,0.966633906634,2.00062017063,,,,,,,,,,,,,
regression,classical_regression_v1,travel_time,2,60,validation,weather_condition,Clear,20325,,True,1.0912809085,0.4256475913,9.0542122638,0.7885584576,0.0233568240171,1.09103092534,-0.328964084345,0.0270538032261,0.498993593281,0.907404674047,2.00079632014,,,,,,,,,,,,,
regression,classical_regression_v1,travel_time,2,60,validation,weather_condition,Cloudy,5024,,True,1.0810891209,0.4807383702,11.3753819152,0.7754496428,0.105351870205,1.07594361876,-0.30327270407,0.0469875865334,0.830919815251,0.870621019108,2.0008006016,,,,,,,,,,,,,
regression,classical_regression_v1,travel_time,2,60,validation,weather_condition,Fog,176,,True,1.033212017,0.5180980105,17.6036492446,0.3036644721,0.278256096146,0.995037997797,-0.347128604476,0.00919091356335,1.19241267551,0.875,2.00136681899,,,,,,,,,,,,,
regression,classical_regression_v1,travel_time,2,60,validation,weather_condition,Overcast,856,,True,1.2092011656,0.4566996411,9.8176170452,0.7616952476,0.0489897753229,1.20820836817,-0.260788600815,0.0489133745052,0.566058587187,0.901869158879,2.00069963172,,,,,,,,,,,,,
regression,classical_regression_v1,travel_time,2,60,validation,weather_condition,Rain,744,,True,0.7652731829,0.3930022854,9.6338521762,0.8332710827,0.096662040315,0.759143922107,-0.339960011254,0.0246019140798,0.626536623842,0.90188172043,2.00119780257,,,,,,,,,,,,,
regression,classical_regression_v1,travel_time,2,60,validation,actual_congestion,Free-flow,16486,,True,0.2407701244,0.1428538025,5.3841786851,0.9403457373,0.0446845583455,0.236587284172,-0.169022723834,0.0276492762275,0.251936392522,0.99369161713,2.00044318602,,,,,,,,,,,,,
regression,classical_regression_v1,travel_time,2,60,validation,actual_congestion,Heavy,2600,,True,1.6567478474,1.1455509078,22.0986522308,0.3621426409,0.62150058169,1.53575729101,-0.927982561315,0.311200432759,2.55664985323,0.595384615385,2.00137528663,,,,,,,,,,,,,
regression,classical_regression_v1,travel_time,2,60,validation,actual_congestion,Moderate,6595,,True,0.773987934,0.4058858099,11.729457652,0.6674965139,0.208317442223,0.745426834274,-0.342437458148,0.0550939342899,0.818148373036,0.915542077331,2.00137528663,,,,,,,,,,,,,
regression,classical_regression_v1,travel_time,2,60,validation,actual_congestion,Severe,1444,,True,3.7131348146,2.652834933,25.1181805148,0.41655616,-1.7725654779,3.26272612668,-6.13926882388,-1.23969755034,1.58604786286,0.308864265928,2.00137528663,,,,,,,,,,,,,
regression,classical_regression_v1,travel_time,3,90,test,overall,all,27100,,True,1.0821702643,0.4290678887,9.0121382581,0.8246813366,0.0205500654537,1.0819751271,-0.343152729694,0.0299009934108,0.490562048312,0.905498154982,1.98814324955,,,,,,,,,,,,,
regression,classical_regression_v1,travel_time,3,90,test,road_id,NL-001,1084,,True,0.9092438592,0.3766258003,8.8846472601,0.7730468871,0.0288802905087,0.908785081501,-0.302719323527,0.047058843218,0.448286673519,0.916974169742,1.98857549405,,,,,,,,,,,,,
regression,classical_regression_v1,travel_time,3,90,test,road_id,NL-002,1084,,True,0.4928579745,0.1941952865,9.7883081116,0.6765309056,0.0329742502296,0.491753680032,-0.130096208226,0.0168844893845,0.233029739049,0.957564575646,1.98612508697,,,,,,,,,,,,,
regression,classical_regression_v1,travel_time,3,90,test,road_id,NL-003,1084,,True,1.0867633365,0.4487575102,9.4959099433,0.7448122289,0.0281196757294,1.08639948153,-0.297385122316,0.0322202995312,0.614282692578,0.893911439114,1.98857549405,,,,,,,,,,,,,
regression,classical_regression_v1,travel_time,3,90,test,road_id,NL-004,1084,,True,0.4660620728,0.1930455892,9.9616422158,0.7130567311,0.0234594839459,0.465471275529,-0.134778278252,0.0128197253457,0.246149812332,0.961254612546,1.98021978847,,,,,,,,,,,,,
regression,classical_regression_v1,travel_time,3,90,test,road_id,NL-005,1084,,True,0.5240548823,0.2268823398,9.6841349376,0.7759682774,0.0632851156902,0.520219678391,-0.154524566695,0.0251574510931,0.330667050807,0.946494464945,1.98857549405,,,,,,,,,,,,,
regression,classical_regression_v1,travel_time,3,90,test,road_id,NL-006,1084,,True,0.9802432104,0.4426154012,9.7074810847,0.764952939,0.0319583496421,0.97972211131,-0.344138501025,0.0384382853421,0.650404278388,0.894833948339,1.98857549405,,,,,,,,,,,,,
regression,classical_regression_v1,travel_time,3,90,test,road_id,NL-007,1084,,True,0.5896795058,0.2272518705,9.4331637915,0.7026284121,0.0555292202495,0.587059132665,-0.133224929634,0.0283336498263,0.305268413477,0.942804428044,1.98857549405,,,,,,,,,,,,,
regression,classical_regression_v1,travel_time,3,90,test,road_id,NL-008,1084,,True,1.4684616167,0.6314264814,8.920821566,0.7695588247,0.0779408021383,1.46639174548,-0.387832125615,0.0516756295998,0.814296220719,0.870848708487,1.98857549405,,,,,,,,,,,,,
regression,classical_regression_v1,travel_time,3,90,test,road_id,NL-009,1084,,True,1.2311951068,0.5107102704,9.6401981186,0.7367704394,-0.0459811450205,1.2303361839,-0.440032312771,0.0265875206155,0.488823052805,0.897601476015,1.98857549405,,,,,,,,,,,,,
regression,classical_regression_v1,travel_time,3,90,test,road_id,NL-010,1084,,True,1.613554001,0.6481710445,8.0870095466,0.7804813386,-0.116034242994,1.60937645335,-0.62209080398,0.0343642074887,0.547036566423,0.875461254613,1.98857549405,,,,,,,,,,,,,
regression,classical_regression_v1,travel_time,3,90,test,road_id,NL-011,1084,,True,1.2857234736,0.5534634309,7.5793079358,0.8343405107,-0.0664261571363,1.28400639255,-0.533951164236,0.0325603241932,0.558406334985,0.876383763838,1.98857549405,,,,,,,,,,,,,
regression,classical_regression_v1,travel_time,3,90,test,road_id,NL-012,1084,,True,1.2396385811,0.5530013014,8.8489312695,0.7932085257,-0.01924256706,1.23948922357,-0.521948431253,0.042338604824,0.593610141479,0.867158671587,1.98857549405,,,,,,,,,,,,,
regression,classical_regression_v1,travel_time,3,90,test,road_id,NL-013,1084,,True,1.1721678494,0.4875314345,10.4399405489,0.7024567641,0.158267018156,1.16143403519,-0.281503167171,0.0592621167189,0.689139152581,0.890221402214,1.98857549405,,,,,,,,,,,,,
regression,classical_regression_v1,travel_time,3,90,test,road_id,NL-014,1084,,True,0.7584849286,0.3184035067,8.3365201134,0.792695513,0.0300418107237,0.757889752266,-0.260982916217,0.0153498968036,0.312705074036,0.925276752768,1.98857549405,,,,,,,,,,,,,
regression,classical_regression_v1,travel_time,3,90,test,road_id,NL-015,1084,,True,0.6802121175,0.276759473,9.1012871878,0.7118920457,-0.0175880257957,0.679984695474,-0.268238955198,0.0128670104778,0.281223524938,0.933579335793,1.98857549405,,,,,,,,,,,,,
regression,classical_regression_v1,travel_time,3,90,test,road_id,NL-016,1084,,True,0.9296040171,0.3851779271,8.9549955963,0.7383179704,-0.00497303335877,0.929590715043,-0.372173788428,0.0178761528308,0.365297428809,0.90405904059,1.98857549405,,,,,,,,,,,,,
regression,classical_regression_v1,travel_time,3,90,test,road_id,NL-017,1084,,True,0.6518700495,0.2620302929,9.5982548022,0.6895411984,0.129154328454,0.638947353719,-0.143905127157,0.0366908534172,0.430532478566,0.936346863469,1.98857549405,,,,,,,,,,,,,
regression,classical_regression_v1,travel_time,3,90,test,road_id,NL-018,1084,,True,1.4519596688,0.5809748877,8.091384229,0.7623712956,-0.0867085099892,1.44936831553,-0.680140942027,0.011350684654,0.542255468327,0.878228782288,1.98857549405,,,,,,,,,,,,,
regression,classical_regression_v1,travel_time,3,90,test,road_id,NL-019,1084,,True,1.2910945721,0.5606915914,9.6512861872,0.7674912156,-0.0490482930176,1.29016257074,-0.465505721508,0.0519579577644,0.595145418471,0.872693726937,1.98857549405,,,,,,,,,,,,,
regression,classical_regression_v1,travel_time,3,90,test,road_id,NL-020,1084,,True,1.2082072157,0.4886222268,8.1555777388,0.7909717846,0.00730420991505,1.20818513673,-0.38637990233,0.0363634966,0.523562345783,0.892988929889,1.98857549405,,,,,,,,,,,,,
regression,classical_regression_v1,travel_time,3,90,test,road_id,NL-021,1084,,True,1.2784004454,0.5376400105,9.0010228705,0.7461129306,0.0351846931552,1.27791616943,-0.412059097161,0.0238075723368,0.562301516779,0.884686346863,1.98857549405,,,,,,,,,,,,,
regression,classical_regression_v1,travel_time,3,90,test,road_id,NL-022,1084,,True,1.2100033431,0.4981556323,8.0596475757,0.794660953,0.0666937168154,1.20816391206,-0.369123617005,0.051325999625,0.487350135922,0.893911439114,1.98857549405,,,,,,,,,,,,,
regression,classical_regression_v1,travel_time,3,90,test,road_id,NL-023,1084,,True,0.7531648588,0.3154174926,8.9606647624,0.7816055556,0.0671703514585,0.750163614454,-0.199357930478,0.0352959977136,0.421701913358,0.930811808118,1.98857549405,,,,,,,,,,,,,
regression,classical_regression_v1,travel_time,3,90,test,road_id,NL-024,1084,,True,1.4261396084,0.5659276743,8.3558103033,0.773428463,-0.0180236921675,1.42602571123,-0.41873930321,0.0465812944556,0.63961375202,0.887453874539,1.98857549405,,,,,,,,,,,,,
regression,classical_regression_v1,travel_time,3,90,test,road_id,NL-025,1084,,True,1.0607187963,0.4432187417,8.5655087566,0.7414464226,0.101813986071,1.05582113877,-0.332931621342,0.0379007081616,0.601395607593,0.905904059041,1.98857549405,,,,,,,,,,,,,
regression,classical_regression_v1,travel_time,3,90,test,origin_hour,0,1100,,True,0.1401132101,0.1053565749,4.2304755686,0.9766407021,0.00941654229745,0.139796424781,-0.160068891917,0.012087942883,0.178053487163,1,1.98694896396,,,,,,,,,,,,,
regression,classical_regression_v1,travel_time,3,90,test,origin_hour,1,1100,,True,0.1434754144,0.1069614685,4.2897857451,0.9758237002,0.00261800660508,0.143451526946,-0.168089686274,0.00789149872635,0.16457856619,1,1.98694447976,,,,,,,,,,,,,
regression,classical_regression_v1,travel_time,3,90,test,origin_hour,2,1100,,True,0.1429456089,0.1071216008,4.2813256775,0.9755404398,0.00913251400085,0.142653581424,-0.164647146933,0.0095207912496,0.186796276313,1,1.98722850364,,,,,,,,,,,,,
regression,classical_regression_v1,travel_time,3,90,test,origin_hour,3,1100,,True,0.1510958142,0.1131136137,4.5084097625,0.9730303581,0.0103273758124,0.150742463775,-0.174473197511,0.0219076392923,0.174732073761,1,1.98803769343,,,,,,,,,,,,,
regression,classical_regression_v1,travel_time,3,90,test,origin_hour,4,1100,,True,0.1658725968,0.1211409519,4.5787974387,0.9703268162,0.00247117932568,0.165854187883,-0.193465179385,0.0110556023374,0.18770199974,1,1.98845735884,,,,,,,,,,,,,
regression,classical_regression_v1,travel_time,3,90,test,origin_hour,5,1100,,True,0.3162320388,0.2115584917,6.5442528297,0.9326823857,0.0211602172585,0.315523291665,-0.286490655664,0.0293013050178,0.359501493546,0.986363636364,1.98857549405,,,,,,,,,,,,,
regression,classical_regression_v1,travel_time,3,90,test,origin_hour,6,1100,,True,2.0332671854,1.2212555894,19.7525627055,0.7191750526,0.0672479471803,2.03215480729,-1.74075484877,0.224876004355,1.93048969779,0.651818181818,1.98857549405,,,,,,,,,,,,,
regression,classical_regression_v1,travel_time,3,90,test,origin_hour,7,1100,,True,3.4069563131,2.3032278821,28.5246338652,0.631204002,0.0388969373804,3.40673426431,-4.27201601151,0.288589391192,3.7139648101,0.418181818182,1.98857549405,,,,,,,,,,,,,
regression,classical_regression_v1,travel_time,3,90,test,origin_hour,8,1125,,True,1.5323717219,0.8422402467,16.8300688018,0.7113185387,0.141124039197,1.52585946264,-1.0525336678,0.175501644219,1.37025253421,0.748444444444,1.98857549405,,,,,,,,,,,,,
regression,classical_regression_v1,travel_time,3,90,test,origin_hour,9,1150,,True,0.3530946303,0.2292770117,6.9922500901,0.9224812441,-0.00561727792718,0.353049945663,-0.362508562781,0.0276795752293,0.35072331459,0.987826086957,1.98857549405,,,,,,,,,,,,,
regression,classical_regression_v1,travel_time,3,90,test,origin_hour,10,1150,,True,0.2328494223,0.1693222033,5.7795392234,0.9549108921,0.0123378591353,0.232522322979,-0.260531082419,0.0246949251564,0.272417821999,0.99652173913,1.98857549405,,,,,,,,,,,,,
regression,classical_regression_v1,travel_time,3,90,test,origin_hour,11,1150,,True,0.2334900836,0.1654804954,5.6661701803,0.9528138922,0.0111901072047,0.233221784201,-0.254520925077,0.0181447750919,0.26939218923,0.99652173913,1.98857549405,,,,,,,,,,,,,
regression,classical_regression_v1,travel_time,3,90,test,origin_hour,12,1150,,True,0.2264837719,0.1686738076,5.7829314641,0.9552490101,0.00490686104999,0.226430611159,-0.264550257219,0.0142365373209,0.270862474169,0.998260869565,1.98852659367,,,,,,,,,,,,,
regression,classical_regression_v1,travel_time,3,90,test,origin_hour,13,1150,,True,0.2831850043,0.1842110236,5.9599080345,0.9392326822,0.0093631322483,0.283030172297,-0.265256449305,0.0253106225779,0.295235186928,0.993043478261,1.98848525715,,,,,,,,,,,,,
regression,classical_regression_v1,travel_time,3,90,test,origin_hour,14,1150,,True,0.5857527123,0.3079648436,8.2545196713,0.847194818,-0.0152965597645,0.58555294827,-0.429718878669,0.0182851599841,0.416632190702,0.96347826087,1.98853859317,,,,,,,,,,,,,
regression,classical_regression_v1,travel_time,3,90,test,origin_hour,15,1150,,True,1.4376951015,0.8444640154,16.4117610412,0.7656866713,0.0886166285785,1.43496142737,-1.07222355955,0.151601628492,1.38222147195,0.731304347826,1.98857549405,,,,,,,,,,,,,
regression,classical_regression_v1,travel_time,3,90,test,origin_hour,16,1150,,True,2.114056927,1.3459008191,20.0388127945,0.7309240087,-0.144141893887,2.10913721817,-2.61241296314,0.0990659510715,1.92484090804,0.56347826087,1.98857549405,,,,,,,,,,,,,
regression,classical_regression_v1,travel_time,3,90,test,origin_hour,17,1150,,True,1.56822859,0.9212227656,16.7799701127,0.7237759434,0.105795079704,1.56465597232,-1.17184243049,0.112488788281,1.52949559484,0.718260869565,1.98857398735,,,,,,,,,,,,,
regression,classical_regression_v1,travel_time,3,90,test,origin_hour,18,1150,,True,0.4654633559,0.2753405716,8.2595446554,0.8790566652,0.0577354747098,0.461868759095,-0.316970005755,0.0592990297398,0.429183930876,0.973043478261,1.98857462721,,,,,,,,,,,,,
regression,classical_regression_v1,travel_time,3,90,test,origin_hour,19,1150,,True,0.1851271736,0.1383805088,5.1864548895,0.9664633001,0.00823796327902,0.184943792492,-0.213070997761,0.0165671260554,0.22995394952,1,1.9884942809,,,,,,,,,,,,,
regression,classical_regression_v1,travel_time,3,90,test,origin_hour,20,1150,,True,0.1532889493,0.113406156,4.4910153784,0.9730694026,0.0178182174774,0.152249837786,-0.157209698565,0.0241149567142,0.190485691518,1,1.98808350444,,,,,,,,,,,,,
regression,classical_regression_v1,travel_time,3,90,test,origin_hour,21,1150,,True,0.1405428816,0.1041941035,4.2097784921,0.9765117455,0.0127639702021,0.139962075684,-0.16397559549,0.0167376023606,0.17882341412,1,1.9873440767,,,,,,,,,,,,,
regression,classical_regression_v1,travel_time,3,90,test,origin_hour,22,1125,,True,0.1505984686,0.1106726096,4.4660142894,0.9729846023,0.0170442208464,0.149630856687,-0.159871901997,0.0262805027916,0.191651946468,1,1.98693292367,,,,,,,,,,,,,
regression,classical_regression_v1,travel_time,3,90,test,origin_hour,23,1100,,True,0.1484542763,0.112717233,4.5500281215,0.9737213215,0.012094266443,0.147960808578,-0.163498631079,0.0193635213115,0.186940716476,1,1.98694010303,,,,,,,,,,,,,
regression,classical_regression_v1,travel_time,3,90,test,weekday,Friday,4375,,True,1.1606499438,0.4865790731,9.7945685524,0.7988436567,0.00538208506146,1.16063746497,-0.390086241236,0.0279993269578,0.619625705521,0.882285714286,1.98820899636,,,,,,,,,,,,,
regression,classical_regression_v1,travel_time,3,90,test,weekday,Monday,3600,,True,1.2968721922,0.5355654192,10.4928466801,0.7666911221,0.0475999326016,1.29599835239,-0.370963979693,0.0351085599701,0.738756410532,0.871388888889,1.98821343933,,,,,,,,,,,,,
regression,classical_regression_v1,travel_time,3,90,test,weekday,Saturday,4725,,True,0.4491030136,0.2005879173,6.1619055134,0.8764134355,0.00503533846294,0.449074784617,-0.257691573263,0.0263110225511,0.295242897573,0.98328042328,1.98792840819,,,,,,,,,,,,,
regression,classical_regression_v1,travel_time,3,90,test,weekday,Sunday,3600,,True,0.2720443042,0.1802279489,6.2154320433,0.9429095031,0.0437038179906,0.268510855946,-0.210902618325,0.04512595701,0.308339269584,0.989166666667,1.98790692199,,,,,,,,,,,,,
regression,classical_regression_v1,travel_time,3,90,test,weekday,Thursday,3600,,True,1.5736072111,0.6840249019,11.7209189474,0.8471990279,-0.0253194287717,1.57340350239,-0.707249998863,0.0157951718134,0.796245127442,0.836666666667,1.98831236063,,,,,,,,,,,,,
regression,classical_regression_v1,travel_time,3,90,test,weekday,Tuesday,3600,,True,1.2217951967,0.5038410563,9.7438550312,0.7870328045,0.00741240638175,1.22177271167,-0.388726512999,0.0263702393598,0.65644519359,0.878333333333,1.98823194806,,,,,,,,,,,,,
regression,classical_regression_v1,travel_time,3,90,test,weekday,Wednesday,3600,,True,1.0904043731,0.4716680153,9.6776989169,0.807714766,0.0681499877461,1.08827261109,-0.366692419591,0.0308057273153,0.747400414003,0.878055555556,1.98825365638,,,,,,,,,,,,,
regression,classical_regression_v1,travel_time,3,90,test,weekday_type,weekday,18775,,True,1.2749178233,0.5342818247,10.2656930966,0.8124718652,0.0200149696294,1.27476070589,-0.413031143824,0.0275260556595,0.706862124747,0.869880159787,1.98824263195,,,,,,,,,,,,,
regression,classical_regression_v1,travel_time,3,90,test,weekday_type,weekend,8325,,True,0.3827247091,0.1917836066,6.1850521209,0.9017994215,0.0217568431235,0.382105800415,-0.234191441896,0.0343427020665,0.301937664066,0.985825825826,1.98791911686,,,,,,,,,,,,,
regression,classical_regression_v1,travel_time,3,90,test,peak_status,evening_peak,3450,,True,0.9504856858,0.444981282,10.0753232192,0.8154175609,0.0572561725644,0.948759595264,-0.434062315444,0.042755824684,0.629883073128,0.897101449275,1.98854763182,,,,,,,,,,,,,
regression,classical_regression_v1,travel_time,3,90,test,peak_status,morning_peak,3375,,True,2.146704425,1.1095524478,17.2894851133,0.7397552692,0.0578048312886,2.1459260215,-1.1774605918,0.088403621779,1.94940563096,0.72237037037,1.98857549405,,,,,,,,,,,,,
regression,classical_regression_v1,travel_time,3,90,test,peak_status,off_peak,20275,,True,0.8027895147,0.3130858126,7.453369639,0.8567065282,0.0081026719038,0.802748622921,-0.277580325727,0.0241272897963,0.351999106876,0.937410604192,1.98800248782,,,,,,,,,,,,,
regression,classical_regression_v1,travel_time,3,90,test,weather_condition,Clear,20380,,True,1.0462006194,0.4050839743,8.6778696498,0.8195635878,0.00371270584733,1.0461940316,-0.341263773435,0.027527262164,0.445914318321,0.91452404318,1.98808692151,,,,,,,,,,,,,
regression,classical_regression_v1,travel_time,3,90,test,weather_condition,Cloudy,4416,,True,1.25833223,0.5259266926,10.0988800739,0.8392797863,0.0538020901657,1.25718150489,-0.35211776528,0.0413063120996,0.710383729962,0.86865942029,1.98825766907,,,,,,,,,,,,,
regression,classical_regression_v1,travel_time,3,90,test,weather_condition,Fog,166,,True,1.6076466366,0.8215807399,13.8502054183,0.7436456472,0.0967574617278,1.60473228354,-0.686079632393,0.0695518965804,1.27425506074,0.777108433735,1.98857549405,,,,,,,,,,,,,
regression,classical_regression_v1,travel_time,3,90,test,weather_condition,Overcast,970,,True,1.013450317,0.4213410299,8.6368396455,0.8583665861,0.0419064761568,1.01258352356,-0.298747421909,0.0520593583552,0.49339567492,0.917525773196,1.98827995605,,,,,,,,,,,,,
regression,classical_regression_v1,travel_time,3,90,test,weather_condition,Rain,1168,,True,0.9309981522,0.431980233,10.3599660717,0.7649431898,0.160052035905,0.917137342648,-0.33657768346,-0.00238231679144,0.850328326047,0.895547945205,1.98851853292,,,,,,,,,,,,,
regression,classical_regression_v1,travel_time,3,90,test,actual_congestion,Free-flow,16317,,True,0.1934516176,0.1324672806,4.9948730662,0.962062914,0.0289942014004,0.191266475441,-0.175683335556,0.0268833685335,0.233501345589,0.998835570264,1.98785760313,,,,,,,,,,,,,
regression,classical_regression_v1,travel_time,3,90,test,actual_congestion,Heavy,2653,,True,1.6967560183,1.1615532529,22.8212297633,0.3317569803,0.628929488139,1.57588980723,-0.924855210397,0.344241387779,2.52337769298,0.594421409725,1.98857549405,,,,,,,,,,,,,
regression,classical_regression_v1,travel_time,3,90,test,actual_congestion,Moderate,6567,,True,0.6196248304,0.3536490643,9.9955767957,0.7911920023,0.149545826495,0.601307721768,-0.344797452852,0.0527431678263,0.678252057566,0.937109791381,1.98857549405,,,,,,,,,,,,,
regression,classical_regression_v1,travel_time,3,90,test,actual_congestion,Severe,1563,,True,3.6625693337,2.5990127834,23.3793522674,0.5336184494,-1.64223223614,3.27375738362,-6.22068553713,-1.06263425011,1.77838740559,0.326295585413,1.98857549405,,,,,,,,,,,,,
regression,classical_regression_v1,travel_time,3,90,validation,overall,all,27100,,True,1.0870033994,0.4356693844,9.6989379678,0.783648096,0.0414257794555,1.08621374287,-0.321480911112,0.0290911520383,0.564627589879,0.900036900369,1.98815116097,,,,,,,,,,,,,
regression,classical_regression_v1,travel_time,3,90,validation,road_id,NL-001,1084,,True,1.0610482098,0.4106053004,9.4264916434,0.6755704214,0.00573618492795,1.06103270434,-0.281422362907,0.0457667788958,0.515461567627,0.917896678967,1.98857549405,,,,,,,,,,,,,
regression,classical_regression_v1,travel_time,3,90,validation,road_id,NL-002,1084,,True,0.4745039686,0.1908102956,10.5458282514,0.6088482398,0.0178179670101,0.474169311779,-0.143441524162,0.00979240969191,0.239654938997,0.957564575646,1.98633788667,,,,,,,,,,,,,
regression,classical_regression_v1,travel_time,3,90,validation,road_id,NL-003,1084,,True,1.1191146262,0.4658772043,10.3283420594,0.647181657,0.0362946010719,1.1185259266,-0.324754736276,0.0376577477485,0.620999981382,0.887453874539,1.98857549405,,,,,,,,,,,,,
regression,classical_regression_v1,travel_time,3,90,validation,road_id,NL-004,1084,,True,0.4881997342,0.2098439069,11.7767173308,0.579660379,0.0470680980692,0.485925482554,-0.140757827056,0.0104562921286,0.354542217914,0.944649446494,1.98020477435,,,,,,,,,,,,,
regression,classical_regression_v1,travel_time,3,90,validation,road_id,NL-005,1084,,True,0.5890037304,0.2579559193,10.9529370107,0.6562993236,0.0460917395003,0.587197535697,-0.177245665129,0.0174015734468,0.38458327426,0.931734317343,1.98857549405,,,,,,,,,,,,,
regression,classical_regression_v1,travel_time,3,90,validation,road_id,NL-006,1084,,True,1.0140751129,0.4552515964,10.5918812529,0.6954947678,0.0397355709485,1.0132963135,-0.332665729223,0.0406910547885,0.612025357687,0.887453874539,1.98857549405,,,,,,,,,,,,,
regression,classical_regression_v1,travel_time,3,90,validation,road_id,NL-007,1084,,True,0.5350326811,0.2329226789,10.1451278885,0.7076896399,0.0384347550123,0.533650390617,-0.173483052545,0.0226120842409,0.306497307011,0.940036900369,1.98857549405,,,,,,,,,,,,,
regression,classical_regression_v1,travel_time,3,90,validation,road_id,NL-008,1084,,True,1.5782107005,0.6535766679,9.5835394035,0.706750248,0.085665493349,1.57588401803,-0.400316487565,0.0681483230245,0.924179129992,0.864391143911,1.98857549405,,,,,,,,,,,,,
regression,classical_regression_v1,travel_time,3,90,validation,road_id,NL-009,1084,,True,1.0075602754,0.4714304327,10.1684093092,0.6962223411,0.0708419850788,1.005066725,-0.379677195156,0.0433411353706,0.670078154772,0.881918819188,1.98857549405,,,,,,,,,,,,,
regression,classical_regression_v1,travel_time,3,90,validation,road_id,NL-010,1084,,True,1.4574308384,0.5875670052,8.6537207884,0.7181264724,0.0541828117024,1.4564233147,-0.446120159008,0.0474601867297,0.757843546883,0.875461254613,1.98857549405,,,,,,,,,,,,,
regression,classical_regression_v1,travel_time,3,90,validation,road_id,NL-011,1084,,True,1.3930685941,0.5787190372,8.1377603668,0.749088998,-0.0345058970843,1.39264117811,-0.473211572657,0.0307434681586,0.612307875265,0.877306273063,1.98857549405,,,,,,,,,,,,,
regression,classical_regression_v1,travel_time,3,90,validation,road_id,NL-012,1084,,True,1.3404525595,0.5667207647,9.3416678356,0.7116043802,0.0207837083731,1.34029142415,-0.45676713645,0.0416346117041,0.738665148351,0.875461254613,1.98857549405,,,,,,,,,,,,,
regression,classical_regression_v1,travel_time,3,90,validation,road_id,NL-013,1084,,True,1.1153195891,0.5050162154,11.905286777,0.635878509,0.216335291633,1.09413748107,-0.263937175356,0.0556319497848,0.960711873343,0.873616236162,1.98857549405,,,,,,,,,,,,,
regression,classical_regression_v1,travel_time,3,90,validation,road_id,NL-014,1084,,True,0.7669919837,0.3308281423,9.3581387169,0.6861712275,0.0849074013549,0.762277794668,-0.222342544711,0.0294177995495,0.445421642474,0.919741697417,1.98857549405,,,,,,,,,,,,,
regression,classical_regression_v1,travel_time,3,90,validation,road_id,NL-015,1084,,True,0.6728140027,0.2813191134,9.179094736,0.6952606055,-0.0570196142261,0.670393500754,-0.292260510878,0.0197924744388,0.284476074197,0.937269372694,1.98857549405,,,,,,,,,,,,,
regression,classical_regression_v1,travel_time,3,90,validation,road_id,NL-016,1084,,True,0.9219240506,0.384768819,9.344624689,0.690766013,0.0296046516792,0.921448598523,-0.292886695631,0.0188066466348,0.487405995131,0.907749077491,1.98857549405,,,,,,,,,,,,,
regression,classical_regression_v1,travel_time,3,90,validation,road_id,NL-017,1084,,True,0.5967788259,0.2610613176,10.1017191818,0.7068497423,0.0727802152742,0.592324241749,-0.168020923776,0.0288047292209,0.390936535236,0.939114391144,1.98857549405,,,,,,,,,,,,,
regression,classical_regression_v1,travel_time,3,90,validation,road_id,NL-018,1084,,True,1.5533688153,0.6357068938,8.6872651002,0.6955321389,-0.172816191717,1.54372576592,-0.777380448633,0.00318456549782,0.539683257841,0.857011070111,1.98857549405,,,,,,,,,,,,,
regression,classical_regression_v1,travel_time,3,90,validation,road_id,NL-019,1084,,True,1.3801170309,0.5722954981,10.1623338306,0.6525413217,-0.00566652520144,1.38010539801,-0.406158861274,0.047250616249,0.683619788306,0.873616236162,1.98857549405,,,,,,,,,,,,,
regression,classical_regression_v1,travel_time,3,90,validation,road_id,NL-020,1084,,True,1.18636691,0.4985435423,8.7816318585,0.7346426924,0.0825193700472,1.18349355666,-0.303436082471,0.0500937286401,0.713847857399,0.882841328413,1.98857549405,,,,,,,,,,,,,
regression,classical_regression_v1,travel_time,3,90,validation,road_id,NL-021,1084,,True,1.3037410606,0.5225195141,9.1902051206,0.7144027847,0.0618214631451,1.30227449478,-0.338397461899,0.0562653139656,0.669360377077,0.897601476015,1.98857549405,,,,,,,,,,,,,
regression,classical_regression_v1,travel_time,3,90,validation,road_id,NL-022,1084,,True,1.0319484949,0.4704120665,8.5279754218,0.7680747677,0.104893498117,1.02660364807,-0.361434772631,0.0244794451833,0.634833991511,0.894833948339,1.98857549405,,,,,,,,,,,,,
regression,classical_regression_v1,travel_time,3,90,validation,road_id,NL-023,1084,,True,0.7885510673,0.3316896095,9.600574509,0.6506295885,0.0656891843523,0.785810229548,-0.215746061553,0.0322660318767,0.436634789521,0.917896678967,1.98857549405,,,,,,,,,,,,,
regression,classical_regression_v1,travel_time,3,90,validation,road_id,NL-024,1084,,True,1.4068795038,0.5681570712,8.9718696605,0.6851927502,0.0671966081472,1.40527383593,-0.385706195528,0.0202129685755,0.864814886515,0.867158671587,1.98857549405,,,,,,,,,,,,,
regression,classical_regression_v1,travel_time,3,90,validation,road_id,NL-025,1084,,True,1.0424731474,0.4481359974,9.0103064526,0.7343671599,0.0572521158241,1.04089983104,-0.314163076646,0.0283348641907,0.589682438284,0.891143911439,1.98857549405,,,,,,,,,,,,,
regression,classical_regression_v1,travel_time,3,90,validation,origin_hour,0,1150,,True,0.135223061,0.1037389316,4.2444714909,0.9776977727,0.0118647459726,0.134701536874,-0.153017776665,0.0127538740875,0.175082082656,1,1.98687745711,,,,,,,,,,,,,
regression,classical_regression_v1,travel_time,3,90,validation,origin_hour,1,1150,,True,0.1353829527,0.1014487381,4.1110473472,0.9778166438,0.00917586616007,0.135071637908,-0.156023111633,0.011735146138,0.172183393912,1,1.98692994229,,,,,,,,,,,,,
regression,classical_regression_v1,travel_time,3,90,validation,origin_hour,2,1150,,True,0.1438037279,0.1084895746,4.3387805297,0.9752347657,0.00623622935976,0.143668443325,-0.171555688425,0.00959342273396,0.174872205517,0.999130434783,1.98722167699,,,,,,,,,,,,,
regression,classical_regression_v1,travel_time,3,90,validation,origin_hour,3,1150,,True,0.1469728047,0.1104050966,4.44550925,0.9745001071,0.00676038972509,0.146817241696,-0.170857021145,0.0100105530535,0.178190164935,1,1.98817891592,,,,,,,,,,,,,
regression,classical_regression_v1,travel_time,3,90,validation,origin_hour,4,1150,,True,0.1601905491,0.1221853529,4.7012881934,0.9716042223,0.0063364753027,0.160065177646,-0.181058690973,0.0101178866541,0.199714946425,1,1.98849094483,,,,,,,,,,,,,
regression,classical_regression_v1,travel_time,3,90,validation,origin_hour,5,1150,,True,0.3132509916,0.2174049918,6.9394313466,0.9313923208,0.0206152043767,0.312571907064,-0.317021189574,0.0186350021506,0.34883254865,0.990434782609,1.98857549405,,,,,,,,,,,,,
regression,classical_regression_v1,travel_time,3,90,validation,origin_hour,6,1150,,True,2.0867958887,1.2390940716,21.4050711431,0.600763403,0.0719810106625,2.08555407867,-1.60262203138,0.21276436007,1.93934491285,0.630434782609,1.98857549405,,,,,,,,,,,,,
regression,classical_regression_v1,travel_time,3,90,validation,origin_hour,7,1100,,True,3.4978694969,2.4992958338,33.6992686423,0.5641855639,0.070465187153,3.49715965812,-4.76756420552,0.372969886437,3.74438880433,0.361818181818,1.98857549405,,,,,,,,,,,,,
regression,classical_regression_v1,travel_time,3,90,validation,origin_hour,8,1100,,True,1.5120561505,0.8801414505,19.793036529,0.5922920272,0.173898383226,1.50202302068,-0.96800218947,0.153629498632,1.51364734351,0.732727272727,1.98857549405,,,,,,,,,,,,,
regression,classical_regression_v1,travel_time,3,90,validation,origin_hour,9,1100,,True,0.3344757485,0.2363847824,7.5468501381,0.9218882874,0.0160827735662,0.334088866542,-0.348774329274,0.0319977990725,0.38381248698,0.981818181818,1.98857549405,,,,,,,,,,,,,
regression,classical_regression_v1,travel_time,3,90,validation,origin_hour,10,1100,,True,0.2312063664,0.1703039687,6.0456977892,0.9518838072,0.0472334056504,0.226330265848,-0.21777851335,0.0461793765458,0.297371066427,0.997272727273,1.98857549405,,,,,,,,,,,,,
regression,classical_regression_v1,travel_time,3,90,validation,origin_hour,11,1100,,True,0.2152041699,0.1581395022,5.6201895353,0.9569246635,0.0376391724261,0.211887062919,-0.198786969477,0.0363070795719,0.283954985644,1,1.98857549405,,,,,,,,,,,,,
regression,classical_regression_v1,travel_time,3,90,validation,origin_hour,12,1100,,True,0.2075422389,0.1550865479,5.426050016,0.9606345069,0.0309947376384,0.205214783027,-0.199273428004,0.0254443403756,0.287654978473,1,1.98857549405,,,,,,,,,,,,,
regression,classical_regression_v1,travel_time,3,90,validation,origin_hour,13,1100,,True,0.2287712192,0.1685560814,5.694278387,0.9569336667,-0.00424276942408,0.2287318728,-0.278042440998,0.0100530301131,0.24827340128,0.999090909091,1.98857549405,,,,,,,,,,,,,
regression,classical_regression_v1,travel_time,3,90,validation,origin_hour,14,1100,,True,0.3853677323,0.2742111046,8.2041906953,0.908026505,0.0373321430405,0.383555211442,-0.391395750779,0.0349436990642,0.477954668238,0.973636363636,1.98857549405,,,,,,,,,,,,,
regression,classical_regression_v1,travel_time,3,90,validation,origin_hour,15,1100,,True,1.129706217,0.7561952464,17.2795039383,0.7064067379,0.243716814614,1.10310391665,-0.765303294662,0.192839706526,1.40891064291,0.738181818182,1.98857549405,,,,,,,,,,,,,
regression,classical_regression_v1,travel_time,3,90,validation,origin_hour,16,1100,,True,2.3565175785,1.4572290612,23.3016257268,0.553640061,-0.0866492282747,2.35492399215,-2.3862833354,0.167075851982,2.14951287691,0.533636363636,1.98857549405,,,,,,,,,,,,,
regression,classical_regression_v1,travel_time,3,90,validation,origin_hour,17,1150,,True,1.4506164453,0.9472144272,19.8606473695,0.6175516547,0.159400844278,1.44183197433,-1.21857448664,0.168869035212,1.69181790022,0.669565217391,1.98857549405,,,,,,,,,,,,,
regression,classical_regression_v1,travel_time,3,90,validation,origin_hour,18,1150,,True,0.4519797733,0.278586098,8.916685686,0.8636555103,0.0962690232694,0.441608413196,-0.295802545543,0.0640872619521,0.506013700803,0.96347826087,1.98857549405,,,,,,,,,,,,,
regression,classical_regression_v1,travel_time,3,90,validation,origin_hour,19,1150,,True,0.1885755047,0.1397641426,5.2409933928,0.9629240731,0.0200953906197,0.187501723322,-0.197952727196,0.0183641467727,0.238912180422,1,1.98854633758,,,,,,,,,,,,,
regression,classical_regression_v1,travel_time,3,90,validation,origin_hour,20,1150,,True,0.1565069264,0.1172553728,4.584976297,0.972068623,-0.00183781788703,0.156496135551,-0.199016065814,0.0024043998856,0.184004738407,1,1.98803521179,,,,,,,,,,,,,
regression,classical_regression_v1,travel_time,3,90,validation,origin_hour,21,1150,,True,0.1414854467,0.1054029845,4.2271337907,0.976422798,0.00066593890315,0.141483879478,-0.172740224585,0.0144668016903,0.160465936738,1,1.98742317866,,,,,,,,,,,,,
regression,classical_regression_v1,travel_time,3,90,validation,origin_hour,22,1150,,True,0.1435263074,0.1093209186,4.4742837703,0.9753332524,0.0140211471487,0.142839799596,-0.160624211698,0.0202796129224,0.18913901172,1,1.98705668934,,,,,,,,,,,,,
regression,classical_regression_v1,travel_time,3,90,validation,origin_hour,23,1150,,True,0.1385090896,0.1045087603,4.222252906,0.9770031862,0.0127815883407,0.137918087645,-0.168584268178,0.0165712029769,0.18225763078,1,1.98699508467,,,,,,,,,,,,,
regression,classical_regression_v1,travel_time,3,90,validation,weekday,Friday,3950,,True,1.2359731167,0.4998166337,9.711887168,0.782724786,0.0119894949846,1.23591496358,-0.366778544857,0.0276158116448,0.650478467503,0.878734177215,1.98815332791,,,,,,,,,,,,,
regression,classical_regression_v1,travel_time,3,90,validation,weekday,Monday,3600,,True,1.2460593068,0.5268785065,10.4711096858,0.7737435567,0.0430540195058,1.24531528035,-0.361976850729,0.0280429776238,0.783706313268,0.8675,1.98819733401,,,,,,,,,,,,,
regression,classical_regression_v1,travel_time,3,90,validation,weekday,Saturday,3600,,True,0.317228692,0.1848879672,5.9743112173,0.9307968328,0.00743612287257,0.317141525319,-0.257898639322,0.0150243542139,0.273928993118,0.987777777778,1.98799545375,,,,,,,,,,,,,
regression,classical_regression_v1,travel_time,3,90,validation,weekday,Sunday,3600,,True,0.2811423181,0.1755363318,5.7545321321,0.945209399,0.0256688223744,0.279968059978,-0.225018618481,0.0255947936599,0.291409358533,0.986388888889,1.98807127968,,,,,,,,,,,,,
regression,classical_regression_v1,travel_time,3,90,validation,weekday,Thursday,4800,,True,1.2148941983,0.5001409793,9.7611878562,0.7908222043,-0.001471092531,1.21489330761,-0.401920337323,0.0217337438735,0.65358391106,0.879166666667,1.98821812583,,,,,,,,,,,,,
regression,classical_regression_v1,travel_time,3,90,validation,weekday,Tuesday,3600,,True,1.3511004661,0.5348802331,10.0747979128,0.7554447747,-0.0229949876915,1.35090477093,-0.411093031417,0.0231226626989,0.679136138873,0.871666666667,1.98825786895,,,,,,,,,,,,,
regression,classical_regression_v1,travel_time,3,90,validation,weekday,Wednesday,3950,,True,1.2420702167,0.5852731582,15.5535340484,0.7070199199,0.225557226528,1.22141817607,-0.276053653445,0.0720252105771,1.24964527216,0.843544303797,1.98814299797,,,,,,,,,,,,,
regression,classical_regression_v1,travel_time,3,90,validation,weekday_type,weekday,19900,,True,1.2556183288,0.5280961227,11.0863006467,0.7666023013,0.050425166852,1.25460539222,-0.365165293463,0.033389729691,0.78262718646,0.868542713568,1.98819378,,,,,,,,,,,,,
regression,classical_regression_v1,travel_time,3,90,validation,weekday_type,weekend,7200,,True,0.2997290827,0.1802121495,5.8644216747,0.9379790856,0.0165524726235,0.29927168038,-0.239631545292,0.0211251940937,0.282389155486,0.987083333333,1.98803336672,,,,,,,,,,,,,
regression,classical_regression_v1,travel_time,3,90,validation,peak_status,evening_peak,3450,,True,0.883955977,0.4551882226,11.3394421494,0.7741788275,0.0919217527225,0.879163557387,-0.43105404845,0.0509666471222,0.79209813045,0.87768115942,1.98856577523,,,,,,,,,,,,,
regression,classical_regression_v1,travel_time,3,90,validation,peak_status,morning_peak,3300,,True,2.208565058,1.2052740222,20.3463851032,0.6932628972,0.0868154479819,2.20685810446,-1.38446171072,0.0905375236159,2.28755993315,0.692121212121,1.98857549405,,,,,,,,,,,,,
regression,classical_regression_v1,travel_time,3,90,validation,peak_status,off_peak,20350,,True,0.8062519456,0.3075595418,7.6942050453,0.812254313,0.0255045502709,0.805848445864,-0.257063098185,0.0234102319117,0.366095153746,0.937542997543,1.98801205933,,,,,,,,,,,,,
regression,classical_regression_v1,travel_time,3,90,validation,weather_condition,Clear,20308,,True,1.085690935,0.4227603659,9.081286945,0.7900614411,0.0194341197731,1.08551698343,-0.331105956638,0.0254937527049,0.506179320677,0.907474886744,1.98815585766,,,,,,,,,,,,,
regression,classical_regression_v1,travel_time,3,90,validation,weather_condition,Cloudy,5016,,True,1.1347006447,0.4865740876,11.6345770424,0.7617260943,0.0971095232294,1.13053761264,-0.305512616306,0.0450742388859,0.786117361162,0.875598086124,1.98812083024,,,,,,,,,,,,,
regression,classical_regression_v1,travel_time,3,90,validation,weather_condition,Fog,176,,True,1.503998404,0.8109104934,26.152605998,0.2164471568,0.467669822397,1.42943909857,-0.40924133201,0.043735252339,2.8490327229,0.772727272727,1.98857549405,,,,,,,,,,,,,
regression,classical_regression_v1,travel_time,3,90,validation,weather_condition,Overcast,856,,True,0.8485775289,0.3511452219,8.7138557443,0.8231909463,0.058304695093,0.846572138152,-0.238575922243,0.0398272094621,0.482169810827,0.913551401869,1.98800713355,,,,,,,,,,,,,
regression,classical_regression_v1,travel_time,3,90,validation,weather_condition,Rain,744,,True,0.9057333774,0.4533153593,10.7493091823,0.7846613566,0.146035541174,0.89388286242,-0.326471040361,0.0217854096183,0.944462271052,0.876344086022,1.98829277838,,,,,,,,,,,,,
regression,classical_regression_v1,travel_time,3,90,validation,actual_congestion,Free-flow,16486,,True,0.2979615693,0.1519098539,5.71683499,0.9086398521,0.0533081674092,0.293154116563,-0.16998128568,0.0274250519333,0.25174362038,0.990234138057,1.98787796727,,,,,,,,,,,,,
regression,classical_regression_v1,travel_time,3,90,validation,actual_congestion,Heavy,2587,,True,1.6080360469,1.1201571065,22.0451740678,0.39838685,0.613680146964,1.48632991129,-0.883057210379,0.358444103156,2.51879141742,0.608813297256,1.98857549405,,,,,,,,,,,,,
regression,classical_regression_v1,travel_time,3,90,validation,actual_congestion,Moderate,6594,,True,0.7474623918,0.3959005722,11.5735069584,0.689943609,0.196560676652,0.721154579501,-0.338164936469,0.0451186643803,0.808707142844,0.917197452229,1.98857549405,,,,,,,,,,,,,
regression,classical_regression_v1,travel_time,3,90,validation,actual_congestion,Severe,1433,,True,3.7529792181,2.6474805716,24.5965855442,0.4041060613,-1.84222712261,3.26971745575,-6.19535706596,-1.22278413141,1.62739432128,0.309141660851,1.98857549405,,,,,,,,,,,,,
regression,classical_regression_v1,travel_time,4,120,test,overall,all,27075,,True,1.1015849175,0.4381270522,9.2029608944,0.8184442912,0.0249268037242,1.10130285794,-0.353680804888,0.0323491407052,0.49344793058,0.90190212373,1.95065810738,,,,,,,,,,,,,
regression,classical_regression_v1,travel_time,4,120,test,road_id,NL-001,1083,,True,0.9192578138,0.3738782426,8.7534796797,0.7682170297,0.0146899448432,0.919140431972,-0.306794529664,0.0484258298548,0.398356698607,0.919667590028,1.9507771045,,,,,,,,,,,,,
regression,classical_regression_v1,travel_time,4,120,test,road_id,NL-002,1083,,True,0.5263546279,0.2069191786,10.4189820399,0.6312193957,0.0487626465457,0.524091021313,-0.131483874173,0.0155859201774,0.250958254999,0.946445060018,1.95073925509,,,,,,,,,,,,,
regression,classical_regression_v1,travel_time,4,120,test,road_id,NL-003,1083,,True,1.0985628097,0.4483239499,9.5489032203,0.7393899221,0.020481803895,1.09837185985,-0.310243219469,0.0328941706283,0.567718488953,0.896583564174,1.9507771045,,,,,,,,,,,,,
regression,classical_regression_v1,travel_time,4,120,test,road_id,NL-004,1083,,True,0.5178793559,0.196258548,10.062415831,0.6455905611,0.0142801157732,0.517682436972,-0.152360435866,0.0124631699471,0.22116343126,0.964912280702,1.9478400259,,,,,,,,,,,,,
regression,classical_regression_v1,travel_time,4,120,test,road_id,NL-005,1083,,True,0.5584690632,0.2466888005,10.4891056224,0.7457381234,0.0594863068954,0.555291881649,-0.163555952434,0.0343145800952,0.344210744295,0.940904893813,1.9507771045,,,,,,,,,,,,,
regression,classical_regression_v1,travel_time,4,120,test,road_id,NL-006,1083,,True,0.9946965727,0.4569492302,10.187035136,0.7581875702,0.0650336657061,0.992568332204,-0.359807455325,0.0510185015388,0.617844229845,0.887349953832,1.9507771045,,,,,,,,,,,,,
regression,classical_regression_v1,travel_time,4,120,test,road_id,NL-007,1083,,True,0.6422016215,0.2362587087,9.7733673763,0.6475476198,0.0580247146532,0.63957490188,-0.146920697056,0.0345671084252,0.292019929269,0.945521698984,1.9507771045,,,,,,,,,,,,,
regression,classical_regression_v1,travel_time,4,120,test,road_id,NL-008,1083,,True,1.465398539,0.6252615288,8.9122338065,0.7707286925,0.0619204730917,1.4640897285,-0.402412822137,0.0538355118678,0.852801084133,0.865189289012,1.9507771045,,,,,,,,,,,,,
regression,classical_regression_v1,travel_time,4,120,test,road_id,NL-009,1083,,True,1.1939402865,0.4995049438,9.5742640063,0.7525165345,-0.042932723623,1.19316813106,-0.447293505389,0.0269995696141,0.480295435969,0.890120036934,1.9507771045,,,,,,,,,,,,,
regression,classical_regression_v1,travel_time,4,120,test,road_id,NL-010,1083,,True,1.6134342614,0.6532268727,8.1747708851,0.7807149404,-0.121769361967,1.60883260107,-0.602223543123,0.0436765153456,0.543080359871,0.868882733149,1.9507771045,,,,,,,,,,,,,
regression,classical_regression_v1,travel_time,4,120,test,road_id,NL-011,1083,,True,1.3518089704,0.5675085419,7.6349243398,0.8170363207,-0.0646290370114,1.35026315213,-0.541950364945,0.0296234399741,0.52449497295,0.87811634349,1.9507771045,,,,,,,,,,,,,
regression,classical_regression_v1,travel_time,4,120,test,road_id,NL-012,1083,,True,1.2673063699,0.5660107666,9.0180507901,0.784011859,-0.0240801357133,1.2670775755,-0.51989075699,0.0410470244672,0.593735924182,0.866112650046,1.9507771045,,,,,,,,,,,,,
regression,classical_regression_v1,travel_time,4,120,test,road_id,NL-013,1083,,True,1.1595900591,0.4959806852,10.4240007205,0.7090225958,0.159200493068,1.14860972836,-0.279734424113,0.0611564092414,0.763605858318,0.887349953832,1.9507771045,,,,,,,,,,,,,
regression,classical_regression_v1,travel_time,4,120,test,road_id,NL-014,1083,,True,0.7310719115,0.3166857087,8.3872309186,0.8075422686,0.0469478317834,0.729562910854,-0.245684106,0.0209662346089,0.330762144137,0.918744228994,1.9507771045,,,,,,,,,,,,,
regression,classical_regression_v1,travel_time,4,120,test,road_id,NL-015,1083,,True,0.685899923,0.2880961688,9.5028751921,0.7073237902,-0.0253144035359,0.685432626456,-0.299991236527,0.0124103242132,0.287624521514,0.929824561404,1.9507771045,,,,,,,,,,,,,
regression,classical_regression_v1,travel_time,4,120,test,road_id,NL-016,1083,,True,0.9244489075,0.3860727879,8.9679484404,0.7412754768,0.00988737337358,0.924396031136,-0.341079334545,0.0271390014795,0.383440816421,0.908587257618,1.9507771045,,,,,,,,,,,,,
regression,classical_regression_v1,travel_time,4,120,test,road_id,NL-017,1083,,True,0.8008411646,0.2798105691,9.5207891996,0.5318502829,0.125671838113,0.790919186798,-0.153021938282,0.0332953921065,0.445615183244,0.936288088643,1.9507771045,,,,,,,,,,,,,
regression,classical_regression_v1,travel_time,4,120,test,road_id,NL-018,1083,,True,1.404563569,0.5974593208,8.3004508024,0.7778139243,-0.0850723126337,1.40198485051,-0.715803608542,0.0177012952296,0.513732744122,0.870729455217,1.9507771045,,,,,,,,,,,,,
regression,classical_regression_v1,travel_time,4,120,test,road_id,NL-019,1083,,True,1.3283602783,0.5541324426,9.5267899022,0.7540558203,-0.05304259531,1.3273008371,-0.475439633034,0.0502594124956,0.581528811185,0.877192982456,1.9507771045,,,,,,,,,,,,,
regression,classical_regression_v1,travel_time,4,120,test,road_id,NL-020,1083,,True,1.2951599162,0.5223802528,8.4966258167,0.7600231224,0.0330048454858,1.29473931307,-0.399660777445,0.0356899245339,0.520598358135,0.8891966759,1.9507771045,,,,,,,,,,,,,
regression,classical_regression_v1,travel_time,4,120,test,road_id,NL-021,1083,,True,1.3687832651,0.5728515142,9.5132158428,0.7092124548,0.0690410721436,1.36704094933,-0.41777081899,0.0295691530128,0.624021940415,0.877192982456,1.9507771045,,,,,,,,,,,,,
regression,classical_regression_v1,travel_time,4,120,test,road_id,NL-022,1083,,True,1.1926816306,0.4921953525,7.9918789733,0.8006810373,0.0576054552229,1.19128967239,-0.354702563178,0.0503132264872,0.56053964348,0.892890120037,1.9507771045,,,,,,,,,,,,,
regression,classical_regression_v1,travel_time,4,120,test,road_id,NL-023,1083,,True,0.7782066258,0.3266053369,9.2309283295,0.7670565268,0.0694444533216,0.77510194192,-0.213245707747,0.0347839476647,0.415367022866,0.924284395199,1.9507771045,,,,,,,,,,,,,
regression,classical_regression_v1,travel_time,4,120,test,road_id,NL-024,1083,,True,1.3969309527,0.5678254873,8.5200769785,0.7828071811,-0.00414973616566,1.39692478907,-0.424837448188,0.0487622767865,0.647394093975,0.873499538319,1.9507771045,,,,,,,,,,,,,
regression,classical_regression_v1,travel_time,4,120,test,road_id,NL-025,1083,,True,1.1417024782,0.4762913667,9.1436785101,0.7007335805,0.13067736515,1.13419926594,-0.328888708146,0.0433652690265,0.629061903089,0.891966759003,1.9507771045,,,,,,,,,,,,,
regression,classical_regression_v1,travel_time,4,120,test,origin_hour,0,1100,,True,0.1406695461,0.1061934613,4.2349767105,0.9766745533,0.0052159298981,0.140572811286,-0.164952909973,0.0115075701244,0.173696617501,1,1.95027681166,,,,,,,,,,,,,
regression,classical_regression_v1,travel_time,4,120,test,origin_hour,1,1100,,True,0.1430265058,0.1071979132,4.2947012884,0.9756280034,0.00821334768958,0.142790483898,-0.166004158233,0.00928026497202,0.174840593746,1,1.95023618581,,,,,,,,,,,,,
regression,classical_regression_v1,travel_time,4,120,test,origin_hour,2,1100,,True,0.14815865,0.1116930634,4.4990614612,0.9736625426,0.0156351173188,0.147331356726,-0.17011283132,0.0218254556147,0.192829303515,1,1.95060487286,,,,,,,,,,,,,
regression,classical_regression_v1,travel_time,4,120,test,origin_hour,3,1100,,True,0.1599635212,0.1181314871,4.5553726164,0.9708849385,0.00911042400913,0.159703876914,-0.186855456583,0.0170609818291,0.191967749164,1,1.95069938201,,,,,,,,,,,,,
regression,classical_regression_v1,travel_time,4,120,test,origin_hour,4,1100,,True,0.1930920601,0.1408600468,5.049254378,0.9650466937,0.00237508892302,0.193077452376,-0.232202577068,0.00403520149811,0.223384177596,1,1.9507771045,,,,,,,,,,,,,
regression,classical_regression_v1,travel_time,4,120,test,origin_hour,5,1100,,True,0.953561091,0.5373010476,12.9389107874,0.8053515864,0.171890195732,0.937940571073,-0.517983489069,0.141700458726,0.910422874382,0.866363636364,1.9507771045,,,,,,,,,,,,,
regression,classical_regression_v1,travel_time,4,120,test,origin_hour,6,1100,,True,3.1075692166,2.085851996,26.83185629,0.646401233,0.0117928570873,3.10754684029,-3.96893739776,0.287651544636,3.23977115322,0.428181818182,1.9507771045,,,,,,,,,,,,,
regression,classical_regression_v1,travel_time,4,120,test,origin_hour,7,1100,,True,2.7398555518,1.7303612584,26.3388799199,0.6465796813,0.262114726146,2.72728882137,-2.17282017872,0.299851452158,2.91021542189,0.514545454545,1.9507771045,,,,,,,,,,,,,
regression,classical_regression_v1,travel_time,4,120,test,origin_hour,8,1125,,True,0.888106002,0.4068715147,9.5245303059,0.7787750237,-0.0906583357744,0.883466658688,-0.613594002821,0.00105016877048,0.454027158868,0.932444444444,1.9507771045,,,,,,,,,,,,,
regression,classical_regression_v1,travel_time,4,120,test,origin_hour,9,1150,,True,0.2743701325,0.1922881576,6.4795111016,0.9414993479,0.0450748357952,0.270642252404,-0.247213726433,0.0524008821038,0.320333010652,0.995652173913,1.9507771045,,,,,,,,,,,,,
regression,classical_regression_v1,travel_time,4,120,test,origin_hour,10,1150,,True,0.2267057402,0.1670921233,5.9107002558,0.9559961088,0.0377524160896,0.223540259678,-0.225605436381,0.0468055814391,0.299305026287,0.998260869565,1.9507771045,,,,,,,,,,,,,
regression,classical_regression_v1,travel_time,4,120,test,origin_hour,11,1150,,True,0.2344152572,0.1737528299,6.0738749419,0.9520572492,0.0306739553439,0.232399701569,-0.230641778517,0.0443397803712,0.28981499407,0.997391304348,1.95076417462,,,,,,,,,,,,,
regression,classical_regression_v1,travel_time,4,120,test,origin_hour,12,1150,,True,0.236510523,0.1647451914,5.6381974375,0.9532809021,0.0123893471215,0.236185798862,-0.241395327466,0.0233423709403,0.269921296048,0.994782608696,1.95076618526,,,,,,,,,,,,,
regression,classical_regression_v1,travel_time,4,120,test,origin_hour,13,1150,,True,0.3881974457,0.2169148555,6.4083916095,0.9053389888,-0.0230483556847,0.387512619348,-0.336536386367,0.00625345972434,0.310610317595,0.985217391304,1.95070844385,,,,,,,,,,,,,
regression,classical_regression_v1,travel_time,4,120,test,origin_hour,14,1150,,True,0.9831825995,0.5021134099,11.4992511885,0.7860663738,-0.00334716112614,0.983176901951,-0.660122643621,0.0588029580573,0.685716390909,0.893913043478,1.95075695442,,,,,,,,,,,,,
regression,classical_regression_v1,travel_time,4,120,test,origin_hour,15,1150,,True,1.8956171477,1.2150722124,20.0430362632,0.7356209076,0.0508313801845,1.89493549796,-1.9834207625,0.171363645593,1.92574524755,0.588695652174,1.9507771045,,,,,,,,,,,,,
regression,classical_regression_v1,travel_time,4,120,test,origin_hour,16,1150,,True,2.0677914664,1.2877570267,19.4478562687,0.7067071201,-0.0863433693048,2.06598798909,-2.18771503236,0.0911055281963,1.90807522723,0.580869565217,1.9507771045,,,,,,,,,,,,,
regression,classical_regression_v1,travel_time,4,120,test,origin_hour,17,1150,,True,0.9974271215,0.544355518,12.8265265674,0.7594134883,0.0823690715453,0.994020220541,-0.620247915714,0.108471801445,0.746909264481,0.865217391304,1.9507771045,,,,,,,,,,,,,
regression,classical_regression_v1,travel_time,4,120,test,origin_hour,18,1150,,True,0.2360748424,0.1695497929,5.7515864298,0.953813439,-0.000527871401708,0.236074252255,-0.275032100131,0.0132646133709,0.259673407004,0.995652173913,1.9507771045,,,,,,,,,,,,,
regression,classical_regression_v1,travel_time,4,120,test,origin_hour,19,1150,,True,0.1706915105,0.1251231437,4.8174669055,0.9685882102,0.00328202133115,0.170659954553,-0.197862293796,0.014605790259,0.191001890189,1,1.95074382451,,,,,,,,,,,,,
regression,classical_regression_v1,travel_time,4,120,test,origin_hour,20,1150,,True,0.1425156465,0.1072275732,4.3228451836,0.9760783458,0.0123436370497,0.141980083521,-0.167520857734,0.0196998546278,0.175458708566,1,1.95058397613,,,,,,,,,,,,,
regression,classical_regression_v1,travel_time,4,120,test,origin_hour,21,1150,,True,0.1493523028,0.1096787846,4.4114519883,0.9734628668,0.0117328813773,0.148890731253,-0.164234906612,0.0215894963648,0.186465471923,1,1.95037914649,,,,,,,,,,,,,
regression,classical_regression_v1,travel_time,4,120,test,origin_hour,22,1100,,True,0.1550672218,0.1151377353,4.6642404926,0.9711275101,0.0220961485438,0.153484864051,-0.164742379603,0.0316468091531,0.190993362052,1,1.95030962057,,,,,,,,,,,,,
regression,classical_regression_v1,travel_time,4,120,test,origin_hour,23,1100,,True,0.1512327694,0.1132158762,4.5743542917,0.9729138674,0.0167594664792,0.150301266923,-0.154599138625,0.0260319226521,0.196074491541,1,1.95037732966,,,,,,,,,,,,,
regression,classical_regression_v1,travel_time,4,120,test,weekday,Friday,4375,,True,1.1452451743,0.4822378634,9.7408994663,0.8042408747,0.000650501594807,1.14524498956,-0.395452580603,0.0292564687431,0.610944648653,0.878628571429,1.95067333975,,,,,,,,,,,,,
regression,classical_regression_v1,travel_time,4,120,test,weekday,Monday,3600,,True,1.2847658731,0.5350152602,10.5910504648,0.7710649038,0.0449505683905,1.28397928141,-0.385567708814,0.0387431640656,0.726184721294,0.868333333333,1.95067539796,,,,,,,,,,,,,
regression,classical_regression_v1,travel_time,4,120,test,weekday,Saturday,4700,,True,0.4604110437,0.2063479345,6.3763886364,0.8702383417,0.0126064551687,0.460238423435,-0.252149980964,0.0307425554804,0.297976240526,0.978510638298,1.95059393619,,,,,,,,,,,,,
regression,classical_regression_v1,travel_time,4,120,test,weekday,Sunday,3600,,True,0.2798168091,0.1865444824,6.544093079,0.9396147579,0.0516974159546,0.27499967969,-0.208122475936,0.0509565466789,0.335539749817,0.987777777778,1.95054470361,,,,,,,,,,,,,
regression,classical_regression_v1,travel_time,4,120,test,weekday,Thursday,3600,,True,1.6633868229,0.7253284867,12.2213337139,0.8293094802,-0.0166566207667,1.66330342381,-0.722490776879,0.0175068758049,0.798912779332,0.830277777778,1.95072706058,,,,,,,,,,,,,
regression,classical_regression_v1,travel_time,4,120,test,weekday,Tuesday,3600,,True,1.2023924591,0.505389983,9.7886423579,0.7937027437,0.012236141581,1.20233019701,-0.411580610459,0.028532647382,0.623181788817,0.873888888889,1.95070283623,,,,,,,,,,,,,
regression,classical_regression_v1,travel_time,4,120,test,weekday,Wednesday,3600,,True,1.1464010811,0.4873506753,9.9061871786,0.7874262258,0.077993863469,1.14374489987,-0.378915248306,0.0286210905597,0.784991026621,0.8775,1.95070580601,,,,,,,,,,,,,
regression,classical_regression_v1,travel_time,4,120,test,weekday_type,weekday,18775,,True,1.2968681864,0.5443885226,10.4203677518,0.8059965461,0.0228778787805,1.29666637785,-0.43384564312,0.0290141303232,0.695411449292,0.866258322237,1.95069591607,,,,,,,,,,,,,
regression,classical_regression_v1,travel_time,4,120,test,weekday_type,weekend,8300,,True,0.3924235717,0.1977584854,6.4491279127,0.8967983113,0.0295615706903,0.391308539582,-0.232328265444,0.0388760236958,0.313801362154,0.982530120482,1.9505725823,,,,,,,,,,,,,
regression,classical_regression_v1,travel_time,4,120,test,peak_status,evening_peak,3450,,True,0.5999243802,0.2796761515,7.7985266342,0.8540198908,0.0283744071582,0.599252997441,-0.318929584501,0.0271242145494,0.386560212939,0.953623188406,1.95076601117,,,,,,,,,,,,,
regression,classical_regression_v1,travel_time,4,120,test,peak_status,morning_peak,3375,,True,1.6538515236,0.7651138428,13.9672006734,0.7502896172,0.0705693724976,1.65234525013,-0.669154015746,0.0681662096698,1.13562991726,0.817777777778,1.9507771045,,,,,,,,,,,,,
regression,classical_regression_v1,travel_time,4,120,test,peak_status,off_peak,20250,,True,1.0513284426,0.4106245925,8.6481949163,0.8307625703,0.0167323394547,1.05119528305,-0.310897008736,0.0301117733979,0.438195748023,0.907111111111,1.95061989092,,,,,,,,,,,,,
regression,classical_regression_v1,travel_time,4,120,test,weather_condition,Clear,20363,,True,1.0687209949,0.4149430309,8.9018470415,0.8111487913,0.0127946855612,1.06864440339,-0.339969897163,0.031595733603,0.450203588445,0.910523989589,1.95064050883,,,,,,,,,,,,,
regression,classical_regression_v1,travel_time,4,120,test,weather_condition,Cloudy,4408,,True,1.3087805188,0.551675893,10.410435085,0.8290991021,0.0481382853883,1.30789493147,-0.406015962686,0.0423816366047,0.734272770478,0.861615245009,1.9507107899,,,,,,,,,,,,,
regression,classical_regression_v1,travel_time,4,120,test,weather_condition,Fog,166,,True,1.8087778915,1.0732806854,17.6843435162,0.7052925531,0.176396293119,1.80015605117,-1.48668544485,0.133237513708,2.28699707972,0.680722891566,1.9507771045,,,,,,,,,,,,,
regression,classical_regression_v1,travel_time,4,120,test,weather_condition,Overcast,970,,True,0.8508188433,0.3664477663,8.308798966,0.8992117015,0.0518579187715,0.849236987206,-0.306902388249,0.0509825456077,0.434574932598,0.924742268041,1.95070471984,,,,,,,,,,,,,
regression,classical_regression_v1,travel_time,4,120,test,weather_condition,Rain,1168,,True,0.8284127166,0.383046865,9.4328091043,0.7776806926,0.104946490489,0.821738317896,-0.366002139387,-0.0179635431418,0.534296425736,0.916095890411,1.95071047646,,,,,,,,,,,,,
regression,classical_regression_v1,travel_time,4,120,test,actual_congestion,Free-flow,16317,,True,0.1972509999,0.1353787878,5.1325096451,0.9605581147,0.032491722943,0.194556533933,-0.176905322481,0.0303840734071,0.241676670525,0.998712998713,1.95057965111,,,,,,,,,,,,,
regression,classical_regression_v1,travel_time,4,120,test,actual_congestion,Heavy,2643,,True,1.7300307966,1.1854339803,23.1775983189,0.3056141181,0.659172885722,1.59953045107,-0.917416295046,0.365845021291,2.64157630117,0.582671206962,1.9507771045,,,,,,,,,,,,,
regression,classical_regression_v1,travel_time,4,120,test,actual_congestion,Moderate,6552,,True,0.6378165,0.3583640318,10.1305770143,0.7786390163,0.14835386822,0.620323316914,-0.353637976782,0.0496202151538,0.683255943235,0.931166056166,1.9507771045,,,,,,,,,,,,,
regression,classical_regression_v1,travel_time,4,120,test,actual_congestion,Severe,1563,,True,3.7212904232,2.669360917,24.1772702383,0.5185438009,-1.64394287522,3.33848082774,-6.40766983892,-1.14501079432,1.97733061115,0.308381317978,1.9507771045,,,,,,,,,,,,,
regression,classical_regression_v1,travel_time,4,120,validation,overall,all,27075,,True,1.0822502765,0.4312424022,9.5005054154,0.7850302527,0.0380321067885,1.08158181376,-0.324969455867,0.0322921600459,0.561248342992,0.900055401662,1.95065980672,,,,,,,,,,,,,
regression,classical_regression_v1,travel_time,4,120,validation,road_id,NL-001,1083,,True,1.04930629,0.4050301011,9.1900815772,0.6820718965,-0.0162931172348,1.0491797866,-0.290359970654,0.0417739825053,0.432697378703,0.914127423823,1.9507771045,,,,,,,,,,,,,
regression,classical_regression_v1,travel_time,4,120,validation,road_id,NL-002,1083,,True,0.4557862595,0.1871545024,10.0236624153,0.638983848,0.0135756594811,0.455584038196,-0.144925901622,0.0108101638271,0.207880759633,0.954755309326,1.95075379841,,,,,,,,,,,,,
regression,classical_regression_v1,travel_time,4,120,validation,road_id,NL-003,1083,,True,1.1292363633,0.4691615026,10.231741297,0.6408980915,0.0284789097454,1.12887719261,-0.317607754917,0.0389545668961,0.656479244882,0.886426592798,1.9507771045,,,,,,,,,,,,,
regression,classical_regression_v1,travel_time,4,120,validation,road_id,NL-004,1083,,True,0.4797651221,0.2030207696,11.075012727,0.5934672059,0.0279604956503,0.478949666503,-0.137875300358,0.0103913477391,0.279305742085,0.953831948292,1.94786796618,,,,,,,,,,,,,
regression,classical_regression_v1,travel_time,4,120,validation,road_id,NL-005,1083,,True,0.5786938253,0.2573177596,11.064657861,0.6683818322,0.0418447563637,0.577178966837,-0.177959238569,0.0263421727497,0.422709796716,0.941828254848,1.9507771045,,,,,,,,,,,,,
regression,classical_regression_v1,travel_time,4,120,validation,road_id,NL-006,1083,,True,0.9733559307,0.4421368062,10.360014726,0.7192575689,0.0495515253477,0.972093829897,-0.28926326404,0.0473900941037,0.676975738305,0.881809787627,1.9507771045,,,,,,,,,,,,,
regression,classical_regression_v1,travel_time,4,120,validation,road_id,NL-007,1083,,True,0.5133170861,0.2241934037,9.6019828572,0.7302841735,0.019026342184,0.512964354685,-0.164976892794,0.0295285364352,0.29267607962,0.945521698984,1.9507771045,,,,,,,,,,,,,
regression,classical_regression_v1,travel_time,4,120,validation,road_id,NL-008,1083,,True,1.5398643885,0.6249203549,9.0715280296,0.7180037174,0.0695851359574,1.53829133904,-0.41172879597,0.0612684939751,0.871425928012,0.863342566944,1.9507771045,,,,,,,,,,,,,
regression,classical_regression_v1,travel_time,4,120,validation,road_id,NL-009,1083,,True,0.9891222571,0.4616851434,9.9841089206,0.7072495302,0.0558536950635,0.987544026511,-0.40430070983,0.0401767766253,0.706998118276,0.880886426593,1.9507771045,,,,,,,,,,,,,
regression,classical_regression_v1,travel_time,4,120,validation,road_id,NL-010,1083,,True,1.4715849709,0.5968015353,8.7771612125,0.7122732995,0.0824602177007,1.46927282661,-0.465853383084,0.0541542393272,0.817244472261,0.869806094183,1.9507771045,,,,,,,,,,,,,
regression,classical_regression_v1,travel_time,4,120,validation,road_id,NL-011,1083,,True,1.4283341823,0.5897502536,8.2116515643,0.733157849,-0.0497860122992,1.42746624805,-0.526987407833,0.0312558433633,0.580625088253,0.875346260388,1.9507771045,,,,,,,,,,,,,
regression,classical_regression_v1,travel_time,4,120,validation,road_id,NL-012,1083,,True,1.3939662676,0.5731836975,9.3880179385,0.6874173073,0.0244559401602,1.39375172187,-0.441661244496,0.0433560314893,0.81145939197,0.872576177285,1.9507771045,,,,,,,,,,,,,
regression,classical_regression_v1,travel_time,4,120,validation,road_id,NL-013,1083,,True,1.0826225403,0.4913949131,11.4092385948,0.656785937,0.193852285254,1.0651257467,-0.25534064506,0.056640865453,0.920389524449,0.868882733149,1.9507771045,,,,,,,,,,,,,
regression,classical_regression_v1,travel_time,4,120,validation,road_id,NL-014,1083,,True,0.7674998034,0.3270967359,9.1077668991,0.6854308378,0.0736779038867,0.763955178473,-0.207955967747,0.0313770430727,0.430129735335,0.919667590028,1.9507771045,,,,,,,,,,,,,
regression,classical_regression_v1,travel_time,4,120,validation,road_id,NL-015,1083,,True,0.6702817588,0.2851958114,9.4599599511,0.6974823325,-0.051726426162,0.668282884019,-0.304800191187,0.0237423810418,0.300568094908,0.939058171745,1.9507771045,,,,,,,,,,,,,
regression,classical_regression_v1,travel_time,4,120,validation,road_id,NL-016,1083,,True,0.9002528342,0.3902802998,9.5648704116,0.7046698091,0.0480715286377,0.898968460876,-0.300054078136,0.0281957999292,0.493070386458,0.902123730379,1.9507771045,,,,,,,,,,,,,
regression,classical_regression_v1,travel_time,4,120,validation,road_id,NL-017,1083,,True,0.5942230804,0.2543374752,9.4999390615,0.7082951903,0.037878979701,0.593014546389,-0.178823199895,0.0251675815801,0.343923462414,0.935364727608,1.9507771045,,,,,,,,,,,,,
regression,classical_regression_v1,travel_time,4,120,validation,road_id,NL-018,1083,,True,1.5495229926,0.6382167632,8.6472935061,0.6971697992,-0.132583940424,1.54384034253,-0.690389909431,0.00658987006884,0.537561822868,0.858725761773,1.9507771045,,,,,,,,,,,,,
regression,classical_regression_v1,travel_time,4,120,validation,road_id,NL-019,1083,,True,1.3453363939,0.5546063731,9.7869753391,0.6699317269,-0.0326896292847,1.34493918106,-0.428728041562,0.0494539329158,0.664822331138,0.869806094183,1.9507771045,,,,,,,,,,,,,
regression,classical_regression_v1,travel_time,4,120,validation,road_id,NL-020,1083,,True,1.15287623,0.4740478307,8.2455630988,0.7488241193,0.0515585906874,1.15172275889,-0.311935432884,0.0519751681218,0.594219419884,0.886426592798,1.9507771045,,,,,,,,,,,,,
regression,classical_regression_v1,travel_time,4,120,validation,road_id,NL-021,1083,,True,1.2837808956,0.5183650438,9.2049108147,0.7232186031,0.0765693944973,1.28149542165,-0.336753550011,0.0552462117652,0.717110974249,0.897506925208,1.9507771045,,,,,,,,,,,,,
regression,classical_regression_v1,travel_time,4,120,validation,road_id,NL-022,1083,,True,1.0683110571,0.4677653639,8.3872815608,0.7515589615,0.103807785973,1.06325559408,-0.363964701554,0.0254990448848,0.610352198193,0.894736842105,1.9507771045,,,,,,,,,,,,,
regression,classical_regression_v1,travel_time,4,120,validation,road_id,NL-023,1083,,True,0.743319365,0.3158793194,9.2655894927,0.6895726386,0.0560814338534,0.741200749617,-0.218585770337,0.0350482352715,0.42561756117,0.92243767313,1.9507771045,,,,,,,,,,,,,
regression,classical_regression_v1,travel_time,4,120,validation,road_id,NL-024,1083,,True,1.4193850363,0.577914759,8.9746159579,0.678689133,0.0862225981266,1.41676375759,-0.383306477384,0.0389709954319,0.840797571094,0.868882733149,1.9507771045,,,,,,,,,,,,,
regression,classical_regression_v1,travel_time,4,120,validation,road_id,NL-025,1083,,True,1.0736483056,0.4516035367,8.97900957,0.7183773929,0.0933686168461,1.06958075225,-0.317251369816,0.0337828889234,0.597352424431,0.897506925208,1.9507771045,,,,,,,,,,,,,
regression,classical_regression_v1,travel_time,4,120,validation,origin_hour,0,1150,,True,0.1373858102,0.1040006631,4.2411321394,0.9770285075,0.0178758045268,0.136217900628,-0.14193784227,0.0187395007144,0.185856848093,1,1.95023191572,,,,,,,,,,,,,
regression,classical_regression_v1,travel_time,4,120,validation,origin_hour,1,1150,,True,0.1385344122,0.1044237959,4.2113815682,0.9769165055,0.00812538351812,0.138295920022,-0.160760314361,0.00871738634774,0.178518868678,1,1.95022056357,,,,,,,,,,,,,
regression,classical_regression_v1,travel_time,4,120,validation,origin_hour,2,1150,,True,0.150901738,0.1126872638,4.5282764223,0.9730354848,0.00797236832008,0.150690994676,-0.176283091098,0.0173587416632,0.192221956558,0.999130434783,1.95062055484,,,,,,,,,,,,,
regression,classical_regression_v1,travel_time,4,120,validation,origin_hour,3,1150,,True,0.1495565992,0.1135558077,4.5493792253,0.973746427,0.0190153005071,0.148342828355,-0.160525463935,0.0199710896238,0.198223512167,1,1.95074240873,,,,,,,,,,,,,
regression,classical_regression_v1,travel_time,4,120,validation,origin_hour,4,1150,,True,0.1862039036,0.1396939136,5.0450214781,0.9670449721,-0.00133556259925,0.186199113794,-0.214722825831,0.00670674989869,0.212847383877,1,1.9507771045,,,,,,,,,,,,,
regression,classical_regression_v1,travel_time,4,120,validation,origin_hour,5,1150,,True,0.6898938408,0.4567941453,11.529760987,0.8301201759,0.0645102632125,0.686871121446,-0.558594972909,0.0770317964613,0.805795758681,0.878260869565,1.9507771045,,,,,,,,,,,,,
regression,classical_regression_v1,travel_time,4,120,validation,origin_hour,6,1125,,True,3.3472937814,2.287710158,31.2342056392,0.5378190643,0.0626132833449,3.34670811927,-4.18490096115,0.354224742134,3.59969516396,0.390222222222,1.9507771045,,,,,,,,,,,,,
regression,classical_regression_v1,travel_time,4,120,validation,origin_hour,7,1100,,True,2.6717419349,1.7477159884,27.1840126608,0.5898473584,0.164203465976,2.66669124355,-2.91271607317,0.353865809739,2.75841646358,0.486363636364,1.9507771045,,,,,,,,,,,,,
regression,classical_regression_v1,travel_time,4,120,validation,origin_hour,8,1100,,True,0.5167054343,0.3555927163,9.7606339521,0.8763291508,-0.00866757160581,0.516632731266,-0.558399107996,0.0212069431288,0.553513654208,0.931818181818,1.9507771045,,,,,,,,,,,,,
regression,classical_regression_v1,travel_time,4,120,validation,origin_hour,9,1100,,True,0.2558026221,0.1905005266,6.6105710821,0.9452429321,0.0600877014849,0.248645228366,-0.23553575163,0.0627483827533,0.335102334987,0.995454545455,1.9507771045,,,,,,,,,,,,,
regression,classical_regression_v1,travel_time,4,120,validation,origin_hour,10,1100,,True,0.2359790258,0.1693554158,6.2399625514,0.9480274113,0.0770325031028,0.223051774443,-0.158737150449,0.0644488431459,0.32418842643,0.997272727273,1.9507771045,,,,,,,,,,,,,
regression,classical_regression_v1,travel_time,4,120,validation,origin_hour,11,1100,,True,0.2336372121,0.1709441739,6.2053681101,0.9496307421,0.0701174907739,0.222867414354,-0.168272849546,0.0607326861998,0.334539286975,0.998181818182,1.9507771045,,,,,,,,,,,,,
regression,classical_regression_v1,travel_time,4,120,validation,origin_hour,12,1100,,True,0.2355409416,0.1702839685,5.9668718,0.9510837182,0.0259370935944,0.234108526845,-0.251204993688,0.0225530283097,0.293753236664,0.999090909091,1.9507771045,,,,,,,,,,,,,
regression,classical_regression_v1,travel_time,4,120,validation,origin_hour,13,1100,,True,0.2843938088,0.2072834916,6.691182167,0.9403680835,-0.00522167369303,0.284345867934,-0.325665893514,-0.00287777963219,0.324072141453,0.990909090909,1.9507771045,,,,,,,,,,,,,
regression,classical_regression_v1,travel_time,4,120,validation,origin_hour,14,1100,,True,0.6149575347,0.4300744172,11.4733016394,0.8430105134,0.0935189362695,0.607805049379,-0.535041254181,0.0923073506123,0.780319788098,0.893636363636,1.9507771045,,,,,,,,,,,,,
regression,classical_regression_v1,travel_time,4,120,validation,origin_hour,15,1100,,True,1.7905812339,1.1501040132,21.214805411,0.6025849316,0.183855057028,1.78111719808,-1.53270571338,0.247456689345,2.01809818909,0.594545454545,1.9507771045,,,,,,,,,,,,,
regression,classical_regression_v1,travel_time,4,120,validation,origin_hour,16,1100,,True,2.1668399261,1.336899733,22.0015233954,0.5651697449,-0.0785616360602,2.16541527999,-2.20747275479,0.177161782235,1.92740109322,0.551818181818,1.9507771045,,,,,,,,,,,,,
regression,classical_regression_v1,travel_time,4,120,validation,origin_hour,17,1150,,True,0.7458197581,0.4879177874,12.8241159809,0.7992739832,0.0949232268528,0.739754481325,-0.64516816723,0.0990697229494,0.897817535371,0.860869565217,1.9507771045,,,,,,,,,,,,,
regression,classical_regression_v1,travel_time,4,120,validation,origin_hour,18,1150,,True,0.2314080052,0.1686008396,5.9550131344,0.9523874833,0.0276551890697,0.229749549236,-0.23638726675,0.023410901246,0.277942219161,0.998260869565,1.9507771045,,,,,,,,,,,,,
regression,classical_regression_v1,travel_time,4,120,validation,origin_hour,19,1150,,True,0.1679313568,0.1237489692,4.7809087771,0.9687104391,0.00725247714861,0.167774676766,-0.188304886255,0.0115921745062,0.200318630269,1,1.9507533319,,,,,,,,,,,,,
regression,classical_regression_v1,travel_time,4,120,validation,origin_hour,20,1150,,True,0.1492980198,0.1118763165,4.443241898,0.9740264361,-0.00679640007041,0.149143245493,-0.201649007865,0.0051717527236,0.171243344865,1,1.95059479932,,,,,,,,,,,,,
regression,classical_regression_v1,travel_time,4,120,validation,origin_hour,21,1150,,True,0.1424368218,0.1074989082,4.3333461512,0.9759509993,-0.000716125101253,0.142435021571,-0.178834463991,0.00935726736958,0.164168315767,1,1.95041375969,,,,,,,,,,,,,
regression,classical_regression_v1,travel_time,4,120,validation,origin_hour,22,1150,,True,0.1417915719,0.107642904,4.3845853917,0.9760925606,0.0187378516401,0.140548008808,-0.156365719851,0.0225884615775,0.192032035501,1,1.95031031261,,,,,,,,,,,,,
regression,classical_regression_v1,travel_time,4,120,validation,origin_hour,23,1150,,True,0.1380648191,0.1055449667,4.3083122648,0.9767650228,0.0199522612177,0.136615524533,-0.149173013983,0.0213164769893,0.189602014914,1,1.95034469647,,,,,,,,,,,,,
regression,classical_regression_v1,travel_time,4,120,validation,weekday,Friday,3925,,True,1.2548799572,0.5038511249,9.779676466,0.7770425003,0.00920633926862,1.25484618589,-0.381458438716,0.0295285364352,0.638784199575,0.874140127389,1.95063788555,,,,,,,,,,,,,
regression,classical_regression_v1,travel_time,4,120,validation,weekday,Monday,3600,,True,1.2603196904,0.5257665768,10.3761636323,0.7684809051,0.0396819491714,1.25969483004,-0.374451485048,0.0305680949079,0.7599973177,0.870555555556,1.95066551537,,,,,,,,,,,,,
regression,classical_regression_v1,travel_time,4,120,validation,weekday,Saturday,3600,,True,0.3287437398,0.1912454957,6.1806766878,0.9256608278,0.013706083093,0.328457896438,-0.256445952408,0.0208637670993,0.288851434261,0.9825,1.95058940023,,,,,,,,,,,,,
regression,classical_regression_v1,travel_time,4,120,validation,weekday,Sunday,3600,,True,0.2904462761,0.1815810661,5.9891314822,0.9414602573,0.032819449237,0.288586075604,-0.221953191302,0.0315784958774,0.296901871399,0.983055555556,1.95063284161,,,,,,,,,,,,,
regression,classical_regression_v1,travel_time,4,120,validation,weekday,Thursday,4800,,True,1.2301110808,0.5025691244,9.7321082073,0.7855648055,0.00268050597134,1.23010816027,-0.407597594205,0.0228032030008,0.619960266292,0.8775,1.95070345958,,,,,,,,,,,,,
regression,classical_regression_v1,travel_time,4,120,validation,weekday,Tuesday,3600,,True,1.3475466015,0.5413089044,10.2118206455,0.7568346524,-0.00879898210779,1.34751787411,-0.436256100934,0.0295683060608,0.670618335951,0.8675,1.95070047203,,,,,,,,,,,,,
regression,classical_regression_v1,travel_time,4,120,validation,weekday,Wednesday,3950,,True,1.1605113384,0.5322261321,13.7212105786,0.738433203,0.177733514732,1.14682054586,-0.28691627872,0.072418806479,1.01221126625,0.858987341772,1.95067502153,,,,,,,,,,,,,
regression,classical_regression_v1,travel_time,4,120,validation,weekday_type,weekday,19875,,True,1.2492868793,0.5199352159,10.7378553313,0.7684743828,0.0433825094295,1.24853340552,-0.375620078162,0.0354135524284,0.757868645607,0.870088050314,1.95067744385,,,,,,,,,,,,,
regression,classical_regression_v1,travel_time,4,120,validation,weekday_type,weekend,7200,,True,0.3101866259,0.1864132809,6.084904085,0.9335312221,0.023262766165,0.309313088268,-0.241884624486,0.0257625752244,0.294112440526,0.982777777778,1.95061112092,,,,,,,,,,,,,
regression,classical_regression_v1,travel_time,4,120,validation,peak_status,evening_peak,3450,,True,0.4611571377,0.2600891987,7.8533459641,0.8883474442,0.043276964357,0.459121999092,-0.289865069026,0.0292644082179,0.427146994964,0.953043478261,1.9507691803,,,,,,,,,,,,,
regression,classical_regression_v1,travel_time,4,120,validation,peak_status,morning_peak,3300,,True,1.5780393377,0.7646030771,14.5184058983,0.7308711177,0.0718745319518,1.57640166296,-0.632218641717,0.0762537467003,1.19174471668,0.804545454545,1.9507771045,,,,,,,,,,,,,
regression,classical_regression_v1,travel_time,4,120,validation,peak_status,off_peak,20325,,True,1.058222267,0.4061692571,8.965382587,0.7876764436,0.0316471246655,1.05774894277,-0.290951572497,0.0294667425616,0.49446008813,0.906568265683,1.95062219681,,,,,,,,,,,,,
regression,classical_regression_v1,travel_time,4,120,validation,weather_condition,Clear,20291,,True,1.1030529229,0.430275989,9.2252833648,0.7846669132,0.0292572962672,1.10266484547,-0.330947539673,0.0295414523461,0.521883849281,0.903208318959,1.95067605345,,,,,,,,,,,,,
regression,classical_regression_v1,travel_time,4,120,validation,weather_condition,Cloudy,5008,,True,1.0422261682,0.4368315952,10.1367063914,0.7939399687,0.0509165734362,1.04098169443,-0.314139465522,0.045540705644,0.669280210054,0.890774760383,1.95060945879,,,,,,,,,,,,,
regression,classical_regression_v1,travel_time,4,120,validation,weather_condition,Fog,176,,True,1.8226030588,1.0032844092,26.4700379042,0.3974689135,0.270858127819,1.80236449822,-0.675581084022,0.0592884855368,2.19519935982,0.670454545455,1.9507771045,,,,,,,,,,,,,
regression,classical_regression_v1,travel_time,4,120,validation,weather_condition,Overcast,856,,True,0.5631837748,0.2772708081,7.7979311955,0.8779351577,0.0604884100757,0.559925991958,-0.247208269772,0.0348985099507,0.412663877386,0.941588785047,1.95056643823,,,,,,,,,,,,,
regression,classical_regression_v1,travel_time,4,120,validation,weather_condition,Rain,744,,True,0.9887912883,0.4618057122,10.6687876132,0.7664041991,0.109704547651,0.982686686599,-0.32347175714,0.0248392583851,0.799903596328,0.883064516129,1.9506352894,,,,,,,,,,,,,
regression,classical_regression_v1,travel_time,4,120,validation,actual_congestion,Free-flow,16486,,True,0.2342514487,0.1462162146,5.5510531008,0.9435322012,0.049740801882,0.228909575649,-0.167726845589,0.0300873538616,0.26176029,0.991993206357,1.95058446606,,,,,,,,,,,,,
regression,classical_regression_v1,travel_time,4,120,validation,actual_congestion,Heavy,2566,,True,1.6514264056,1.1363586727,22.1823516588,0.3655821663,0.615008649121,1.53263613903,-0.911907455854,0.343530403539,2.59848314901,0.593920498831,1.9507771045,,,,,,,,,,,,,
regression,classical_regression_v1,travel_time,4,120,validation,actual_congestion,Moderate,6594,,True,0.7356398104,0.3862958962,11.1256614353,0.6996743382,0.182882977066,0.712544558179,-0.34883740108,0.0505680949079,0.775960220121,0.919623900516,1.9507771045,,,,,,,,,,,,,
regression,classical_regression_v1,travel_time,4,120,validation,actual_congestion,Severe,1429,,True,3.7635597986,2.660766992,24.792859931,0.4008353439,-1.80150462767,3.30438548511,-6.32773040216,-1.20934872475,1.61826010141,0.298810356893,1.9507771045,,,,,,,,,,,,,
regression,classical_regression_v1,volume,1,30,test,overall,all,27150,,True,63.4594878679,42.2053668753,10.2175958928,0.9513957024,0.221682314138,63.4591006665,-66.8694545712,1.28187584695,66.9170910085,0.899742173112,198.394930272,,,,,,,,,,,,,
regression,classical_regression_v1,volume,1,30,test,road_id,NL-001,1086,,True,60.2592776457,41.3392006959,10.3086051528,0.9511163991,-0.607527807317,60.2562150516,-65.0336702978,-2.24360098924,64.6155138017,0.910681399632,198.372974238,,,,,,,,,,,,,
regression,classical_regression_v1,volume,1,30,test,road_id,NL-002,1086,,True,75.833750238,53.4114223077,10.2596148744,0.9494047162,-3.51881020418,75.7520669679,-91.7903220136,-0.440707105031,82.642220217,0.847145488029,198.620166604,,,,,,,,,,,,,
regression,classical_regression_v1,volume,1,30,test,road_id,NL-003,1086,,True,61.2169711645,41.4978708559,10.7319882035,0.93559045,-4.66637430405,61.0388606497,-64.9761220678,-5.88366832363,61.3768270819,0.910681399632,198.356777626,,,,,,,,,,,,,
regression,classical_regression_v1,volume,1,30,test,road_id,NL-004,1086,,True,73.0234302283,51.5656542209,10.0640598546,0.9472136467,-8.02223574733,72.5814376815,-91.2039551816,-5.11089424156,73.2454722283,0.858195211786,198.640785041,,,,,,,,,,,,,
regression,classical_regression_v1,volume,1,30,test,road_id,NL-005,1086,,True,71.547303369,48.452454124,9.8002855617,0.9421930877,-2.43030573494,71.5060153652,-80.1587119005,-1.64322593368,76.2784321145,0.869244935543,198.60866742,,,,,,,,,,,,,
regression,classical_regression_v1,volume,1,30,test,road_id,NL-006,1086,,True,78.3836385556,53.8984026595,9.6653828841,0.9435390607,-8.87978651459,77.8790355915,-96.3227499197,-7.16613770814,74.5362751727,0.835174953959,198.687175625,,,,,,,,,,,,,
regression,classical_regression_v1,volume,1,30,test,road_id,NL-007,1086,,True,63.8229887481,42.8809073724,10.4102767384,0.947921693,-0.692084606545,63.8192362195,-70.2310545975,0.69746461522,72.0728417465,0.883057090239,198.373286966,,,,,,,,,,,,,
regression,classical_regression_v1,volume,1,30,test,road_id,NL-008,1086,,True,69.8092519067,46.9696643499,10.3148569452,0.9517642494,5.81761746181,69.5664213457,-65.6545310353,5.84728486964,77.3072893655,0.879373848987,198.537493869,,,,,,,,,,,,,
regression,classical_regression_v1,volume,1,30,test,road_id,NL-009,1086,,True,56.29652335,39.1015575973,10.521713268,0.9352152767,-2.85677166616,56.2239930719,-65.5740776231,-0.912999502485,61.3455235157,0.918968692449,198.304866802,,,,,,,,,,,,,
regression,classical_regression_v1,volume,1,30,test,road_id,NL-010,1086,,True,63.5093903464,44.4823179966,10.0492963848,0.9607333071,5.25894862735,63.29127998,-66.3717236564,6.33796494932,74.748548945,0.884898710866,198.533525812,,,,,,,,,,,,,
regression,classical_regression_v1,volume,1,30,test,road_id,NL-011,1086,,True,50.7114098804,34.0115267643,9.4594500898,0.9592941621,2.07022975873,50.6691349917,-50.0368960377,2.15061773199,56.0711866731,0.932780847145,198.20933245,,,,,,,,,,,,,
regression,classical_regression_v1,volume,1,30,test,road_id,NL-012,1086,,True,43.5225933943,30.2536309785,10.0845954271,0.9427528213,4.83624457218,43.2530562412,-41.3639275124,2.7167286798,53.3174999394,0.954880294659,198.076775232,,,,,,,,,,,,,
regression,classical_regression_v1,volume,1,30,test,road_id,NL-013,1086,,True,46.3406847526,30.9300486767,9.5467036118,0.9450376012,-2.47836536679,46.2743640523,-50.7192162428,-2.08135040413,48.5342686905,0.949355432781,198.193176133,,,,,,,,,,,,,
regression,classical_regression_v1,volume,1,30,test,road_id,NL-014,1086,,True,78.6239040297,48.9845447995,10.5701094638,0.9449425157,4.91341562335,78.4702276777,-69.840617026,6.42816464087,78.8650159305,0.878453038674,198.573625311,,,,,,,,,,,,,
regression,classical_regression_v1,volume,1,30,test,road_id,NL-015,1086,,True,71.2897414055,48.4216697801,10.5825704231,0.9328405177,3.48371661024,71.204571119,-75.8002571561,3.13527597709,81.5207062334,0.870165745856,198.582150242,,,,,,,,,,,,,
regression,classical_regression_v1,volume,1,30,test,road_id,NL-016,1086,,True,69.8325051784,48.2958446796,10.197940724,0.9486683565,3.53786378798,69.742829734,-72.4969641134,3.13468513223,81.79792515,0.860957642726,198.582198585,,,,,,,,,,,,,
regression,classical_regression_v1,volume,1,30,test,road_id,NL-017,1086,,True,49.8784981989,33.4903467861,10.5378258111,0.9542349164,4.34398075724,49.6889767831,-47.094386222,4.16626576653,58.5922122123,0.94014732965,198.170349801,,,,,,,,,,,,,
regression,classical_regression_v1,volume,1,30,test,road_id,NL-018,1086,,True,50.3766428208,32.5412700882,10.6494221977,0.9328770536,4.07936658371,50.2112030345,-46.0983158849,3.37708628401,56.2718765785,0.950276243094,198.074783903,,,,,,,,,,,,,
regression,classical_regression_v1,volume,1,30,test,road_id,NL-019,1086,,True,85.2356806682,55.7745236145,10.0431633298,0.936544454,-11.2265332397,84.4931133903,-101.676379479,-7.63141425201,76.8317979494,0.836095764273,198.651302487,,,,,,,,,,,,,
regression,classical_regression_v1,volume,1,30,test,road_id,NL-020,1086,,True,47.5676260836,32.3538457636,10.8848949091,0.9518435041,3.74116585252,47.4202776172,-48.7114562703,5.86382606539,53.1009077978,0.95211786372,197.998256778,,,,,,,,,,,,,
regression,classical_regression_v1,volume,1,30,test,road_id,NL-021,1086,,True,56.7192722581,39.4501608964,10.4178017476,0.9518184848,-0.920846816975,56.7117967149,-66.137235456,1.45001662433,63.4378060085,0.912523020258,198.350005428,,,,,,,,,,,,,
regression,classical_regression_v1,volume,1,30,test,road_id,NL-022,1086,,True,54.6631359955,35.6741554134,9.9086969799,0.9536333128,1.78930757987,54.6338431308,-55.0945238519,3.56589772789,56.6468931784,0.932780847145,198.225885835,,,,,,,,,,,,,
regression,classical_regression_v1,volume,1,30,test,road_id,NL-023,1086,,True,69.9453846704,46.920699244,9.8772471235,0.9526674147,2.73939469691,69.8917202063,-69.9907726888,2.41930234149,77.3620510325,0.879373848987,198.573037332,,,,,,,,,,,,,
regression,classical_regression_v1,volume,1,30,test,road_id,NL-024,1086,,True,61.1755062828,39.7259169124,10.6936493779,0.9414820642,-0.0108356390375,61.1755053232,-60.9155274924,0.686397392212,61.8899329464,0.911602209945,198.292376303,,,,,,,,,,,,,
regression,classical_regression_v1,volume,1,30,test,road_id,NL-025,1086,,True,51.5371555721,34.706535306,9.8597462368,0.9553327005,5.24128358915,51.2699458826,-49.1528607252,4.43777365784,65.0306433246,0.934622467772,198.284280973,,,,,,,,,,,,,
regression,classical_regression_v1,volume,1,30,test,origin_hour,0,1100,,True,22.5728502164,16.5554665834,10.6436605229,0.8129722943,-0.0338629686052,22.5728248164,-25.454950092,-0.107728293836,25.8818960665,0.996363636364,197.529297007,,,,,,,,,,,,,
regression,classical_regression_v1,volume,1,30,test,origin_hour,1,1100,,True,20.7912339344,15.5528008541,10.0061570183,0.8397676712,0.924556294326,20.770666917,-23.9403887384,0.985051837675,25.5673485467,0.999090909091,197.534249218,,,,,,,,,,,,,
regression,classical_regression_v1,volume,1,30,test,origin_hour,2,1100,,True,19.9110590036,14.96498707,9.5637299088,0.8552261353,-0.088126101224,19.9108639801,-24.0841062994,0.187391919048,22.823376328,0.998181818182,197.617813221,,,,,,,,,,,,,
regression,classical_regression_v1,volume,1,30,test,origin_hour,3,1100,,True,21.8460957203,15.8861722202,9.6149424302,0.8358958798,-2.0648148072,21.7482973594,-25.8656235957,-1.52940274671,22.2855060687,0.997272727273,197.70164315,,,,,,,,,,,,,
regression,classical_regression_v1,volume,1,30,test,origin_hour,4,1100,,True,24.6617463046,18.1195588325,9.8110139332,0.8416103832,-2.46902626557,24.5378409827,-30.8443938283,-1.10948524456,25.1832109581,0.996363636364,197.9971545,,,,,,,,,,,,,
regression,classical_regression_v1,volume,1,30,test,origin_hour,5,1100,,True,38.9972388639,28.09776945,11.0173793369,0.8194769269,2.97434051697,38.8836461446,-38.7903649831,1.42917232619,47.0930533602,0.976363636364,198.453652779,,,,,,,,,,,,,
regression,classical_regression_v1,volume,1,30,test,origin_hour,6,1100,,True,62.3084133486,46.0828886915,9.9983495429,0.8572599882,3.43435979252,62.2136925993,-72.2822612754,5.68783523434,77.2817464281,0.890909090909,198.688499303,,,,,,,,,,,,,
regression,classical_regression_v1,volume,1,30,test,origin_hour,7,1100,,True,96.5867832097,72.2240240663,9.5802769241,0.8441341795,-4.6082932733,96.4767864509,-120.489482295,-0.590304391673,107.431610418,0.752727272727,198.688499303,,,,,,,,,,,,,
regression,classical_regression_v1,volume,1,30,test,origin_hour,8,1125,,True,104.27641649,79.8643827721,9.0852036661,0.8444187158,-1.62651519327,104.263730435,-130.754174849,2.69458543555,126.642493047,0.703111111111,198.688499303,,,,,,,,,,,,,
regression,classical_regression_v1,volume,1,30,test,origin_hour,9,1150,,True,98.3126607841,71.5283892562,10.2995336841,0.8114923465,-0.99897250465,98.3075852841,-115.643866957,1.47879599816,105.094205609,0.76,198.688499303,,,,,,,,,,,,,
regression,classical_regression_v1,volume,1,30,test,origin_hour,10,1150,,True,67.312710493,51.4282701674,10.5727702275,0.8257807644,3.49122988886,67.2221117474,-79.3208216821,6.98584445214,81.1983165435,0.866956521739,198.688499303,,,,,,,,,,,,,
regression,classical_regression_v1,volume,1,30,test,origin_hour,11,1150,,True,53.7700731709,39.9654065326,10.2016443092,0.8234389733,2.38913172519,53.7169695572,-61.3853082855,2.75667228902,66.8553941808,0.948695652174,198.688499303,,,,,,,,,,,,,
regression,classical_regression_v1,volume,1,30,test,origin_hour,12,1150,,True,49.2106875997,38.2524200478,10.1171261756,0.8476293493,5.18658779513,48.936602672,-54.1729483569,6.99773099303,66.9165592477,0.953913043478,198.688499303,,,,,,,,,,,,,
regression,classical_regression_v1,volume,1,30,test,origin_hour,13,1150,,True,52.5950887117,39.2931870225,10.1567587134,0.8364750713,0.248576923838,52.5945012915,-61.522539321,2.45340751933,58.5659101853,0.94,198.688499303,,,,,,,,,,,,,
regression,classical_regression_v1,volume,1,30,test,origin_hour,14,1150,,True,55.5034124853,41.8593028358,9.6740206182,0.8401666595,-3.20322521085,55.4109027697,-68.5086685573,-0.87364271936,60.1970370405,0.926956521739,198.688499303,,,,,,,,,,,,,
regression,classical_regression_v1,volume,1,30,test,origin_hour,15,1150,,True,72.2245854147,53.6708729773,10.1551105478,0.8293113445,3.15858607121,72.1554853934,-78.7457617221,3.74375661413,86.4698297539,0.871304347826,198.688499303,,,,,,,,,,,,,
regression,classical_regression_v1,volume,1,30,test,origin_hour,16,1150,,True,98.5541130681,72.5234383834,10.0930850377,0.8140869019,-8.10620928923,98.2201739644,-125.540778349,-3.00701464929,104.776182124,0.738260869565,198.688499303,,,,,,,,,,,,,
regression,classical_regression_v1,volume,1,30,test,origin_hour,17,1150,,True,100.848297672,77.6903922429,9.4487689445,0.8315380495,-11.2141083642,100.222866238,-133.124543609,-5.65729560455,101.835500388,0.713043478261,198.688499303,,,,,,,,,,,,,
regression,classical_regression_v1,volume,1,30,test,origin_hour,18,1150,,True,92.7585935273,71.0595598453,9.9066595306,0.8334171572,10.9091406772,92.1148594031,-99.8849055429,10.3428590341,118.278129396,0.760869565217,198.688499303,,,,,,,,,,,,,
regression,classical_regression_v1,volume,1,30,test,origin_hour,19,1150,,True,70.2206207371,52.5313988979,10.5738384989,0.8279921858,4.58061883698,70.0710604156,-76.9798308949,5.05681753531,87.8835823408,0.864347826087,198.688499303,,,,,,,,,,,,,
regression,classical_regression_v1,volume,1,30,test,origin_hour,20,1150,,True,44.6483838899,32.8817318681,10.4656337592,0.8336412314,1.56966557689,44.6207836547,-50.2676121015,2.91761941487,54.0791170072,0.962608695652,198.652231935,,,,,,,,,,,,,
regression,classical_regression_v1,volume,1,30,test,origin_hour,21,1150,,True,28.4721409692,21.51166988,10.6278125473,0.8305994622,1.36474372584,28.4394143036,-34.5908922058,3.36609713016,33.6854791767,0.995652173913,198.239117981,,,,,,,,,,,,,
regression,classical_regression_v1,volume,1,30,test,origin_hour,22,1150,,True,22.3898216265,16.9442157935,10.065319813,0.8364562184,-0.871754720287,22.3728441682,-27.2673187991,-0.180798196331,24.6518690671,0.998260869565,197.829556952,,,,,,,,,,,,,
regression,classical_regression_v1,volume,1,30,test,origin_hour,23,1125,,True,27.339946132,19.9866234565,13.5253502388,0.7192164338,0.171417878133,27.3394087429,-31.7666252365,0.911727730574,30.2970987937,0.998222222222,198.157641563,,,,,,,,,,,,,
regression,classical_regression_v1,volume,1,30,test,weekday,Friday,4375,,True,64.5530225605,44.9649414573,9.7624259336,0.9515561563,1.51678167827,64.5352004338,-70.704595104,2.62334924487,73.4071358046,0.885028571429,198.688499303,,,,,,,,,,,,,
regression,classical_regression_v1,volume,1,30,test,weekday,Monday,3600,,True,76.7292295036,48.8220145208,11.5268725081,0.9310512857,-3.2080015151,76.6621378941,-79.0469588034,-3.24136637537,71.7610546481,0.870555555556,198.686815481,,,,,,,,,,,,,
regression,classical_regression_v1,volume,1,30,test,weekday,Saturday,4775,,True,53.5239595791,35.5959736526,10.9093043088,0.9377554014,3.62427021744,53.4011134193,-49.9874644701,4.78059959237,61.5142466917,0.937591623037,198.611981094,,,,,,,,,,,,,
regression,classical_regression_v1,volume,1,30,test,weekday,Sunday,3600,,True,46.6567299733,31.3375166298,11.4893747955,0.9441814821,4.71921381816,46.4174479343,-42.982078236,4.24387984677,55.2858985578,0.953333333333,196.577676251,,,,,,,,,,,,,
regression,classical_regression_v1,volume,1,30,test,weekday,Thursday,3600,,True,75.9916885756,51.2816257138,9.5281136912,0.950020165,-6.13533314018,75.7436097624,-90.5339159475,-3.55022283663,73.317096659,0.851388888889,198.688499303,,,,,,,,,,,,,
regression,classical_regression_v1,volume,1,30,test,weekday,Tuesday,3600,,True,61.5841987978,42.0397503059,8.9205223165,0.9559592229,-1.45264544853,61.5670639447,-68.8294716446,-0.50559181965,65.2879974283,0.897777777778,198.688499303,,,,,,,,,,,,,
regression,classical_regression_v1,volume,1,30,test,weekday,Wednesday,3600,,True,62.2534115879,42.9589032737,9.258779732,0.9537835449,1.09811759069,62.2437257246,-66.8243672789,0.888679381511,70.3250900104,0.893333333333,198.688499303,,,,,,,,,,,,,
regression,classical_regression_v1,volume,1,30,test,weekday_type,weekday,18775,,True,68.3921466811,45.9701665303,9.7978189695,0.9489722624,-1.50606578987,68.3755621073,-75.015286405,-0.602938751901,71.5294306383,0.879840213049,198.688176439,,,,,,,,,,,,,
regression,classical_regression_v1,volume,1,30,test,weekday_type,weekend,8375,,True,50.6862160492,33.7654727234,11.1586480404,0.941164819,4.09493254133,50.5205307263,-47.0616020155,4.52334875141,59.2117310773,0.944358208955,197.737533639,,,,,,,,,,,,,
regression,classical_regression_v1,volume,1,30,test,peak_status,evening_peak,3450,,True,88.8922032449,67.093783662,9.9764223247,0.8786777946,1.42521704998,88.8807771911,-104.947461727,4.08836399113,101.920801215,0.779420289855,198.688499303,,,,,,,,,,,,,
regression,classical_regression_v1,volume,1,30,test,peak_status,morning_peak,3375,,True,99.792170607,74.5337791811,9.660332586,0.8495026548,-2.38452461434,99.7636775426,-122.522363062,1.20909667926,111.060397555,0.738666666667,198.688499303,,,,,,,,,,,,,
regression,classical_regression_v1,volume,1,30,test,peak_status,off_peak,20325,,True,48.8312560782,32.6125782187,10.3510676011,0.942964724,0.450157273301,48.8291811175,-49.5824735338,1.04765272623,51.5899102409,0.946912669127,198.296351741,,,,,,,,,,,,,
regression,classical_regression_v1,volume,1,30,test,weather_condition,Clear,20414,,True,63.4220431283,41.6780739007,10.143342303,0.9520354107,-1.28224112769,63.4090798881,-67.7626855177,0.111166166208,63.6229836886,0.901097286176,198.311224453,,,,,,,,,,,,,
regression,classical_regression_v1,volume,1,30,test,weather_condition,Cloudy,4432,,True,62.2734094672,42.6570407026,9.8487988213,0.9557480891,2.23397969754,62.2333259707,-65.9282337578,3.19971897292,71.5485220617,0.900045126354,198.665231367,,,,,,,,,,,,,
regression,classical_regression_v1,volume,1,30,test,weather_condition,Fog,166,,True,89.9872819912,59.2907033316,15.6913775022,0.8706409307,1.39879716809,89.9764096119,-96.2447900001,15.1206895482,86.6838862058,0.825301204819,198.688499303,,,,,,,,,,,,,
regression,classical_regression_v1,volume,1,30,test,weather_condition,Overcast,970,,True,61.4378743411,43.2218744638,10.1099862393,0.9453275992,5.01571642211,61.2327934388,-62.1455320146,4.07153266365,76.2718268735,0.901030927835,198.677959348,,,,,,,,,,,,,
regression,classical_regression_v1,volume,1,30,test,weather_condition,Rain,1168,,True,65.6291174122,46.4349577732,12.2262046427,0.9256517257,14.7225187763,63.9564577911,-54.8722349486,11.9611649885,86.5594741926,0.884417808219,198.555482892,,,,,,,,,,,,,
regression,classical_regression_v1,volume,1,30,test,actual_congestion,Free-flow,16317,,True,39.9449487489,26.48663765,10.8937511077,0.8841174172,7.333696579,39.2659626781,-31.5571873353,3.96409702641,50.363766216,0.975546975547,198.200027207,,,,,,,,,,,,,
regression,classical_regression_v1,volume,1,30,test,actual_congestion,Heavy,2676,,True,92.6253522759,71.2758329142,8.5140443822,0.6658890293,-4.9926560082,92.4906982902,-119.516391953,-3.22174945002,106.082771905,0.7466367713,198.688499303,,,,,,,,,,,,,
regression,classical_regression_v1,volume,1,30,test,actual_congestion,Moderate,6567,,True,74.6518610817,56.0223034708,9.5071067957,0.6918766372,4.11324759515,74.538456901,-80.1089229113,-0.848201735541,96.7224138581,0.847266636211,198.688499303,,,,,,,,,,,,,
regression,classical_regression_v1,volume,1,30,test,actual_congestion,Severe,1590,,True,122.203809096,97.5224203515,9.0802758314,0.6899785532,-80.060755805,92.3257620473,-192.003868942,-76.1122801397,27.3893960574,0.596226415094,198.688499303,,,,,,,,,,,,,
regression,classical_regression_v1,volume,1,30,validation,overall,all,27150,,True,61.192570471,41.2147894069,9.9766787652,0.9517806646,0.279230778009,61.191933382,-65.8727339543,1.02904892849,66.2492527972,0.900036832413,198.570912028,,,,,,,,,,,,,
regression,classical_regression_v1,volume,1,30,validation,road_id,NL-001,1086,,True,62.7854478689,40.9449548138,10.1973508682,0.9445067663,-0.439563145557,62.7839091515,-64.992733353,-0.560422437618,63.8885344495,0.908839779006,198.576399317,,,,,,,,,,,,,
regression,classical_regression_v1,volume,1,30,validation,road_id,NL-002,1086,,True,75.2270585886,52.4237202827,10.3851856801,0.9469860354,-3.30468480511,75.1544370096,-89.5380871102,-1.28238076571,76.6295450098,0.852670349908,198.688499303,,,,,,,,,,,,,
regression,classical_regression_v1,volume,1,30,validation,road_id,NL-003,1086,,True,57.4251239949,40.1197660083,10.1071680195,0.9398593334,-5.7694140859,57.1345668308,-67.8809205563,-6.53673633559,60.4389168199,0.907918968692,198.59053868,,,,,,,,,,,,,
regression,classical_regression_v1,volume,1,30,validation,road_id,NL-004,1086,,True,76.3102532175,53.026103598,9.9712129321,0.9371787069,-7.1060234903,75.9786757997,-91.3950336813,-5.81332620892,80.7267333795,0.843462246777,198.688499303,,,,,,,,,,,,,
regression,classical_regression_v1,volume,1,30,validation,road_id,NL-005,1086,,True,70.0711276704,49.1012244331,9.924468644,0.9411926436,-3.17749806665,69.9990459867,-83.4729104075,-2.32326771597,72.8773732211,0.858195211786,198.688499303,,,,,,,,,,,,,
regression,classical_regression_v1,volume,1,30,validation,road_id,NL-006,1086,,True,81.458950346,56.4782654222,10.10586332,0.9346760019,-9.093127865,80.9498339535,-95.3920341922,-9.60408595035,81.5694343887,0.829650092081,198.688499303,,,,,,,,,,,,,
regression,classical_regression_v1,volume,1,30,validation,road_id,NL-007,1086,,True,59.0042892511,39.6982575468,9.575196263,0.9533717573,-1.01973450888,58.9954768737,-67.0132766205,1.74151980076,62.4321311225,0.906998158379,198.583096583,,,,,,,,,,,,,
regression,classical_regression_v1,volume,1,30,validation,road_id,NL-008,1086,,True,64.7658438456,44.4754077633,9.7904549339,0.9571084857,4.30282230716,64.6227533399,-69.0250232884,6.3743534877,77.9189326589,0.878453038674,198.675583379,,,,,,,,,,,,,
regression,classical_regression_v1,volume,1,30,validation,road_id,NL-009,1086,,True,53.1517493817,37.5088612458,10.1529588924,0.935881024,-1.74038385609,53.1232484546,-61.5233960582,-2.42688435797,58.4689550041,0.918968692449,198.578388627,,,,,,,,,,,,,
regression,classical_regression_v1,volume,1,30,validation,road_id,NL-010,1086,,True,64.351823437,43.8852950453,10.1837868892,0.9542843837,8.13310972776,63.8358026958,-56.9285601458,7.40133325671,74.1293589638,0.887661141805,198.674737542,,,,,,,,,,,,,
regression,classical_regression_v1,volume,1,30,validation,road_id,NL-011,1086,,True,52.2629178889,35.3879347744,10.11381615,0.9540692164,2.45657370041,52.2051513925,-55.2930593066,1.8451061062,59.6750203548,0.923572744015,198.501831508,,,,,,,,,,,,,
regression,classical_regression_v1,volume,1,30,validation,road_id,NL-012,1086,,True,41.6003910887,28.1236164916,9.4856086915,0.9419608774,5.04725397287,41.2930716472,-35.3879135606,2.09528621759,54.2267756034,0.962246777164,198.393570115,,,,,,,,,,,,,
regression,classical_regression_v1,volume,1,30,validation,road_id,NL-013,1086,,True,44.3078769466,31.0917679666,9.6960700499,0.9445470018,-1.1903253013,44.2918850941,-51.3796138203,-1.71818618895,48.5167636978,0.954880294659,198.48157298,,,,,,,,,,,,,
regression,classical_regression_v1,volume,1,30,validation,road_id,NL-014,1086,,True,65.2862388125,44.1995736188,9.7819227391,0.9587371471,4.86296067239,65.1048737944,-68.1485542741,7.0303857755,73.9932020725,0.884898710866,198.687421384,,,,,,,,,,,,,
regression,classical_regression_v1,volume,1,30,validation,road_id,NL-015,1086,,True,67.2214713613,47.7756956574,10.3033265052,0.9379265253,1.97185183486,67.1925443209,-75.4041147561,1.62548816774,79.9884091736,0.860036832413,198.680469864,,,,,,,,,,,,,
regression,classical_regression_v1,volume,1,30,validation,road_id,NL-016,1086,,True,67.6246272017,46.2343072207,10.0851063716,0.9491197485,4.45305213124,67.4778521508,-66.0507605119,3.82890037394,79.9888293521,0.875690607735,198.664469561,,,,,,,,,,,,,
regression,classical_regression_v1,volume,1,30,validation,road_id,NL-017,1086,,True,49.8185096119,33.7744094447,10.2218024922,0.9522565009,2.80227482911,49.739633651,-51.338439728,3.72125135346,58.2107553194,0.918968692449,198.487518104,,,,,,,,,,,,,
regression,classical_regression_v1,volume,1,30,validation,road_id,NL-018,1086,,True,45.0548781154,30.6031382399,9.8094487449,0.9437073917,2.41339130318,44.990194314,-43.388754954,1.79028616153,53.237397158,0.947513812155,198.371452093,,,,,,,,,,,,,
regression,classical_regression_v1,volume,1,30,validation,road_id,NL-019,1086,,True,82.3085223681,56.1391137435,10.1311710423,0.9349143878,-7.04178789298,82.0067440989,-97.6986165865,-4.79729733428,78.2077877475,0.829650092081,198.688499303,,,,,,,,,,,,,
regression,classical_regression_v1,volume,1,30,validation,road_id,NL-020,1086,,True,44.1637916521,30.2076227155,10.247555293,0.9544654173,4.0408711607,43.9785385541,-43.9083963738,5.62477340812,52.5675977661,0.956721915285,198.224704085,,,,,,,,,,,,,
regression,classical_regression_v1,volume,1,30,validation,road_id,NL-021,1086,,True,54.2726904207,37.0067567409,9.52163435,0.9533423576,-1.0774216564,54.2619948774,-60.7675169038,0.351178919846,57.3693923962,0.922651933702,198.579040205,,,,,,,,,,,,,
regression,classical_regression_v1,volume,1,30,validation,road_id,NL-022,1086,,True,54.6807662839,35.7126351577,10.0304150517,0.9498931282,2.34611162107,54.6304124243,-55.589144981,1.25912888259,56.0985501733,0.933701657459,198.387647743,,,,,,,,,,,,,
regression,classical_regression_v1,volume,1,30,validation,road_id,NL-023,1086,,True,64.3200013609,44.6902451137,9.5836935061,0.9572044674,1.65444473111,64.2987199538,-66.520075668,3.04680806639,69.6257018411,0.890423572744,198.681691483,,,,,,,,,,,,,
regression,classical_regression_v1,volume,1,30,validation,road_id,NL-024,1086,,True,54.0172058591,36.8181847216,9.9102880309,0.9502926218,-0.456807038055,54.0152742856,-60.0201466779,-1.35861251563,60.9329827063,0.923572744015,198.515403158,,,,,,,,,,,,,
regression,classical_regression_v1,volume,1,30,validation,road_id,NL-025,1086,,True,51.9291898323,34.9428774061,10.1014636688,0.9525009023,3.91282317059,51.7815659427,-52.5221411164,2.68607608044,58.4394528833,0.923572744015,198.494767778,,,,,,,,,,,,,
regression,classical_regression_v1,volume,1,30,validation,origin_hour,0,1150,,True,21.2771781285,16.4229909902,10.5490959699,0.7954050221,0.138812086955,21.2767253194,-26.0040334479,1.02631178047,25.2329379392,1,198.148576002,,,,,,,,,,,,,
regression,classical_regression_v1,volume,1,30,validation,origin_hour,1,1150,,True,19.4738805605,14.90695719,9.3843117249,0.821399172,0.37868330185,19.4701983309,-23.1399275745,1.06285575152,24.5270274467,1,198.204591802,,,,,,,,,,,,,
regression,classical_regression_v1,volume,1,30,validation,origin_hour,2,1150,,True,20.4916895922,15.1968276458,9.4170855117,0.8026179081,0.11801155249,20.4913497754,-23.2214050193,0.362174480463,23.6784754429,0.999130434783,198.327468251,,,,,,,,,,,,,
regression,classical_regression_v1,volume,1,30,validation,origin_hour,3,1150,,True,21.6017954321,15.9709906226,9.4696008925,0.8016604813,-2.26223381917,21.4830133835,-27.2917266802,-0.909066493136,21.6251269386,0.999130434783,198.343139162,,,,,,,,,,,,,
regression,classical_regression_v1,volume,1,30,validation,origin_hour,4,1150,,True,23.2136761393,17.4361631404,9.607318569,0.8217108573,-1.50296906921,23.1649701894,-29.2922866748,-0.945172027197,25.4439989554,0.997391304348,198.443072284,,,,,,,,,,,,,
regression,classical_regression_v1,volume,1,30,validation,origin_hour,5,1150,,True,34.0272996619,25.132447525,9.8486850465,0.8373445146,0.736353131771,34.0193313624,-39.6194377458,0.765233936249,40.0510461146,0.987826086957,198.66859551,,,,,,,,,,,,,
regression,classical_regression_v1,volume,1,30,validation,origin_hour,6,1150,,True,63.0013601428,47.5065657987,10.2923408702,0.8362351843,2.40324479868,62.9555064651,-74.6926672598,4.88251509584,73.8562396546,0.898260869565,198.688499303,,,,,,,,,,,,,
regression,classical_regression_v1,volume,1,30,validation,origin_hour,7,1150,,True,98.7455847804,74.8983523317,9.6621713853,0.8021025365,-9.02914699677,98.3319125113,-124.994767945,-8.30421989503,110.457459353,0.71652173913,198.688499303,,,,,,,,,,,,,
regression,classical_regression_v1,volume,1,30,validation,origin_hour,8,1100,,True,105.936400674,80.8312308108,9.0829126426,0.7953114628,-4.02916072929,105.859750858,-129.499452156,-1.99848894299,122.678168981,0.689090909091,198.688499303,,,,,,,,,,,,,
regression,classical_regression_v1,volume,1,30,validation,origin_hour,9,1100,,True,89.7863666091,68.0469465076,9.6895636235,0.8019745746,-2.98336458744,89.7367882454,-112.307585709,-2.96728207775,104.57104292,0.762727272727,198.688499303,,,,,,,,,,,,,
regression,classical_regression_v1,volume,1,30,validation,origin_hour,10,1100,,True,67.0105282528,50.6130212849,10.5323806358,0.7821938186,3.71570945565,66.9074315749,-77.0092139001,3.94043388379,81.1792669737,0.874545454545,198.688499303,,,,,,,,,,,,,
regression,classical_regression_v1,volume,1,30,validation,origin_hour,11,1100,,True,50.1388417087,38.5159948048,9.695998485,0.8128275288,0.361957518951,50.1375351871,-64.3307974759,1.39903266153,63.1257878971,0.942727272727,198.688499303,,,,,,,,,,,,,
regression,classical_regression_v1,volume,1,30,validation,origin_hour,12,1100,,True,48.0817449405,36.4904207251,9.4387625639,0.821140847,3.47692710844,47.9558669446,-55.0719482202,6.12464237435,57.634403545,0.956363636364,198.688499303,,,,,,,,,,,,,
regression,classical_regression_v1,volume,1,30,validation,origin_hour,13,1100,,True,47.6088540123,36.5879364287,9.2907472487,0.8223232669,-0.847377513179,47.6013122898,-58.2426048754,2.27114597317,53.5784667028,0.956363636364,198.688499303,,,,,,,,,,,,,
regression,classical_regression_v1,volume,1,30,validation,origin_hour,14,1100,,True,55.7443589907,41.9410883316,9.6444184614,0.8034106501,-3.22763636871,55.6508393715,-69.828944272,-2.08871162047,61.217919092,0.925454545455,198.688499303,,,,,,,,,,,,,
regression,classical_regression_v1,volume,1,30,validation,origin_hour,15,1100,,True,69.2863721894,52.0198829297,9.8415252655,0.7945421777,8.66907643042,68.7418975954,-72.6611018396,8.35958542999,92.3073193869,0.866363636364,198.688499303,,,,,,,,,,,,,
regression,classical_regression_v1,volume,1,30,validation,origin_hour,16,1100,,True,91.3092621647,71.1158958032,10.1844033432,0.7865161844,-1.12241844549,91.3023632438,-114.597043615,-0.804927451373,112.120530399,0.734545454545,198.688499303,,,,,,,,,,,,,
regression,classical_regression_v1,volume,1,30,validation,origin_hour,17,1150,,True,96.1376325581,75.1574446401,9.3063745159,0.8099888607,-5.00526429136,96.007248285,-124.863349494,-3.7973706769,116.565491884,0.72,198.688499303,,,,,,,,,,,,,
regression,classical_regression_v1,volume,1,30,validation,origin_hour,18,1150,,True,90.4948886196,71.3052752245,10.0803747525,0.8107916511,10.5395719244,89.8790425512,-105.533192345,7.35144647901,121.752220266,0.727826086957,198.688499303,,,,,,,,,,,,,
regression,classical_regression_v1,volume,1,30,validation,origin_hour,19,1150,,True,68.8042640054,52.0495838087,10.3747032783,0.805203634,4.76322214347,68.6391904099,-80.7517428496,8.10171658784,83.1236064521,0.87652173913,198.688499303,,,,,,,,,,,,,
regression,classical_regression_v1,volume,1,30,validation,origin_hour,20,1150,,True,44.4009819486,33.7232152121,10.996219681,0.8109905428,0.989446313825,44.3899560035,-50.8081758011,2.25293865059,54.0104891836,0.965217391304,198.688499303,,,,,,,,,,,,,
regression,classical_regression_v1,volume,1,30,validation,origin_hour,21,1150,,True,30.105516429,22.0755606301,10.5553470561,0.7920248884,0.593797488259,30.0996598652,-33.2995541236,1.93088014947,33.9403612633,0.993913043478,198.609396551,,,,,,,,,,,,,
regression,classical_regression_v1,volume,1,30,validation,origin_hour,22,1150,,True,21.8220451964,16.6951175077,9.6904936951,0.815952415,-0.507781539685,21.8161365613,-27.6855872953,0.367896125819,25.8609525395,1,198.232833325,,,,,,,,,,,,,
regression,classical_regression_v1,volume,1,30,validation,origin_hour,23,1150,,True,26.1661550542,19.0902233916,12.7015683367,0.6893169027,0.399323815114,26.1631078202,-28.7967205507,0.150964751173,28.0506604262,0.993913043478,198.442738662,,,,,,,,,,,,,
regression,classical_regression_v1,volume,1,30,validation,weekday,Friday,4000,,True,59.995317676,41.2564250256,9.2891909674,0.9586254969,-1.23520048888,59.9826010006,-67.3680071193,-0.642109259532,64.9841928504,0.89875,198.688499303,,,,,,,,,,,,,
regression,classical_regression_v1,volume,1,30,validation,weekday,Monday,3600,,True,66.6015246064,45.2884159643,9.9899979404,0.9477233438,-2.56271278661,66.5522019401,-76.1823199316,-2.09752457553,70.4483634283,0.881666666667,198.688499303,,,,,,,,,,,,,
regression,classical_regression_v1,volume,1,30,validation,weekday,Saturday,3600,,True,53.6917630275,35.7189486481,10.5329332586,0.9372705416,3.34029543668,53.5877583353,-51.7349673037,4.70927355767,60.6656492027,0.93,198.649478506,,,,,,,,,,,,,
regression,classical_regression_v1,volume,1,30,validation,weekday,Sunday,3600,,True,46.0807670048,32.0697253221,9.6021872477,0.9524662308,0.757710024086,46.074537038,-49.4844704512,0.972492208579,52.9883535275,0.946388888889,198.650039994,,,,,,,,,,,,,
regression,classical_regression_v1,volume,1,30,validation,weekday,Thursday,4800,,True,63.2271114649,43.6961901385,9.5012455453,0.9539363282,-1.6146562246,63.2064910391,-74.2083261352,-0.696381067252,68.4122179666,0.88875,198.688499303,,,,,,,,,,,,,
regression,classical_regression_v1,volume,1,30,validation,weekday,Tuesday,3600,,True,64.8406166192,44.7275731623,9.6723547865,0.9523580348,-1.90758607281,64.8125503196,-77.9415788367,0.0659423820324,71.3497557316,0.874722222222,198.688499303,,,,,,,,,,,,,
regression,classical_regression_v1,volume,1,30,validation,weekday,Wednesday,3950,,True,69.2650946548,44.5866664511,11.3501727464,0.9391586285,5.47152498525,69.0486477193,-61.3349765311,3.68034197017,76.411070278,0.885316455696,197.950887626,,,,,,,,,,,,,
regression,classical_regression_v1,volume,1,30,validation,weekday_type,weekday,19950,,True,64.7499663611,43.8567571982,9.9438794312,0.951129166,-0.359483911569,64.748968448,-71.4173129775,0.168746403055,70.5229418049,0.88626566416,198.542455888,,,,,,,,,,,,,
regression,classical_regression_v1,volume,1,30,validation,weekday_type,weekend,7200,,True,50.0312027876,33.8943369851,10.0675602531,0.9447611039,2.04900273038,49.9892272414,-50.5038146367,2.49728104665,56.9640351779,0.938194444444,198.64975925,,,,,,,,,,,,,
regression,classical_regression_v1,volume,1,30,validation,peak_status,evening_peak,3450,,True,85.9569582319,66.1707678911,9.9204841822,0.8685443239,3.43250992549,85.888395864,-102.681211386,4.35462967022,107.873501787,0.774782608696,198.688499303,,,,,,,,,,,,,
regression,classical_regression_v1,volume,1,30,validation,peak_status,morning_peak,3350,,True,98.3836807985,74.5967463379,9.4809614883,0.8203997774,-5.40217817752,98.2352539489,-123.021693335,-4.10751178672,113.496692152,0.722686567164,198.688499303,,,,,,,,,,,,,
regression,classical_regression_v1,volume,1,30,validation,peak_status,off_peak,20350,,True,46.3654559892,31.4886134123,10.067810175,0.94279237,0.679914165832,46.360470509,-47.8604045604,1.08224001656,49.5178346872,0.950466830467,198.531619966,,,,,,,,,,,,,
regression,classical_regression_v1,volume,1,30,validation,weather_condition,Clear,20342,,True,59.3980884945,40.0974946165,9.7693236277,0.9547700683,-1.1739783166,59.3864857667,-66.0373321114,-0.0256310069803,62.0849068804,0.90644970996,198.609555611,,,,,,,,,,,,,
regression,classical_regression_v1,volume,1,30,validation,weather_condition,Cloudy,5032,,True,64.8161946352,44.1994892343,10.1786853609,0.9456770495,3.61272491533,64.7154332882,-66.895895891,3.2561593794,76.038108383,0.880166931638,198.468961419,,,,,,,,,,,,,
regression,classical_regression_v1,volume,1,30,validation,weather_condition,Fog,176,,True,99.6321373044,54.3382892233,16.0874146338,0.7236893829,-1.23498222498,99.6244829485,-81.2964717547,7.28086410921,68.6492756435,0.880681818182,198.688499303,,,,,,,,,,,,,
regression,classical_regression_v1,volume,1,30,validation,weather_condition,Overcast,856,,True,61.3721876926,41.0995864935,9.9528343173,0.9540614005,0.456676265618,61.3704885834,-67.7642550202,2.44027385532,66.3616583435,0.904205607477,198.676508276,,,,,,,,,,,,,
regression,classical_regression_v1,volume,1,30,validation,weather_condition,Rain,744,,True,71.3103015379,48.6044114784,12.8616819255,0.924485856,17.6201515503,69.0991270912,-46.6712712854,11.6383914581,100.432499094,0.858870967742,198.054570582,,,,,,,,,,,,,
regression,classical_regression_v1,volume,1,30,validation,actual_congestion,Free-flow,16486,,True,37.9257709059,25.8080019485,10.4564139435,0.8944262883,6.86629244393,37.2990365409,-31.2340839774,3.5628088846,48.3358787481,0.975979619071,198.494850479,,,,,,,,,,,,,
regression,classical_regression_v1,volume,1,30,validation,actual_congestion,Heavy,2613,,True,88.0298362053,69.6083033829,8.4196361308,0.6812362424,-2.69028024378,87.9887177684,-111.505394286,-3.67060617184,108.893032169,0.745503252966,198.688499303,,,,,,,,,,,,,
regression,classical_regression_v1,volume,1,30,validation,actual_congestion,Moderate,6595,,True,74.9170831953,56.7777716104,9.6341780691,0.6876447197,3.55829529617,74.8325322909,-82.4805388358,-2.11534657949,98.6135718321,0.837300985595,198.688499303,,,,,,,,,,,,,
regression,classical_regression_v1,volume,1,30,validation,actual_congestion,Severe,1456,,True,119.199040879,94.2135382994,8.8904358705,0.6228996176,-83.8281846215,84.7422374592,-187.460818022,-79.1839106126,16.1472854366,0.601648351648,198.688499303,,,,,,,,,,,,,
regression,classical_regression_v1,volume,2,60,test,overall,all,27125,,True,62.8625581165,42.0109050389,10.2634226366,0.9521587897,0.201699085841,62.8622345326,-66.6699380508,0.927092119424,66.3419590161,0.899723502304,197.19265009,,,,,,,,,,,,,
regression,classical_regression_v1,volume,2,60,test,road_id,NL-001,1085,,True,59.6846178312,40.7920564683,10.1444216156,0.951756589,-2.99028304203,59.6096620775,-68.2349780603,-2.32121848784,58.5633311554,0.903225806452,197.195549576,,,,,,,,,,,,,
regression,classical_regression_v1,volume,2,60,test,road_id,NL-002,1085,,True,76.3626009165,54.1366261237,10.5085225943,0.9486014223,-2.36822184998,76.3258694284,-91.3347003705,-0.101269266833,86.6658309295,0.837788018433,197.400918677,,,,,,,,,,,,,
regression,classical_regression_v1,volume,2,60,test,road_id,NL-003,1085,,True,60.0709492537,41.5602484772,10.8886416319,0.9376941041,-4.96775467475,59.8651848551,-68.4852382891,-7.36354713707,57.2741976719,0.906912442396,197.16557495,,,,,,,,,,,,,
regression,classical_regression_v1,volume,2,60,test,road_id,NL-004,1085,,True,74.3409119333,51.9540034915,10.2257315314,0.9451423727,-9.14662892803,73.7760826171,-88.8910671407,-7.96068765825,69.6129269204,0.859907834101,197.41869924,,,,,,,,,,,,,
regression,classical_regression_v1,volume,2,60,test,road_id,NL-005,1085,,True,70.7072554239,48.2940528658,9.8676056623,0.9433845868,-1.11540370979,70.6984571554,-81.7499707955,-1.28136441589,75.4899473734,0.863594470046,197.409000673,,,,,,,,,,,,,
regression,classical_regression_v1,volume,2,60,test,road_id,NL-006,1085,,True,81.3811039785,56.1232302233,10.0333595779,0.9389432491,-8.25473929809,80.9613695776,-100.801644902,-5.43327888084,83.9258497539,0.81935483871,197.448011466,,,,,,,,,,,,,
regression,classical_regression_v1,volume,2,60,test,road_id,NL-007,1085,,True,63.3295347034,41.7303491748,10.1833208907,0.9484909378,-2.49921511578,63.2802014026,-67.9672960947,0.0352925862844,62.7758546777,0.892165898618,197.215058627,,,,,,,,,,,,,
regression,classical_regression_v1,volume,2,60,test,road_id,NL-008,1085,,True,68.5382137495,46.3192690121,10.2323313092,0.9533815878,6.47854819565,68.2313355963,-66.9943178751,6.04753626636,76.9988008397,0.878341013825,197.318971605,,,,,,,,,,,,,
regression,classical_regression_v1,volume,2,60,test,road_id,NL-009,1085,,True,54.5908687499,38.5704089618,10.5352632553,0.9389784119,-2.62996850924,54.5274812962,-63.5822730675,-3.56900829288,59.0358928267,0.91797235023,197.103579183,,,,,,,,,,,,,
regression,classical_regression_v1,volume,2,60,test,road_id,NL-010,1085,,True,63.6720671024,44.1946906174,9.8862022879,0.9603964421,3.67422061247,63.5659675611,-64.6489471336,4.96076385492,75.0523271171,0.893087557604,197.284683417,,,,,,,,,,,,,
regression,classical_regression_v1,volume,2,60,test,road_id,NL-011,1085,,True,50.6579991248,33.8026800044,9.5899685714,0.9592545922,2.19987473906,50.6102106937,-51.2943958595,2.47015893115,54.3148982183,0.936405529954,197.040794386,,,,,,,,,,,,,
regression,classical_regression_v1,volume,2,60,test,road_id,NL-012,1085,,True,42.2133613337,29.9616437156,10.0894941713,0.9457667132,5.1139616522,41.9024494667,-42.5167525221,3.19789739533,53.9467896766,0.957603686636,196.88398651,,,,,,,,,,,,,
regression,classical_regression_v1,volume,2,60,test,road_id,NL-013,1085,,True,45.3813523735,30.6786922709,9.4809006832,0.9471777875,-3.97671505306,45.2067791447,-49.690172357,-3.76560511941,42.1195708769,0.957603686636,196.981088623,,,,,,,,,,,,,
regression,classical_regression_v1,volume,2,60,test,road_id,NL-014,1085,,True,78.1283008245,48.9518296719,10.7059298821,0.9454343072,4.52417323557,77.9972002463,-65.1403736893,5.91818066942,83.2779606331,0.871889400922,197.311403986,,,,,,,,,,,,,
regression,classical_regression_v1,volume,2,60,test,road_id,NL-015,1085,,True,70.1166951954,49.1682553271,10.7911392793,0.9348465604,6.66762238215,69.7989524054,-71.1611428872,3.76345327879,90.7850549124,0.861751152074,197.377866899,,,,,,,,,,,,,
regression,classical_regression_v1,volume,2,60,test,road_id,NL-016,1085,,True,68.2780484426,47.866807958,10.2801762776,0.9508329754,5.69104928362,68.0404575027,-70.3246820092,4.73718356303,81.9170749988,0.867281105991,197.358216265,,,,,,,,,,,,,
regression,classical_regression_v1,volume,2,60,test,road_id,NL-017,1085,,True,48.2824317716,32.9508252983,10.6277273856,0.9570793168,4.06487131385,48.1110178544,-49.978435431,4.35806441674,55.968503666,0.944700460829,196.963505136,,,,,,,,,,,,,
regression,classical_regression_v1,volume,2,60,test,road_id,NL-018,1085,,True,45.827383306,30.9389330923,10.4942511905,0.9442760588,3.53981865781,45.6904666702,-42.42823675,2.62003023444,52.9869434986,0.958525345622,196.919279504,,,,,,,,,,,,,
regression,classical_regression_v1,volume,2,60,test,road_id,NL-019,1085,,True,84.7205071578,55.6394871271,10.0811080722,0.9370119651,-12.3050305685,83.8221364306,-102.176370323,-9.54988866334,70.6138467448,0.836866359447,197.433415447,,,,,,,,,,,,,
regression,classical_regression_v1,volume,2,60,test,road_id,NL-020,1085,,True,48.2574551665,32.1081811654,10.9865726946,0.9502588708,2.08882349844,48.2122266188,-52.6834098454,4.99975501141,55.0798771764,0.943778801843,196.881933077,,,,,,,,,,,,,
regression,classical_regression_v1,volume,2,60,test,road_id,NL-021,1085,,True,55.9212426174,39.2157828106,10.447348764,0.9530293734,-0.531423947602,55.9187174787,-63.4482872423,0.643080913403,60.7067177296,0.9133640553,197.151013048,,,,,,,,,,,,,
regression,classical_regression_v1,volume,2,60,test,road_id,NL-022,1085,,True,54.077481417,35.433466877,10.0267159014,0.9544954697,1.91852971613,54.0434384559,-54.3674937452,2.87713079775,57.7008360343,0.934562211982,197.032215445,,,,,,,,,,,,,
regression,classical_regression_v1,volume,2,60,test,road_id,NL-023,1085,,True,70.5099754304,47.5831192654,10.0698304558,0.9518137651,4.05950554484,70.3930184743,-71.0180350117,1.67997089275,77.8553921596,0.881105990783,197.3259788,,,,,,,,,,,,,
regression,classical_regression_v1,volume,2,60,test,road_id,NL-024,1085,,True,58.0168731852,38.4752074816,10.630675419,0.9471525004,0.00793047260814,58.0168726432,-59.6830151743,-0.0384111100444,59.8301282584,0.91797235023,197.10282512,,,,,,,,,,,,,
regression,classical_regression_v1,volume,2,60,test,road_id,NL-025,1085,,True,49.8229226769,33.8227784914,9.778326811,0.9581256485,5.79893253846,49.4843005961,-45.4111903873,4.6213071575,64.2591752972,0.93732718894,197.092682588,,,,,,,,,,,,,
regression,classical_regression_v1,volume,2,60,test,origin_hour,0,1100,,True,22.348664006,16.3160397827,10.5788016625,0.8177766697,1.24700554849,22.3138468224,-24.8145368465,1.745859823,25.9841112703,0.995454545455,196.431221619,,,,,,,,,,,,,
regression,classical_regression_v1,volume,2,60,test,origin_hour,1,1100,,True,20.6655031337,15.6088622185,10.1187695551,0.8415123351,0.958759133141,20.6432507298,-23.5461749225,1.20410143519,25.4819996982,0.998181818182,196.45535935,,,,,,,,,,,,,
regression,classical_regression_v1,volume,2,60,test,origin_hour,2,1100,,True,20.7855244725,15.3611940631,9.6966793758,0.8393524229,0.0969943083148,20.7852981624,-24.6690154922,0.241762148233,23.8542160696,0.998181818182,196.473717395,,,,,,,,,,,,,
regression,classical_regression_v1,volume,2,60,test,origin_hour,3,1100,,True,22.6129200446,16.7144805303,9.7340074403,0.8390289027,-3.49192168573,22.3416793434,-29.5584553163,-2.54596004704,20.4740308319,0.995454545455,196.63471855,,,,,,,,,,,,,
regression,classical_regression_v1,volume,2,60,test,origin_hour,4,1100,,True,29.4214754939,21.179364548,10.0092206558,0.8373991926,-2.93139432243,29.2750772427,-36.5246586066,-2.36478427038,29.3452579572,0.992727272727,196.897079958,,,,,,,,,,,,,
regression,classical_regression_v1,volume,2,60,test,origin_hour,5,1100,,True,48.4059103322,35.817659032,10.9154532497,0.8523560023,1.68421347435,48.3766015762,-53.4911915275,2.06806866442,56.4098050648,0.943636363636,197.450881089,,,,,,,,,,,,,
regression,classical_regression_v1,volume,2,60,test,origin_hour,6,1100,,True,80.8994082002,60.5661161738,10.226302666,0.8478432387,10.2916641497,80.2421079993,-85.9908899905,8.21923130916,107.829968534,0.8,197.456851038,,,,,,,,,,,,,
regression,classical_regression_v1,volume,2,60,test,origin_hour,7,1100,,True,106.143549377,81.2836517864,9.3321283153,0.8352558948,-4.88037753552,106.031292501,-131.745495774,-0.257699895222,128.570486363,0.687272727273,197.456851038,,,,,,,,,,,,,
regression,classical_regression_v1,volume,2,60,test,origin_hour,8,1125,,True,104.190151505,76.6609279417,9.5156506732,0.8308130918,5.40413208841,104.049906425,-117.317993205,3.89319594443,124.657294802,0.718222222222,197.456851038,,,,,,,,,,,,,
regression,classical_regression_v1,volume,2,60,test,origin_hour,9,1150,,True,78.0748354177,58.7356125015,10.0727949057,0.8373700821,-6.54190656614,77.8002788169,-99.3607042944,-4.51685889349,85.9925749558,0.829565217391,197.456851038,,,,,,,,,,,,,
regression,classical_regression_v1,volume,2,60,test,origin_hour,10,1150,,True,58.4089589698,44.2713055853,10.5345709566,0.8209014914,1.86439214762,58.3791960364,-67.4220006408,1.48403086187,72.5202921794,0.913913043478,197.456851038,,,,,,,,,,,,,
regression,classical_regression_v1,volume,2,60,test,origin_hour,11,1150,,True,50.8701047753,38.9973072609,10.2000877902,0.8363468962,3.85873168816,50.7235423606,-57.1453375372,4.2550921412,66.9033352619,0.953913043478,197.456851038,,,,,,,,,,,,,
regression,classical_regression_v1,volume,2,60,test,origin_hour,12,1150,,True,48.6910178146,37.9468704125,9.9225419737,0.854783835,3.97961333436,48.528114465,-57.8803356927,6.25370776898,62.9448226129,0.948695652174,197.456851038,,,,,,,,,,,,,
regression,classical_regression_v1,volume,2,60,test,origin_hour,13,1150,,True,51.4346490656,37.8603456551,9.5026120896,0.8489684318,-1.11595414897,51.4225414662,-61.5285749614,2.68431039559,53.5965068976,0.942608695652,197.456851038,,,,,,,,,,,,,
regression,classical_regression_v1,volume,2,60,test,origin_hour,14,1150,,True,61.0319005063,46.758334655,9.8502204494,0.8387338243,0.0160004568726,61.0318984089,-75.7270330603,1.30732613052,72.0179473437,0.898260869565,197.456851038,,,,,,,,,,,,,
regression,classical_regression_v1,volume,2,60,test,origin_hour,15,1150,,True,84.374785314,62.6427290335,10.2776847741,0.8242456945,4.11197705961,84.2745278328,-90.6449157193,4.72907322804,104.449457066,0.806956521739,197.456851038,,,,,,,,,,,,,
regression,classical_regression_v1,volume,2,60,test,origin_hour,16,1150,,True,100.929399474,75.6012551512,9.623101262,0.8263922172,-10.8519795878,100.34429838,-132.197459333,-5.98267847611,100.351280074,0.726956521739,197.456851038,,,,,,,,,,,,,
regression,classical_regression_v1,volume,2,60,test,origin_hour,17,1150,,True,93.4703930204,72.007221268,8.8794112064,0.8520093397,-9.41518340086,92.9949928379,-122.998694103,-9.61603859872,95.7022848616,0.75652173913,197.456851038,,,,,,,,,,,,,
regression,classical_regression_v1,volume,2,60,test,origin_hour,18,1150,,True,86.5188110459,64.2973165991,10.4714874707,0.8155457003,12.6923487621,85.582760809,-87.5012350848,12.3277389127,108.0246158,0.8,197.456851038,,,,,,,,,,,,,
regression,classical_regression_v1,volume,2,60,test,origin_hour,19,1150,,True,55.6845429992,42.4475443851,10.7866856434,0.8364450066,0.436525119742,55.6828319579,-67.1108579979,3.07751553103,67.1691613849,0.918260869565,197.456851038,,,,,,,,,,,,,
regression,classical_regression_v1,volume,2,60,test,origin_hour,20,1150,,True,36.2301354184,27.1806002495,11.0384324835,0.832262467,2.14465558394,36.1666028936,-42.8701327478,3.74498452405,42.8900242553,0.985217391304,197.303253263,,,,,,,,,,,,,
regression,classical_regression_v1,volume,2,60,test,origin_hour,21,1150,,True,25.2675956129,18.8090710058,10.2945750216,0.8253854543,-1.31830069907,25.23318195,-31.1742018131,0.391913046269,26.8042017811,0.99652173913,196.693965482,,,,,,,,,,,,,
regression,classical_regression_v1,volume,2,60,test,origin_hour,22,1150,,True,20.731345798,15.6033396205,9.2386728452,0.8441644237,-1.03854554386,20.7053162678,-25.7731090066,0.371146803131,22.8551085921,0.999130434783,196.494025048,,,,,,,,,,,,,
regression,classical_regression_v1,volume,2,60,test,origin_hour,23,1100,,True,29.7820045819,22.3067899164,15.6553837231,0.667115654,-2.29702600901,29.6932899564,-42.119621744,-0.827633268336,29.9740490432,0.997272727273,197.304756574,,,,,,,,,,,,,
regression,classical_regression_v1,volume,2,60,test,weekday,Friday,4375,,True,63.8738417778,44.4481771206,9.769504718,0.9523244477,0.312120358732,63.8730791832,-72.6247681667,1.17794836299,70.8498373147,0.888685714286,197.418953442,,,,,,,,,,,,,
regression,classical_regression_v1,volume,2,60,test,weekday,Monday,3600,,True,75.0116666751,48.5773415751,11.5639887257,0.9340772513,-2.22151409331,74.9787637435,-78.4819896473,-2.47220620846,71.8180765442,0.871944444444,197.456851038,,,,,,,,,,,,,
regression,classical_regression_v1,volume,2,60,test,weekday,Saturday,4750,,True,53.6784693488,35.6888031168,11.1317819451,0.9375572861,2.83109591069,53.603758894,-51.8411108785,4.03630759656,60.1100056049,0.935789473684,197.411494214,,,,,,,,,,,,,
regression,classical_regression_v1,volume,2,60,test,weekday,Sunday,3600,,True,46.3130504047,31.3619506554,11.5129468785,0.9444276378,4.49558997586,46.0943413942,-44.5940127558,3.6166546285,54.1818488358,0.95,195.572072197,,,,,,,,,,,,,
regression,classical_regression_v1,volume,2,60,test,weekday,Thursday,3600,,True,75.4062635768,50.6832511255,9.4701534827,0.9508886995,-5.07810522513,75.2350811387,-87.1179360867,-3.07260285515,75.3760221585,0.85,197.456851038,,,,,,,,,,,,,
regression,classical_regression_v1,volume,2,60,test,weekday,Tuesday,3600,,True,61.1051099897,41.8396493921,8.8627198201,0.956633158,-1.26015050411,61.092114774,-69.3354011137,-0.700886396173,63.7560995058,0.895833333333,197.456851038,,,,,,,,,,,,,
regression,classical_regression_v1,volume,2,60,test,weekday,Wednesday,3600,,True,61.8335856921,42.9720321057,9.3617998813,0.9543079061,1.46913972397,61.8161301605,-65.9420411753,0.755080178513,71.5652332697,0.896666666667,197.456851038,,,,,,,,,,,,,
regression,classical_regression_v1,volume,2,60,test,weekday_type,weekday,18775,,True,67.593881831,45.6522483098,9.8041419982,0.950102183,-1.28685708578,67.5816310829,-73.9440287031,-0.784943567076,70.9135831348,0.880958721704,197.448020041,,,,,,,,,,,,,
regression,classical_regression_v1,volume,2,60,test,weekday_type,weekend,8350,,True,50.6345139637,33.8233337921,11.2961165272,0.941112412,3.54872209448,50.5100047104,-48.0196057479,3.86081058623,57.9908418642,0.941916167665,196.618449991,,,,,,,,,,,,,
regression,classical_regression_v1,volume,2,60,test,peak_status,evening_peak,3450,,True,80.2558146704,59.5840274174,10.0458614402,0.9064041089,1.237896827,80.246267202,-94.1258353162,3.03183075592,90.2017856312,0.824927536232,197.456851038,,,,,,,,,,,,,
regression,classical_regression_v1,volume,2,60,test,peak_status,morning_peak,3375,,True,96.786387818,72.05970823,9.6456777173,0.8708294541,-2.01835829353,96.7653403686,-115.859856473,-0.319657136845,112.168453984,0.746074074074,197.456851038,,,,,,,,,,,,,
regression,classical_regression_v1,volume,2,60,test,peak_status,off_peak,20300,,True,51.2661333519,34.0285413456,10.4031012194,0.9504162134,0.394694723692,51.2646139645,-52.1923796876,0.825616984862,52.4665827101,0.937980295567,197.103823909,,,,,,,,,,,,,
regression,classical_regression_v1,volume,2,60,test,weather_condition,Clear,20397,,True,62.4807033898,41.3323676254,10.219759663,0.9524944184,-1.0748704283,62.4714570795,-67.1725132538,0.209856641275,62.9469086479,0.903319115556,197.113459048,,,,,,,,,,,,,
regression,classical_regression_v1,volume,2,60,test,weather_condition,Cloudy,4424,,True,62.2278169611,42.4643438029,9.7609406843,0.9584896107,2.49076220896,62.1779487227,-65.0642475995,3.00245452574,72.2318415516,0.89534358047,197.44694928,,,,,,,,,,,,,
regression,classical_regression_v1,volume,2,60,test,weather_condition,Fog,166,,True,99.284300188,69.5467076577,14.7045690135,0.8777070137,6.05285331094,99.0996227572,-106.57528296,8.63082728017,123.349749684,0.722891566265,197.423387317,,,,,,,,,,,,,
regression,classical_regression_v1,volume,2,60,test,weather_condition,Overcast,970,,True,59.808579789,42.0319670628,9.918354304,0.9473096552,2.8450223799,59.740874316,-63.7391052489,3.72501126963,66.6412942105,0.90824742268,197.455565036,,,,,,,,,,,,,
regression,classical_regression_v1,volume,2,60,test,weather_condition,Rain,1168,,True,67.5283243791,48.211882037,12.5845354908,0.9201870517,10.7976390915,66.6594748217,-62.7496939831,6.64940360937,87.0106032891,0.871575342466,197.361237573,,,,,,,,,,,,,
regression,classical_regression_v1,volume,2,60,test,actual_congestion,Free-flow,16317,,True,40.0768481185,26.7190909446,11.0484432774,0.8833508585,7.19397408103,39.4258860654,-32.1233480921,3.83003757757,50.0167997029,0.973463259178,197.017649548,,,,,,,,,,,,,
regression,classical_regression_v1,volume,2,60,test,actual_congestion,Heavy,2671,,True,89.0618427572,68.8795201602,8.2326257582,0.6907541764,-2.39165301024,89.0297244249,-112.628444414,-1.89362818148,104.000769273,0.763758891801,197.456851038,,,,,,,,,,,,,
regression,classical_regression_v1,volume,2,60,test,actual_congestion,Moderate,6567,,True,74.2694120059,55.8391649802,9.432936023,0.6950256448,2.85554865574,74.2144958992,-79.6921272984,-3.01965063237,95.2001913518,0.846352977006,197.456851038,,,,,,,,,,,,,
regression,classical_regression_v1,volume,2,60,test,actual_congestion,Severe,1570,,True,122.533412774,97.3868773665,9.0334113364,0.689347257,-79.1574969482,93.5335657559,-194.358381071,-77.8468392896,28.8906826954,0.587898089172,197.456851038,,,,,,,,,,,,,
regression,classical_regression_v1,volume,2,60,validation,overall,all,27125,,True,61.1235555945,41.115935706,10.0936886813,0.951776362,0.514501933288,61.1213901697,-65.4404309761,0.842413231405,66.7748359418,0.900055299539,197.361411775,,,,,,,,,,,,,
regression,classical_regression_v1,volume,2,60,validation,road_id,NL-001,1085,,True,62.8598785821,40.6613822703,10.1268448353,0.944215992,-1.35700171163,62.845229586,-70.4589721949,0.788213464531,60.4993639121,0.898617511521,197.376145413,,,,,,,,,,,,,
regression,classical_regression_v1,volume,2,60,validation,road_id,NL-002,1085,,True,72.8888365,50.7173228941,10.2533089738,0.9499237561,-2.16113041694,72.8567910469,-84.6701335841,-0.287558538438,78.6179323819,0.847926267281,197.456851038,,,,,,,,,,,,,
regression,classical_regression_v1,volume,2,60,validation,road_id,NL-003,1085,,True,57.3751925437,39.7158102425,10.1729658821,0.939815816,-6.19664865803,57.039585069,-65.9265293892,-7.26121431584,59.4116023034,0.914285714286,197.398604936,,,,,,,,,,,,,
regression,classical_regression_v1,volume,2,60,validation,road_id,NL-004,1085,,True,74.4140907492,52.3007145966,10.0676259001,0.9402234048,-6.99306297165,74.0847755771,-93.0343105914,-6.82101410354,78.1556190969,0.844239631336,197.456851038,,,,,,,,,,,,,
regression,classical_regression_v1,volume,2,60,validation,road_id,NL-005,1085,,True,70.4122102929,49.8599985138,10.1106414426,0.940509466,-2.98919472056,70.3487318525,-82.0293935167,-2.26270874578,78.6550633507,0.860829493088,197.456851038,,,,,,,,,,,,,
regression,classical_regression_v1,volume,2,60,validation,road_id,NL-006,1085,,True,81.5555668246,56.5811078877,10.1943030878,0.9344675999,-7.65142899986,81.1958503517,-94.452839214,-9.76245175736,91.7681939832,0.813824884793,197.456851038,,,,,,,,,,,,,
regression,classical_regression_v1,volume,2,60,validation,road_id,NL-007,1085,,True,61.7102316345,40.5177089374,9.7857374023,0.9487922325,-3.89830044302,61.5869786728,-72.2147406947,-0.0649985717374,61.848940629,0.903225806452,197.405631314,,,,,,,,,,,,,
regression,classical_regression_v1,volume,2,60,validation,road_id,NL-008,1085,,True,64.459077255,44.4803815513,9.9786205008,0.9574545428,4.26400294389,64.3178895756,-71.6763048373,6.55951181464,75.431173396,0.873732718894,197.442245491,,,,,,,,,,,,,
regression,classical_regression_v1,volume,2,60,validation,road_id,NL-009,1085,,True,52.5444477454,36.8754304264,10.1582499971,0.937168313,-1.5452074373,52.5217223903,-57.6104959585,-4.31052550453,62.4796668752,0.92534562212,197.356324781,,,,,,,,,,,,,
regression,classical_regression_v1,volume,2,60,validation,road_id,NL-010,1085,,True,65.1617565065,43.9171723613,10.3945983884,0.9530369726,9.43382882196,64.4752462948,-54.3864262261,7.00340145569,82.2859544178,0.882949308756,197.456851038,,,,,,,,,,,,,
regression,classical_regression_v1,volume,2,60,validation,road_id,NL-011,1085,,True,51.0146078402,34.6258110897,10.1716387433,0.9561506676,2.21745423384,50.9663919638,-54.5292344533,2.53952086505,58.3930583178,0.927188940092,197.301849029,,,,,,,,,,,,,
regression,classical_regression_v1,volume,2,60,validation,road_id,NL-012,1085,,True,41.097854751,28.2317857167,9.4999381731,0.9432250388,5.11024600398,40.778904484,-35.9170573689,2.21985615276,55.8846172687,0.961290322581,197.154731524,,,,,,,,,,,,,
regression,classical_regression_v1,volume,2,60,validation,road_id,NL-013,1085,,True,44.2463836943,31.118873122,9.7580214716,0.9445446277,-2.64800724059,44.1670751542,-57.8472270151,-2.45480364184,47.0371956537,0.955760368664,197.25181637,,,,,,,,,,,,,
regression,classical_regression_v1,volume,2,60,validation,road_id,NL-014,1085,,True,65.7835748104,44.9257625012,10.1100224345,0.958012206,6.47346698321,65.4642875166,-65.6853909984,8.02154600769,77.2141246569,0.883870967742,197.454441182,,,,,,,,,,,,,
regression,classical_regression_v1,volume,2,60,validation,road_id,NL-015,1085,,True,65.8703579511,46.9145233966,10.3405632338,0.9401557126,4.25914644827,65.7325165207,-69.976323057,0.599558634587,88.0307165773,0.873732718894,197.456851038,,,,,,,,,,,,,
regression,classical_regression_v1,volume,2,60,validation,road_id,NL-016,1085,,True,66.7112889333,46.0650653178,10.4685013229,0.9503488978,5.82996453767,66.4560575465,-64.8923191805,4.74555213599,82.6534071881,0.873732718894,197.440382713,,,,,,,,,,,,,
regression,classical_regression_v1,volume,2,60,validation,road_id,NL-017,1085,,True,49.9089272881,34.5048896106,10.6455160349,0.9520168133,3.37304601372,49.7948148268,-52.196220117,5.19350543233,58.4840833549,0.930875576037,197.309164684,,,,,,,,,,,,,
regression,classical_regression_v1,volume,2,60,validation,road_id,NL-018,1085,,True,44.3123913142,30.0613760975,9.7356938495,0.9453975748,1.20458909967,44.2960154989,-46.2719038266,1.10483478617,49.1941763154,0.953917050691,197.149956479,,,,,,,,,,,,,
regression,classical_regression_v1,volume,2,60,validation,road_id,NL-019,1085,,True,84.4090564408,55.9605012038,10.2578750628,0.9314664914,-6.99183632328,84.1189814135,-95.7269992714,-6.46197905258,72.5624664278,0.834101382488,197.456851038,,,,,,,,,,,,,
regression,classical_regression_v1,volume,2,60,validation,road_id,NL-020,1085,,True,45.1042585372,30.7516036041,10.4482144729,0.9524183763,3.91617277572,44.9339262582,-44.325116613,5.28524143625,51.5152167967,0.954838709677,197.123598972,,,,,,,,,,,,,
regression,classical_regression_v1,volume,2,60,validation,road_id,NL-021,1085,,True,53.5568882209,37.1137675229,9.5312337403,0.9544194358,0.245567183243,53.5563252348,-59.095466299,0.186955704491,59.7749395855,0.917050691244,197.380324986,,,,,,,,,,,,,
regression,classical_regression_v1,volume,2,60,validation,road_id,NL-022,1085,,True,55.9522465506,35.4211319253,10.2982372168,0.9474728673,2.44600112791,55.898756449,-52.531172187,1.96703454726,57.5455412917,0.934562211982,197.207913007,,,,,,,,,,,,,
regression,classical_regression_v1,volume,2,60,validation,road_id,NL-023,1085,,True,64.4138755093,44.9252910132,9.608933206,0.9569931865,1.66898563266,64.3922498837,-70.3942499803,1.68175853487,73.3568591083,0.892165898618,197.446899873,,,,,,,,,,,,,
regression,classical_regression_v1,volume,2,60,validation,road_id,NL-024,1085,,True,53.7216987783,36.3749574608,9.8963598508,0.9507065251,-0.15502449464,53.7214751011,-59.9836590188,-0.426327573226,58.4149385111,0.921658986175,197.325368789,,,,,,,,,,,,,
regression,classical_regression_v1,volume,2,60,validation,road_id,NL-025,1085,,True,52.1098979982,35.276023387,10.3285718101,0.951969331,5.00691994395,51.8687981551,-50.6045092887,4.46230314632,61.1076027892,0.921658986175,197.311937572,,,,,,,,,,,,,
regression,classical_regression_v1,volume,2,60,validation,origin_hour,0,1150,,True,19.9766408273,15.7394300601,10.2253339371,0.8100917727,1.82028596165,19.8935350745,-22.6176961216,2.59115179396,26.2611391503,1,197.047403423,,,,,,,,,,,,,
regression,classical_regression_v1,volume,2,60,validation,origin_hour,1,1150,,True,20.0668168974,15.1844267321,9.3902493481,0.808058728,0.393730829005,20.062953831,-22.7231729349,0.705632315422,25.3212971954,1,197.045685219,,,,,,,,,,,,,
regression,classical_regression_v1,volume,2,60,validation,origin_hour,2,1150,,True,20.6983051461,15.4653308134,9.4098234455,0.8116244858,-1.04310163731,20.6720046173,-25.2333898005,-0.0685302051882,22.5281744664,0.998260869565,197.164505139,,,,,,,,,,,,,
regression,classical_regression_v1,volume,2,60,validation,origin_hour,3,1150,,True,22.1677965103,16.4088256041,9.5978918522,0.8081912167,-2.20256219566,22.058103316,-27.333903123,-2.13277939047,23.3852697876,0.999130434783,197.193418528,,,,,,,,,,,,,
regression,classical_regression_v1,volume,2,60,validation,origin_hour,4,1150,,True,27.4119802787,20.4023249746,9.9218669277,0.8193244602,-0.00358780294355,27.4119800439,-30.4838871634,-0.149950255665,31.8906524916,0.99652173913,197.34549214,,,,,,,,,,,,,
regression,classical_regression_v1,volume,2,60,validation,origin_hour,5,1150,,True,46.3783874405,34.755522176,10.1020719186,0.8427572716,-2.9396016119,46.2851332929,-58.2286235496,-2.46730595994,53.3273069747,0.96347826087,197.456851038,,,,,,,,,,,,,
regression,classical_regression_v1,volume,2,60,validation,origin_hour,6,1150,,True,80.6296237022,61.963950277,10.2924551142,0.8285979125,3.43256690173,80.556524893,-98.4778087274,8.02229752065,100.08612712,0.79652173913,197.456851038,,,,,,,,,,,,,
regression,classical_regression_v1,volume,2,60,validation,origin_hour,7,1125,,True,103.762497263,80.7396507528,9.2512068091,0.8032284097,-6.95622627776,103.529062365,-131.594015352,-4.88784290499,115.263970906,0.687111111111,197.456851038,,,,,,,,,,,,,
regression,classical_regression_v1,volume,2,60,validation,origin_hour,8,1100,,True,102.024388464,75.2588106668,9.1880928077,0.794118044,-0.642768192099,102.022363678,-111.835912127,1.10158543306,115.455520079,0.731818181818,197.456851038,,,,,,,,,,,,,
regression,classical_regression_v1,volume,2,60,validation,origin_hour,9,1100,,True,78.9694157328,58.6252138766,10.354117211,0.7859852316,-2.54187441824,78.9284960938,-93.5216600623,-2.68971740158,89.2813589586,0.82,197.456851038,,,,,,,,,,,,,
regression,classical_regression_v1,volume,2,60,validation,origin_hour,10,1100,,True,59.1064987823,44.1510641052,10.6237908455,0.7749670239,2.18622634485,59.0660529634,-68.7311756139,1.38189776244,69.2340837323,0.907272727273,197.456851038,,,,,,,,,,,,,
regression,classical_regression_v1,volume,2,60,validation,origin_hour,11,1100,,True,45.6831249047,34.5527068259,8.9482230519,0.8412119894,1.1948966733,45.6674952564,-55.2702692459,2.28536446594,53.8883665557,0.958181818182,197.456851038,,,,,,,,,,,,,
regression,classical_regression_v1,volume,2,60,validation,origin_hour,12,1100,,True,45.5854503386,34.9592035981,9.0744785628,0.8330017856,1.99346399075,45.5418421223,-51.071838277,3.50930694668,55.7526977702,0.959090909091,197.456851038,,,,,,,,,,,,,
regression,classical_regression_v1,volume,2,60,validation,origin_hour,13,1100,,True,51.1990441489,38.4580781844,9.3547897852,0.8116060825,-3.69793810213,51.0653245907,-64.8269099198,1.08076210628,52.6222927195,0.941818181818,197.456851038,,,,,,,,,,,,,
regression,classical_regression_v1,volume,2,60,validation,origin_hour,14,1100,,True,60.1346988046,44.9611290185,9.5381806765,0.8120052701,0.411771649278,60.1332889872,-74.6165051065,1.92608441064,72.6942157538,0.903636363636,197.456851038,,,,,,,,,,,,,
regression,classical_regression_v1,volume,2,60,validation,origin_hour,15,1100,,True,80.1304871312,60.9981160168,10.0279299641,0.7824102017,13.2142747936,79.0333974315,-80.9000728513,9.95496218926,109.594745395,0.81,197.456851038,,,,,,,,,,,,,
regression,classical_regression_v1,volume,2,60,validation,origin_hour,16,1100,,True,95.5072176071,74.2670446099,9.6180323178,0.7989035718,-5.26200729798,95.3621512669,-122.620639039,-3.81954008041,113.884062789,0.712727272727,197.456851038,,,,,,,,,,,,,
regression,classical_regression_v1,volume,2,60,validation,origin_hour,17,1150,,True,97.1542190839,76.8562327529,9.7827084433,0.8095023178,-1.24828966641,97.1461994044,-127.304213981,0.637314692015,120.836010711,0.693043478261,197.456851038,,,,,,,,,,,,,
regression,classical_regression_v1,volume,2,60,validation,origin_hour,18,1150,,True,78.6202502042,61.1991527941,10.1325825324,0.8182403253,9.96194705426,77.9865587974,-85.0566726249,8.85240429254,105.479405416,0.808695652174,197.456851038,,,,,,,,,,,,,
regression,classical_regression_v1,volume,2,60,validation,origin_hour,19,1150,,True,58.5804546843,43.1270012072,11.0858400244,0.7832262438,1.81163660767,58.5524349948,-66.3386851556,2.3244131529,69.4074049121,0.92,197.456851038,,,,,,,,,,,,,
regression,classical_regression_v1,volume,2,60,validation,origin_hour,20,1150,,True,36.7470920558,27.5839586879,11.2815894561,0.7983265233,1.65714548738,36.7097077541,-42.2651749378,2.87017891687,45.4541285498,0.985217391304,197.456851038,,,,,,,,,,,,,
regression,classical_regression_v1,volume,2,60,validation,origin_hour,21,1150,,True,25.8274773304,19.0645441892,10.4967518821,0.7902868229,0.488235103663,25.822862191,-31.110623854,0.787726327619,29.6293688086,0.999130434783,197.279292926,,,,,,,,,,,,,
regression,classical_regression_v1,volume,2,60,validation,origin_hour,22,1150,,True,20.8670669119,15.886578234,9.8138732859,0.8135528157,0.361928530632,20.8639279438,-24.0696694984,0.581622786943,25.085898841,1,197.005203702,,,,,,,,,,,,,
regression,classical_regression_v1,volume,2,60,validation,origin_hour,23,1150,,True,29.6746030797,21.2176304853,14.5393958119,0.5965391618,-0.107751372703,29.6744074512,-34.0896635801,-0.820354099205,29.684658703,0.989565217391,197.322685483,,,,,,,,,,,,,
regression,classical_regression_v1,volume,2,60,validation,weekday,Friday,3975,,True,59.6234709075,41.2454065581,9.2653786205,0.9593782416,-1.7708667223,59.5971669973,-69.2822421106,-1.35955857732,65.0875166556,0.898616352201,197.419752614,,,,,,,,,,,,,
regression,classical_regression_v1,volume,2,60,validation,weekday,Monday,3600,,True,67.1122614984,45.4597002741,10.0137595946,0.9469078924,-1.01630714986,67.1045658894,-74.6894488373,-1.01096867004,70.5696478086,0.877777777778,197.456851038,,,,,,,,,,,,,
regression,classical_regression_v1,volume,2,60,validation,weekday,Saturday,3600,,True,53.3622225145,35.2350052799,10.3833485569,0.9381282022,2.76165475516,53.2907126496,-52.3473091088,4.04728320058,57.8795900098,0.931111111111,197.434131864,,,,,,,,,,,,,
regression,classical_regression_v1,volume,2,60,validation,weekday,Sunday,3600,,True,45.7390306116,31.7008824984,9.4565451923,0.9527777769,0.728697093869,45.7332255788,-49.1926057424,0.63692878311,52.3091039702,0.946944444444,197.437095558,,,,,,,,,,,,,
regression,classical_regression_v1,volume,2,60,validation,weekday,Thursday,4800,,True,62.7513024564,43.2838032219,9.4706630706,0.9546055503,-1.48060763317,62.7338326663,-72.0095869885,-0.631323501138,67.5948641508,0.89125,197.456276446,,,,,,,,,,,,,
regression,classical_regression_v1,volume,2,60,validation,weekday,Tuesday,3600,,True,63.5066144801,44.3200448828,10.1563832869,0.9544715727,-1.21198835554,63.4950483656,-75.1436812926,0.113814585417,72.2922453583,0.884722222222,197.456851038,,,,,,,,,,,,,
regression,classical_regression_v1,volume,2,60,validation,weekday,Wednesday,3950,,True,70.7878600708,45.4128432722,12.0167369254,0.9350207218,5.96419594019,70.536157396,-62.9924496436,4.25824555187,81.9368663804,0.875443037975,196.878203703,,,,,,,,,,,,,
regression,classical_regression_v1,volume,2,60,validation,weekday_type,weekday,19925,,True,64.758564007,43.8795764127,10.1564711661,0.9510527934,0.0697916328197,64.7585263991,-70.9723277905,0.280061249519,71.2095472508,0.885972396487,197.334598529,,,,,,,,,,,,,
regression,classical_regression_v1,volume,2,60,validation,weekday_type,weekend,7200,,True,49.6970105388,33.4679438892,9.9199468746,0.9453134654,1.74517592451,49.6663590118,-50.8002191395,2.35542930625,54.8509709768,0.939027777778,197.435613711,,,,,,,,,,,,,
regression,classical_regression_v1,volume,2,60,validation,peak_status,evening_peak,3450,,True,79.6905592464,60.3941289181,10.3337103334,0.8961177997,3.50843133184,79.6132912433,-92.7295103816,3.24055566636,100.426351386,0.807246376812,197.456851038,,,,,,,,,,,,,
regression,classical_regression_v1,volume,2,60,validation,peak_status,morning_peak,3325,,True,95.6531118813,71.6103861939,9.5951996032,0.8506265233,-3.40717637108,95.5924105865,-115.043134143,-1.79768536273,106.831653143,0.745864661654,197.456851038,,,,,,,,,,,,,
regression,classical_regression_v1,volume,2,60,validation,peak_status,off_peak,20350,,True,49.0748561551,32.8651340129,10.1344455111,0.9503693384,0.647697212748,49.0705817671,-50.3930787277,0.786680439181,51.5807323098,0.940982800983,197.32963777,,,,,,,,,,,,,
regression,classical_regression_v1,volume,2,60,validation,weather_condition,Clear,20325,,True,59.0483711969,39.8088117927,9.8398865435,0.9549029049,-0.492653615541,59.0463160021,-64.8100769454,0.251810542783,62.6300441083,0.906519065191,197.394823421,,,,,,,,,,,,,
regression,classical_regression_v1,volume,2,60,validation,weather_condition,Cloudy,5024,,True,65.61672018,44.2745512227,10.3521309802,0.9452875339,2.9027216748,65.5524841181,-67.7122214089,2.89776770085,75.6350444674,0.884753184713,197.256449151,,,,,,,,,,,,,
regression,classical_regression_v1,volume,2,60,validation,weather_condition,Fog,176,,True,99.0329272136,66.7291745596,17.0481004567,0.7998753781,-4.05864558598,98.9497249541,-100.240781155,3.78195398737,86.9762923056,0.795454545455,197.456851038,,,,,,,,,,,,,
regression,classical_regression_v1,volume,2,60,validation,weather_condition,Overcast,856,,True,58.9179481225,39.2610931874,9.9898018724,0.9550401707,1.36381753636,58.9021613584,-56.6168815965,0.0247408270744,62.4752289661,0.903037383178,197.449789239,,,,,,,,,,,,,
regression,classical_regression_v1,volume,2,60,validation,weather_condition,Rain,744,,True,74.6438784272,51.5705383134,13.7564104245,0.9274112248,12.006276605,73.6719614829,-66.6541139874,8.85831608974,99.2487525144,0.84811827957,197.033175365,,,,,,,,,,,,,
regression,classical_regression_v1,volume,2,60,validation,actual_congestion,Free-flow,16486,,True,38.9602041788,26.2601084873,10.7428280183,0.8885886584,7.26891188916,38.2761078168,-31.4241667651,3.51298054186,49.205749878,0.973007400218,197.299821437,,,,,,,,,,,,,
regression,classical_regression_v1,volume,2,60,validation,actual_congestion,Heavy,2600,,True,88.074110837,69.3346512115,8.3673363813,0.680872629,-2.52586146633,88.0378840249,-111.389516453,-2.68408787644,107.69399845,0.747307692308,197.456851038,,,,,,,,,,,,,
regression,classical_regression_v1,volume,2,60,validation,actual_congestion,Moderate,6595,,True,74.0461674501,55.7450543075,9.431713229,0.6948648065,2.83178610038,73.9919989021,-83.2453757965,-3.31141627418,96.3582474009,0.842759666414,197.456851038,,,,,,,,,,,,,
regression,classical_regression_v1,volume,2,60,validation,actual_congestion,Severe,1444,,True,117.657578191,93.1003332381,8.8142793873,0.6311988693,-81.709006914,84.6578046903,-186.456856357,-75.8443204571,22.5272583795,0.603878116343,197.456851038,,,,,,,,,,,,,
regression,classical_regression_v1,volume,3,90,test,overall,all,27100,,True,65.30578945,44.0438468443,10.9516888502,0.9482755677,-0.412570224921,65.304486228,-70.6634601054,1.44509322435,68.4093430082,0.90184501845,209.365439303,,,,,,,,,,,,,
regression,classical_regression_v1,volume,3,90,test,road_id,NL-001,1084,,True,62.1770532474,42.5679220281,10.3988563205,0.9474809973,-14.640624385,60.4287850957,-84.6694211905,-8.43019557462,47.775210154,0.897601476015,209.328514337,,,,,,,,,,,,,
regression,classical_regression_v1,volume,3,90,test,road_id,NL-002,1084,,True,79.0597458953,54.8495709175,10.5943644436,0.9448020572,-13.3068130383,77.9318429641,-103.66327186,-4.82215037782,71.516681253,0.862546125461,209.57725857,,,,,,,,,,,,,
regression,classical_regression_v1,volume,3,90,test,road_id,NL-003,1084,,True,61.7841183512,43.0026669372,11.4309811046,0.9340083253,-8.43405467173,61.2057513819,-72.5702402737,-11.958105359,54.8001676177,0.916974169742,209.334205625,,,,,,,,,,,,,
regression,classical_regression_v1,volume,3,90,test,road_id,NL-004,1084,,True,74.9413510617,53.0926936033,10.5065600183,0.9441547388,-15.8244967466,73.251562452,-99.3246888536,-15.2158777474,61.9684516478,0.866236162362,209.574899478,,,,,,,,,,,,,
regression,classical_regression_v1,volume,3,90,test,road_id,NL-005,1084,,True,68.9219102363,47.7634692734,9.9014647198,0.946163289,-0.269582699089,68.9213830084,-77.2617956423,-2.34741777915,74.4262191285,0.890221402214,209.571743931,,,,,,,,,,,,,
regression,classical_regression_v1,volume,3,90,test,road_id,NL-006,1084,,True,85.7145991147,60.3631005846,10.8935115568,0.9321708429,-31.5108753585,79.7123405473,-129.791358353,-23.960348934,47.1199604343,0.822878228782,209.621910751,,,,,,,,,,,,,
regression,classical_regression_v1,volume,3,90,test,road_id,NL-007,1084,,True,65.125452173,43.2015480729,10.4862111652,0.9455009918,-11.9717923997,64.0156286189,-85.5406458359,-5.21033375752,51.6226706788,0.901291512915,209.358730812,,,,,,,,,,,,,
regression,classical_regression_v1,volume,3,90,test,road_id,NL-008,1084,,True,74.6574229894,51.8177756703,12.0571322955,0.9446186857,17.3258202046,72.6191900372,-56.4513062855,16.8783547064,93.2092703552,0.862546125461,209.500856882,,,,,,,,,,,,,
regression,classical_regression_v1,volume,3,90,test,road_id,NL-009,1084,,True,55.157330795,39.2564326374,10.7918372425,0.9376683087,-8.6769063284,54.4705648676,-67.2350432935,-8.08194895904,54.6950163258,0.923431734317,209.262104166,,,,,,,,,,,,,
regression,classical_regression_v1,volume,3,90,test,road_id,NL-010,1084,,True,67.6823817912,47.9799483042,11.3427589,0.9551687312,14.4255037382,66.1272231901,-60.2382354378,14.3314028859,91.305302689,0.876383763838,209.50935858,,,,,,,,,,,,,
regression,classical_regression_v1,volume,3,90,test,road_id,NL-011,1084,,True,50.537557432,34.6242818324,10.1410343881,0.959251133,4.92727478236,50.2967859252,-48.631746709,5.82872138888,59.977586215,0.946494464945,209.217023942,,,,,,,,,,,,,
regression,classical_regression_v1,volume,3,90,test,road_id,NL-012,1084,,True,44.2342862514,31.1852661605,10.8184510669,0.9403234075,11.716083703,42.6544893632,-33.1332701208,8.14977491213,64.2632407035,0.956642066421,209.063389161,,,,,,,,,,,,,
regression,classical_regression_v1,volume,3,90,test,road_id,NL-013,1084,,True,46.4986245596,31.2550089709,9.7526019688,0.9444465399,-2.38184641024,46.4375806175,-49.762298212,-1.42938928043,41.9869769276,0.958487084871,209.194524126,,,,,,,,,,,,,
regression,classical_regression_v1,volume,3,90,test,road_id,NL-014,1084,,True,81.2351877722,53.5987334861,12.0231212675,0.9409205204,8.0862677039,80.8317264879,-75.5607653676,11.5781083631,89.6991518219,0.865313653137,209.512610859,,,,,,,,,,,,,
regression,classical_regression_v1,volume,3,90,test,road_id,NL-015,1084,,True,77.6000832523,52.9921664223,11.5712663556,0.9199240046,20.4121678993,74.8673247981,-53.1667991996,10.2138293772,115.423254854,0.856088560886,209.533757568,,,,,,,,,,,,,
regression,classical_regression_v1,volume,3,90,test,road_id,NL-016,1084,,True,70.240001704,48.9383769935,10.7909771046,0.9477713795,12.7420253268,69.0745874396,-59.8878431632,8.65837477901,95.1436360653,0.871771217712,209.55081087,,,,,,,,,,,,,
regression,classical_regression_v1,volume,3,90,test,road_id,NL-017,1084,,True,51.2171346539,35.6280101296,11.9508031877,0.9515936323,11.2843206275,49.9585727391,-41.1046928901,8.96206857799,67.8026425823,0.944649446494,209.127310073,,,,,,,,,,,,,
regression,classical_regression_v1,volume,3,90,test,road_id,NL-018,1084,,True,47.7024822582,32.8694877658,11.5097348339,0.9395268632,8.65922901604,46.9099623368,-39.8717835225,7.65612712001,58.809465802,0.953874538745,209.07438165,,,,,,,,,,,,,
regression,classical_regression_v1,volume,3,90,test,road_id,NL-019,1084,,True,91.5136063191,62.2663036434,11.0248536635,0.926438473,-34.4703205313,84.773445984,-133.010032878,-25.9409505464,48.8337777237,0.821033210332,209.604202788,,,,,,,,,,,,,
regression,classical_regression_v1,volume,3,90,test,road_id,NL-020,1084,,True,50.3832881929,34.8906098852,12.6152131372,0.9456481909,7.82444346342,49.77201838,-47.5014963897,10.7305717935,60.1561073088,0.94741697417,209.021825974,,,,,,,,,,,,,
regression,classical_regression_v1,volume,3,90,test,road_id,NL-021,1084,,True,56.8400875181,39.7172647993,10.7373382154,0.9514305486,-6.57007229471,56.4590975761,-73.9019600735,-2.95867624668,52.1295696948,0.918819188192,209.297900812,,,,,,,,,,,,,
regression,classical_regression_v1,volume,3,90,test,road_id,NL-022,1084,,True,54.1045041004,36.3701437966,10.5337050321,0.9543649619,4.09195017736,53.9495440916,-52.5686574295,5.31513869753,61.1503061375,0.934501845018,209.225175305,,,,,,,,,,,,,
regression,classical_regression_v1,volume,3,90,test,road_id,NL-023,1084,,True,71.2161166186,48.1457293622,10.4785023907,0.9507842506,5.25483777007,71.021982134,-69.7605403747,4.51236386998,83.5327679669,0.887453874539,209.492584075,,,,,,,,,,,,,
regression,classical_regression_v1,volume,3,90,test,road_id,NL-024,1084,,True,58.9399143616,38.8000927223,10.8444133596,0.9453891765,0.47982102774,58.9379612536,-60.3353143451,0.140293062388,58.5498090613,0.925276752768,209.282485787,,,,,,,,,,,,,
regression,classical_regression_v1,volume,3,90,test,road_id,NL-025,1084,,True,52.8452697538,35.9195671095,10.5965275157,0.9527733031,10.5133838005,51.7889109406,-42.3721690964,7.98333218134,68.6896328952,0.938191881919,209.298416454,,,,,,,,,,,,,
regression,classical_regression_v1,volume,3,90,test,origin_hour,0,1100,,True,22.7963094087,17.4422161134,11.7798747796,0.807372317,2.86345163274,22.6157548493,-24.4997910942,4.03712107196,28.4811897472,0.998181818182,208.706636712,,,,,,,,,,,,,
regression,classical_regression_v1,volume,3,90,test,origin_hour,1,1100,,True,21.6195645428,16.4168785813,10.4997067317,0.8293150089,0.809846389067,21.6043912168,-25.6471046283,1.85206752625,26.0750746906,1,208.374272117,,,,,,,,,,,,,
regression,classical_regression_v1,volume,3,90,test,origin_hour,2,1100,,True,23.4716364543,17.3474303475,10.3703077965,0.8105657249,-2.74653005468,23.3103901834,-30.425160968,-1.51073762634,23.2330125549,0.996363636364,208.337074974,,,,,,,,,,,,,
regression,classical_regression_v1,volume,3,90,test,origin_hour,3,1100,,True,27.2141796419,19.8699510216,10.5230690826,0.8071278371,-7.37922556454,26.1946292902,-37.7244947413,-5.57251007412,21.7011481598,0.995454545455,208.639538794,,,,,,,,,,,,,
regression,classical_regression_v1,volume,3,90,test,origin_hour,4,1100,,True,38.3829208029,27.6702321455,10.7779337457,0.8251196392,-1.37195438137,38.3583934822,-44.4326729081,-1.65596500777,39.9089525785,0.977272727273,209.333264709,,,,,,,,,,,,,
regression,classical_regression_v1,volume,3,90,test,origin_hour,5,1100,,True,60.4474130252,45.1217707144,9.9422614313,0.8656592459,4.37054297343,60.2892038059,-65.5961373677,3.79085703933,76.1946232778,0.915454545455,209.638982689,,,,,,,,,,,,,
regression,classical_regression_v1,volume,3,90,test,origin_hour,6,1100,,True,97.7272018826,74.0234413658,9.8644400275,0.840431775,7.75170031047,97.4192852062,-112.262860509,12.161291825,124.292261534,0.749090909091,209.638982689,,,,,,,,,,,,,
regression,classical_regression_v1,volume,3,90,test,origin_hour,7,1100,,True,108.117312752,82.5960834709,9.0957318581,0.8341035489,-21.6980604508,105.917644844,-150.392387071,-19.0607159301,107.328228958,0.701818181818,209.638982689,,,,,,,,,,,,,
regression,classical_regression_v1,volume,3,90,test,origin_hour,8,1125,,True,98.2676179213,72.9994142324,10.6790266934,0.8111344104,14.920779361,97.1282403588,-97.9753058717,17.6739871436,128.938694542,0.763555555556,209.638982689,,,,,,,,,,,,,
regression,classical_regression_v1,volume,3,90,test,origin_hour,9,1150,,True,67.8229284561,52.22617407,10.6717997664,0.8231296553,-10.4499606861,67.0130431037,-96.3123069566,-6.34974871225,71.9802951152,0.88,209.638982689,,,,,,,,,,,,,
regression,classical_regression_v1,volume,3,90,test,origin_hour,10,1150,,True,58.0493163301,44.1391770576,11.5652797862,0.7942177985,8.19204995428,57.4683690732,-58.3530609647,9.01075069085,77.5199810314,0.938260869565,209.638982689,,,,,,,,,,,,,
regression,classical_regression_v1,volume,3,90,test,origin_hour,11,1150,,True,55.6952467321,43.002287244,11.4210457526,0.8048274573,8.85335096781,54.9870774382,-57.414790102,10.3380384821,77.7492293712,0.933043478261,209.638982689,,,,,,,,,,,,,
regression,classical_regression_v1,volume,3,90,test,origin_hour,12,1150,,True,55.2706037888,41.7932435479,10.839253141,0.8194148633,0.710400656376,55.2660381616,-68.6524396764,3.25844219987,59.8867608996,0.944347826087,209.638982689,,,,,,,,,,,,,
regression,classical_regression_v1,volume,3,90,test,origin_hour,13,1150,,True,56.5815785081,42.3135938215,9.6106980344,0.8338967524,-9.47587660104,55.7824595111,-78.5464672114,-5.34440648543,54.619808944,0.931304347826,209.638982689,,,,,,,,,,,,,
regression,classical_regression_v1,volume,3,90,test,origin_hour,14,1150,,True,69.317781635,52.08429106,9.7971636785,0.8427741854,-2.78812981865,69.2616862552,-83.5856780968,-0.6277830151,74.6013462961,0.891304347826,209.638982689,,,,,,,,,,,,,
regression,classical_regression_v1,volume,3,90,test,origin_hour,15,1150,,True,97.9717748079,72.8540202207,10.3960696132,0.816277464,4.79985907657,97.8541261872,-112.779564776,10.1700615325,107.958526084,0.775652173913,209.638982689,,,,,,,,,,,,,
regression,classical_regression_v1,volume,3,90,test,origin_hour,16,1150,,True,106.381503846,81.1920402933,9.4928043195,0.8125450417,-31.7734260935,101.525729521,-162.178244529,-23.8073461285,82.3626560708,0.704347826087,209.638982689,,,,,,,,,,,,,
regression,classical_regression_v1,volume,3,90,test,origin_hour,17,1150,,True,102.545318606,79.1018905696,10.991535467,0.7964113152,15.4081971199,101.381111798,-111.792223753,16.6542733535,132.699664597,0.718260869565,209.638982689,,,,,,,,,,,,,
regression,classical_regression_v1,volume,3,90,test,origin_hour,18,1150,,True,69.3874810606,51.6663483627,10.5447966961,0.8320495808,7.3269533312,68.9995527726,-78.3732400546,6.98714293259,87.5519395786,0.882608695652,209.638982689,,,,,,,,,,,,,
regression,classical_regression_v1,volume,3,90,test,origin_hour,19,1150,,True,44.7520104428,33.8955398465,10.8386269495,0.8328681154,1.65918234147,44.7212427447,-54.6629536766,4.55976315921,52.3115971994,0.969565217391,209.617475084,,,,,,,,,,,,,
regression,classical_regression_v1,volume,3,90,test,origin_hour,20,1150,,True,29.7383833834,22.8567028228,11.4265668766,0.8151969025,0.924343812604,29.7240144458,-37.4633187958,2.52865219901,35.2404375417,0.99652173913,209.290269917,,,,,,,,,,,,,
regression,classical_regression_v1,volume,3,90,test,origin_hour,21,1150,,True,23.4028692295,17.545026875,10.3309716426,0.8213220422,-0.0946214440986,23.4026779441,-28.5534682082,2.00508533066,25.6063691509,0.998260869565,208.740329492,,,,,,,,,,,,,
regression,classical_regression_v1,volume,3,90,test,origin_hour,22,1125,,True,28.0610406516,20.9686784304,14.0737395185,0.7042097037,-0.304298509417,28.0593906717,-34.9294850119,1.09708803871,30.146162152,0.998222222222,209.055462894,,,,,,,,,,,,,
regression,classical_regression_v1,volume,3,90,test,origin_hour,23,1100,,True,33.4696787912,24.9695044903,17.4451312457,0.588815973,-0.700102729449,33.4623557831,-43.3104889909,1.7081046372,37.1886570113,0.993636363636,209.627325754,,,,,,,,,,,,,
regression,classical_regression_v1,volume,3,90,test,weekday,Friday,4375,,True,67.579656449,46.9414134829,10.6846887872,0.9466982475,-0.152386717189,67.5794846388,-78.5565245611,2.80509734576,71.8321699225,0.882285714286,209.638982689,,,,,,,,,,,,,
regression,classical_regression_v1,volume,3,90,test,weekday,Monday,3600,,True,75.4342908179,49.6287552202,11.8078593325,0.9332737689,-0.073168982011,75.4342553321,-75.5630388113,-1.90366039774,77.3382135052,0.883333333333,209.633046915,,,,,,,,,,,,,
regression,classical_regression_v1,volume,3,90,test,weekday,Saturday,4725,,True,55.0124161967,37.3336208891,12.1368289974,0.9345777018,1.83997338204,54.9816372415,-57.3867632525,4.42619762288,61.175510165,0.941587301587,209.548970299,,,,,,,,,,,,,
regression,classical_regression_v1,volume,3,90,test,weekday,Sunday,3600,,True,47.7073619695,32.8607685808,12.4370570587,0.9404025276,4.3892510471,47.5050193278,-45.7309180267,4.9850708567,56.326323172,0.957222222222,207.703885902,,,,,,,,,,,,,
regression,classical_regression_v1,volume,3,90,test,weekday,Thursday,3600,,True,76.8988330041,52.4262167328,9.8441914263,0.9490532052,-7.37981411815,76.543901527,-96.4678955091,-3.58054531237,72.2932367108,0.855277777778,209.638982689,,,,,,,,,,,,,
regression,classical_regression_v1,volume,3,90,test,weekday,Tuesday,3600,,True,65.1699654272,44.3592909185,9.4130768727,0.9506708605,-2.65947481188,65.1156785076,-75.4032831258,-1.1253572572,69.4002835075,0.895555555556,209.638982689,,,,,,,,,,,,,
regression,classical_regression_v1,volume,3,90,test,weekday,Wednesday,3600,,True,66.7506061726,46.2300259902,10.0252423604,0.9466312247,0.387697021101,66.7494802634,-74.7315739724,0.318488596734,73.1225577976,0.889444444444,209.638982689,,,,,,,,,,,,,
regression,classical_regression_v1,volume,3,90,test,weekday_type,weekday,18775,,True,70.4122079056,47.876864122,10.3686202618,0.9458774207,-1.90017742184,70.3865636887,-79.305919296,-0.603497970724,72.8808097519,0.881225033289,209.637844538,,,,,,,,,,,,,
regression,classical_regression_v1,volume,3,90,test,weekday_type,weekend,8325,,True,51.9796121231,35.3994144855,12.2666573483,0.9377531083,2.94236372369,51.8962674205,-51.852356878,4.78014926249,58.96821536,0.948348348348,208.751095965,,,,,,,,,,,,,
regression,classical_regression_v1,volume,3,90,test,peak_status,evening_peak,3450,,True,76.0107609368,54.8879262596,10.7916530375,0.9072783731,8.1314442642,75.5745684233,-80.8216099317,7.63780824741,93.4708981725,0.856811594203,209.631813487,,,,,,,,,,,,,
regression,classical_regression_v1,volume,3,90,test,peak_status,morning_peak,3375,,True,92.7151288781,69.0489282992,10.1605273497,0.8874847632,-5.65909466781,92.5422593761,-118.441853588,-1.99540146038,101.476089463,0.783111111111,209.638982689,,,,,,,,,,,,,
regression,classical_regression_v1,volume,3,90,test,peak_status,off_peak,20275,,True,57.3275211032,38.0362402405,11.1106182518,0.9523576145,-0.993079719013,57.3189189406,-60.1537442529,1.0834759763,56.8138866353,0.929272503083,209.274578644,,,,,,,,,,,,,
regression,classical_regression_v1,volume,3,90,test,weather_condition,Clear,20380,,True,64.8021359656,43.2939134153,10.9758227868,0.9481732362,-1.7820401975,64.7776285337,-71.510413623,0.704089575205,65.1098327593,0.904955839058,209.289242531,,,,,,,,,,,,,
regression,classical_regression_v1,volume,3,90,test,weather_condition,Cloudy,4416,,True,64.0615514457,44.2451379662,10.2209440778,0.9576898091,1.77802405349,64.0368722229,-67.1349372808,3.14972019766,71.3232588556,0.899456521739,209.612801292,,,,,,,,,,,,,
regression,classical_regression_v1,volume,3,90,test,weather_condition,Fog,166,,True,102.231559461,74.8409968588,13.4947946149,0.8843660254,2.35168055257,102.204507476,-105.95264586,0.507705598915,126.079144637,0.740963855422,209.638982689,,,,,,,,,,,,,
regression,classical_regression_v1,volume,3,90,test,weather_condition,Overcast,970,,True,64.5231348233,44.634914778,10.4350574358,0.9377424785,2.18118878292,64.4862570082,-69.6505253675,3.45127984346,72.1173810011,0.90618556701,209.631057643,,,,,,,,,,,,,
regression,classical_regression_v1,volume,3,90,test,weather_condition,Rain,1168,,True,72.2631730491,51.5002500039,13.3610177893,0.9042901171,12.6536299814,71.1466923153,-68.9915861384,9.49428907244,96.8735123796,0.875856164384,209.50026951,,,,,,,,,,,,,
regression,classical_regression_v1,volume,3,90,test,actual_congestion,Free-flow,16317,,True,41.4865838185,28.1608676708,11.9341032931,0.8750000674,7.90642368074,40.7262213016,-34.131039727,5.00588408454,52.507524514,0.976650119507,209.184669656,,,,,,,,,,,,,
regression,classical_regression_v1,volume,3,90,test,actual_congestion,Heavy,2653,,True,87.9067335107,68.0612047156,8.1173746246,0.6988897544,-2.23538570439,87.8783070347,-112.743894267,1.00531644857,100.744019056,0.787787410479,209.638982689,,,,,,,,,,,,,
regression,classical_regression_v1,volume,3,90,test,actual_congestion,Moderate,6567,,True,77.4692285614,58.7519387616,9.9109265347,0.6681805699,1.42791275796,77.4560678001,-86.3976292321,-5.83791242567,101.005820817,0.845743870869,209.638982689,,,,,,,,,,,,,
regression,classical_regression_v1,volume,3,90,test,actual_congestion,Severe,1563,,True,132.837792955,107.291755431,9.8794337643,0.6349161272,-91.8978842622,95.9200610166,-207.930386118,-87.71004928,22.0544413187,0.550223928343,209.638982689,,,,,,,,,,,,,
regression,classical_regression_v1,volume,3,90,validation,overall,all,27100,,True,65.6564903895,44.2078891315,11.1107227124,0.9442008321,2.01964868959,65.6254199943,-67.4554099796,1.77813028197,72.0410967833,0.900036900369,209.536453424,,,,,,,,,,,,,
regression,classical_regression_v1,volume,3,90,validation,road_id,NL-001,1084,,True,65.5956911092,43.3005392678,10.8682294267,0.9392806615,-10.9020441996,64.6833836805,-86.8477075677,-5.52946778624,51.5044039191,0.892988929889,209.544414831,,,,,,,,,,,,,
regression,classical_regression_v1,volume,3,90,validation,road_id,NL-002,1084,,True,80.4801518236,55.1540555229,10.9488928895,0.9387452542,-11.2795164671,79.6858039165,-102.903350488,-6.6975538458,70.2482356769,0.84594095941,209.638982689,,,,,,,,,,,,,
regression,classical_regression_v1,volume,3,90,validation,road_id,NL-003,1084,,True,60.3099554407,42.4551010652,11.0325608359,0.9332973119,-8.72497647867,59.6755017633,-70.785552707,-12.3354118212,56.6360677372,0.920664206642,209.577419298,,,,,,,,,,,,,
regression,classical_regression_v1,volume,3,90,validation,road_id,NL-004,1084,,True,77.8723569534,54.6295800527,10.5291672307,0.9344158453,-13.9221257169,76.6177420249,-100.691081784,-13.634509946,70.3620030145,0.852398523985,209.638982689,,,,,,,,,,,,,
regression,classical_regression_v1,volume,3,90,validation,road_id,NL-005,1084,,True,73.7692648193,50.157152321,10.4069894814,0.9345784289,0.672251496896,73.7662016773,-78.3864836731,-3.9773658853,77.8128109254,0.872693726937,209.638982689,,,,,,,,,,,,,
regression,classical_regression_v1,volume,3,90,validation,road_id,NL-006,1084,,True,87.679104075,62.4675615852,11.3496513906,0.9236502316,-28.0964877634,83.0554794505,-123.954860524,-26.5851692648,61.4893569917,0.820110701107,209.638982689,,,,,,,,,,,,,
regression,classical_regression_v1,volume,3,90,validation,road_id,NL-007,1084,,True,65.8684794757,42.6119780294,10.4118630164,0.9415632495,-10.2138041731,65.0717664795,-84.5243204811,-4.93291863906,49.7901597881,0.893911439114,209.544376669,,,,,,,,,,,,,
regression,classical_regression_v1,volume,3,90,validation,road_id,NL-008,1084,,True,70.7078566722,49.2386630546,11.9214539301,0.9486666986,18.4847299023,68.248924941,-55.1195451726,17.4580913718,93.5109487972,0.876383763838,209.638982689,,,,,,,,,,,,,
regression,classical_regression_v1,volume,3,90,validation,road_id,NL-009,1084,,True,55.3767396085,38.4362049722,10.7903231305,0.9300316954,-5.04366841194,55.1465746771,-61.1052815268,-7.34245348178,61.7087970465,0.927121771218,209.540324203,,,,,,,,,,,,,
regression,classical_regression_v1,volume,3,90,validation,road_id,NL-010,1084,,True,73.0049551766,49.9333926405,12.1889727073,0.940967169,22.8051986507,69.3516142194,-43.2405071673,18.8572374666,104.295039523,0.867158671587,209.638982689,,,,,,,,,,,,,
regression,classical_regression_v1,volume,3,90,validation,road_id,NL-011,1084,,True,54.0995821787,36.6181780385,10.9986089119,0.9506277539,7.61756705471,53.5605961886,-49.3498435662,5.69082378267,67.6944046783,0.932656826568,209.478342949,,,,,,,,,,,,,
regression,classical_regression_v1,volume,3,90,validation,road_id,NL-012,1084,,True,48.1896602251,32.5443518228,11.1984221624,0.9217398017,14.2719200164,46.0277704398,-30.0863208545,7.40523230167,73.9818201919,0.956642066421,209.325098122,,,,,,,,,,,,,
regression,classical_regression_v1,volume,3,90,validation,road_id,NL-013,1084,,True,47.4995656865,33.0997894252,10.5909515823,0.9360188782,1.31616895763,47.4813272738,-51.6418217476,-0.60861202653,58.4862586844,0.95479704797,209.439126857,,,,,,,,,,,,,
regression,classical_regression_v1,volume,3,90,validation,road_id,NL-014,1084,,True,73.3036670264,49.5968409895,11.5233548774,0.9476600098,11.485303122,72.3983108347,-67.5343532776,13.1053223833,89.5512649398,0.880996309963,209.638982689,,,,,,,,,,,,,
regression,classical_regression_v1,volume,3,90,validation,road_id,NL-015,1084,,True,74.9571916503,51.3416944387,11.3485374803,0.9224228076,18.38415725,72.6677599923,-54.0316725274,7.38456214012,115.570227597,0.860701107011,209.638982689,,,,,,,,,,,,,
regression,classical_regression_v1,volume,3,90,validation,road_id,NL-016,1084,,True,73.2114483022,50.3463194197,11.5498668824,0.9400566799,15.2134125575,71.6133244645,-58.0399486003,11.9987009475,93.4468227307,0.879151291513,209.638982689,,,,,,,,,,,,,
regression,classical_regression_v1,volume,3,90,validation,road_id,NL-017,1084,,True,52.8759938428,37.4296560313,12.0615531897,0.9459846091,12.4995625758,51.3773457886,-41.8512908832,11.1993445848,69.408915425,0.939114391144,209.475830329,,,,,,,,,,,,,
regression,classical_regression_v1,volume,3,90,validation,road_id,NL-018,1084,,True,44.9800888686,30.8731587868,10.5705094172,0.9436388763,7.19990892289,44.4001093031,-38.5000007228,4.19943628222,58.0489814866,0.953874538745,209.320991069,,,,,,,,,,,,,
regression,classical_regression_v1,volume,3,90,validation,road_id,NL-019,1084,,True,89.8510783815,62.4562603608,11.4369410689,0.9218820236,-26.553580436,85.8377752061,-125.791066788,-23.0954502566,62.3448047894,0.815498154982,209.638982689,,,,,,,,,,,,,
regression,classical_regression_v1,volume,3,90,validation,road_id,NL-020,1084,,True,48.9602946252,34.21579204,12.4319677106,0.9437058712,11.3647642885,47.6230257591,-37.6251437622,12.1518134173,62.3879692112,0.95110701107,209.210345821,,,,,,,,,,,,,
regression,classical_regression_v1,volume,3,90,validation,road_id,NL-021,1084,,True,57.8213184409,38.1540679356,9.7805963706,0.9468122202,-3.44770216494,57.7184391336,-64.6456425637,-1.80656298352,54.1506568238,0.927121771218,209.549722258,,,,,,,,,,,,,
regression,classical_regression_v1,volume,3,90,validation,road_id,NL-022,1084,,True,53.7256193484,36.9972844586,11.1249170075,0.951452061,6.97440335218,53.2710040477,-48.2625890558,5.3647498327,66.7545770141,0.935424354244,209.405861488,,,,,,,,,,,,,
regression,classical_regression_v1,volume,3,90,validation,road_id,NL-023,1084,,True,69.6131287892,47.3501141841,10.6067452934,0.9496171504,6.22044536595,69.3346504951,-65.8758110568,6.7570375468,77.1156620578,0.897601476015,209.638982689,,,,,,,,,,,,,
regression,classical_regression_v1,volume,3,90,validation,road_id,NL-024,1084,,True,55.1169644639,37.5570493039,10.5362365915,0.9478656166,1.87975294493,55.0849008402,-55.3770535359,-1.33665708623,66.0826325628,0.929889298893,209.495543066,,,,,,,,,,,,,
regression,classical_regression_v1,volume,3,90,validation,road_id,NL-025,1084,,True,56.2482742173,38.2324425409,11.5607552247,0.9439781643,12.2855765929,54.8901900179,-43.584937216,8.99358916638,73.746301963,0.916974169742,209.475129062,,,,,,,,,,,,,
regression,classical_regression_v1,volume,3,90,validation,origin_hour,0,1150,,True,22.0636863154,17.1964167414,11.2013421882,0.7707366612,3.06713667369,21.8494605528,-23.0668203532,3.06459239549,31.0046776786,1,209.303189805,,,,,,,,,,,,,
regression,classical_regression_v1,volume,3,90,validation,origin_hour,1,1150,,True,21.990462344,16.5467574634,10.2385581336,0.7726887495,0.845953489866,21.9741847812,-24.1892420602,0.907860250374,26.4525929115,0.999130434783,209.070835148,,,,,,,,,,,,,
regression,classical_regression_v1,volume,3,90,validation,origin_hour,2,1150,,True,23.0493773559,17.2120665385,10.174614694,0.7741875135,-2.41203889799,22.9228241028,-29.906422404,-1.33946118563,24.4221281854,0.998260869565,209.148187658,,,,,,,,,,,,,
regression,classical_regression_v1,volume,3,90,validation,origin_hour,3,1150,,True,24.6929027194,18.9148999437,10.2147334076,0.798264957,-5.79229375074,24.0039325489,-34.4146622646,-5.9347648744,22.3092407226,0.999130434783,209.255026268,,,,,,,,,,,,,
regression,classical_regression_v1,volume,3,90,validation,origin_hour,4,1150,,True,34.9950000138,25.6643058923,10.0806572828,0.8279614638,-1.98617142859,34.9385911138,-42.9311939027,-1.24820764931,39.2846973784,0.986086956522,209.593856053,,,,,,,,,,,,,
regression,classical_regression_v1,volume,3,90,validation,origin_hour,5,1150,,True,63.2167782309,48.795307766,11.0418417023,0.8351133604,3.23370039687,63.1340180223,-74.3513851479,3.60055320616,79.6848214243,0.9,209.638982689,,,,,,,,,,,,,
regression,classical_regression_v1,volume,3,90,validation,origin_hour,6,1150,,True,96.2385398943,74.3521090429,9.9674207618,0.8120237825,4.66325349311,96.1254941618,-108.938007757,4.57081474127,119.670946668,0.755652173913,209.638982689,,,,,,,,,,,,,
regression,classical_regression_v1,volume,3,90,validation,origin_hour,7,1100,,True,111.568833284,84.8176158303,9.5148183776,0.7729670569,-22.590318798,109.257869543,-151.776080541,-21.0749124891,107.819619043,0.691818181818,209.638982689,,,,,,,,,,,,,
regression,classical_regression_v1,volume,3,90,validation,origin_hour,8,1100,,True,103.829944944,76.7741759373,11.6725107964,0.7351832765,18.6362895742,102.143752516,-97.796194055,19.1559871931,136.105732987,0.751818181818,209.638982689,,,,,,,,,,,,,
regression,classical_regression_v1,volume,3,90,validation,origin_hour,9,1100,,True,70.2558283652,51.9107498177,11.0112243291,0.7605863898,-4.86469379318,70.0872040645,-89.3834942862,-3.60122031497,73.2484704762,0.885454545455,209.638982689,,,,,,,,,,,,,
regression,classical_regression_v1,volume,3,90,validation,origin_hour,10,1100,,True,57.3188005165,43.8508321829,11.4818586535,0.755382475,7.87079247305,56.7758356917,-66.0001682796,8.49431162477,71.6798767629,0.927272727273,209.638982689,,,,,,,,,,,,,
regression,classical_regression_v1,volume,3,90,validation,origin_hour,11,1100,,True,51.8060485142,39.407366356,10.3660135736,0.7923596918,7.46463144495,51.2654458681,-55.4548376662,10.3243112606,66.9434087227,0.949090909091,209.638982689,,,,,,,,,,,,,
regression,classical_regression_v1,volume,3,90,validation,origin_hour,12,1100,,True,51.8328208915,39.183216199,9.989437852,0.7893968828,-0.36498805566,51.8315358183,-60.7885345475,2.51755633167,58.5766379602,0.945454545455,209.638982689,,,,,,,,,,,,,
regression,classical_regression_v1,volume,3,90,validation,origin_hour,13,1100,,True,56.9902155,42.2854264174,9.541642562,0.7945251211,-9.30450790988,56.2255350823,-80.831407898,-4.53683270749,54.5766253136,0.926363636364,209.638982689,,,,,,,,,,,,,
regression,classical_regression_v1,volume,3,90,validation,origin_hour,14,1100,,True,67.5073546674,49.6659379483,9.3480500956,0.8049575175,4.00865741243,67.388230426,-73.040850959,4.03193791125,83.6647699384,0.903636363636,209.638982689,,,,,,,,,,,,,
regression,classical_regression_v1,volume,3,90,validation,origin_hour,15,1100,,True,97.9168711083,77.4991510033,11.7934985472,0.7545006513,20.3952849911,95.7692330436,-98.1376994768,20.7595090982,138.922914529,0.732727272727,209.638982689,,,,,,,,,,,,,
regression,classical_regression_v1,volume,3,90,validation,origin_hour,16,1100,,True,107.896113719,84.7546133404,10.6488900161,0.7590263336,-19.0567564828,106.199865292,-151.661433926,-19.8192591836,117.441385868,0.674545454545,209.638982689,,,,,,,,,,,,,
regression,classical_regression_v1,volume,3,90,validation,origin_hour,17,1150,,True,110.069492749,85.2591097836,12.6415510847,0.7200850293,27.64370622,106.541629143,-102.487068369,29.7251130574,161.896785553,0.697391304348,209.638982689,,,,,,,,,,,,,
regression,classical_regression_v1,volume,3,90,validation,origin_hour,18,1150,,True,65.2222894133,49.9414926906,10.3807149095,0.8249580181,9.09159392394,64.5855243552,-69.9493661959,10.2603848056,87.0111884593,0.89652173913,209.638982689,,,,,,,,,,,,,
regression,classical_regression_v1,volume,3,90,validation,origin_hour,19,1150,,True,46.671988761,36.154488981,12.2724443131,0.7911612912,3.69721678749,46.5253170105,-53.1795966407,4.95233976958,61.1766461412,0.972173913043,209.638982689,,,,,,,,,,,,,
regression,classical_regression_v1,volume,3,90,validation,origin_hour,20,1150,,True,32.6179075708,24.5471485312,12.176654331,0.7558642396,0.853167532055,32.6067477596,-38.7773267928,1.71100290829,36.4617355149,0.992173913043,209.62740505,,,,,,,,,,,,,
regression,classical_regression_v1,volume,3,90,validation,origin_hour,21,1150,,True,25.231600848,19.1819737033,11.4175934673,0.7539469046,1.02337012124,25.2108388386,-30.3107799659,2.02964213316,29.5248790464,0.999130434783,209.370133708,,,,,,,,,,,,,
regression,classical_regression_v1,volume,3,90,validation,origin_hour,22,1150,,True,26.8066744284,19.8912767872,13.2100314978,0.6739203587,1.38793066449,26.7707198704,-29.9670661742,1.72934600949,30.1161776695,0.998260869565,209.341909956,,,,,,,,,,,,,
regression,classical_regression_v1,volume,3,90,validation,origin_hour,23,1150,,True,32.1268189741,23.6207347682,16.0217085067,0.5335529374,0.177952640774,32.1263261245,-39.7385370427,0.711110901245,34.6377949611,0.992173913043,209.624176139,,,,,,,,,,,,,
regression,classical_regression_v1,volume,3,90,validation,weekday,Friday,3950,,True,63.1677366143,43.7661784203,9.9949381074,0.9547095711,-2.06791672893,63.1338789349,-73.0978707224,0.146955141229,66.5201290322,0.903037974684,209.638982689,,,,,,,,,,,,,
regression,classical_regression_v1,volume,3,90,validation,weekday,Monday,3600,,True,69.0488836972,47.028083566,10.4582873126,0.9437311983,0.299211937879,69.0482354014,-74.3503067137,-0.993367545206,74.8073402794,0.8875,209.638982689,,,,,,,,,,,,,
regression,classical_regression_v1,volume,3,90,validation,weekday,Saturday,3600,,True,54.23066068,35.7148356004,10.644748905,0.9360984067,1.10915013053,54.2193170722,-55.9152399746,4.17401105421,55.5959929052,0.937222222222,209.577026609,,,,,,,,,,,,,
regression,classical_regression_v1,volume,3,90,validation,weekday,Sunday,3600,,True,47.7113663213,33.6123209929,10.1847316278,0.9482045587,0.799857285226,47.7046612458,-53.2429613013,1.59095561071,54.3346384279,0.953055555556,209.597853584,,,,,,,,,,,,,
regression,classical_regression_v1,volume,3,90,validation,weekday,Thursday,4800,,True,66.1325008003,45.5297867253,10.0320596847,0.9495733121,-2.35247430285,66.090646288,-74.9554197774,-2.13810905462,69.6497137344,0.894791666667,209.638982689,,,,,,,,,,,,,
regression,classical_regression_v1,volume,3,90,validation,weekday,Tuesday,3600,,True,66.6237628438,46.5276437669,11.0914196286,0.9501356984,-2.35409444203,66.582159884,-78.4980102122,0.0164205161837,73.0325504897,0.889444444444,209.638982689,,,,,,,,,,,,,
regression,classical_regression_v1,volume,3,90,validation,weekday,Wednesday,3950,,True,84.4075217507,55.7559575413,15.4181312884,0.9050726481,18.9158930479,82.2606754063,-59.8702638964,9.65349345907,115.355230034,0.842278481013,209.029505116,,,,,,,,,,,,,
regression,classical_regression_v1,volume,3,90,validation,weekday_type,weekday,19900,,True,70.1898268436,47.661107122,11.3625354567,0.9423982839,2.40502777845,70.1486110606,-72.4831780107,1.33051614437,78.9760162112,0.883718592965,209.518005985,,,,,,,,,,,,,
regression,classical_regression_v1,volume,3,90,validation,weekday_type,weekend,7200,,True,51.0751359961,34.6635782967,10.4147402664,0.9420122997,0.954503707879,51.0662162265,-54.5701033792,2.94908303224,54.9909846482,0.945138888889,209.587440096,,,,,,,,,,,,,
regression,classical_regression_v1,volume,3,90,validation,peak_status,evening_peak,3450,,True,78.6289064852,57.1183638184,11.7649034357,0.8911656986,13.4775056438,77.4652294689,-73.4894819256,11.2650432183,100.602907621,0.855362318841,209.638982689,,,,,,,,,,,,,
regression,classical_regression_v1,volume,3,90,validation,peak_status,morning_peak,3300,,True,96.8919388577,71.1675138618,10.7328511677,0.8592375483,-2.939574339,96.8473371772,-117.208584064,-2.40048409651,106.90431952,0.776363636364,209.638982689,,,,,,,,,,,,,
regression,classical_regression_v1,volume,3,90,validation,peak_status,off_peak,20350,,True,56.3037547125,37.6473044003,11.0610938476,0.9504024811,0.881360213049,56.2968560303,-58.0045702432,1.13235560683,60.0950954826,0.927665847666,209.502444946,,,,,,,,,,,,,
regression,classical_regression_v1,volume,3,90,validation,weather_condition,Clear,20308,,True,62.9321446939,42.7920746873,10.8124001937,0.9484284857,0.141263197856,62.9319861476,-68.1780998351,0.706050955544,68.2975635977,0.905357494583,209.572881894,,,,,,,,,,,,,
regression,classical_regression_v1,volume,3,90,validation,weather_condition,Cloudy,5016,,True,73.7527095537,48.8049128413,11.801556006,0.9314360594,7.46202867502,73.3742481704,-67.1943973523,4.77770064127,84.8800755086,0.882376395534,209.410991137,,,,,,,,,,,,,
regression,classical_regression_v1,volume,3,90,validation,weather_condition,Fog,176,,True,111.400244834,76.0431204652,15.354271514,0.7961924357,1.31865694567,111.392440017,-92.8042677602,-1.77562661524,139.165198076,0.767045454545,209.638982689,,,,,,,,,,,,,
regression,classical_regression_v1,volume,3,90,validation,weather_condition,Overcast,856,,True,56.6772487779,37.9970270966,10.3245225556,0.9538269509,1.05898203372,56.667354677,-54.2826459083,-0.270220043889,58.9968949405,0.933411214953,209.61166511,,,,,,,,,,,,,
regression,classical_regression_v1,volume,3,90,validation,weather_condition,Rain,744,,True,74.9088674324,51.4756122396,14.496793483,0.9322348453,17.8704279418,72.7460392405,-53.1787129945,12.5918301719,104.090707607,0.866935483871,209.27718341,,,,,,,,,,,,,
regression,classical_regression_v1,volume,3,90,validation,actual_congestion,Free-flow,16486,,True,44.5943927197,29.2210861262,12.0799224524,0.8540354261,9.78167066764,43.5083759865,-33.1928748969,5.0829226543,55.9691887944,0.969125318452,209.470443135,,,,,,,,,,,,,
regression,classical_regression_v1,volume,3,90,validation,actual_congestion,Heavy,2587,,True,83.3446173018,65.4516143855,7.8936915352,0.7141161184,-1.27747938363,83.3348263309,-104.74932301,2.23571051022,99.2851790144,0.814070351759,209.638982689,,,,,,,,,,,,,
regression,classical_regression_v1,volume,3,90,validation,actual_congestion,Moderate,6594,,True,79.7032715892,60.297684018,10.2457482975,0.6465111723,5.65505201477,79.5024017796,-84.5035860454,-3.17370930003,109.228732278,0.833636639369,209.638982689,,,,,,,,,,,,,
regression,classical_regression_v1,volume,3,90,validation,actual_congestion,Severe,1433,,True,129.892556066,104.234971918,9.7484575578,0.5466225664,-98.0549315831,85.189826351,-208.05126007,-89.7505027227,6.16094601515,0.565945568737,209.638982689,,,,,,,,,,,,,
regression,classical_regression_v1,volume,4,120,test,overall,all,27075,,True,62.0091681736,41.6263444947,10.2947558886,0.9533482816,0.374127422762,62.0080395292,-65.2941265913,0.759584857458,65.7006848225,0.902862419206,198.775615423,,,,,,,,,,,,,
regression,classical_regression_v1,volume,4,120,test,road_id,NL-001,1083,,True,59.1216176413,39.4888889249,9.7709854408,0.9524990763,-4.8200599364,58.9248054281,-69.8931195019,-4.71848041297,52.9897400028,0.907663896584,198.674264544,,,,,,,,,,,,,
regression,classical_regression_v1,volume,4,120,test,road_id,NL-002,1083,,True,77.3427384185,54.8689258907,10.8845042925,0.9471022549,0.131759074969,77.3426261878,-84.6739866583,-0.347146055946,90.5432533587,0.839335180055,199.028673228,,,,,,,,,,,,,
regression,classical_regression_v1,volume,4,120,test,road_id,NL-003,1083,,True,59.9099260562,41.1045458254,10.778110257,0.9379089384,-6.03099866318,59.6055894626,-66.932484502,-9.56914218216,58.3048940661,0.91135734072,198.609203992,,,,,,,,,,,,,
regression,classical_regression_v1,volume,4,120,test,road_id,NL-004,1083,,True,72.6776098401,51.3811323474,10.19325483,0.9474318439,-8.02199986991,72.2335274658,-88.690639768,-8.13550786331,71.186420073,0.857802400739,199.048627292,,,,,,,,,,,,,
regression,classical_regression_v1,volume,4,120,test,road_id,NL-005,1083,,True,68.7406584076,47.0672553016,9.7542894812,0.9463947039,-2.44854442493,68.6970359514,-79.3909984065,-3.60250104738,70.1100837861,0.877192982456,199.04743086,,,,,,,,,,,,,
regression,classical_regression_v1,volume,4,120,test,road_id,NL-006,1083,,True,80.1121620187,55.6166066737,9.9913090819,0.9407638522,-9.42979985905,79.5552473312,-102.550724058,-4.77753732425,82.1344098514,0.82271468144,199.062605095,,,,,,,,,,,,,
regression,classical_regression_v1,volume,4,120,test,road_id,NL-007,1083,,True,61.0267203131,40.4955272724,9.8331283601,0.9521116582,-5.17675294158,60.8067580221,-66.4718804734,-3.49338426587,59.448717305,0.903970452447,198.717390736,,,,,,,,,,,,,
regression,classical_regression_v1,volume,4,120,test,road_id,NL-008,1083,,True,70.6365256435,47.4640066482,10.8102879195,0.9504373592,8.19689301105,70.1593165585,-63.2995926309,8.98364082366,80.0339378811,0.875346260388,198.99181888,,,,,,,,,,,,,
regression,classical_regression_v1,volume,4,120,test,road_id,NL-009,1083,,True,53.4129345503,37.6334943309,10.3776773223,0.9414724597,-2.6800086099,53.3456570972,-60.4325886488,-3.74840735743,59.8295797016,0.93351800554,198.565687193,,,,,,,,,,,,,
regression,classical_regression_v1,volume,4,120,test,road_id,NL-010,1083,,True,63.2788595953,43.9891891536,9.9936172691,0.9608194417,3.62586462999,63.1748935683,-69.1255414628,6.07027610189,71.5124803229,0.885503231764,198.983098024,,,,,,,,,,,,,
regression,classical_regression_v1,volume,4,120,test,road_id,NL-011,1083,,True,48.9825164152,33.2908732414,9.4789317692,0.9617161863,2.50649885473,48.9183439812,-48.2231108975,2.11434718921,54.6836783016,0.941828254848,198.599605743,,,,,,,,,,,,,
regression,classical_regression_v1,volume,4,120,test,road_id,NL-012,1083,,True,40.4440570706,28.4537267571,9.7795075373,0.9500912312,5.21892024171,40.1059175664,-36.7070354619,3.45796741475,51.2709757378,0.963065558633,198.435684523,,,,,,,,,,,,,
regression,classical_regression_v1,volume,4,120,test,road_id,NL-013,1083,,True,45.6231778703,30.8682062214,9.5428204128,0.9465144681,-6.1023430375,45.2132255921,-54.4600795186,-4.2476525804,39.8308488722,0.959372114497,198.520147081,,,,,,,,,,,,,
regression,classical_regression_v1,volume,4,120,test,road_id,NL-014,1083,,True,72.1384739063,47.8485163617,10.8473946793,0.9533836643,2.83594167709,72.0827084142,-70.4697669913,6.83446539311,76.9423382056,0.881809787627,198.982887808,,,,,,,,,,,,,
regression,classical_regression_v1,volume,4,120,test,road_id,NL-015,1083,,True,69.3299235475,48.0750998326,10.9922549937,0.9361033449,11.9221935956,68.2971419532,-61.8754912444,8.00668428236,88.2012277237,0.872576177285,199.016652558,,,,,,,,,,,,,
regression,classical_regression_v1,volume,4,120,test,road_id,NL-016,1083,,True,68.6091427098,47.7153731673,10.398441523,0.9501087719,8.81518613257,68.0404802806,-61.143476508,7.34907945436,89.0694687962,0.866112650046,199.022611065,,,,,,,,,,,,,
regression,classical_regression_v1,volume,4,120,test,road_id,NL-017,1083,,True,50.2058803149,35.0232496871,11.7848230896,0.9534934972,9.47971733792,49.302792795,-44.9159558696,9.32340843131,62.0910130045,0.94459833795,198.587351136,,,,,,,,,,,,,
regression,classical_regression_v1,volume,4,120,test,road_id,NL-018,1083,,True,44.629513313,29.9489386157,10.3276359573,0.9470733899,4.0596034036,44.4444943583,-42.3110406824,1.89786445502,49.4563331586,0.960295475531,198.509723074,,,,,,,,,,,,,
regression,classical_regression_v1,volume,4,120,test,road_id,NL-019,1083,,True,83.2558678571,55.8054537112,10.274825531,0.9390895441,-9.85621528694,82.6703970769,-96.9211981923,-8.40706470418,76.9328563208,0.846722068329,199.047450633,,,,,,,,,,,,,
regression,classical_regression_v1,volume,4,120,test,road_id,NL-020,1083,,True,49.194305757,32.2737188787,10.6929811853,0.9481927109,0.232814025565,49.1937548531,-56.0993902348,4.17609022329,47.0265151692,0.936288088643,198.504902051,,,,,,,,,,,,,
regression,classical_regression_v1,volume,4,120,test,road_id,NL-021,1083,,True,55.3940844891,38.3255070865,10.2480717661,0.9538726801,-1.31242260622,55.378535041,-65.2333278531,0.494803027199,56.4355513603,0.917820867959,198.618552304,,,,,,,,,,,,,
regression,classical_regression_v1,volume,4,120,test,road_id,NL-022,1083,,True,51.2133232136,34.3698594708,10.0077024649,0.959123935,2.13044505441,51.1689913761,-53.2217546104,3.36063954511,52.6738384892,0.935364727608,198.577982795,,,,,,,,,,,,,
regression,classical_regression_v1,volume,4,120,test,road_id,NL-023,1083,,True,67.6863682593,45.5647966083,9.9043559411,0.9555688559,2.16186287175,67.6518351345,-65.9088054368,1.47507532801,74.4463852622,0.885503231764,198.978206384,,,,,,,,,,,,,
regression,classical_regression_v1,volume,4,120,test,road_id,NL-024,1083,,True,58.8109237599,38.8934173734,10.6313198393,0.9456277415,-2.82086215763,58.7432335693,-62.0363873537,-3.34109041124,56.2763640791,0.919667590028,198.676360311,,,,,,,,,,,,,
regression,classical_regression_v1,volume,4,120,test,road_id,NL-025,1083,,True,51.3413687431,35.092302984,10.0706662716,0.955440384,6.73549305133,50.8976352866,-47.6676758285,6.60520964025,62.0533992766,0.926131117267,198.583468258,,,,,,,,,,,,,
regression,classical_regression_v1,volume,4,120,test,origin_hour,0,1100,,True,21.1989672019,15.9309540165,10.3267900695,0.8332242486,2.56078834933,21.0437300272,-22.8456349814,3.29436393609,26.7139758751,0.997272727273,198.074770097,,,,,,,,,,,,,
regression,classical_regression_v1,volume,4,120,test,origin_hour,1,1100,,True,20.9562753848,15.3739982712,9.6694792791,0.8367021756,1.12115330221,20.9262632421,-22.5920552175,1.26486232436,24.7170599905,0.997272727273,198.04912993,,,,,,,,,,,,,
regression,classical_regression_v1,volume,4,120,test,origin_hour,2,1100,,True,22.5326073503,16.859215898,9.6983605599,0.8401702913,-4.13343398853,22.1502396706,-30.0612650993,-3.84696957994,21.3916461538,0.997272727273,198.139766379,,,,,,,,,,,,,
regression,classical_regression_v1,volume,4,120,test,origin_hour,3,1100,,True,30.3391519485,21.6912512516,10.2189607397,0.8270977384,-3.58339759005,30.1267887878,-35.9291164339,-2.76628125909,31.2001509829,0.988181818182,198.373551464,,,,,,,,,,,,,
regression,classical_regression_v1,volume,4,120,test,origin_hour,4,1100,,True,47.9165741636,36.0676517514,11.0211379325,0.8553259856,2.88733315268,47.8295033095,-52.7766927066,2.45842274745,55.5193559158,0.945454545455,199.090138568,,,,,,,,,,,,,
regression,classical_regression_v1,volume,4,120,test,origin_hour,5,1100,,True,80.0598932868,60.213286112,10.1901419819,0.8509847966,12.4620465592,79.0840306803,-80.2471484046,9.71815097548,109.123363036,0.815454545455,199.100246566,,,,,,,,,,,,,
regression,classical_regression_v1,volume,4,120,test,origin_hour,6,1100,,True,101.337634879,78.8227930017,9.0812068621,0.8498365631,-1.83913833615,101.320944592,-129.906167907,0.544109685465,125.748070803,0.695454545455,199.100246566,,,,,,,,,,,,,
regression,classical_regression_v1,volume,4,120,test,origin_hour,7,1100,,True,108.098708657,80.4724823012,9.9784468605,0.8199899734,5.87846477705,107.938753306,-120.054837744,6.67403244753,129.368322514,0.696363636364,199.100246566,,,,,,,,,,,,,
regression,classical_regression_v1,volume,4,120,test,origin_hour,8,1125,,True,72.9537195587,54.7256385578,9.3632838784,0.8574215398,-1.44898207297,72.9393285437,-87.7536544626,-1.1264515577,85.5995764515,0.851555555556,199.100246566,,,,,,,,,,,,,
regression,classical_regression_v1,volume,4,120,test,origin_hour,9,1150,,True,54.7323473754,41.4931032684,9.727795008,0.8427389441,-4.74920424685,54.5259104302,-67.6214924292,-4.64583374551,59.834466641,0.925217391304,199.100246566,,,,,,,,,,,,,
regression,classical_regression_v1,volume,4,120,test,origin_hour,10,1150,,True,48.7684549528,37.4333081488,9.885726948,0.8495899084,6.19644387894,48.3731979689,-50.7994445728,6.5234891139,66.5868613739,0.96,199.100246566,,,,,,,,,,,,,
regression,classical_regression_v1,volume,4,120,test,origin_hour,11,1150,,True,48.3371858823,37.7330046468,10.1668837192,0.8568867043,8.44291059225,47.5941256854,-48.6865325036,10.4438916847,65.5173842406,0.953913043478,199.100246566,,,,,,,,,,,,,
regression,classical_regression_v1,volume,4,120,test,origin_hour,12,1150,,True,50.8722713862,37.9170494831,9.6254457256,0.852253083,-2.49506472389,50.8110484837,-64.4314790866,0.663543738138,53.4020296953,0.946956521739,199.100246566,,,,,,,,,,,,,
regression,classical_regression_v1,volume,4,120,test,origin_hour,13,1150,,True,58.1123712766,44.3735398583,9.3009473548,0.8537934957,-3.19886093325,58.0242620299,-77.4794160991,-2.43375417115,63.891837909,0.91652173913,199.100246566,,,,,,,,,,,,,
regression,classical_regression_v1,volume,4,120,test,origin_hour,14,1150,,True,83.8519885985,61.4398366853,9.9017749646,0.8264169382,-1.83079162913,83.8319998206,-95.9539200116,-1.50612706894,91.8586405691,0.822608695652,199.100246566,,,,,,,,,,,,,
regression,classical_regression_v1,volume,4,120,test,origin_hour,15,1150,,True,100.697626996,76.3511324126,9.9536781571,0.8271886413,-0.950877689375,100.693137374,-124.134877076,1.0681956663,117.303640882,0.717391304348,199.100246566,,,,,,,,,,,,,
regression,classical_regression_v1,volume,4,120,test,origin_hour,16,1150,,True,95.7373433273,74.1868896899,9.1172511254,0.8447438137,-8.93919882178,95.319093742,-126.464187407,-6.6777313955,101.342216324,0.734782608696,199.100246566,,,,,,,,,,,,,
regression,classical_regression_v1,volume,4,120,test,origin_hour,17,1150,,True,82.9026339026,61.5823340413,9.9904288238,0.8306425307,6.63622426531,82.6365974341,-91.2782921578,9.16798744536,104.555305819,0.80347826087,199.100246566,,,,,,,,,,,,,
regression,classical_regression_v1,volume,4,120,test,origin_hour,18,1150,,True,54.5917012139,41.4076082516,10.5597752974,0.8428017363,4.49088281109,54.4066706665,-61.9982578435,6.3532228068,67.3271801962,0.933043478261,199.100246566,,,,,,,,,,,,,
regression,classical_regression_v1,volume,4,120,test,origin_hour,19,1150,,True,35.3934256623,26.1706903442,10.6976175247,0.8399205678,-0.554743028274,35.3890779802,-43.4316852714,0.653657600738,39.1649930624,0.984347826087,198.934550503,,,,,,,,,,,,,
regression,classical_regression_v1,volume,4,120,test,origin_hour,20,1150,,True,25.6239439283,19.2923511535,10.639305158,0.8204255547,-0.173392766144,25.6233572623,-31.5829310816,1.2578830272,28.5049901574,0.997391304348,198.384208282,,,,,,,,,,,,,
regression,classical_regression_v1,volume,4,120,test,origin_hour,21,1150,,True,21.0648339976,15.8490923709,9.4527174663,0.8391105,-1.52432691518,21.0096087256,-26.1734793906,-0.356085292661,22.6967151597,1,198.052219357,,,,,,,,,,,,,
regression,classical_regression_v1,volume,4,120,test,origin_hour,22,1100,,True,27.3528848233,20.4126076757,13.6715796327,0.7192034328,-3.68251985102,27.1038623761,-39.8078200697,-1.17623075979,25.5729160088,0.995454545455,197.944057589,,,,,,,,,,,,,
regression,classical_regression_v1,volume,4,120,test,origin_hour,23,1100,,True,29.7060408234,21.3853073636,15.0753251345,0.6780485436,-2.39211101965,29.6095705182,-37.4500899942,-1.86694551294,29.6638947206,0.996363636364,198.057437011,,,,,,,,,,,,,
regression,classical_regression_v1,volume,4,120,test,weekday,Friday,4375,,True,63.8946570178,43.9979476943,10.2904303751,0.9527500876,-0.823441668587,63.8893507498,-73.3466598208,0.74570719865,67.7506589074,0.890742857143,198.65381334,,,,,,,,,,,,,
regression,classical_regression_v1,volume,4,120,test,weekday,Monday,3600,,True,72.1505984608,46.7621981127,11.0680538494,0.9389757653,1.3035538869,72.1388217641,-70.8715714103,-1.38538929683,73.6099844738,0.880833333333,199.100246566,,,,,,,,,,,,,
regression,classical_regression_v1,volume,4,120,test,weekday,Saturday,4700,,True,53.2029307323,35.8173978343,11.2987787265,0.9389487009,1.64691203208,53.177434305,-53.5192706949,3.29817874495,57.6432363076,0.934893617021,198.969051404,,,,,,,,,,,,,
regression,classical_regression_v1,volume,4,120,test,weekday,Sunday,3600,,True,46.149100094,31.4776642085,11.496398817,0.9435792697,4.16483815042,45.960782877,-43.4653425371,3.15663871411,55.3559063146,0.953055555556,197.372572794,,,,,,,,,,,,,
regression,classical_regression_v1,volume,4,120,test,weekday,Thursday,3600,,True,73.1925398696,49.6679677154,9.3724017892,0.9539638501,-4.34765300246,73.0632999935,-87.4492049898,-2.39827597501,73.7362033626,0.856388888889,199.100246566,,,,,,,,,,,,,
regression,classical_regression_v1,volume,4,120,test,weekday,Tuesday,3600,,True,60.5575908451,41.6575899363,8.8146382632,0.9573986197,-1.10575170048,60.5474947635,-67.515410709,-0.952724908116,66.0842768209,0.904722222222,199.100246566,,,,,,,,,,,,,
regression,classical_regression_v1,volume,4,120,test,weekday,Wednesday,3600,,True,62.4657409808,43.2680484183,9.4167358307,0.9531485504,1.64933786579,62.4439627257,-66.2448218721,0.307082107356,71.5375330631,0.892222222222,199.100246566,,,,,,,,,,,,,
regression,classical_regression_v1,volume,4,120,test,weekday_type,weekday,18775,,True,66.5435099741,45.0264669092,9.8130077192,0.9517678447,-0.671339756111,66.5401234039,-71.9805117554,-0.597911138292,70.033866719,0.885219707057,198.996217519,,,,,,,,,,,,,
regression,classical_regression_v1,volume,4,120,test,weekday_type,weekend,8300,,True,50.2651471184,33.9351037316,11.3844934646,0.9415808399,2.73902456533,50.1904648242,-48.671949024,3.22315995754,56.7836013509,0.942771084337,198.27660285,,,,,,,,,,,,,
regression,classical_regression_v1,volume,4,120,test,peak_status,evening_peak,3450,,True,60.8435017882,43.0535442124,10.4159405486,0.9231922151,3.52412134938,60.7413555871,-64.4444617468,3.97594078636,67.5610847405,0.906956521739,199.045014545,,,,,,,,,,,,,
regression,classical_regression_v1,volume,4,120,test,peak_status,morning_peak,3375,,True,81.2611046652,58.6083385681,9.6879852353,0.9017066241,-0.185297321839,81.2608934008,-92.0432715386,-0.778827211513,92.1937664917,0.826074074074,199.100246566,,,,,,,,,,,,,
regression,classical_regression_v1,volume,4,120,test,peak_status,off_peak,20250,,True,58.3937482353,38.5528596046,10.3752380554,0.959319335,-0.0693007517455,58.3937071127,-60.3352939475,0.563337855869,59.8581736675,0.914962962963,198.675612604,,,,,,,,,,,,,
regression,classical_regression_v1,volume,4,120,test,weather_condition,Clear,20363,,True,61.1339664709,40.7187330369,10.3446354309,0.9536047148,-0.333590871859,61.1330563083,-64.1921194615,0.310386403599,63.7386481661,0.908166773069,198.675270892,,,,,,,,,,,,,
regression,classical_regression_v1,volume,4,120,test,weather_condition,Cloudy,4408,,True,63.0606017777,42.7127239144,9.5786901019,0.9597987736,1.29876018017,63.0472260972,-66.2689336954,2.4171232924,67.5781406376,0.89224137931,199.079166235,,,,,,,,,,,,,
regression,classical_regression_v1,volume,4,120,test,weather_condition,Fog,166,,True,103.420938684,79.1481850946,11.9905297103,0.8609267119,-4.19678765208,103.335751469,-126.236149938,-2.01312284561,134.479264597,0.680722891566,199.100246566,,,,,,,,,,,,,
regression,classical_regression_v1,volume,4,120,test,weather_condition,Overcast,970,,True,57.5449574555,41.2063614588,9.6353915737,0.9505517224,1.7018452364,57.5197866073,-66.4612248559,0.125574658819,70.9478353088,0.915463917526,199.10013716,,,,,,,,,,,,,
regression,classical_regression_v1,volume,4,120,test,weather_condition,Rain,1168,,True,68.5375540958,48.3658048009,12.4341444155,0.9090280268,8.76999391415,67.9741386719,-65.7478662129,5.87876110216,88.3935454165,0.871575342466,199.063790805,,,,,,,,,,,,,
regression,classical_regression_v1,volume,4,120,test,actual_congestion,Free-flow,16317,,True,39.6254946022,26.5874717868,11.1628348243,0.8859635152,6.85054453478,39.0288337264,-32.8582813775,3.68649177729,48.9383211297,0.975240546669,198.561582093,,,,,,,,,,,,,
regression,classical_regression_v1,volume,4,120,test,actual_congestion,Heavy,2643,,True,88.3113285465,68.8226046581,8.2134924863,0.6957665021,0.792760605565,88.3077702145,-106.638493364,-0.504350648693,109.42282947,0.758229284904,199.100246566,,,,,,,,,,,,,
regression,classical_regression_v1,volume,4,120,test,actual_congestion,Moderate,6552,,True,73.6268993617,55.2269233839,9.3142187295,0.7001750791,2.88751615455,73.5702559468,-79.8277596557,-4.04061394447,95.1564965287,0.852869352869,199.100246566,,,,,,,,,,,,,
regression,classical_regression_v1,volume,4,120,test,actual_congestion,Severe,1563,,True,119.596571541,95.6241547827,8.8621357006,0.704071491,-78.4805549122,90.2449024878,-187.682281638,-74.5229822022,29.5159112956,0.601407549584,199.100246566,,,,,,,,,,,,,
regression,classical_regression_v1,volume,4,120,validation,overall,all,27075,,True,60.5923775842,41.2371421908,10.5554606729,0.9523784344,0.967802112403,60.5846480586,-64.3058835109,0.506329005332,68.1997321305,0.900055401662,198.93641174,,,,,,,,,,,,,
regression,classical_regression_v1,volume,4,120,validation,road_id,NL-001,1083,,True,60.3641568803,40.0323181386,10.5228303384,0.9484484354,-2.71893890672,60.3028921951,-69.3161631104,-1.80836828667,58.6322717346,0.903047091413,198.920345494,,,,,,,,,,,,,
regression,classical_regression_v1,volume,4,120,validation,road_id,NL-002,1083,,True,73.0530951146,51.4703500451,10.4594160308,0.9494331995,-1.39027325212,73.0398647733,-86.2052617054,-0.340844382019,79.3097573881,0.8513388735,199.096022336,,,,,,,,,,,,,
regression,classical_regression_v1,volume,4,120,validation,road_id,NL-003,1083,,True,59.3027672818,41.8720227877,11.0874903922,0.9354258075,-6.30970530885,58.9661413541,-66.6672357446,-10.0544917266,63.9725613459,0.905817174515,198.835729817,,,,,,,,,,,,,
regression,classical_regression_v1,volume,4,120,validation,road_id,NL-004,1083,,True,71.8956753845,50.8196032059,10.1361091764,0.943988436,-7.58174297085,71.4947922055,-86.3360163465,-7.68973160557,75.7595903773,0.854108956602,199.074181781,,,,,,,,,,,,,
regression,classical_regression_v1,volume,4,120,validation,road_id,NL-005,1083,,True,69.2541025259,49.3908641796,10.3913234328,0.9422906495,-4.91967017661,69.0791398471,-85.7008600148,-4.42757668619,69.1206283542,0.858725761773,199.079300031,,,,,,,,,,,,,
regression,classical_regression_v1,volume,4,120,validation,road_id,NL-006,1083,,True,79.7689874822,55.8402088275,10.6318670562,0.9366985554,-7.06121741786,79.4558403927,-89.8825703885,-11.0735985293,91.8473738224,0.831948291782,199.076464889,,,,,,,,,,,,,
regression,classical_regression_v1,volume,4,120,validation,road_id,NL-007,1083,,True,59.3491741383,39.756667154,10.1667658391,0.9524371757,-5.80088631502,59.0649996941,-72.5186574308,-1.42118793634,55.0154705553,0.906740535549,198.947206042,,,,,,,,,,,,,
regression,classical_regression_v1,volume,4,120,validation,road_id,NL-008,1083,,True,64.7394154448,44.9244146291,10.4982353604,0.9567740709,5.32171062372,64.5203170185,-65.9793419515,7.48929467763,77.8864984198,0.880886426593,199.088787063,,,,,,,,,,,,,
regression,classical_regression_v1,volume,4,120,validation,road_id,NL-009,1083,,True,51.3173526661,36.876612565,10.7079336878,0.9398323215,1.07896024559,51.306008707,-52.1141430708,-3.85840027946,66.2878673944,0.927977839335,198.813194701,,,,,,,,,,,,,
regression,classical_regression_v1,volume,4,120,validation,road_id,NL-010,1083,,True,64.5926319268,43.37673503,10.5464463575,0.9536725074,10.0032844937,63.8133402869,-52.319885622,7.98861482641,79.5162023884,0.891043397969,199.08108465,,,,,,,,,,,,,
regression,classical_regression_v1,volume,4,120,validation,road_id,NL-011,1083,,True,51.6388824419,34.8526393087,10.5075978596,0.9548104027,2.73857758818,51.5662134798,-53.1849828935,2.68784394264,57.6922714695,0.927977839335,198.861112982,,,,,,,,,,,,,
regression,classical_regression_v1,volume,4,120,validation,road_id,NL-012,1083,,True,41.3670289131,28.4259145867,10.0790024757,0.9421949381,6.81752176117,40.8013783852,-33.5987283388,2.56175655679,57.5558727292,0.962142197599,198.712110476,,,,,,,,,,,,,
regression,classical_regression_v1,volume,4,120,validation,road_id,NL-013,1083,,True,44.6933603569,32.057709231,10.557490211,0.9432663871,-3.15372469318,44.5819524085,-54.5163245978,-4.31607277451,49.9831176645,0.959372114497,198.796802838,,,,,,,,,,,,,
regression,classical_regression_v1,volume,4,120,validation,road_id,NL-014,1083,,True,66.8262609794,44.5163028328,10.180506809,0.9564012467,2.72498811357,66.7706791659,-63.7180218938,5.97143825392,74.9197628362,0.881809787627,199.085509933,,,,,,,,,,,,,
regression,classical_regression_v1,volume,4,120,validation,road_id,NL-015,1083,,True,65.4788908185,46.6202328921,10.6185990147,0.9407119336,6.71978979398,65.1331679557,-66.1007344886,2.20309648388,87.061287705,0.872576177285,199.062398031,,,,,,,,,,,,,
regression,classical_regression_v1,volume,4,120,validation,road_id,NL-016,1083,,True,67.2805190483,47.1175588373,10.944877387,0.9492553095,8.54404360575,66.7358042004,-61.6886193553,8.0472012121,88.3657033092,0.873499538319,199.086129952,,,,,,,,,,,,,
regression,classical_regression_v1,volume,4,120,validation,road_id,NL-017,1083,,True,50.7609367319,35.6946026938,11.9517316316,0.950055871,9.88064574084,49.7900144371,-43.8274012052,9.87298757042,65.830573204,0.927977839335,198.902108337,,,,,,,,,,,,,
regression,classical_regression_v1,volume,4,120,validation,road_id,NL-018,1083,,True,43.8570298942,30.4194127944,10.1684755578,0.9463553402,1.84364875531,43.8182613805,-45.8664444297,-0.179522341968,54.1504441981,0.951985226223,198.687372467,,,,,,,,,,,,,
regression,classical_regression_v1,volume,4,120,validation,road_id,NL-019,1083,,True,81.1177106977,55.820601866,10.7208870242,0.9362371143,-5.42432037695,80.9361460491,-92.2980871792,-5.72286858311,88.231537622,0.826408125577,199.072793101,,,,,,,,,,,,,
regression,classical_regression_v1,volume,4,120,validation,road_id,NL-020,1083,,True,45.1300229587,30.5704944937,10.8641297036,0.9520350307,2.41539145569,45.0653398563,-45.4376916516,4.47272269349,51.1392559858,0.947368421053,198.682365773,,,,,,,,,,,,,
regression,classical_regression_v1,volume,4,120,validation,road_id,NL-021,1083,,True,53.7684685716,37.1741205128,10.1565268423,0.9539520772,1.53529103305,53.7465449492,-53.9427923249,0.774895599656,61.8124511945,0.918744228994,198.907112798,,,,,,,,,,,,,
regression,classical_regression_v1,volume,4,120,validation,road_id,NL-022,1083,,True,54.0962497712,35.6016955458,10.7082054196,0.950722233,2.99616920207,54.0132132854,-51.8239781621,1.60561287993,64.4895569757,0.923361034164,198.781318863,,,,,,,,,,,,,
regression,classical_regression_v1,volume,4,120,validation,road_id,NL-023,1083,,True,65.1517601371,45.0324821522,9.9197882589,0.9558035815,0.635346649749,65.1486621781,-69.8438213246,0.340129394104,71.0167275519,0.881809787627,199.084266808,,,,,,,,,,,,,
regression,classical_regression_v1,volume,4,120,validation,road_id,NL-024,1083,,True,53.9487886087,37.2349961816,10.3874113389,0.9499069986,-2.30946459902,53.8993336286,-64.2587736075,-4.65021100834,59.8995887683,0.915974145891,198.796509463,,,,,,,,,,,,,
regression,classical_regression_v1,volume,4,120,validation,road_id,NL-025,1083,,True,51.9259252231,35.4299942791,10.9728696164,0.9522089621,7.60962776485,51.3653119874,-45.8435796706,5.90757282043,64.9451738656,0.918744228994,198.880064877,,,,,,,,,,,,,
regression,classical_regression_v1,volume,4,120,validation,origin_hour,0,1150,,True,20.6087660761,15.3946675902,9.6790338295,0.7975511229,2.07746739065,20.5037891235,-21.250944782,2.11248916508,25.9773482098,0.998260869565,198.789147043,,,,,,,,,,,,,
regression,classical_regression_v1,volume,4,120,validation,origin_hour,1,1150,,True,20.7650320313,15.4734937837,9.3915625143,0.8104079638,-0.509760944117,20.7587740254,-24.3684377144,0.336495766982,23.4989440165,0.998260869565,198.762756937,,,,,,,,,,,,,
regression,classical_regression_v1,volume,4,120,validation,origin_hour,2,1150,,True,22.7775181462,17.1695888188,10.0736765101,0.7974947715,-3.40496191975,22.5215800339,-29.0157441173,-3.55761488187,23.0728023401,0.99652173913,198.855243582,,,,,,,,,,,,,
regression,classical_regression_v1,volume,4,120,validation,origin_hour,3,1150,,True,27.7668694977,20.7219471956,10.0847882003,0.8146159448,-1.42927198638,27.7300599222,-33.8397922476,-1.00644989548,31.313334208,0.995652173913,198.916262148,,,,,,,,,,,,,
regression,classical_regression_v1,volume,4,120,validation,origin_hour,4,1150,,True,46.3611935227,34.5896993525,10.0860267304,0.8428738395,-2.55272378777,46.2908615832,-56.2518574152,-2.51587198232,52.2480409162,0.962608695652,199.100246566,,,,,,,,,,,,,
regression,classical_regression_v1,volume,4,120,validation,origin_hour,5,1150,,True,78.4755873186,59.7966164668,9.9468152685,0.837633664,3.00630532945,78.417982206,-93.1548785487,6.01391241127,97.3032699307,0.82347826087,199.100246566,,,,,,,,,,,,,
regression,classical_regression_v1,volume,4,120,validation,origin_hour,6,1125,,True,101.607917769,78.4180020587,8.9089771041,0.8113153077,-7.30897602001,101.34469805,-134.942579961,-2.90547819935,117.606325573,0.684444444444,199.100246566,,,,,,,,,,,,,
regression,classical_regression_v1,volume,4,120,validation,origin_hour,7,1100,,True,102.638016052,77.8537590376,9.5674995152,0.7916340346,-0.290728661488,102.637604297,-116.839338625,-0.264694464326,119.013079734,0.716363636364,199.100246566,,,,,,,,,,,,,
regression,classical_regression_v1,volume,4,120,validation,origin_hour,8,1100,,True,71.0120294903,54.1128553771,9.3758358111,0.8269427718,-0.573346309873,71.0097148729,-89.7818430445,-0.000326968110187,84.3789076398,0.853636363636,199.100246566,,,,,,,,,,,,,
regression,classical_regression_v1,volume,4,120,validation,origin_hour,9,1100,,True,58.3551768558,43.9905540593,11.0148614129,0.7806515983,-1.57557481918,58.3339029199,-68.096322274,-4.88792633303,70.82971499,0.903636363636,199.100246566,,,,,,,,,,,,,
regression,classical_regression_v1,volume,4,120,validation,origin_hour,10,1100,,True,52.2927410245,38.2408249313,10.7779862025,0.7919398469,6.8624980941,51.8404946327,-52.0906842376,4.40529859358,68.279181414,0.92,199.100246566,,,,,,,,,,,,,
regression,classical_regression_v1,volume,4,120,validation,origin_hour,11,1100,,True,50.692044319,37.4425023216,10.5592106577,0.7934910206,8.56152384039,49.9638235803,-47.0234118495,6.8840941545,67.4892204667,0.936363636364,199.100246566,,,,,,,,,,,,,
regression,classical_regression_v1,volume,4,120,validation,origin_hour,12,1100,,True,55.5424388767,41.5697516657,10.7750191465,0.778286028,-3.23974651985,55.4478724466,-70.4231648588,-2.56945879108,61.0722155972,0.915454545455,199.100246566,,,,,,,,,,,,,
regression,classical_regression_v1,volume,4,120,validation,origin_hour,13,1100,,True,59.8569644808,45.6131787001,9.8846816125,0.8137377811,-1.39133506093,59.8407919701,-76.6217369263,-0.173805828711,72.7707542642,0.912727272727,199.100246566,,,,,,,,,,,,,
regression,classical_regression_v1,volume,4,120,validation,origin_hour,14,1100,,True,77.03557619,57.5770205822,9.4134466345,0.7988937192,8.72859845885,76.5394771858,-84.4853396642,7.84708540188,107.598722126,0.822727272727,199.100246566,,,,,,,,,,,,,
regression,classical_regression_v1,volume,4,120,validation,origin_hour,15,1100,,True,95.3523517003,73.9472677842,9.7665449147,0.7995552028,7.30988390196,95.0717443414,-108.842096385,6.66592978201,125.462764852,0.727272727273,199.100246566,,,,,,,,,,,,,
regression,classical_regression_v1,volume,4,120,validation,origin_hour,16,1100,,True,97.3893719741,78.0225163584,9.9764332114,0.8074834479,0.921430801222,97.3850129064,-127.096419978,4.76783058872,123.819531071,0.68,199.100246566,,,,,,,,,,,,,
regression,classical_regression_v1,volume,4,120,validation,origin_hour,17,1150,,True,75.6723241164,59.19754635,9.7048947313,0.8316152181,5.68655880032,75.4583572985,-88.0581054712,5.49867918361,98.5057756069,0.824347826087,199.100246566,,,,,,,,,,,,,
regression,classical_regression_v1,volume,4,120,validation,origin_hour,18,1150,,True,51.9632504516,39.2932062237,10.0528546152,0.8294334576,4.31982765599,51.7833804084,-57.7905596638,6.48514202403,63.4927157005,0.940869565217,199.100246566,,,,,,,,,,,,,
regression,classical_regression_v1,volume,4,120,validation,origin_hour,19,1150,,True,36.431102513,27.1851761229,11.1501192372,0.8017800056,-0.604461514544,36.4260875828,-45.4872980985,0.0480637901644,41.968209916,0.985217391304,199.100246566,,,,,,,,,,,,,
regression,classical_regression_v1,volume,4,120,validation,origin_hour,20,1150,,True,26.662458361,20.376705594,11.6877225922,0.7765079279,0.798830584973,26.6504888426,-32.3166133346,1.40662298573,31.3049520414,1,199.100246566,,,,,,,,,,,,,
regression,classical_regression_v1,volume,4,120,validation,origin_hour,21,1150,,True,22.6677957105,17.0990947357,10.9412408573,0.7799853542,0.276404804796,22.6661104461,-26.6823419667,0.198318508777,26.8934906827,0.997391304348,198.773199078,,,,,,,,,,,,,
regression,classical_regression_v1,volume,4,120,validation,origin_hour,22,1150,,True,30.7077428826,21.8636683913,15.2341591124,0.5679566347,-1.13182218588,30.6868775128,-38.5266358606,-1.05696670977,29.0163167958,0.986956521739,197.775524839,,,,,,,,,,,,,
regression,classical_regression_v1,volume,4,120,validation,origin_hour,23,1150,,True,30.1570957829,21.4630403322,15.0486948838,0.5672093316,-0.809508646787,30.1462289816,-35.7136372994,-1.59420471906,28.2424243173,0.987826086957,197.972350671,,,,,,,,,,,,,
regression,classical_regression_v1,volume,4,120,validation,weekday,Friday,3925,,True,59.5452535241,41.5989657611,9.6949249391,0.9600215394,-2.92502354087,59.4733676071,-69.0463662695,-2.45006745692,64.6004117794,0.899108280255,198.618741872,,,,,,,,,,,,,
regression,classical_regression_v1,volume,4,120,validation,weekday,Monday,3600,,True,65.9099512357,44.5752420271,9.8663021577,0.9487271924,0.840696511784,65.9045893794,-70.1930561583,-0.617976739467,70.4762055593,0.885833333333,199.100246566,,,,,,,,,,,,,
regression,classical_regression_v1,volume,4,120,validation,weekday,Saturday,3600,,True,53.2945740615,35.3150040248,10.63029986,0.9383361617,-0.783739593177,53.2888109892,-53.9089526217,0.208838683378,53.0845010726,0.931388888889,198.793429098,,,,,,,,,,,,,
regression,classical_regression_v1,volume,4,120,validation,weekday,Sunday,3600,,True,45.6139921763,31.5831750259,9.3556965482,0.9522145876,0.141045163078,45.6137741096,-48.5769212037,-0.0561342874056,51.0221997186,0.948611111111,199.092269824,,,,,,,,,,,,,
regression,classical_regression_v1,volume,4,120,validation,weekday,Thursday,4800,,True,61.9962759968,42.5222947399,9.3294272456,0.9556886401,-0.918737378832,61.9894681305,-69.8134561501,-0.449904259798,67.8058328149,0.896041666667,199.100246566,,,,,,,,,,,,,
regression,classical_regression_v1,volume,4,120,validation,weekday,Tuesday,3600,,True,63.0416020167,44.357989069,11.1533195537,0.9555557181,0.0471294466325,63.0415843999,-74.931301126,0.385756218872,75.4010144932,0.884166666667,199.100246566,,,,,,,,,,,,,
regression,classical_regression_v1,volume,4,120,validation,weekday,Wednesday,3950,,True,70.0397693289,47.6252133985,14.0088712209,0.9331089378,10.4332722804,69.2583288649,-60.0058585886,6.85613288237,97.669239978,0.860506329114,198.742610406,,,,,,,,,,,,,
regression,classical_regression_v1,volume,4,120,validation,weekday_type,weekday,19875,,True,64.1102522155,44.0584744772,10.7592206616,0.9519078191,1.43481469895,64.094194323,-69.3232069048,0.757158572065,74.8153936075,0.88558490566,198.934079585,,,,,,,,,,,,,
regression,classical_regression_v1,volume,4,120,validation,weekday_type,weekend,7200,,True,49.6031647511,33.4490895254,9.9929982041,0.9450817001,-0.32134721505,49.6021238386,-51.7679104621,0.0848200342296,52.1607790011,0.94,198.942849461,,,,,,,,,,,,,
regression,classical_regression_v1,volume,4,120,validation,peak_status,evening_peak,3450,,True,57.0196026672,41.8919762322,10.3026228612,0.9266915945,3.13397498059,56.9334110093,-63.6437933382,3.0616839465,67.906297416,0.916811594203,199.100246566,,,,,,,,,,,,,
regression,classical_regression_v1,volume,4,120,validation,peak_status,morning_peak,3300,,True,79.5457883595,58.6523894913,9.9860655797,0.8944942077,-0.813216596848,79.541631392,-92.7735379182,-1.78794695901,93.6322932311,0.824545454545,199.100246566,,,,,,,,,,,,,
regression,classical_regression_v1,volume,4,120,validation,peak_status,off_peak,20325,,True,57.5457537912,38.2984217217,10.690825704,0.9575119155,0.889281342184,57.5388821415,-58.5759345997,0.430157743419,62.5254125279,0.909471094711,198.88200165,,,,,,,,,,,,,
regression,classical_regression_v1,volume,4,120,validation,weather_condition,Clear,20291,,True,59.1736655481,40.53840589,10.3990652805,0.9541736624,0.578811449822,59.1708346375,-64.1749247051,0.0793569023419,66.8876171897,0.902616923759,198.959071973,,,,,,,,,,,,,
regression,classical_regression_v1,volume,4,120,validation,weather_condition,Cloudy,5008,,True,62.1433936704,42.1532473691,10.6766202402,0.9514187061,2.77606834392,62.0813564722,-62.2513998315,2.22722440322,71.0065583003,0.89696485623,198.911110672,,,,,,,,,,,,,
regression,classical_regression_v1,volume,4,120,validation,weather_condition,Fog,176,,True,114.039194283,77.0015566016,11.8153399324,0.7772324734,-39.2240570418,107.081329754,-137.611165743,-27.2011120137,64.9184052977,0.744318181818,199.100246566,,,,,,,,,,,,,
regression,classical_regression_v1,volume,4,120,validation,weather_condition,Overcast,856,,True,52.3689465613,35.7741611561,10.2615647432,0.9549359275,-0.899551093527,52.3612201135,-58.2869731307,0.436447196753,53.0143042894,0.93691588785,198.732687317,,,,,,,,,,,,,
regression,classical_regression_v1,volume,4,120,validation,weather_condition,Rain,744,,True,76.7132519224,51.9521668909,14.0453638443,0.9344763727,11.0611271156,75.9116228745,-64.1240909071,7.55492595429,99.3480329614,0.845430107527,198.68434472,,,,,,,,,,,,,
regression,classical_regression_v1,volume,4,120,validation,actual_congestion,Free-flow,16486,,True,39.4843535064,27.1403781976,11.580558551,0.8855707586,7.29080529906,38.8053904749,-32.7821102464,3.22664586504,51.680957714,0.968579400704,198.831180212,,,,,,,,,,,,,
regression,classical_regression_v1,volume,4,120,validation,actual_congestion,Heavy,2566,,True,86.3061134777,67.7125950185,8.1514771208,0.6928339914,0.420385635887,86.3050896503,-103.658333057,-0.557910187369,108.088097388,0.766173031956,199.100246566,,,,,,,,,,,,,
regression,classical_regression_v1,volume,4,120,validation,actual_congestion,Moderate,6594,,True,73.5862571661,55.1783688195,9.3224832606,0.6986877258,3.29983141095,73.5122326989,-81.1737538461,-3.33896504285,97.7579117225,0.84364573855,199.100246566,,,,,,,,,,,,,
regression,classical_regression_v1,volume,4,120,validation,actual_congestion,Severe,1429,,True,114.951694076,91.9962680457,8.7353845583,0.6443202452,-81.7570131788,80.8064525082,-180.704799874,-78.7301856517,19.2694000691,0.61021693492,199.100246566,,,,,,,,,,,,,
regression,recurrent_volume_v1,volume,1,30,test,overall,all,26500,,True,60.1443300477,40.5448427652,10.2095931538,0.9561272837,-2.60954482141,60.087691857,-67.9771956999,0.593046405737,58.5565719328,0.896867924528,185.453738305,,,,,,,,,,,,,
regression,recurrent_volume_v1,volume,1,30,test,road_id,NL-001,1060,,True,57.1516567097,39.1647546144,10.0225497603,0.9556005648,-1.44905529474,57.1332836744,-64.6522032628,-1.35991368007,59.8031175224,0.904716981132,185.492087509,,,,,,,,,,,,,
regression,recurrent_volume_v1,volume,1,30,test,road_id,NL-002,1060,,True,73.8990942514,51.0718975188,10.1104003735,0.9516875961,-4.08898499218,73.7858816639,-80.581337704,-2.57584336749,77.3177034482,0.843396226415,185.586016849,,,,,,,,,,,,,
regression,recurrent_volume_v1,volume,1,30,test,road_id,NL-003,1060,,True,56.2637404855,38.5493495122,10.1845426506,0.945140694,-7.18296146837,55.8033471932,-67.3455263175,-6.77896839989,52.2484950453,0.906603773585,185.434012803,,,,,,,,,,,,,
regression,recurrent_volume_v1,volume,1,30,test,road_id,NL-004,1060,,True,73.5304955052,51.3542184089,10.1738712238,0.9462552151,-14.5787143412,72.0707628473,-97.7478275292,-11.7909864151,60.6701957867,0.83679245283,185.586016849,,,,,,,,,,,,,
regression,recurrent_volume_v1,volume,1,30,test,road_id,NL-005,1060,,True,69.4574007587,48.836495911,10.0046609159,0.9454234035,-15.9980582907,67.5898857158,-88.5378082044,-14.1381192738,58.6846631104,0.860377358491,185.586016849,,,,,,,,,,,,,
regression,recurrent_volume_v1,volume,1,30,test,road_id,NL-006,1060,,True,75.6805491856,52.8397066079,9.7654897678,0.9470637004,-12.9999802376,74.5556573229,-95.6184656775,-8.64805760042,68.9751341917,0.840566037736,185.586016849,,,,,,,,,,,,,
regression,recurrent_volume_v1,volume,1,30,test,road_id,NL-007,1060,,True,58.3334623813,39.3745801246,10.286463398,0.9563038459,-1.38857974497,58.3169330442,-60.636906429,0.114089237972,64.0179564024,0.898113207547,185.49609134,,,,,,,,,,,,,
regression,recurrent_volume_v1,volume,1,30,test,road_id,NL-008,1060,,True,65.6956156386,44.6298713793,10.0225622884,0.9572086968,1.09974107431,65.6864101905,-65.5838402474,5.03832561542,65.2304069473,0.87641509434,185.584525613,,,,,,,,,,,,,
regression,recurrent_volume_v1,volume,1,30,test,road_id,NL-009,1060,,True,51.5263846309,35.9337797258,9.8413832031,0.9456194872,-7.67655811857,50.95133726,-66.1254509131,-5.8250077022,49.5374198442,0.919811320755,185.350822898,,,,,,,,,,,,,
regression,recurrent_volume_v1,volume,1,30,test,road_id,NL-010,1060,,True,61.6948268115,42.6551431096,9.7963820096,0.9628988942,-1.90068158084,61.6655419568,-71.8288298524,3.23211624366,60.9435696032,0.880188679245,185.585025179,,,,,,,,,,,,,
regression,recurrent_volume_v1,volume,1,30,test,road_id,NL-011,1060,,True,48.4520116181,32.8915617844,9.7606242557,0.9625381303,2.36027661264,48.394488572,-50.2532959141,4.91310074527,49.6255482332,0.927358490566,185.374077266,,,,,,,,,,,,,
regression,recurrent_volume_v1,volume,1,30,test,road_id,NL-012,1060,,True,39.9980748146,29.0989003691,10.279335477,0.9511174284,3.09570908946,39.8780964203,-43.3889652122,4.28605322392,48.0784239159,0.959433962264,185.221182387,,,,,,,,,,,,,
regression,recurrent_volume_v1,volume,1,30,test,road_id,NL-013,1060,,True,44.4278845458,30.1533814514,9.5902700409,0.9494600455,-1.11616900048,44.4138614846,-48.2501263973,0.356723748551,45.537712134,0.954716981132,185.248590207,,,,,,,,,,,,,
regression,recurrent_volume_v1,volume,1,30,test,road_id,NL-014,1060,,True,72.2952676532,46.7053093449,10.7494246481,0.9532541658,6.23904370919,72.0255514289,-66.5093297825,10.6380070014,73.8482392122,0.871698113208,185.586016849,,,,,,,,,,,,,
regression,recurrent_volume_v1,volume,1,30,test,road_id,NL-015,1060,,True,66.4311835203,47.4261319453,10.4423092626,0.941330329,-10.9069342632,65.5296950159,-83.8513670431,-10.4156627893,62.8981162362,0.868867924528,185.586016849,,,,,,,,,,,,,
regression,recurrent_volume_v1,volume,1,30,test,road_id,NL-016,1060,,True,68.0870598427,47.8265806049,10.143925551,0.9511065215,-3.41366669034,68.0014308508,-79.2691227029,-2.66293107173,71.7781415878,0.85,185.586016849,,,,,,,,,,,,,
regression,recurrent_volume_v1,volume,1,30,test,road_id,NL-017,1060,,True,46.7883510374,32.2402171707,10.8003839539,0.9597447909,2.93514678321,46.6961958425,-48.7862408215,6.4864835974,49.7560870735,0.943396226415,185.261349743,,,,,,,,,,,,,
regression,recurrent_volume_v1,volume,1,30,test,road_id,NL-018,1060,,True,44.6530882097,30.4925148184,10.7560013377,0.9471313903,4.21824180753,44.4533994506,-43.9511376009,6.97528863083,48.8666447221,0.951886792453,185.19722974,,,,,,,,,,,,,
regression,recurrent_volume_v1,volume,1,30,test,road_id,NL-019,1060,,True,81.1911547718,54.5748659947,10.1321226711,0.9421660079,-12.7439926737,80.184750819,-99.5137415844,-9.43000442646,71.0587903689,0.819811320755,185.586016849,,,,,,,,,,,,,
regression,recurrent_volume_v1,volume,1,30,test,road_id,NL-020,1060,,True,44.0364595352,30.7807247062,11.3904132601,0.9586002339,4.50993673609,43.8049111291,-47.6189380311,8.13035782582,47.9096083883,0.952830188679,185.218821614,,,,,,,,,,,,,
regression,recurrent_volume_v1,volume,1,30,test,road_id,NL-021,1060,,True,53.8692280377,37.6200862518,10.2784411842,0.9565656377,-2.21943947351,53.8234876034,-66.1053683201,-0.833524434853,54.9036392616,0.910377358491,185.423732994,,,,,,,,,,,,,
regression,recurrent_volume_v1,volume,1,30,test,road_id,NL-022,1060,,True,49.6511000159,33.7760540135,10.344130994,0.9614641915,3.66565385209,49.5156007197,-54.5279890976,5.97730055987,51.7050640276,0.930188679245,185.381967901,,,,,,,,,,,,,
regression,recurrent_volume_v1,volume,1,30,test,road_id,NL-023,1060,,True,66.2350445977,44.3829068221,9.6086701706,0.9575564344,-1.08999203423,66.2260753044,-71.2563421082,-0.489777879571,72.9427386281,0.875471698113,185.586016849,,,,,,,,,,,,,
regression,recurrent_volume_v1,volume,1,30,test,road_id,NL-024,1060,,True,57.0114337553,37.5429537452,10.6221899714,0.9487540094,0.294496464713,57.0106731294,-60.1090413048,3.21628358195,56.4588827842,0.909433962264,185.404305512,,,,,,,,,,,,,
regression,recurrent_volume_v1,volume,1,30,test,road_id,NL-025,1060,,True,49.8635170903,33.6990831956,10.1332804745,0.9579734425,5.09690154018,49.6023379621,-49.0068698999,6.1487344834,57.0685238554,0.929245283019,185.395483281,,,,,,,,,,,,,
regression,recurrent_volume_v1,volume,1,30,test,origin_hour,0,1100,,True,25.3099698813,19.1246494655,12.8627299123,0.764865474,2.49651698565,25.1865435964,-29.5512172481,5.35158728044,29.7993745858,0.995454545455,185.25811509,,,,,,,,,,,,,
regression,recurrent_volume_v1,volume,1,30,test,origin_hour,1,1100,,True,21.8008460265,16.4634054598,10.7590869656,0.8238282331,0.97962090276,21.778825275,-26.6456432378,2.31828552999,25.0145364177,0.997272727273,184.992763746,,,,,,,,,,,,,
regression,recurrent_volume_v1,volume,1,30,test,origin_hour,2,1100,,True,20.7497170062,15.5395822095,9.8094765125,0.8427734788,-1.40964603608,20.701779003,-26.3755657905,0.0875886675322,22.0342358159,0.997272727273,184.963000808,,,,,,,,,,,,,
regression,recurrent_volume_v1,volume,1,30,test,origin_hour,3,1100,,True,22.8482958364,16.896625688,10.2823879481,0.8204938025,-1.3652635387,22.8074697873,-28.8337897014,0.847513622683,24.0232740128,0.996363636364,185.012942065,,,,,,,,,,,,,
regression,recurrent_volume_v1,volume,1,30,test,origin_hour,4,1100,,True,25.3803510438,18.996098125,10.3313590591,0.832245451,-3.7704202776,25.0987280561,-36.4188195025,-1.40497909475,23.5830050323,0.996363636364,185.298573003,,,,,,,,,,,,,
regression,recurrent_volume_v1,volume,1,30,test,origin_hour,5,1100,,True,37.9074403934,27.9461081913,10.8915238626,0.8294255725,-2.94888492863,37.792566926,-47.8146595474,-2.81311240262,38.806138163,0.974545454545,185.571133527,,,,,,,,,,,,,
regression,recurrent_volume_v1,volume,1,30,test,origin_hour,6,1100,,True,58.5497775997,43.3731634558,9.3354233769,0.873961611,-8.36633751088,57.9489504101,-76.4417245596,-7.26071060253,60.1837908414,0.894545454545,185.586016849,,,,,,,,,,,,,
regression,recurrent_volume_v1,volume,1,30,test,origin_hour,7,1100,,True,90.4707906389,67.9235324499,8.7761091596,0.8632484502,-13.8266812413,89.4079797595,-125.469271941,-10.3561368149,92.9656258814,0.732727272727,185.586016849,,,,,,,,,,,,,
regression,recurrent_volume_v1,volume,1,30,test,origin_hour,8,1100,,True,102.273076175,77.7159443452,8.5483935848,0.8515537443,-16.4846515542,100.935813136,-139.760279677,-10.8654337047,104.611365525,0.674545454545,185.586016849,,,,,,,,,,,,,
regression,recurrent_volume_v1,volume,1,30,test,origin_hour,9,1100,,True,92.9008398701,67.8134273986,9.802235283,0.8329731047,6.48874982014,92.6739562895,-105.105170822,6.93799947212,114.164280511,0.743636363636,185.586016849,,,,,,,,,,,,,
regression,recurrent_volume_v1,volume,1,30,test,origin_hour,10,1100,,True,58.7328939211,44.9305895627,9.2644758783,0.8676342347,1.04811653805,58.7235411064,-70.0778879768,0.383698113379,71.317813378,0.900909090909,185.586016849,,,,,,,,,,,,,
regression,recurrent_volume_v1,volume,1,30,test,origin_hour,11,1100,,True,48.9713107562,36.564406943,9.2934596775,0.8556530616,1.08429219564,48.9593054241,-58.6973671589,1.5975830882,59.4256062089,0.951818181818,185.586016849,,,,,,,,,,,,,
regression,recurrent_volume_v1,volume,1,30,test,origin_hour,12,1100,,True,48.7308925051,37.5697392753,9.4320687798,0.8518209254,-9.52872357189,47.7902009981,-69.6657083159,-7.24675599079,48.1893450407,0.945454545455,185.586016849,,,,,,,,,,,,,
regression,recurrent_volume_v1,volume,1,30,test,origin_hour,13,1100,,True,51.1683906916,37.805840049,9.5973426823,0.8474139655,-7.77615166681,50.574061249,-70.5632506326,-4.52635719296,45.5480325812,0.933636363636,185.586016849,,,,,,,,,,,,,
regression,recurrent_volume_v1,volume,1,30,test,origin_hour,14,1100,,True,52.8342282412,39.8780863472,9.3636902484,0.8580817625,1.07791113535,52.8232314558,-62.8419464362,4.57221006995,62.5859701915,0.925454545455,185.586016849,,,,,,,,,,,,,
regression,recurrent_volume_v1,volume,1,30,test,origin_hour,15,1100,,True,67.9789223098,50.9195236227,9.8176951536,0.8507288959,13.7953681041,66.5644176515,-60.9283497268,13.4782888262,90.6320311238,0.86,185.586016849,,,,,,,,,,,,,
regression,recurrent_volume_v1,volume,1,30,test,origin_hour,16,1100,,True,93.477828878,69.5756665211,9.6637796733,0.8337754061,-8.59148288775,93.0821729094,-120.510585913,-5.86984684824,96.3757831113,0.75,185.586016849,,,,,,,,,,,,,
regression,recurrent_volume_v1,volume,1,30,test,origin_hour,17,1100,,True,93.557501075,72.5569265172,8.9365277173,0.8583361986,-6.02997211054,93.3629768363,-122.225003347,-2.45033592386,103.861434562,0.71,185.586016849,,,,,,,,,,,,,
regression,recurrent_volume_v1,volume,1,30,test,origin_hour,18,1100,,True,88.8976274186,68.2354560467,9.2238401975,0.8487782736,-4.55768724902,88.7807166427,-111.976653336,-3.69068440264,100.786525376,0.733636363636,185.586016849,,,,,,,,,,,,,
regression,recurrent_volume_v1,volume,1,30,test,origin_hour,19,1100,,True,64.8751908603,48.4588861372,9.7055355998,0.8550246009,-1.2233968602,64.8636546094,-77.2901423932,-0.155821719274,71.8594040302,0.871818181818,185.586016849,,,,,,,,,,,,,
regression,recurrent_volume_v1,volume,1,30,test,origin_hour,20,1150,,True,43.912384751,32.0086759775,9.7071961617,0.8390806552,-13.298703788,41.8502331185,-64.7783422407,-10.4733675136,32.9640370823,0.957391304348,185.584691904,,,,,,,,,,,,,
regression,recurrent_volume_v1,volume,1,30,test,origin_hour,21,1150,,True,28.0616715133,21.4088439041,10.9103297673,0.8354485903,1.03125834049,28.0427158877,-35.3758513263,3.78231553706,31.4997861436,0.992173913043,185.461948969,,,,,,,,,,,,,
regression,recurrent_volume_v1,volume,1,30,test,origin_hour,22,1100,,True,23.1645900614,18.1243245309,11.4820535559,0.826237223,4.11114539822,22.7968575954,-23.5298339299,6.33121232593,29.3795560709,0.996363636364,185.278196302,,,,,,,,,,,,,
regression,recurrent_volume_v1,volume,1,30,test,origin_hour,23,1100,,True,32.5623488805,24.5045498536,17.2244994956,0.604784044,4.75632789671,32.2131015202,-34.1935975189,7.28034133412,42.9381407123,0.986363636364,185.257792375,,,,,,,,,,,,,
regression,recurrent_volume_v1,volume,1,30,test,weekday,Friday,3800,,True,61.0639314865,41.9901187099,9.8087139954,0.9567049088,-1.11263655111,61.0537940549,-69.1644497831,0.178642519223,65.3073024379,0.887894736842,185.586016849,,,,,,,,,,,,,
regression,recurrent_volume_v1,volume,1,30,test,weekday,Monday,3600,,True,72.9739333583,48.1892295386,11.4549043234,0.9376351317,-9.66222095752,72.3314346322,-85.4125518909,-7.86977957531,58.9553527549,0.861666666667,185.586016849,,,,,,,,,,,,,
regression,recurrent_volume_v1,volume,1,30,test,weekday,Saturday,4700,,True,50.5173742995,34.1000161883,10.8137328054,0.9445899382,3.74891671141,50.3780778673,-49.6454698389,6.63433219102,54.8709066669,0.933191489362,185.586016849,,,,,,,,,,,,,
regression,recurrent_volume_v1,volume,1,30,test,weekday,Sunday,3600,,True,44.1906563689,30.2067121579,11.9410077886,0.949926193,0.229257618253,44.1900616798,-50.6779528501,4.14924495464,42.6848485813,0.950833333333,184.612299791,,,,,,,,,,,,,
regression,recurrent_volume_v1,volume,1,30,test,weekday,Thursday,3600,,True,69.537253872,47.8707732245,9.1596399365,0.9581497844,-7.96689699267,69.0793618121,-87.5722720144,-5.64279266709,65.8495202748,0.851111111111,185.586016849,,,,,,,,,,,,,
regression,recurrent_volume_v1,volume,1,30,test,weekday,Tuesday,3600,,True,60.0677408999,41.4104592532,8.9482741408,0.9581014513,-2.83085027363,60.0009981879,-72.1215859731,0.514549529915,61.5141504987,0.893888888889,185.586016849,,,,,,,,,,,,,
regression,recurrent_volume_v1,volume,1,30,test,weekday,Wednesday,3600,,True,60.3185602799,41.9355497414,9.1785519236,0.9566117382,-2.69840812131,60.2581721251,-69.5253112393,-0.399948787408,62.6555039821,0.888888888889,185.586016849,,,,,,,,,,,,,
regression,recurrent_volume_v1,volume,1,30,test,weekday_type,weekday,18200,,True,64.9746217497,44.2540710673,9.7111014478,0.9541001706,-4.81308646905,64.7961084491,-76.5297658335,-2.4014304045,62.8957850566,0.876813186813,185.586016849,,,,,,,,,,,,,
regression,recurrent_volume_v1,volume,1,30,test,weekday_type,weekend,8300,,True,47.8760382201,32.4113541992,11.3026713523,0.9476018911,2.22231758667,47.8244324608,-50.1187092255,5.32963962317,50.0020863278,0.940843373494,185.163681739,,,,,,,,,,,,,
regression,recurrent_volume_v1,volume,1,30,test,peak_status,evening_peak,3300,,True,83.3958123593,63.0837562337,9.2886345049,0.8941992359,-3.93701873992,83.3028294988,-104.855513075,-1.96977769893,93.91572495,0.771818181818,185.586016849,,,,,,,,,,,,,
regression,recurrent_volume_v1,volume,1,30,test,peak_status,morning_peak,3300,,True,95.3507771647,71.1509680646,9.0422460091,0.863460948,-7.94086099181,95.0195423722,-122.209970023,-3.44407855599,103.291959203,0.71696969697,185.586016849,,,,,,,,,,,,,
regression,recurrent_volume_v1,volume,1,30,test,peak_status,off_peak,19900,,True,46.4334154689,31.7318463866,10.5558951195,0.9476261402,-1.50532334938,46.4090085406,-52.5452116553,0.998075051045,44.9243738592,0.94743718593,185.409867029,,,,,,,,,,,,,
regression,recurrent_volume_v1,volume,1,30,test,weather_condition,Clear,19908,,True,60.3355038602,40.26371938,10.2401278619,0.9564688836,-3.13271837549,60.2541210346,-67.7662132693,0.23306256024,56.9340885191,0.897679324895,185.409937815,,,,,,,,,,,,,
regression,recurrent_volume_v1,volume,1,30,test,weather_condition,Cloudy,4312,,True,58.5819459343,40.3461054559,9.5114530192,0.9603949358,-4.66307767063,58.3960623337,-71.384908367,-0.536918193867,54.3889384425,0.895871985158,185.586016849,,,,,,,,,,,,,
regression,recurrent_volume_v1,volume,1,30,test,weather_condition,Fog,166,,True,81.04728402,57.60774478,16.1686525137,0.8950671315,11.4324610778,80.2369059768,-74.1217998871,19.2571126053,95.1413911561,0.813253012048,185.586016849,,,,,,,,,,,,,
regression,recurrent_volume_v1,volume,1,30,test,weather_condition,Overcast,946,,True,59.0128550633,41.4047362191,9.9457179811,0.9490818883,-2.89352077965,58.94187476,-70.9953987256,0.193002887471,60.6497207187,0.897463002114,185.586016849,,,,,,,,,,,,,
regression,recurrent_volume_v1,volume,1,30,test,weather_condition,Rain,1168,,True,59.9943154611,42.9486601364,11.633323761,0.9378704841,12.123195793,58.7566678039,-55.1269314391,10.979597573,76.1961529197,0.898116438356,185.586016849,,,,,,,,,,,,,
regression,recurrent_volume_v1,volume,1,30,test,actual_congestion,Free-flow,16097,,True,38.1822084186,25.8626985108,11.1121417803,0.8927504136,4.50985504248,37.914934356,-36.2616200271,3.77423355755,42.314413691,0.975523389451,185.368250718,,,,,,,,,,,,,
regression,recurrent_volume_v1,volume,1,30,test,actual_congestion,Heavy,2536,,True,82.2397571855,64.3220342846,7.7049455501,0.7355802864,-9.18264944769,81.7254954776,-111.136858423,-8.80355834236,91.9351160303,0.753154574132,185.586016849,,,,,,,,,,,,,
regression,recurrent_volume_v1,volume,1,30,test,actual_congestion,Moderate,6332,,True,70.8779668346,53.9528918515,9.1627238349,0.7223734551,2.34203012531,70.8392622597,-78.2504908993,-2.77762820403,89.9365878988,0.843967150979,185.586016849,,,,,,,,,,,,,
regression,recurrent_volume_v1,volume,1,30,test,actual_congestion,Severe,1535,,True,123.547202658,99.9192737461,9.2012788921,0.6861883016,-86.834273707,87.8846982955,-198.705316227,-84.2072840741,16.6094191565,0.527687296417,185.586016849,,,,,,,,,,,,,
regression,recurrent_volume_v1,volume,1,30,validation,overall,all,26500,,True,58.1037429723,39.737911818,10.0671978463,0.956253281,-0.762561568984,58.0987387749,-65.039025136,2.23495467594,60.1932411763,0.900037735849,185.585348502,,,,,,,,,,,,,
regression,recurrent_volume_v1,volume,1,30,validation,road_id,NL-001,1060,,True,58.2329029155,39.227665222,10.1766935926,0.9520986801,-0.929494018121,58.2254843075,-64.2143922005,2.26026830703,58.7507758811,0.897169811321,185.586016849,,,,,,,,,,,,,
regression,recurrent_volume_v1,volume,1,30,validation,road_id,NL-002,1060,,True,71.5820680905,50.5365905195,10.1766885047,0.9514349105,-1.84436975372,71.558303308,-82.8641558955,1.15455120758,74.7103487243,0.843396226415,185.586016849,,,,,,,,,,,,,
regression,recurrent_volume_v1,volume,1,30,validation,road_id,NL-003,1060,,True,54.7660030272,37.7099865001,9.595840428,0.9449043666,-6.86870178316,54.3335625869,-65.1961113427,-6.48452922719,52.6601454556,0.915094339623,185.586016849,,,,,,,,,,,,,
regression,recurrent_volume_v1,volume,1,30,validation,road_id,NL-004,1060,,True,70.679505751,49.3597752062,9.5710318422,0.9457593585,-12.1958028006,69.6193574177,-93.1020179276,-8.54490882182,67.0770953454,0.841509433962,185.586016849,,,,,,,,,,,,,
regression,recurrent_volume_v1,volume,1,30,validation,road_id,NL-005,1060,,True,68.8511118775,47.9426429169,9.5973678992,0.9429615497,-16.1593553957,66.9279526055,-93.7971641101,-11.1949611023,55.8232426919,0.853773584906,185.586016849,,,,,,,,,,,,,
regression,recurrent_volume_v1,volume,1,30,validation,road_id,NL-006,1060,,True,75.7732746894,52.4765011404,9.5483013155,0.9430228252,-10.7808996228,75.0024090312,-93.7073078596,-9.31619292825,73.042950253,0.825471698113,185.586016849,,,,,,,,,,,,,
regression,recurrent_volume_v1,volume,1,30,validation,road_id,NL-007,1060,,True,55.2450962246,37.9397074536,9.8120700257,0.9588550467,-0.92141723186,55.2374116623,-63.6890829254,4.72614767628,54.6558902047,0.907547169811,185.586016849,,,,,,,,,,,,,
regression,recurrent_volume_v1,volume,1,30,validation,road_id,NL-008,1060,,True,62.7982551782,43.3827789924,9.9605988486,0.9593899574,2.23358787918,62.7585208446,-68.879801537,6.98763225841,71.0055059986,0.868867924528,185.586016849,,,,,,,,,,,,,
regression,recurrent_volume_v1,volume,1,30,validation,road_id,NL-009,1060,,True,48.5656829392,34.7046511993,9.814813405,0.9461383621,-5.18675085797,48.2879195543,-58.668174965,-5.79265214561,49.2008059158,0.919811320755,185.586016849,,,,,,,,,,,,,
regression,recurrent_volume_v1,volume,1,30,validation,road_id,NL-010,1060,,True,62.0195184366,42.3949194052,10.1157508288,0.957185421,6.22570211582,61.7062500908,-62.5520675266,8.18511124323,68.5316471674,0.899056603774,185.586016849,,,,,,,,,,,,,
regression,recurrent_volume_v1,volume,1,30,validation,road_id,NL-011,1060,,True,49.1426246495,34.3520091201,10.5031053581,0.9592245939,2.77485227951,49.0642206936,-52.0613953616,6.19783301946,55.2280638586,0.921698113208,185.586016849,,,,,,,,,,,,,
regression,recurrent_volume_v1,volume,1,30,validation,road_id,NL-012,1060,,True,38.6462402303,27.0220884477,9.4944818093,0.9496878951,4.92807483838,38.3307443487,-37.3195755832,4.33709834433,47.1479493973,0.964150943396,185.583415851,,,,,,,,,,,,,
regression,recurrent_volume_v1,volume,1,30,validation,road_id,NL-013,1060,,True,41.5266806093,29.5946720446,9.5506490551,0.9509971091,1.26610812775,41.5073749186,-46.3017303793,0.0743450848552,49.1609476644,0.950943396226,185.580364895,,,,,,,,,,,,,
regression,recurrent_volume_v1,volume,1,30,validation,road_id,NL-014,1060,,True,63.932562904,44.1237792047,10.5128384963,0.9600934006,9.01758477643,63.2934101173,-60.8616532797,12.3137614237,74.7138397913,0.890566037736,185.586016849,,,,,,,,,,,,,
regression,recurrent_volume_v1,volume,1,30,validation,road_id,NL-015,1060,,True,64.3428092204,46.6221814777,10.2137239275,0.9425861966,-13.2568085724,62.9623230579,-85.7111068067,-13.3177246375,61.2295757606,0.879245283019,185.586016849,,,,,,,,,,,,,
regression,recurrent_volume_v1,volume,1,30,validation,road_id,NL-016,1060,,True,64.5317558786,44.3855527017,9.7422316625,0.9533250314,-2.13659694532,64.4963756367,-71.2569523002,1.16322686027,65.8686053002,0.878301886792,185.586016849,,,,,,,,,,,,,
regression,recurrent_volume_v1,volume,1,30,validation,road_id,NL-017,1060,,True,45.885605292,32.5416468217,10.677583624,0.9593061611,3.51864107904,45.7504965871,-54.4961725058,7.3893193818,51.7069869511,0.935849056604,185.586016849,,,,,,,,,,,,,
regression,recurrent_volume_v1,volume,1,30,validation,road_id,NL-018,1060,,True,42.596219882,29.7304089833,10.1276618358,0.949263017,4.63240780575,42.3435797514,-44.8554492732,4.85346256717,53.2067856568,0.949056603774,185.577857864,,,,,,,,,,,,,
regression,recurrent_volume_v1,volume,1,30,validation,road_id,NL-019,1060,,True,78.4409242389,53.8731417217,9.9797904256,0.9403563661,-7.90668509046,78.0414180184,-92.1836988575,-5.30431383842,74.7505479075,0.82358490566,185.586016849,,,,,,,,,,,,,
regression,recurrent_volume_v1,volume,1,30,validation,road_id,NL-020,1060,,True,42.6261101963,30.5150784064,11.4472579421,0.9573600505,8.5939346863,41.750803071,-37.6365636297,11.0119349651,52.5272934284,0.951886792453,185.585720117,,,,,,,,,,,,,
regression,recurrent_volume_v1,volume,1,30,validation,road_id,NL-021,1060,,True,52.3909629028,36.6614567943,9.7580319385,0.9563771417,0.420995987302,52.3892713851,-57.1903543242,2.61619040166,58.5569909191,0.921698113208,185.586016849,,,,,,,,,,,,,
regression,recurrent_volume_v1,volume,1,30,validation,road_id,NL-022,1060,,True,50.7182565053,34.8288416119,10.8029658819,0.9566683672,6.58586315613,50.2888451789,-48.5885588993,7.9373544535,61.7861979042,0.933018867925,185.586016849,,,,,,,,,,,,,
regression,recurrent_volume_v1,volume,1,30,validation,road_id,NL-023,1060,,True,61.8947227755,43.8411739787,9.5448742109,0.9600930336,0.171191987093,61.8944860287,-68.9231103593,2.95964200103,71.0101799232,0.882075471698,185.586016849,,,,,,,,,,,,,
regression,recurrent_volume_v1,volume,1,30,validation,road_id,NL-024,1060,,True,51.4239800597,35.4735506031,10.1817587891,0.9544425456,2.82653402857,51.3462406663,-57.5893406843,4.48886855564,55.9277867477,0.924528301887,185.586016849,,,,,,,,,,,,,
regression,recurrent_volume_v1,volume,1,30,validation,road_id,NL-025,1060,,True,50.0126053516,34.2069949757,10.7738345096,0.9557022358,5.92736410035,49.6601152725,-49.3428376571,7.34280726584,55.1236253664,0.922641509434,185.586016849,,,,,,,,,,,,,
regression,recurrent_volume_v1,volume,1,30,validation,origin_hour,0,1100,,True,24.4081682278,18.8772748832,12.9353073068,0.7293141153,4.4786608654,23.9937548768,-25.6365734326,5.68077067819,32.9321977979,0.999090909091,185.586016849,,,,,,,,,,,,,
regression,recurrent_volume_v1,volume,1,30,validation,origin_hour,1,1100,,True,20.9228275717,16.4827750816,10.8954225337,0.7944376554,3.22901100351,20.6721600597,-22.6590317124,4.28579513302,28.7016656233,1,185.584804811,,,,,,,,,,,,,
regression,recurrent_volume_v1,volume,1,30,validation,origin_hour,2,1100,,True,21.7813157152,16.5628179514,10.497109127,0.7782598091,1.34313248885,21.7398645213,-23.1359871802,1.44837941997,27.3327440489,0.998181818182,185.58279978,,,,,,,,,,,,,
regression,recurrent_volume_v1,volume,1,30,validation,origin_hour,3,1100,,True,22.8246466198,17.4356014771,10.7711325571,0.779828805,0.92113260928,22.8060520046,-27.1261977958,2.32670561266,26.3488783404,0.998181818182,185.582297718,,,,,,,,,,,,,
regression,recurrent_volume_v1,volume,1,30,validation,origin_hour,4,1125,,True,23.5906491597,18.0058145386,10.2149900628,0.8175008696,-1.21553128427,23.5593126274,-30.7414655157,-0.259264415653,26.8518384092,0.997333333333,185.586016849,,,,,,,,,,,,,
regression,recurrent_volume_v1,volume,1,30,validation,origin_hour,5,1150,,True,34.1931744155,25.2982699956,9.8376027641,0.8357548381,-2.45472708946,34.1049481971,-44.4907332361,-0.791648797065,37.647300517,0.982608695652,185.586016849,,,,,,,,,,,,,
regression,recurrent_volume_v1,volume,1,30,validation,origin_hour,6,1125,,True,60.4720821318,45.6194900064,9.751334798,0.8470481099,-6.11502086498,60.1621079848,-79.8749522163,-2.14820708216,64.2885019025,0.890666666667,185.586016849,,,,,,,,,,,,,
regression,recurrent_volume_v1,volume,1,30,validation,origin_hour,7,1100,,True,91.9955593033,69.2657691565,8.7529650147,0.8278247545,-13.8915946055,90.9406758873,-125.699790208,-11.0838293536,92.4786421302,0.728181818182,185.586016849,,,,,,,,,,,,,
regression,recurrent_volume_v1,volume,1,30,validation,origin_hour,8,1100,,True,101.776143315,76.1992532884,8.3684736142,0.8110725444,-13.4439029349,100.884314054,-135.467953031,-8.1608376367,99.6442997813,0.689090909091,185.586016849,,,,,,,,,,,,,
regression,recurrent_volume_v1,volume,1,30,validation,origin_hour,9,1100,,True,80.298812197,61.0035910586,8.5945683393,0.8416134122,2.11103088972,80.2710582267,-92.7814588877,2.65800312819,95.6321436388,0.790909090909,185.586016849,,,,,,,,,,,,,
regression,recurrent_volume_v1,volume,1,30,validation,origin_hour,10,1100,,True,58.833450931,43.7443885401,9.0031474617,0.8321069324,2.26925024945,58.7896713017,-64.6975137381,2.7031922904,69.9068200521,0.903636363636,185.586016849,,,,,,,,,,,,,
regression,recurrent_volume_v1,volume,1,30,validation,origin_hour,11,1100,,True,47.491184285,35.9395812857,9.0690109919,0.8320734445,2.30581673082,47.4351746491,-57.4684450257,2.61127480559,59.5788782348,0.937272727273,185.586016849,,,,,,,,,,,,,
regression,recurrent_volume_v1,volume,1,30,validation,origin_hour,12,1100,,True,46.1044458897,34.3618219398,8.6383174568,0.8355490667,-6.82431161588,45.5965865145,-61.4089835885,-5.77532288375,45.465079045,0.947272727273,185.586016849,,,,,,,,,,,,,
regression,recurrent_volume_v1,volume,1,30,validation,origin_hour,13,1100,,True,46.7489705176,35.6688206075,8.9777342932,0.8286834942,-3.06196703996,46.6485862841,-61.7937298967,-1.27943873307,51.9240701419,0.946363636364,185.586016849,,,,,,,,,,,,,
regression,recurrent_volume_v1,volume,1,30,validation,origin_hour,14,1100,,True,53.3584602852,40.196514861,9.3663273008,0.8198788492,1.68083687136,53.3319798191,-66.3952197063,5.54227497851,62.6641412413,0.921818181818,185.586016849,,,,,,,,,,,,,
regression,recurrent_volume_v1,volume,1,30,validation,origin_hour,15,1100,,True,68.8297897562,52.193769762,9.9335646386,0.7972411022,14.9607940691,67.1841841411,-62.4554096646,13.6932066217,92.8855128915,0.850909090909,185.586016849,,,,,,,,,,,,,
regression,recurrent_volume_v1,volume,1,30,validation,origin_hour,16,1100,,True,88.830540029,68.2465708233,9.5859305493,0.7979495164,-7.75975046086,88.4909662883,-118.305756876,-7.46275277626,105.318791252,0.723636363636,185.586016849,,,,,,,,,,,,,
regression,recurrent_volume_v1,volume,1,30,validation,origin_hour,17,1100,,True,90.8118059212,71.9056501386,8.9387364273,0.8292964293,-4.58744836382,90.6958621557,-121.127414424,-3.10511715693,106.676911934,0.713636363636,185.586016849,,,,,,,,,,,,,
regression,recurrent_volume_v1,volume,1,30,validation,origin_hour,18,1100,,True,84.2032965901,66.6063651473,9.1434480681,0.8371496919,-4.42566372863,84.0869113311,-114.25992631,-3.11641401343,100.793734789,0.74,185.586016849,,,,,,,,,,,,,
regression,recurrent_volume_v1,volume,1,30,validation,origin_hour,19,1100,,True,60.0407888036,45.4277801657,9.1059304206,0.8522698995,3.69195818117,59.9271705067,-67.887676037,5.69887413399,77.3326205654,0.888181818182,185.586016849,,,,,,,,,,,,,
regression,recurrent_volume_v1,volume,1,30,validation,origin_hour,20,1100,,True,42.084178828,32.4685595333,10.4473959846,0.8330435967,-7.68195318945,41.37711569,-59.5957073734,-5.68019767939,40.9811933643,0.967272727273,185.586016849,,,,,,,,,,,,,
regression,recurrent_volume_v1,volume,1,30,validation,origin_hour,21,1100,,True,29.1001606397,21.838804443,10.915233506,0.8046347941,3.62008388256,28.8741119679,-31.0016464532,6.70736557308,35.4323311746,0.991818181818,185.586016849,,,,,,,,,,,,,
regression,recurrent_volume_v1,volume,1,30,validation,origin_hour,22,1100,,True,22.8969760726,18.2999071459,11.7155375325,0.7975383957,6.44026474102,21.9725852674,-22.151050946,8.49112363751,32.4245227608,0.999090909091,185.581449716,,,,,,,,,,,,,
regression,recurrent_volume_v1,volume,1,30,validation,origin_hour,23,1100,,True,30.2439532724,23.0772782263,16.1677834932,0.5848982119,6.3172791229,29.576826977,-30.8994103393,7.38975822355,39.1681176164,0.99,185.582631138,,,,,,,,,,,,,
regression,recurrent_volume_v1,volume,1,30,validation,weekday,Friday,3925,,True,58.0275492456,40.5272602468,9.463242485,0.9606270489,-2.23427209143,57.984519483,-65.999037007,-1.38661800007,62.6923700816,0.898089171975,185.586016849,,,,,,,,,,,,,
regression,recurrent_volume_v1,volume,1,30,validation,weekday,Monday,3600,,True,64.6341947699,44.0622017257,9.9635199682,0.9507661107,-1.98280174899,64.6037741218,-74.3091174111,-0.558357301487,66.1066995462,0.873333333333,185.586016849,,,,,,,,,,,,,
regression,recurrent_volume_v1,volume,1,30,validation,weekday,Saturday,3600,,True,50.3508604816,33.575174941,10.3427202334,0.9448341896,4.63501004997,50.1370704477,-46.0642115714,7.15889067325,54.4096511864,0.935277777778,185.586016849,,,,,,,,,,,,,
regression,recurrent_volume_v1,volume,1,30,validation,weekday,Sunday,3600,,True,44.1336408261,31.3626672347,10.1097719948,0.9563984059,2.88311489723,44.0393676278,-47.2230024741,4.45179867463,50.1783473701,0.946666666667,185.586016849,,,,,,,,,,,,,
regression,recurrent_volume_v1,volume,1,30,validation,weekday,Thursday,4575,,True,62.4582853201,43.786231726,9.3370207169,0.9549180823,-6.46861140742,62.1224152105,-77.6309179544,-3.69612587843,61.4103967936,0.87737704918,185.586016849,,,,,,,,,,,,,
regression,recurrent_volume_v1,volume,1,30,validation,weekday,Tuesday,3600,,True,62.1736523781,43.2575918944,9.7800921735,0.9561965663,-0.474231664751,62.1718437426,-74.3959993184,3.13240842999,69.6945611177,0.874166666667,185.586016849,,,,,,,,,,,,,
regression,recurrent_volume_v1,volume,1,30,validation,weekday,Wednesday,3600,,True,60.799379365,40.42657436,11.7262974059,0.9516632946,-0.0178877640771,60.7993767337,-63.9340384136,5.16617640506,59.8707771957,0.901666666667,185.581097074,,,,,,,,,,,,,
regression,recurrent_volume_v1,volume,1,30,validation,weekday_type,weekday,19300,,True,61.6384395122,42.4496596551,10.0078637775,0.955470444,-2.44938504601,61.5897535179,-71.8730653146,0.2840101844,63.806656969,0.884766839378,185.585099171,,,,,,,,,,,,,
regression,recurrent_volume_v1,volume,1,30,validation,weekday_type,weekend,7200,,True,47.3444157415,32.4689210879,10.2262461141,0.9505347024,3.7590624736,47.1949483655,-46.7346756644,5.79672390817,51.6959270651,0.940972222222,185.586016849,,,,,,,,,,,,,
regression,recurrent_volume_v1,volume,1,30,validation,peak_status,evening_peak,3300,,True,79.4604211153,61.3132651506,9.062704972,0.8872757824,-1.77371797043,79.440622155,-102.288694165,0.610987238427,93.7495871489,0.780606060606,185.586016849,,,,,,,,,,,,,
regression,recurrent_volume_v1,volume,1,30,validation,peak_status,morning_peak,3300,,True,91.7777487919,68.8228711678,8.5720023227,0.8439268637,-8.40815555023,91.3917835123,-119.828862205,-4.29996890813,97.0438840145,0.736060606061,185.586016849,,,,,,,,,,,,,
regression,recurrent_volume_v1,volume,1,30,validation,peak_status,off_peak,19900,,True,45.2978506291,31.3369554435,10.4817190379,0.9458788618,0.672979951764,45.2928511975,-49.3208089163,2.86847557544,46.7352053957,0.947035175879,185.585126839,,,,,,,,,,,,,
regression,recurrent_volume_v1,volume,1,30,validation,weather_condition,Clear,19716,,True,56.6582761803,38.8384723255,9.8416739224,0.9585360685,-1.53028544792,56.6376066423,-64.2477245943,1.39866065827,57.795329916,0.905863258267,185.585581666,,,,,,,,,,,,,
regression,recurrent_volume_v1,volume,1,30,validation,weather_condition,Cloudy,5008,,True,61.6717880068,42.2933912031,10.2646932387,0.9507258994,0.312708759784,61.6709952019,-68.8635203673,3.31006283387,67.8923746357,0.881589456869,185.585389841,,,,,,,,,,,,,
regression,recurrent_volume_v1,volume,1,30,validation,weather_condition,Fog,176,,True,82.4053482291,44.4296948807,13.9334572767,0.8109792522,1.03523546414,82.398845285,-54.6296063342,10.9135957917,64.795002556,0.903409090909,185.586016849,,,,,,,,,,,,,
regression,recurrent_volume_v1,volume,1,30,validation,weather_condition,Overcast,856,,True,56.7653766792,38.989733486,9.9573863393,0.960699182,-1.6323719188,56.741901197,-65.6888728162,3.54444834948,56.0054415539,0.894859813084,185.586016849,,,,,,,,,,,,,
regression,recurrent_volume_v1,volume,1,30,validation,weather_condition,Rain,744,,True,65.3027321779,46.1225826583,13.9259475066,0.9366733577,12.9197443076,64.0119288643,-57.942558417,15.1577993091,81.0361979285,0.875,185.577964334,,,,,,,,,,,,,
regression,recurrent_volume_v1,volume,1,30,validation,actual_congestion,Free-flow,16054,,True,35.9529162991,25.6564399288,10.9815018013,0.9062772394,7.25850214434,35.2125877639,-31.9284727659,6.04396244879,45.9132919964,0.976641335493,185.584913623,,,,,,,,,,,,,
regression,recurrent_volume_v1,volume,1,30,validation,actual_congestion,Heavy,2525,,True,80.5354522814,63.2542343036,7.6307466,0.7330093638,-9.15476262261,80.0134325941,-108.613294625,-10.3956483865,91.0259011822,0.771485148515,185.586016849,,,,,,,,,,,,,
regression,recurrent_volume_v1,volume,1,30,validation,actual_congestion,Moderate,6511,,True,69.0939494437,52.6856142651,8.9500928897,0.7339133658,2.54272011776,69.0471463866,-77.640018453,-3.14755516822,90.6731450035,0.839963139303,185.586016849,,,,,,,,,,,,,
regression,recurrent_volume_v1,volume,1,30,validation,actual_congestion,Severe,1410,,True,122.772939827,98.1653903988,9.1787397433,0.5941871993,-92.3232269985,80.9297010401,-195.058836312,-85.1751967256,5.1281145549,0.535460992908,185.586016849,,,,,,,,,,,,,
regression,recurrent_volume_v1,volume,2,60,test,overall,all,26500,,True,60.8154341757,41.108597521,10.3877330505,0.9551816865,-3.26692571078,60.7276232894,-69.9758966234,-0.0577297541168,59.0818843226,0.895132075472,186.997530497,,,,,,,,,,,,,
regression,recurrent_volume_v1,volume,2,60,test,road_id,NL-001,1060,,True,57.8516999183,40.0413239265,10.3180004223,0.9545627573,-3.21701482641,57.7621848535,-68.1862285475,-1.40792121143,59.3584961541,0.896226415094,187.049405038,,,,,,,,,,,,,
regression,recurrent_volume_v1,volume,2,60,test,road_id,NL-002,1060,,True,75.33009254,52.0882960217,10.4261476934,0.9498439869,-3.09655421571,75.2664214247,-83.2052391243,-1.94704016735,77.9507578373,0.848113207547,187.132419385,,,,,,,,,,,,,
regression,recurrent_volume_v1,volume,2,60,test,road_id,NL-003,1060,,True,57.3073686764,39.5136965698,10.4931178892,0.9431465069,-8.12657968051,56.7282399454,-69.6005639124,-7.62772560383,49.1554655355,0.904716981132,186.984810305,,,,,,,,,,,,,
regression,recurrent_volume_v1,volume,2,60,test,road_id,NL-004,1060,,True,73.8485577055,52.152917384,10.5867996107,0.9458536899,-10.5373748638,73.0929080429,-96.5327338092,-10.2557351685,70.3889103508,0.831132075472,187.132419385,,,,,,,,,,,,,
regression,recurrent_volume_v1,volume,2,60,test,road_id,NL-005,1060,,True,69.7229563427,48.6599996207,10.1242975495,0.9450793829,-13.1761322591,68.4666355231,-90.642450399,-11.1923508065,62.4229220565,0.850943396226,187.132419385,,,,,,,,,,,,,
regression,recurrent_volume_v1,volume,2,60,test,road_id,NL-006,1060,,True,75.775794647,53.527954294,10.0507869344,0.9469788322,-7.91213392963,75.3615896267,-89.8996777482,-4.18222742453,75.6229107673,0.830188679245,187.132419385,,,,,,,,,,,,,
regression,recurrent_volume_v1,volume,2,60,test,road_id,NL-007,1060,,True,59.3320023382,39.6373434589,10.3092097436,0.9548389157,-3.43278222223,59.2326135475,-62.7660300712,-1.19621794474,59.1566993058,0.904716981132,187.058663807,,,,,,,,,,,,,
regression,recurrent_volume_v1,volume,2,60,test,road_id,NL-008,1060,,True,66.7588575109,45.3668043544,10.2103794136,0.9558613096,0.259949527836,66.7583514057,-69.8954813834,3.71022483975,67.1640279739,0.871698113208,187.132419385,,,,,,,,,,,,,
regression,recurrent_volume_v1,volume,2,60,test,road_id,NL-009,1060,,True,52.1911584179,36.5669395524,10.0858755478,0.9442524441,-9.42682451186,51.3327575396,-69.0896495811,-7.37348379995,45.4565806667,0.92358490566,186.892144314,,,,,,,,,,,,,
regression,recurrent_volume_v1,volume,2,60,test,road_id,NL-010,1060,,True,63.003132689,43.385939099,9.984191957,0.9613396361,-2.67919635322,62.9461407517,-72.508672758,2.70347387942,64.3409405199,0.878301886792,187.132419385,,,,,,,,,,,,,
regression,recurrent_volume_v1,volume,2,60,test,road_id,NL-011,1060,,True,49.6291270216,33.4154779934,9.8635716026,0.9607334806,-0.207385712594,49.6286937174,-55.9133943733,4.09342519039,49.6019127387,0.928301886792,186.921322081,,,,,,,,,,,,,
regression,recurrent_volume_v1,volume,2,60,test,road_id,NL-012,1060,,True,40.0182326339,28.8197271373,10.1493083431,0.9511252551,-0.616579064062,40.0134823953,-49.603988521,2.39145444029,42.0503496404,0.962264150943,186.751558997,,,,,,,,,,,,,
regression,recurrent_volume_v1,volume,2,60,test,road_id,NL-013,1060,,True,44.3443725528,30.0874711459,9.5656484516,0.9497061367,-4.21643895328,44.1434595343,-52.5214844581,-1.92887805048,37.9966465185,0.955660377358,186.784356254,,,,,,,,,,,,,
regression,recurrent_volume_v1,volume,2,60,test,road_id,NL-014,1060,,True,72.0855857651,47.4419304961,10.9235539964,0.9535667518,5.02092378994,71.9105138307,-72.0671401515,9.05662394991,73.6925110813,0.869811320755,187.132419385,,,,,,,,,,,,,
regression,recurrent_volume_v1,volume,2,60,test,road_id,NL-015,1060,,True,67.1420158984,48.0371518166,10.7286463817,0.9400888328,-8.35670884561,66.6199348256,-82.5036243049,-9.5049006225,69.0725849018,0.86320754717,187.132419385,,,,,,,,,,,,,
regression,recurrent_volume_v1,volume,2,60,test,road_id,NL-016,1060,,True,69.3108285948,48.6950743206,10.4492743118,0.9493839785,-2.87768462426,69.2510641919,-82.3270492932,-1.99856473346,74.5182628041,0.856603773585,187.132419385,,,,,,,,,,,,,
regression,recurrent_volume_v1,volume,2,60,test,road_id,NL-017,1060,,True,47.2947443435,32.4764108855,10.8115781711,0.9589070742,-0.287815436311,47.293868575,-58.9791742808,5.2876434929,44.81590518,0.935849056604,186.791140938,,,,,,,,,,,,,
regression,recurrent_volume_v1,volume,2,60,test,road_id,NL-018,1060,,True,45.2497933557,31.0068504235,10.9733871122,0.9457703261,1.11207772704,45.2361258494,-49.3484294416,4.39717527088,45.4417271084,0.951886792453,186.728990265,,,,,,,,,,,,,
regression,recurrent_volume_v1,volume,2,60,test,road_id,NL-019,1060,,True,81.9037801923,55.5912274872,10.5270508621,0.9412191665,-8.56165929097,81.4550624576,-96.4457756379,-7.65803510856,82.998572466,0.819811320755,187.132419385,,,,,,,,,,,,,
regression,recurrent_volume_v1,volume,2,60,test,road_id,NL-020,1060,,True,45.748151636,31.8989447405,11.4837676392,0.955366465,1.31372396256,45.7292850093,-58.0515854493,6.64603293744,47.5979255855,0.947169811321,186.7447619,,,,,,,,,,,,,
regression,recurrent_volume_v1,volume,2,60,test,road_id,NL-021,1060,,True,54.6006940842,38.3948467068,10.4989890042,0.955429137,-3.73751847559,54.4726238593,-69.7572672289,-1.6807947413,54.0029386947,0.908490566038,186.966068778,,,,,,,,,,,,,
regression,recurrent_volume_v1,volume,2,60,test,road_id,NL-022,1060,,True,50.6762095778,34.1975628994,10.3955279943,0.9598953584,1.15814539172,50.6629738214,-55.6372815007,4.21741007752,51.9290525747,0.92641509434,186.923261497,,,,,,,,,,,,,
regression,recurrent_volume_v1,volume,2,60,test,road_id,NL-023,1060,,True,66.7150472944,45.0055606706,9.9143471203,0.9569891331,-0.94640836716,66.7083341622,-73.2827586469,0.214332627059,69.8010692253,0.875471698113,187.132419385,,,,,,,,,,,,,
regression,recurrent_volume_v1,volume,2,60,test,road_id,NL-024,1060,,True,57.1958810417,37.5877309335,10.6106634568,0.9484721954,-1.64830994913,57.1721250475,-61.5093108371,1.20167946166,53.6946585679,0.909433962264,186.948389825,,,,,,,,,,,,,
regression,recurrent_volume_v1,volume,2,60,test,road_id,NL-025,1060,,True,50.3367634746,34.117756086,10.2092050539,0.9572148183,2.52313841278,50.2734873432,-54.4310942772,5.89208019547,52.4332015063,0.928301886792,186.936775188,,,,,,,,,,,,,
regression,recurrent_volume_v1,volume,2,60,test,origin_hour,0,1100,,True,24.748357189,18.3092163099,11.9577699714,0.7765431883,-0.878700912286,24.7327529455,-31.5154575966,1.40670728922,26.601980418,0.993636363636,186.750839181,,,,,,,,,,,,,
regression,recurrent_volume_v1,volume,2,60,test,origin_hour,1,1100,,True,22.1098073753,16.6155881236,10.6871498655,0.8185849061,-1.12508306733,22.0811632453,-29.1101432455,0.996125079984,23.5535609413,0.997272727273,186.564628558,,,,,,,,,,,,,
regression,recurrent_volume_v1,volume,2,60,test,origin_hour,2,1100,,True,21.5026817832,16.2161956258,10.1789370063,0.8280756224,-1.22521820157,21.4677470692,-27.5382906332,0.388504334298,22.5501505983,0.998181818182,186.583648002,,,,,,,,,,,,,
regression,recurrent_volume_v1,volume,2,60,test,origin_hour,3,1100,,True,23.6049536386,17.6027138786,10.3963987121,0.8245954261,-1.83627232517,23.5334217705,-32.3967428251,0.162722496196,23.9310101281,0.996363636364,186.678365438,,,,,,,,,,,,,
regression,recurrent_volume_v1,volume,2,60,test,origin_hour,4,1100,,True,29.1793262747,22.000171132,10.6912987515,0.8400647033,-3.70023021005,28.9437623373,-40.3192092226,-3.50433736737,27.3237634262,0.991818181818,186.987989033,,,,,,,,,,,,,
regression,recurrent_volume_v1,volume,2,60,test,origin_hour,5,1100,,True,48.5761549422,36.4464445201,10.9377325713,0.8513156419,-5.29137039751,48.2871020904,-59.7296458325,-6.34891265645,48.159844141,0.929090909091,187.132419385,,,,,,,,,,,,,
regression,recurrent_volume_v1,volume,2,60,test,origin_hour,6,1100,,True,75.5904235716,57.0258647865,9.2114641347,0.867158392,-13.653046092,74.3472021541,-99.2080752962,-14.3869258947,76.5643546892,0.816363636364,187.132419385,,,,,,,,,,,,,
regression,recurrent_volume_v1,volume,2,60,test,origin_hour,7,1100,,True,100.939687581,77.2246012799,8.6215684449,0.8510136145,-25.6739910578,97.6200118423,-145.74519074,-20.7936026605,95.7426469179,0.671818181818,187.132419385,,,,,,,,,,,,,
regression,recurrent_volume_v1,volume,2,60,test,origin_hour,8,1100,,True,105.667492049,77.7924498545,9.3436164095,0.8279960248,-15.7778856933,104.48290386,-141.36025105,-14.56182259,101.547818125,0.685454545455,187.132419385,,,,,,,,,,,,,
regression,recurrent_volume_v1,volume,2,60,test,origin_hour,9,1100,,True,72.625767477,55.0628858018,9.554100216,0.8596831228,8.13848505613,72.1683252031,-76.8675035196,8.14258515752,93.3894072872,0.829090909091,187.132419385,,,,,,,,,,,,,
regression,recurrent_volume_v1,volume,2,60,test,origin_hour,10,1100,,True,54.1131994897,40.3083923058,9.6384573535,0.8480145182,5.87562777322,53.7932649807,-56.7512576359,5.13729161429,71.6431454506,0.934545454545,187.132419385,,,,,,,,,,,,,
regression,recurrent_volume_v1,volume,2,60,test,origin_hour,11,1100,,True,48.8960951891,37.7039883829,9.717600118,0.8506066906,-2.78488557168,48.8167239488,-63.3586515918,-0.85298707713,54.1896882337,0.946363636364,187.132419385,,,,,,,,,,,,,
regression,recurrent_volume_v1,volume,2,60,test,origin_hour,12,1100,,True,49.0597953425,37.648578549,9.4776123093,0.8548708317,-8.07335802824,48.390953795,-68.9345734869,-3.44245261124,49.1002330221,0.938181818182,187.132419385,,,,,,,,,,,,,
regression,recurrent_volume_v1,volume,2,60,test,origin_hour,13,1100,,True,49.6688781577,36.2919301558,9.1169280955,0.861295712,-0.0781907184142,49.6688166122,-58.5546218433,3.42283657422,54.5119037167,0.939090909091,187.132419385,,,,,,,,,,,,,
regression,recurrent_volume_v1,volume,2,60,test,origin_hour,14,1100,,True,57.9802122869,43.9152183171,9.4099951154,0.8574052239,6.93324733611,57.5641824245,-62.3239371352,5.80414863231,75.2662855163,0.902727272727,187.132419385,,,,,,,,,,,,,
regression,recurrent_volume_v1,volume,2,60,test,origin_hour,15,1100,,True,81.8789786147,61.3006677204,10.1884887738,0.8358269727,14.6268405709,80.5619182611,-76.7150611088,12.5678201661,111.056661586,0.797272727273,187.132419385,,,,,,,,,,,,,
regression,recurrent_volume_v1,volume,2,60,test,origin_hour,16,1100,,True,96.8355161695,73.7469254289,9.4818050467,0.8420347724,-11.7799997442,96.1163295067,-132.765983306,-10.3614983066,100.274040714,0.720909090909,187.132419385,,,,,,,,,,,,,
regression,recurrent_volume_v1,volume,2,60,test,origin_hour,17,1100,,True,91.921544402,71.7145933222,8.7631665966,0.8597402809,-14.1802186345,90.8212074613,-125.823227137,-13.2496373717,95.6815834356,0.712727272727,187.132419385,,,,,,,,,,,,,
regression,recurrent_volume_v1,volume,2,60,test,origin_hour,18,1100,,True,82.6000944421,61.4618349089,9.7055415841,0.833578183,-7.81370822145,82.2296878608,-105.2350082,-6.78450480368,87.9052905051,0.79,187.132419385,,,,,,,,,,,,,
regression,recurrent_volume_v1,volume,2,60,test,origin_hour,19,1100,,True,51.1727721988,38.7233523163,9.7764673691,0.8640214065,-0.559203179065,51.1697166918,-64.153504613,0.750165439997,61.2853078455,0.939090909091,187.132419385,,,,,,,,,,,,,
regression,recurrent_volume_v1,volume,2,60,test,origin_hour,20,1150,,True,34.5450963167,25.6765636485,10.5011729226,0.8475023496,-3.27644677229,34.389367195,-45.411611931,-0.214870523182,32.396727417,0.982608695652,187.082817689,,,,,,,,,,,,,
regression,recurrent_volume_v1,volume,2,60,test,origin_hour,21,1150,,True,25.8102343938,19.6189501239,11.3987996105,0.8178049892,4.34080780803,25.4425939526,-25.9065922305,6.74184886063,30.9710369795,0.992173913043,186.855471995,,,,,,,,,,,,,
regression,recurrent_volume_v1,volume,2,60,test,origin_hour,22,1100,,True,21.8969385112,16.7357254153,10.3394538187,0.8283173335,-0.0677336172218,21.896833751,-27.5119545581,2.12883738163,25.3078153004,0.998181818182,186.708222442,,,,,,,,,,,,,
regression,recurrent_volume_v1,volume,2,60,test,origin_hour,23,1100,,True,38.4106344223,29.1417468353,20.1589544864,0.4462822042,-0.891056452653,38.4002975916,-49.8551787388,3.49204780436,45.0057804369,0.971818181818,186.745039324,,,,,,,,,,,,,
regression,recurrent_volume_v1,volume,2,60,test,weekday,Friday,3800,,True,62.0599865438,42.9109139259,10.2865076856,0.9559406021,-1.72685453052,62.0359565352,-67.6245803651,-0.827808809867,64.440607876,0.886578947368,187.132419385,,,,,,,,,,,,,
regression,recurrent_volume_v1,volume,2,60,test,weekday,Monday,3600,,True,73.144870986,48.3407094974,11.4406425819,0.9373176264,-8.67264284791,72.6289020817,-85.3416310026,-6.38622089551,60.0185516353,0.860833333333,187.132419385,,,,,,,,,,,,,
regression,recurrent_volume_v1,volume,2,60,test,weekday,Saturday,4700,,True,51.0424535344,34.2933178534,10.9035772457,0.9435468628,1.47934672215,51.0210113198,-53.494830735,4.34087316634,54.4564472466,0.932127659574,187.132252882,,,,,,,,,,,,,
regression,recurrent_volume_v1,volume,2,60,test,weekday,Sunday,3600,,True,45.553612034,31.4262885752,12.4199586417,0.9462352387,-1.25133551757,45.5364220022,-54.2846198346,3.58380421944,42.1790957513,0.948055555556,186.13970467,,,,,,,,,,,,,
regression,recurrent_volume_v1,volume,2,60,test,weekday,Thursday,3600,,True,70.4011444541,48.5601649695,9.2721882922,0.9571918924,-7.35524074746,70.0158665875,-85.6171025489,-5.84350717675,68.6531490858,0.85,187.132419385,,,,,,,,,,,,,
regression,recurrent_volume_v1,volume,2,60,test,weekday,Tuesday,3600,,True,60.0077713438,41.4323430673,8.9305654379,0.9581767544,-3.55669874394,59.9022747122,-72.0744959145,-0.0189550144928,61.4669018491,0.8925,187.132419385,,,,,,,,,,,,,
regression,recurrent_volume_v1,volume,2,60,test,weekday,Wednesday,3600,,True,61.4477068393,42.7787626341,9.3086960403,0.9548764191,-3.3208637303,61.3579052763,-72.3840183433,-1.07314478599,63.3792762582,0.885,187.132419385,,,,,,,,,,,,,
regression,recurrent_volume_v1,volume,2,60,test,weekday_type,weekday,18200,,True,65.5891169005,44.7837693145,9.8525418502,0.9533732263,-4.89129961904,65.4064786075,-77.0628990629,-2.75276796539,64.1404403016,0.87510989011,187.132419385,,,,,,,,,,,,,
regression,recurrent_volume_v1,volume,2,60,test,weekday_type,weekend,8300,,True,48.7377223895,33.0497870821,11.5612848391,0.9454948919,0.294954425402,48.7368298682,-53.7525245044,4.08236482979,49.4788816274,0.939036144578,186.701750043,,,,,,,,,,,,,
regression,recurrent_volume_v1,volume,2,60,test,peak_status,evening_peak,3300,,True,77.224776986,57.2999268491,9.4150585166,0.9138382083,-7.51771001167,76.8579873319,-100.539197371,-4.40863013452,81.9244385311,0.813939393939,187.132419385,,,,,,,,,,,,,
regression,recurrent_volume_v1,volume,2,60,test,peak_status,morning_peak,3300,,True,94.2141912639,70.0266456454,9.1730950234,0.8787996182,-11.1044638983,93.5574941789,-125.187968399,-7.2868277358,95.8686183274,0.728787878788,187.132419385,,,,,,,,,,,,,
regression,recurrent_volume_v1,volume,2,60,test,peak_status,off_peak,19900,,True,49.6413100723,33.6281479937,10.7504532239,0.9529413124,-1.26232951924,49.62525758,-55.1113302878,0.777891793213,48.3368552349,0.936180904523,186.952793479,,,,,,,,,,,,,
regression,recurrent_volume_v1,volume,2,60,test,weather_condition,Clear,19908,,True,60.6571043974,40.6585321677,10.4749624223,0.9552827096,-3.49919984457,60.5560889946,-69.5685537349,-0.369854251265,56.9732755322,0.896976090014,186.952871556,,,,,,,,,,,,,
regression,recurrent_volume_v1,volume,2,60,test,weather_condition,Cloudy,4312,,True,60.2649742887,41.2365035323,9.5016552321,0.9607520604,-6.05959927488,59.9595562245,-75.2048952289,-0.717419045907,56.6336131374,0.89146567718,187.132419385,,,,,,,,,,,,,
regression,recurrent_volume_v1,volume,2,60,test,weather_condition,Fog,166,,True,86.0510295666,63.3629224635,13.9646669746,0.9081344808,6.57305145138,85.7996193703,-82.6621732885,14.2104947641,101.518324766,0.789156626506,187.132419385,,,,,,,,,,,,,
regression,recurrent_volume_v1,volume,2,60,test,weather_condition,Overcast,946,,True,58.7987261195,40.7968392979,9.9254414463,0.9492752648,-4.80361913159,58.6021794519,-68.5803235578,-0.312763455647,55.7041342673,0.901691331924,187.132419385,,,,,,,,,,,,,
regression,recurrent_volume_v1,volume,2,60,test,weather_condition,Rain,1168,,True,62.7775227602,45.3971897045,12.0382142542,0.9310221338,10.8481407541,61.8331238584,-57.787443806,7.51734510449,83.3274211955,0.88698630137,187.132318905,,,,,,,,,,,,,
regression,recurrent_volume_v1,volume,2,60,test,actual_congestion,Free-flow,16098,,True,38.9568638591,26.3566904968,11.3619373063,0.8881841526,4.64908018578,38.6784603515,-36.1321857822,3.61474867463,43.8490586454,0.973102248727,186.910369718,,,,,,,,,,,,,
regression,recurrent_volume_v1,volume,2,60,test,actual_congestion,Heavy,2536,,True,82.6463540159,64.8189536323,7.741384431,0.7329592186,-12.8192257551,81.6461100308,-114.177210467,-13.0855750406,87.2192407826,0.76143533123,187.132419385,,,,,,,,,,,,,
regression,recurrent_volume_v1,volume,2,60,test,actual_congestion,Moderate,6331,,True,70.9258742343,53.9744029723,9.1567144388,0.7219491757,1.9529319511,70.8989823107,-77.5376852404,-4.48235288143,91.6858148727,0.847259516664,187.132419385,,,,,,,,,,,,,
regression,recurrent_volume_v1,volume,2,60,test,actual_congestion,Severe,1535,,True,126.1038965,103.579816977,9.6202925421,0.6730658342,-92.03184354,86.2109766047,-201.41305184,-90.0559815535,8.5425184169,0.495765472313,187.132419385,,,,,,,,,,,,,
regression,recurrent_volume_v1,volume,2,60,validation,overall,all,26500,,True,58.8065503963,40.1469363446,10.0939350259,0.9551899712,-3.69697715078,58.6902268649,-69.042636223,-0.268339571485,57.2244069919,0.900037735849,187.128429112,,,,,,,,,,,,,
regression,recurrent_volume_v1,volume,2,60,validation,road_id,NL-001,1060,,True,59.7350127183,39.9112084834,10.2286222876,0.9495776941,-4.36294915809,59.5754682659,-70.1672784454,-0.7693920496,55.9110360555,0.898113207547,187.132419385,,,,,,,,,,,,,
regression,recurrent_volume_v1,volume,2,60,validation,road_id,NL-002,1060,,True,72.9164509738,51.6560619382,10.3969045839,0.9496240517,-2.99201075549,72.8550389077,-86.1632851208,-0.765387098936,74.0755387542,0.846226415094,187.132419385,,,,,,,,,,,,,
regression,recurrent_volume_v1,volume,2,60,validation,road_id,NL-003,1060,,True,55.7710008967,38.4298121189,9.8527831332,0.9428523999,-10.4752001856,54.7784147461,-65.7554986568,-8.27052230967,48.3595139582,0.911320754717,187.132419385,,,,,,,,,,,,,
regression,recurrent_volume_v1,volume,2,60,validation,road_id,NL-004,1060,,True,70.9129177723,49.8751334665,9.8129725467,0.9454390206,-10.8802446958,70.0732629635,-90.6982241799,-8.00807907013,71.2825395681,0.849056603774,187.132419385,,,,,,,,,,,,,
regression,recurrent_volume_v1,volume,2,60,validation,road_id,NL-005,1060,,True,69.0078885409,48.3299320277,9.8771259672,0.9427299642,-15.7786107278,67.1797895529,-93.2456708937,-11.2132556745,57.3543072595,0.855660377358,187.132419385,,,,,,,,,,,,,
regression,recurrent_volume_v1,volume,2,60,validation,road_id,NL-006,1060,,True,76.3120944702,53.1554199336,9.7737654312,0.9421622549,-9.12968936313,75.7640055341,-93.46619998,-8.98956055428,76.3764711255,0.819811320755,187.132419385,,,,,,,,,,,,,
regression,recurrent_volume_v1,volume,2,60,validation,road_id,NL-007,1060,,True,56.39290673,38.2095204198,9.7002475788,0.957114339,-4.57517904397,56.2070072693,-68.6681258038,2.04328715747,51.868507933,0.903773584906,187.132419385,,,,,,,,,,,,,
regression,recurrent_volume_v1,volume,2,60,validation,road_id,NL-008,1060,,True,63.2958382457,43.4768477739,9.9290936552,0.9587460423,-1.38483206175,63.2806872544,-70.2784293456,4.95096598582,62.8721029009,0.875471698113,187.132419385,,,,,,,,,,,,,
regression,recurrent_volume_v1,volume,2,60,validation,road_id,NL-009,1060,,True,48.9872623498,34.6276780794,9.8034274179,0.9451435601,-9.98117087129,47.9596507553,-65.4417920348,-9.0131962235,42.2445748151,0.930188679245,187.132419385,,,,,,,,,,,,,
regression,recurrent_volume_v1,volume,2,60,validation,road_id,NL-010,1060,,True,62.8824568432,42.4314785449,9.9788761821,0.9559909843,3.7236842651,62.7721080905,-63.9270545487,4.12820061337,67.0240286818,0.891509433962,187.132419385,,,,,,,,,,,,,
regression,recurrent_volume_v1,volume,2,60,validation,road_id,NL-011,1060,,True,50.241352774,34.8019065683,10.3376242566,0.9573674714,-1.96426824215,50.2029399421,-60.705281709,3.17440418868,47.9146858046,0.922641509434,187.131369128,,,,,,,,,,,,,
regression,recurrent_volume_v1,volume,2,60,validation,road_id,NL-012,1060,,True,39.0791408737,27.6429607435,9.5769462463,0.9485460588,-0.953946769161,39.067495914,-46.8996675131,0.264096261429,42.459186319,0.96320754717,187.108880962,,,,,,,,,,,,,
regression,recurrent_volume_v1,volume,2,60,validation,road_id,NL-013,1060,,True,43.0017421159,30.4991953437,9.6897506652,0.9474641703,-4.03261626653,42.8122392669,-56.0677201027,-2.34075484893,44.4799952646,0.949056603774,187.081683611,,,,,,,,,,,,,
regression,recurrent_volume_v1,volume,2,60,validation,road_id,NL-014,1060,,True,64.9359791482,44.3955985711,10.3432335135,0.9588046681,5.24971416053,64.7234261236,-65.3255333685,9.28073090802,72.6284523899,0.878301886792,187.132419385,,,,,,,,,,,,,
regression,recurrent_volume_v1,volume,2,60,validation,road_id,NL-015,1060,,True,64.4562507015,46.8927587427,10.4122358539,0.9423680965,-13.4462911216,63.0381274276,-86.3492506844,-14.575394494,62.1694403306,0.867924528302,187.132419385,,,,,,,,,,,,,
regression,recurrent_volume_v1,volume,2,60,validation,road_id,NL-016,1060,,True,65.2523993779,45.138301973,9.895839727,0.9522722025,-3.85957656135,65.138155434,-75.2437248786,0.269855348653,67.4623294385,0.880188679245,187.132419385,,,,,,,,,,,,,
regression,recurrent_volume_v1,volume,2,60,validation,road_id,NL-017,1060,,True,47.6774305515,33.6723999456,10.7480534878,0.9560601456,-1.8055091651,47.6432316352,-62.5510828574,4.24280044909,45.696554953,0.928301886792,187.128052214,,,,,,,,,,,,,
regression,recurrent_volume_v1,volume,2,60,validation,road_id,NL-018,1060,,True,42.3268904314,29.7678346873,9.9979193777,0.9498882528,-0.640527947467,42.3220436361,-49.7230264951,2.23710716653,44.8907813598,0.955660377358,187.129329683,,,,,,,,,,,,,
regression,recurrent_volume_v1,volume,2,60,validation,road_id,NL-019,1060,,True,79.6407376054,54.9170173424,10.3614269186,0.9385220013,-5.76225259138,79.4320057119,-87.3417972003,-5.47914283576,76.1276441746,0.833018867925,187.132419385,,,,,,,,,,,,,
regression,recurrent_volume_v1,volume,2,60,validation,road_id,NL-020,1060,,True,43.172375644,30.6487959077,11.1713610787,0.9562503368,3.83967352907,43.0012898172,-47.3895275493,7.64503782939,48.1063829877,0.949056603774,187.118696607,,,,,,,,,,,,,
regression,recurrent_volume_v1,volume,2,60,validation,road_id,NL-021,1060,,True,52.5153554141,36.5750474717,9.6283739383,0.9561499465,-3.57716414277,52.3933817477,-65.0699735089,-0.655888403398,51.8910115367,0.92358490566,187.132419385,,,,,,,,,,,,,
regression,recurrent_volume_v1,volume,2,60,validation,road_id,NL-022,1060,,True,51.0030385895,34.971762182,10.7542799601,0.9561476373,2.55287865523,50.9391083151,-52.1615205372,4.57042591374,59.7342082432,0.935849056604,187.129166669,,,,,,,,,,,,,
regression,recurrent_volume_v1,volume,2,60,validation,road_id,NL-023,1060,,True,62.8415887841,44.1898905887,9.5559467226,0.9588523851,-2.22796199275,62.8020817033,-74.4362520099,0.99591086802,65.8427130134,0.883018867925,187.132419385,,,,,,,,,,,,,
regression,recurrent_volume_v1,volume,2,60,validation,road_id,NL-024,1060,,True,51.712214342,35.0220091976,9.9338334843,0.9539158345,-1.80110906901,51.6808389858,-62.7101292239,1.50990978343,51.1166084544,0.928301886792,187.132419385,,,,,,,,,,,,,
regression,recurrent_volume_v1,volume,2,60,validation,road_id,NL-025,1060,,True,50.2169946545,34.4348365644,10.5877316333,0.9553456386,1.84073135266,50.1832468082,-51.7789041355,4.50572161399,52.4179175161,0.921698113208,187.132419385,,,,,,,,,,,,,
regression,recurrent_volume_v1,volume,2,60,validation,origin_hour,0,1100,,True,23.0605367996,17.917068248,11.9335189617,0.746617857,0.645138994862,23.0515108651,-26.5216757975,1.56660169504,27.97913496,0.999090909091,187.132419385,,,,,,,,,,,,,
regression,recurrent_volume_v1,volume,2,60,validation,origin_hour,1,1100,,True,21.9756577797,16.9547219787,10.7623951943,0.7699544851,0.752397210241,21.9627738068,-26.9866941436,1.88654734154,26.7944503974,0.999090909091,187.131796206,,,,,,,,,,,,,
regression,recurrent_volume_v1,volume,2,60,validation,origin_hour,2,1100,,True,22.650381625,17.2781514885,10.7770165715,0.7753528145,-0.624452183185,22.6417721751,-26.0266665363,0.343155801431,26.4983292153,0.998181818182,187.132419385,,,,,,,,,,,,,
regression,recurrent_volume_v1,volume,2,60,validation,origin_hour,3,1100,,True,23.7777998626,17.9635084763,10.9688585138,0.7818630916,0.814536507171,23.7638443141,-28.7312118561,1.5338246427,28.6740730991,0.997272727273,187.131844417,,,,,,,,,,,,,
regression,recurrent_volume_v1,volume,2,60,validation,origin_hour,4,1125,,True,27.2737748996,20.5037296381,10.046708809,0.8222144977,-2.06614137045,27.1954013964,-34.4104436733,-1.79407952655,29.659887297,0.995555555556,187.132419385,,,,,,,,,,,,,
regression,recurrent_volume_v1,volume,2,60,validation,origin_hour,5,1150,,True,47.5684926479,35.2517258364,10.0708289199,0.8345837917,-10.606891459,46.3708458665,-66.6998872098,-9.08413067235,43.4140470397,0.953913043478,187.132419385,,,,,,,,,,,,,
regression,recurrent_volume_v1,volume,2,60,validation,origin_hour,6,1125,,True,77.2294951418,58.2196647362,9.1893933419,0.841591007,-18.6825628861,74.9356841822,-111.356476538,-14.3356256598,65.0556167306,0.801777777778,187.132419385,,,,,,,,,,,,,
regression,recurrent_volume_v1,volume,2,60,validation,origin_hour,7,1100,,True,99.9510697584,76.332639436,8.450823462,0.8170874398,-23.414219176,97.1699062788,-143.530988462,-18.8395600501,90.4108692015,0.690909090909,187.132419385,,,,,,,,,,,,,
regression,recurrent_volume_v1,volume,2,60,validation,origin_hour,8,1100,,True,97.8350691574,72.6915805463,8.5600365392,0.810678735,-21.6587798316,95.4075364593,-127.850052426,-19.9014718186,85.7110768183,0.723636363636,187.132419385,,,,,,,,,,,,,
regression,recurrent_volume_v1,volume,2,60,validation,origin_hour,9,1100,,True,68.5742159764,52.1241849855,8.8825261227,0.8386207861,1.86344709102,68.5488924908,-82.3635061463,5.26917235311,82.61361994,0.860909090909,187.132419385,,,,,,,,,,,,,
regression,recurrent_volume_v1,volume,2,60,validation,origin_hour,10,1100,,True,53.2611394562,40.3643756357,9.5266390761,0.8172755759,4.0981812994,53.1032380011,-59.2947004337,4.05696036174,66.5506431692,0.92,187.132419385,,,,,,,,,,,,,
regression,recurrent_volume_v1,volume,2,60,validation,origin_hour,11,1100,,True,46.147807643,34.8097812475,8.7099724388,0.8379652186,-4.64329534305,45.9136140879,-61.5541017137,-2.68744011635,47.0339719288,0.942727272727,187.132419385,,,,,,,,,,,,,
regression,recurrent_volume_v1,volume,2,60,validation,origin_hour,12,1100,,True,45.6778249956,34.5168032959,8.6680916233,0.8323242873,-9.31707699008,44.7175108061,-64.0447209734,-7.76308123074,42.0182770961,0.955454545455,187.132419385,,,,,,,,,,,,,
regression,recurrent_volume_v1,volume,2,60,validation,origin_hour,13,1100,,True,49.4405278643,36.9058456881,8.990589098,0.82432524,-1.37433345568,49.4214225115,-60.6889366661,1.39373630212,53.3544417011,0.936363636364,187.132419385,,,,,,,,,,,,,
regression,recurrent_volume_v1,volume,2,60,validation,origin_hour,14,1100,,True,57.9194550365,43.1171134999,9.12458004,0.8256008642,2.78944352743,57.852245216,-65.0146771377,2.21451922665,69.5607010941,0.901818181818,187.132419385,,,,,,,,,,,,,
regression,recurrent_volume_v1,volume,2,60,validation,origin_hour,15,1100,,True,78.6994541455,59.4325209317,9.7277749985,0.7901125824,14.5596203,77.3409434874,-76.7272106086,11.6893812022,108.32059685,0.800909090909,187.132419385,,,,,,,,,,,,,
regression,recurrent_volume_v1,volume,2,60,validation,origin_hour,16,1100,,True,94.1090315827,73.4072207044,9.4195879105,0.8047484099,-14.1307936643,93.0420899156,-128.821258926,-14.5701276677,101.062837542,0.704545454545,187.132419385,,,,,,,,,,,,,
regression,recurrent_volume_v1,volume,2,60,validation,origin_hour,17,1100,,True,93.021752722,73.8310065786,9.1958958191,0.8243638207,-10.2570234249,92.4545290937,-133.566050734,-8.58479463084,106.374251026,0.691818181818,187.132419385,,,,,,,,,,,,,
regression,recurrent_volume_v1,volume,2,60,validation,origin_hour,18,1100,,True,72.727165948,56.363682523,9.0008529807,0.8454918652,-9.87507629999,72.0536156962,-99.0938425111,-9.68715438297,78.5742623354,0.818181818182,187.132419385,,,,,,,,,,,,,
regression,recurrent_volume_v1,volume,2,60,validation,origin_hour,19,1100,,True,49.1441160126,37.3283917726,9.6156905476,0.8478317425,3.98993441579,48.9818799355,-54.7660827921,5.62501320233,62.5102123044,0.943636363636,187.132419385,,,,,,,,,,,,,
regression,recurrent_volume_v1,volume,2,60,validation,origin_hour,20,1100,,True,34.5116191345,26.3748601672,11.0404806482,0.8231314532,0.910256372323,34.4996128764,-42.1054211393,3.71525926524,40.429025581,0.983636363636,187.132419385,,,,,,,,,,,,,
regression,recurrent_volume_v1,volume,2,60,validation,origin_hour,21,1100,,True,24.5652088168,19.1054410817,11.0481075605,0.8109600414,7.1402945258,23.504588452,-21.3228694407,8.98011060169,33.8812037467,0.996363636364,187.120581567,,,,,,,,,,,,,
regression,recurrent_volume_v1,volume,2,60,validation,origin_hour,22,1100,,True,21.5840013143,16.935387116,10.9098895013,0.7990195869,2.09727109266,21.4818659967,-25.6121667289,3.4351948364,27.2747739681,1,187.074817817,,,,,,,,,,,,,
regression,recurrent_volume_v1,volume,2,60,validation,origin_hour,23,1100,,True,34.7540520053,26.0552689165,17.6568633093,0.4498259828,-1.11972281278,34.736009437,-44.7150482468,-0.178270138931,38.8177959946,0.982727272727,187.106927618,,,,,,,,,,,,,
regression,recurrent_volume_v1,volume,2,60,validation,weekday,Friday,3925,,True,59.0392925798,41.3129404516,9.5930324528,0.9593667284,-5.19752996063,58.8100650453,-69.7818767511,-4.26125146031,59.6403634296,0.894012738854,187.132419385,,,,,,,,,,,,,
regression,recurrent_volume_v1,volume,2,60,validation,weekday,Monday,3600,,True,65.1402870344,44.1903759104,9.8978292892,0.9499820884,-2.58886363618,65.0888222354,-74.1719505357,-1.40373150202,63.8169648766,0.8775,187.132419385,,,,,,,,,,,,,
regression,recurrent_volume_v1,volume,2,60,validation,weekday,Saturday,3600,,True,50.8501491076,33.4438898118,10.0276744024,0.943816424,1.21225222666,50.8356971901,-50.1599804713,3.54949830444,51.5896317167,0.933611111111,187.132175268,,,,,,,,,,,,,
regression,recurrent_volume_v1,volume,2,60,validation,weekday,Sunday,3600,,True,44.5418206894,31.9255202352,10.1290996726,0.9552174884,-1.44720954194,44.5183038184,-57.0189162534,1.78732317855,46.3719010896,0.946944444444,187.132419385,,,,,,,,,,,,,
regression,recurrent_volume_v1,volume,2,60,validation,weekday,Thursday,4575,,True,63.5222465111,44.3938088453,9.3998664537,0.9534021767,-9.06992265594,62.8713949649,-83.1027243637,-5.69524693733,59.7289404559,0.874754098361,187.132419385,,,,,,,,,,,,,
regression,recurrent_volume_v1,volume,2,60,validation,weekday,Tuesday,3600,,True,62.4727645917,43.6035484828,10.2289135786,0.9559418582,-2.65633595643,62.4162654683,-75.4133092836,1.60011439812,67.7821462848,0.875,187.132419385,,,,,,,,,,,,,
regression,recurrent_volume_v1,volume,2,60,validation,weekday,Wednesday,3600,,True,61.7432866923,40.9030117801,11.6143266082,0.9499919669,-4.54059121694,61.5761031811,-70.8869740914,2.24135553964,52.8850710282,0.905833333333,187.10329066,,,,,,,,,,,,,
regression,recurrent_volume_v1,volume,2,60,validation,weekday_type,weekday,19300,,True,62.4174536984,42.9307739359,10.0997353117,0.9543719507,-5.03233410159,62.2142599384,-75.4719943977,-1.71311251553,60.9105611342,0.885025906736,187.126986048,,,,,,,,,,,,,
regression,recurrent_volume_v1,volume,2,60,validation,weekday_type,weekend,7200,,True,47.8001645112,32.6847050235,10.0783870375,0.9494083718,-0.11747865764,47.8000201471,-54.4858490349,2.78692070849,48.1883812668,0.940277777778,187.132297327,,,,,,,,,,,,,
regression,recurrent_volume_v1,volume,2,60,validation,peak_status,evening_peak,3300,,True,73.8408903995,55.8410269581,9.2708131158,0.9102312235,-5.38072176969,73.6445851928,-98.4018218871,-2.31724290751,81.7150387835,0.817878787879,187.132419385,,,,,,,,,,,,,
regression,recurrent_volume_v1,volume,2,60,validation,peak_status,morning_peak,3300,,True,89.933939088,67.0494683226,8.631128708,0.867521275,-14.4031839722,88.7730910319,-120.941478085,-10.2243972686,85.4243858208,0.758484848485,187.132419385,,,,,,,,,,,,,
regression,recurrent_volume_v1,volume,2,60,validation,peak_status,off_peak,19900,,True,48.5770517604,33.0831748094,10.4730085512,0.95167344,-1.64236208782,48.5492801647,-55.1119599919,0.636091480452,46.6706435118,0.937135678392,187.127105705,,,,,,,,,,,,,
regression,recurrent_volume_v1,volume,2,60,validation,weather_condition,Clear,19716,,True,57.2670064842,39.2659813718,9.9091599319,0.9574046807,-4.04766983633,57.1237813924,-68.0863080177,-0.762875556928,55.4999341522,0.904443091905,187.131064737,,,,,,,,,,,,,
regression,recurrent_volume_v1,volume,2,60,validation,weather_condition,Cloudy,5008,,True,62.7725896289,42.8206196292,10.4354819605,0.9497703288,-3.3661706704,62.6822694527,-74.4445433872,1.31322772647,61.2109583463,0.886980830671,187.128065113,,,,,,,,,,,,,
regression,recurrent_volume_v1,volume,2,60,validation,weather_condition,Fog,176,,True,80.4047185205,46.7531947024,12.0032633577,0.8680819072,-10.6294532947,79.6990180807,-72.9047929643,-1.89186137579,57.5099839484,0.914772727273,187.132419385,,,,,,,,,,,,,
regression,recurrent_volume_v1,volume,2,60,validation,weather_condition,Overcast,856,,True,55.3604596744,37.9076156496,9.7424142624,0.9603056403,-4.69896079013,55.1606767802,-67.2211636187,-2.10207509941,49.8513652934,0.91238317757,187.132419385,,,,,,,,,,,,,
regression,recurrent_volume_v1,volume,2,60,validation,weather_condition,Rain,744,,True,68.4796882817,46.5088441386,12.6442289667,0.938905147,6.1624206061,68.2018495309,-63.8468160627,7.72985245771,82.8641854474,0.853494623656,187.0555003,,,,,,,,,,,,,
regression,recurrent_volume_v1,volume,2,60,validation,actual_congestion,Free-flow,16029,,True,36.0057136549,25.7112442849,10.9725252437,0.9061010431,5.43178395236,35.5936390229,-34.372718042,4.11634951887,44.4610197893,0.976792064383,187.125822453,,,,,,,,,,,,,
regression,recurrent_volume_v1,volume,2,60,validation,actual_congestion,Heavy,2526,,True,80.932599995,63.5993158561,7.6754017888,0.730278045,-15.3453448531,79.4644960551,-111.877825361,-18.4083006565,82.5648459046,0.778701504355,187.132419385,,,,,,,,,,,,,
regression,recurrent_volume_v1,volume,2,60,validation,actual_congestion,Moderate,6535,,True,69.0736442093,52.5661372268,8.9177628021,0.734071734,-0.661337458351,69.070478188,-80.3339445304,-5.85361338726,86.3215544375,0.847742922724,187.132419385,,,,,,,,,,,,,
regression,recurrent_volume_v1,volume,2,60,validation,actual_congestion,Severe,1410,,True,128.099292784,104.67851054,9.8900895218,0.55821202,-100.675019914,79.208390824,-198.116299846,-96.1444530853,-5.39373465625,0.487234042553,187.132419385,,,,,,,,,,,,,
regression,recurrent_volume_v1,volume,3,90,test,overall,all,26500,,True,61.2014480977,41.6956081508,10.9788224194,0.9546474765,0.186640547619,61.2011635066,-66.3891901961,2.15731765429,63.9227262965,0.892377358491,186.371821427,,,,,,,,,,,,,
regression,recurrent_volume_v1,volume,3,90,test,road_id,NL-001,1060,,True,58.6961583573,40.6538546978,10.8454129125,0.9532712697,0.429074897026,58.6945900457,-63.8839333238,0.641907340275,64.236441775,0.900943396226,186.415875935,,,,,,,,,,,,,
regression,recurrent_volume_v1,volume,3,90,test,road_id,NL-002,1060,,True,76.0050192734,52.9687540116,10.9852487707,0.9490006891,-0.993211265136,75.9985294998,-83.0663602023,-0.360603209635,77.8171382366,0.845283018868,186.415875935,,,,,,,,,,,,,
regression,recurrent_volume_v1,volume,3,90,test,road_id,NL-003,1060,,True,57.3871647659,39.7714442091,10.9263768727,0.9430502949,-4.10728172749,57.2399940311,-66.2883933863,-5.0600481007,56.3798567335,0.908490566038,186.405844296,,,,,,,,,,,,,
regression,recurrent_volume_v1,volume,3,90,test,road_id,NL-004,1060,,True,73.0428169579,51.7984119062,10.7400496146,0.947101472,-5.99287466834,72.7965559787,-89.3820049516,-6.81863579985,73.1666062093,0.83679245283,186.415875935,,,,,,,,,,,,,
regression,recurrent_volume_v1,volume,3,90,test,road_id,NL-005,1060,,True,69.6918077538,49.0287499817,10.5138983382,0.9451887554,-8.33278947646,69.1918541993,-84.0198064372,-9.10115930961,67.300445005,0.850943396226,186.415875935,,,,,,,,,,,,,
regression,recurrent_volume_v1,volume,3,90,test,road_id,NL-006,1060,,True,77.0225592547,55.1093104236,10.5501930036,0.9452832464,-4.19312126489,76.9083374427,-89.9355761188,-2.96076458268,84.2724654844,0.817924528302,186.415875935,,,,,,,,,,,,,
regression,recurrent_volume_v1,volume,3,90,test,road_id,NL-007,1060,,True,59.4733457418,40.4428798259,10.9875590602,0.9546554884,0.208983099503,59.4729785683,-58.0928262503,1.78553710382,67.0510502805,0.904716981132,186.415875935,,,,,,,,,,,,,
regression,recurrent_volume_v1,volume,3,90,test,road_id,NL-008,1060,,True,67.1455643378,45.7475714767,10.5911547003,0.9553801786,3.08459287735,67.0746755267,-68.8272139368,4.28840921954,72.663491026,0.865094339623,186.415875935,,,,,,,,,,,,,
regression,recurrent_volume_v1,volume,3,90,test,road_id,NL-009,1060,,True,51.7573200323,36.3893513755,10.4543290893,0.9452285306,-5.898412158,51.4201216543,-64.8829881072,-5.64022657461,52.209857409,0.924528301887,186.355162985,,,,,,,,,,,,,
regression,recurrent_volume_v1,volume,3,90,test,road_id,NL-010,1060,,True,63.8047309329,44.1431174227,10.3570273981,0.9603853572,0.278051652345,63.8041250759,-73.5932124985,4.27550356913,68.6024817071,0.870754716981,186.415875935,,,,,,,,,,,,,
regression,recurrent_volume_v1,volume,3,90,test,road_id,NL-011,1060,,True,49.2102401796,33.7750886941,10.6233229264,0.9614228163,3.59761108299,49.0785587912,-51.7708149705,6.59562520798,53.3289944366,0.925471698113,186.380438898,,,,,,,,,,,,,
regression,recurrent_volume_v1,volume,3,90,test,road_id,NL-012,1060,,True,40.4549472999,29.3214083005,10.8332807799,0.9500965013,1.08103222244,40.4405011143,-47.1737851563,3.28451086625,45.9470592818,0.957547169811,186.210202663,,,,,,,,,,,,,
regression,recurrent_volume_v1,volume,3,90,test,road_id,NL-013,1060,,True,44.3141599709,30.3569945118,10.1900728435,0.9498243618,-1.69538680504,44.2817167408,-48.170445861,-0.145842250017,41.1042961127,0.95,186.259601942,,,,,,,,,,,,,
regression,recurrent_volume_v1,volume,3,90,test,road_id,NL-014,1060,,True,72.4792359761,47.2848843529,11.1739329537,0.9530887625,7.11814455343,72.1288545992,-67.7063887409,9.40950510764,77.6049428055,0.866981132075,186.415875935,,,,,,,,,,,,,
regression,recurrent_volume_v1,volume,3,90,test,road_id,NL-015,1060,,True,68.3943998603,48.8289642319,11.0781739567,0.9379047446,-2.75415103525,68.3389243721,-76.3864278187,-4.78401319364,76.0665123968,0.85,186.415875935,,,,,,,,,,,,,
regression,recurrent_volume_v1,volume,3,90,test,road_id,NL-016,1060,,True,69.1137093835,48.7918725793,10.7999225682,0.9497266951,0.426920368933,69.112390812,-76.6078476963,-1.36728792418,79.9655788038,0.846226415094,186.415875935,,,,,,,,,,,,,
regression,recurrent_volume_v1,volume,3,90,test,road_id,NL-017,1060,,True,47.9190254367,33.4638139461,11.9490468496,0.9578493836,2.90951024844,47.8306151844,-55.9443460927,7.79759823491,48.8799743233,0.933018867925,186.285386744,,,,,,,,,,,,,
regression,recurrent_volume_v1,volume,3,90,test,road_id,NL-018,1060,,True,46.6158436159,32.3763843875,12.052579676,0.9425118545,3.74186441768,46.4654207632,-47.896246786,6.28736342582,48.2464512022,0.944339622642,186.214455004,,,,,,,,,,,,,
regression,recurrent_volume_v1,volume,3,90,test,road_id,NL-019,1060,,True,82.1803058387,55.7619556242,10.8607278808,0.9408893725,-5.68900839163,81.9831558996,-89.6725023441,-5.56568120124,82.6930838229,0.819811320755,186.415875935,,,,,,,,,,,,,
regression,recurrent_volume_v1,volume,3,90,test,road_id,NL-020,1060,,True,46.467620961,33.1029679115,12.7191541605,0.9539914353,4.69567983033,46.2297565288,-53.0163237743,10.1427223404,51.6529149811,0.944339622642,186.234697128,,,,,,,,,,,,,
regression,recurrent_volume_v1,volume,3,90,test,road_id,NL-021,1060,,True,55.7853721151,39.4666933475,11.2136429946,0.9535233714,0.553692235636,55.7826242385,-65.7370662727,2.46102703161,61.4911847498,0.905660377358,186.388600331,,,,,,,,,,,,,
regression,recurrent_volume_v1,volume,3,90,test,road_id,NL-022,1060,,True,51.312154612,35.3262959202,11.3651525783,0.9589087328,5.1341861634,51.0546505558,-51.2728805723,7.59049834964,56.3811356637,0.92641509434,186.38400203,,,,,,,,,,,,,
regression,recurrent_volume_v1,volume,3,90,test,road_id,NL-023,1060,,True,66.5636372592,45.3501293053,10.3319697109,0.9572292838,1.94709841587,66.5351532119,-69.7541725749,2.22228147946,74.5134915794,0.87358490566,186.415875935,,,,,,,,,,,,,
regression,recurrent_volume_v1,volume,3,90,test,road_id,NL-024,1060,,True,57.8222760087,38.2255997311,11.2806995872,0.947368046,2.48966991058,57.7686519365,-57.5540517654,2.64377451836,59.8228671815,0.91320754717,186.387272028,,,,,,,,,,,,,
regression,recurrent_volume_v1,volume,3,90,test,road_id,NL-025,1060,,True,50.7353217174,34.9037055961,11.0476312575,0.9565763331,6.62613850678,50.3007669749,-49.5356662581,8.48855027314,57.4983452222,0.927358490566,186.383484471,,,,,,,,,,,,,
regression,recurrent_volume_v1,volume,3,90,test,origin_hour,0,1100,,True,26.0416245222,19.916713412,13.5864178992,0.7486228718,0.235903495614,26.0405560097,-33.0403824871,2.29812669433,30.0004327012,0.996363636364,186.275424118,,,,,,,,,,,,,
regression,recurrent_volume_v1,volume,3,90,test,origin_hour,1,1100,,True,23.4430512738,17.9315989026,12.0582821833,0.7993081556,0.992416623564,23.4220358268,-29.3908692443,3.01157802661,27.8594292917,0.997272727273,186.211967762,,,,,,,,,,,,,
regression,recurrent_volume_v1,volume,3,90,test,origin_hour,2,1100,,True,23.7403460267,18.3255373204,12.040705258,0.8062035086,1.91633300563,23.66287593,-26.5842150978,4.90651373342,27.8241382338,0.996363636364,186.259191678,,,,,,,,,,,,,
regression,recurrent_volume_v1,volume,3,90,test,origin_hour,3,1100,,True,26.0437849848,20.0356525677,11.6590529906,0.823360731,1.19180524323,26.0165012367,-32.045854757,2.63773225852,30.703450602,0.996363636364,186.358318021,,,,,,,,,,,,,
regression,recurrent_volume_v1,volume,3,90,test,origin_hour,4,1100,,True,38.741185488,28.4379629409,11.2967709525,0.8218397502,1.47273606175,38.7131825288,-40.9361641944,-0.228285775691,42.7019540772,0.968181818182,186.414230686,,,,,,,,,,,,,
regression,recurrent_volume_v1,volume,3,90,test,origin_hour,5,1100,,True,61.0825620415,45.4679723415,9.8305049087,0.8628212525,-7.93851048759,60.5645064108,-81.0775981907,-9.38716358247,62.9934273586,0.872727272727,186.415875935,,,,,,,,,,,,,
regression,recurrent_volume_v1,volume,3,90,test,origin_hour,6,1100,,True,91.9997769978,69.7750635398,9.0690267408,0.858587098,-14.8112849488,90.7996960668,-122.367295186,-16.6562404149,98.1560588263,0.727272727273,186.415875935,,,,,,,,,,,,,
regression,recurrent_volume_v1,volume,3,90,test,origin_hour,7,1100,,True,102.199345759,77.8305403957,8.6066055093,0.8517677021,-12.0875759092,101.482002257,-133.464812042,-8.51796552485,110.14574195,0.675454545455,186.415875935,,,,,,,,,,,,,
regression,recurrent_volume_v1,volume,3,90,test,origin_hour,8,1100,,True,94.6608234891,68.6774650662,9.8151142682,0.826584591,1.40253564684,94.6504326318,-111.168890284,0.0797403202353,107.467328728,0.748181818182,186.415875935,,,,,,,,,,,,,
regression,recurrent_volume_v1,volume,3,90,test,origin_hour,9,1100,,True,61.3972000589,47.0399672188,9.8917905641,0.8553528081,10.2134553242,60.5417335844,-63.7090748546,8.62414099419,81.3923224417,0.878181818182,186.415875935,,,,,,,,,,,,,
regression,recurrent_volume_v1,volume,3,90,test,origin_hour,10,1100,,True,50.1079031047,37.4703577825,9.7843914967,0.8488749081,4.01848982434,49.9465083172,-54.8038664241,3.23322251662,61.6090517058,0.942727272727,186.415875935,,,,,,,,,,,,,
regression,recurrent_volume_v1,volume,3,90,test,origin_hour,11,1100,,True,48.1866456391,37.3719295483,9.8204749966,0.8551122935,-0.248469989397,48.1860050285,-60.0945588058,3.0438276255,57.2576564444,0.940909090909,186.415875935,,,,,,,,,,,,,
regression,recurrent_volume_v1,volume,3,90,test,origin_hour,12,1100,,True,50.7600549055,37.3508605514,9.6633198749,0.849839593,-4.40224699004,50.5687986356,-66.3926548056,0.186569385262,50.8779004655,0.942727272727,186.415875935,,,,,,,,,,,,,
regression,recurrent_volume_v1,volume,3,90,test,origin_hour,13,1100,,True,53.8801053506,41.1575347445,9.78571371,0.8524074808,9.87493054885,52.967456983,-52.7592508984,10.6505625812,75.1401783178,0.917272727273,186.415875935,,,,,,,,,,,,,
regression,recurrent_volume_v1,volume,3,90,test,origin_hour,14,1100,,True,68.4400234714,51.4669589465,9.9040220225,0.8486970157,14.7699890667,66.8272716467,-59.4385497908,11.9691204192,95.7156283674,0.849090909091,186.415875935,,,,,,,,,,,,,
regression,recurrent_volume_v1,volume,3,90,test,origin_hour,15,1100,,True,94.4591704133,69.7608782914,10.0117068829,0.8302669947,11.3208702107,93.7783171786,-97.8080534814,8.25350164072,121.619606698,0.729090909091,186.415875935,,,,,,,,,,,,,
regression,recurrent_volume_v1,volume,3,90,test,origin_hour,16,1100,,True,94.2681383276,72.8295072844,8.9027218632,0.8561759462,-10.6031624052,93.6699250067,-125.083437629,-9.0530703774,99.9613738267,0.714545454545,186.415875935,,,,,,,,,,,,,
regression,recurrent_volume_v1,volume,3,90,test,origin_hour,17,1100,,True,89.8282182648,69.1932018171,9.3353715633,0.8455956887,-5.90120772724,89.634170627,-115.033450653,-5.41928396701,104.119006926,0.731818181818,186.415875935,,,,,,,,,,,,,
regression,recurrent_volume_v1,volume,3,90,test,origin_hour,18,1100,,True,66.9923651466,50.3057628454,9.954219972,0.8454077787,-1.17997754823,66.9819725069,-77.8725551022,-3.70541569369,77.4176953103,0.862727272727,186.415875935,,,,,,,,,,,,,
regression,recurrent_volume_v1,volume,3,90,test,origin_hour,19,1100,,True,41.6370400869,30.423608621,9.8672023469,0.8571427658,-0.414502848904,41.6349768174,-48.2673741143,0.403333255587,46.3157934086,0.962727272727,186.415875935,,,,,,,,,,,,,
regression,recurrent_volume_v1,volume,3,90,test,origin_hour,20,1150,,True,29.0992525044,22.2889119094,11.4608350845,0.8230550386,2.31731239274,29.0068364285,-33.8650053006,4.54847751732,33.5708668827,0.992173913043,186.358614543,,,,,,,,,,,,,
regression,recurrent_volume_v1,volume,3,90,test,origin_hour,21,1150,,True,23.3632152732,18.2030800824,11.7040633657,0.8219270351,4.44536490869,22.9364024801,-22.3957809524,6.22592788205,30.2793518856,0.99652173913,186.281729933,,,,,,,,,,,,,
regression,recurrent_volume_v1,volume,3,90,test,origin_hour,22,1100,,True,30.9692107682,23.1116082248,15.8347256937,0.6425104961,-0.537844810053,30.9645400186,-37.717778367,1.91583727642,35.597089198,0.989090909091,186.241569765,,,,,,,,,,,,,
regression,recurrent_volume_v1,volume,3,90,test,origin_hour,23,1100,,True,37.1968069501,28.2718860069,19.5538227527,0.4921394622,-1.85841264561,37.150353292,-50.4103572641,2.59364884448,40.6023584642,0.98,186.289224098,,,,,,,,,,,,,
regression,recurrent_volume_v1,volume,3,90,test,weekday,Friday,3800,,True,62.5739720882,43.4045333901,10.8290585597,0.9557962864,2.18309493995,62.535878337,-65.532018802,2.40438971187,68.0445015622,0.883421052632,186.415875935,,,,,,,,,,,,,
regression,recurrent_volume_v1,volume,3,90,test,weekday,Monday,3600,,True,73.0383264757,47.9456626078,11.4649315781,0.9374452058,-4.19162683986,72.917949771,-81.859075032,-3.19247387015,65.9655023186,0.8625,186.415875935,,,,,,,,,,,,,
regression,recurrent_volume_v1,volume,3,90,test,weekday,Saturday,4700,,True,51.9988700201,35.2677405911,11.8044694917,0.9415552756,4.1323344648,51.8344122687,-51.574044956,6.65923833042,60.4431578071,0.926595744681,186.41561516,,,,,,,,,,,,,
regression,recurrent_volume_v1,volume,3,90,test,weekday,Sunday,3600,,True,46.6770371009,33.4318636729,14.43731074,0.9429489558,1.70318934909,46.645953078,-53.7897517841,6.14358096737,45.9063982331,0.944444444444,186.091926263,,,,,,,,,,,,,
regression,recurrent_volume_v1,volume,3,90,test,weekday,Thursday,3600,,True,70.4453937588,48.7470208917,9.3894658303,0.9572454273,-3.49154032255,70.3588135774,-83.6053773068,-3.06245104051,74.0452754115,0.849722222222,186.415875935,,,,,,,,,,,,,
regression,recurrent_volume_v1,volume,3,90,test,weekday,Tuesday,3600,,True,59.8558598018,41.5039519744,9.0301511851,0.9583876823,-0.898750910934,59.849111935,-68.2657649139,1.27694856751,65.4306142274,0.890555555556,186.415875935,,,,,,,,,,,,,
regression,recurrent_volume_v1,volume,3,90,test,weekday,Wednesday,3600,,True,62.0498646378,43.4376142801,9.6524087152,0.9538832721,0.553240323009,62.0473982267,-69.4029560655,1.45235494645,68.794692185,0.879444444444,186.415875935,,,,,,,,,,,,,
regression,recurrent_volume_v1,volume,3,90,test,weekday_type,weekday,18200,,True,65.7614422335,44.990138791,10.0815092768,0.9532590321,-1.13227907304,65.7516937328,-73.1880902655,-0.253043669708,68.5481387161,0.873241758242,186.415875935,,,,,,,,,,,,,
regression,recurrent_volume_v1,volume,3,90,test,weekday_type,weekend,8300,,True,49.7605501617,34.4714566266,12.9464247319,0.9429820587,3.07872935437,49.6652169829,-52.7553465402,6.50493109471,54.7313075637,0.934337349398,186.275219976,,,,,,,,,,,,,
regression,recurrent_volume_v1,volume,3,90,test,peak_status,evening_peak,3300,,True,69.0186662958,49.9741910945,9.7189312941,0.9236331531,-2.49856270813,68.9734259092,-82.6743390369,-1.71062218447,74.3849697365,0.852424242424,186.415875935,,,,,,,,,,,,,
regression,recurrent_volume_v1,volume,3,90,test,peak_status,morning_peak,3300,,True,87.891967688,64.5159908936,9.4378367805,0.9000334563,-0.157194979386,87.8918271161,-104.342603313,1.69182357957,99.3181247389,0.767272727273,186.415875935,,,,,,,,,,,,,
regression,recurrent_volume_v1,volume,3,90,test,peak_status,off_peak,19900,,True,54.0084499144,36.538493238,11.4432894204,0.9573888745,0.688943461342,54.0040555798,-56.6221631175,2.50974355212,55.1042485675,0.919748743719,186.357210384,,,,,,,,,,,,,
regression,recurrent_volume_v1,volume,3,90,test,weather_condition,Clear,19908,,True,60.7305021755,41.106258554,11.1659497563,0.9546583554,0.148871946123,60.7303197064,-65.6416190825,2.24706349457,61.8524748204,0.897026321077,186.357295524,,,,,,,,,,,,,
regression,recurrent_volume_v1,volume,3,90,test,weather_condition,Cloudy,4312,,True,60.3430949166,41.6074617287,9.7613052348,0.9622535299,-3.44574364449,60.2446342411,-70.8661699819,0.173623501376,59.4158500332,0.890538033395,186.415875935,,,,,,,,,,,,,
regression,recurrent_volume_v1,volume,3,90,test,weather_condition,Fog,166,,True,90.5763625497,66.4898226647,12.1710258966,0.9092293942,1.93301716234,90.5557336527,-98.4065978749,6.75380101566,106.345860083,0.740963855422,186.415875935,,,,,,,,,,,,,
regression,recurrent_volume_v1,volume,3,90,test,weather_condition,Overcast,946,,True,59.7839672351,42.1682699324,10.3539490306,0.9470533366,-0.700368468918,59.7798646902,-66.7261919053,0.860747217391,65.7081747466,0.884778012685,186.415875935,,,,,,,,,,,,,
regression,recurrent_volume_v1,volume,3,90,test,weather_condition,Rain,1168,,True,67.9321369485,48.1595477845,12.6207980397,0.9154189089,14.7105703135,66.3202408879,-56.3004922607,8.87478677516,97.4098821012,0.847602739726,186.414826585,,,,,,,,,,,,,
regression,recurrent_volume_v1,volume,3,90,test,actual_congestion,Free-flow,16098,,True,40.4586677429,27.5386110065,12.328646495,0.8794423301,6.83998827623,39.876288141,-35.5646582063,5.59223566573,46.8479595946,0.970058392347,186.343354848,,,,,,,,,,,,,
regression,recurrent_volume_v1,volume,3,90,test,actual_congestion,Heavy,2536,,True,83.8321405494,65.9566629471,7.9055608738,0.725241395,-6.45013622758,83.5836319607,-110.201457332,-8.15224497935,96.4412653345,0.757886435331,186.415875935,,,,,,,,,,,,,
regression,recurrent_volume_v1,volume,3,90,test,actual_congestion,Moderate,6331,,True,72.014656551,54.4592896079,9.2507491556,0.7133469419,6.02297757517,71.7623473647,-74.9054002205,-0.447528427689,97.4692776703,0.834465329332,186.415875935,,,,,,,,,,,,,
regression,recurrent_volume_v1,volume,3,90,test,actual_congestion,Severe,1535,,True,120.401449345,97.4392158131,9.0275228386,0.7019653727,-82.6958190971,87.5094881044,-195.579248902,-81.5991469489,20.3177792294,0.538762214984,186.415875935,,,,,,,,,,,,,
regression,recurrent_volume_v1,volume,3,90,validation,overall,all,26500,,True,59.0321533051,40.5291193961,10.3967703292,0.9549169119,-1.887090339,59.0019831353,-67.3392424543,0.554024997395,60.5014005306,0.900037735849,186.414283968,,,,,,,,,,,,,
regression,recurrent_volume_v1,volume,3,90,validation,road_id,NL-001,1060,,True,59.5466248701,39.9249947974,10.4673381183,0.9499179088,-2.02278129635,59.5122583107,-65.1542569734,0.754907361035,61.7214964764,0.9,186.415875935,,,,,,,,,,,,,
regression,recurrent_volume_v1,volume,3,90,validation,road_id,NL-002,1060,,True,72.9064204226,52.0298996946,10.6288691519,0.9496827382,-2.30378372713,72.8700124837,-85.1417562672,-1.8711066785,71.738118313,0.840566037736,186.415875935,,,,,,,,,,,,,
regression,recurrent_volume_v1,volume,3,90,validation,road_id,NL-003,1060,,True,55.6907550658,38.2916569836,9.9156471385,0.9430595081,-8.27523920511,55.0725032652,-65.3046315951,-7.76760168132,51.1976700967,0.914150943396,186.415875935,,,,,,,,,,,,,
regression,recurrent_volume_v1,volume,3,90,validation,road_id,NL-004,1060,,True,71.4798868732,50.7377136086,10.0788789251,0.9446548116,-8.60127433571,70.960498217,-85.7287930817,-7.13531001055,77.2823926769,0.857547169811,186.415875935,,,,,,,,,,,,,
regression,recurrent_volume_v1,volume,3,90,validation,road_id,NL-005,1060,,True,68.3744005214,48.5220457381,10.1222412529,0.9439261438,-12.5720996401,67.2086375201,-93.0718479505,-9.35878968049,62.5727003754,0.851886792453,186.415875935,,,,,,,,,,,,,
regression,recurrent_volume_v1,volume,3,90,validation,road_id,NL-006,1060,,True,76.4758472932,53.2191724715,9.9858629101,0.9419583237,-7.65416715726,76.0918454523,-88.1885244995,-8.75790996186,79.9185194335,0.830188679245,186.415875935,,,,,,,,,,,,,
regression,recurrent_volume_v1,volume,3,90,validation,road_id,NL-007,1060,,True,56.8901985532,38.9006661928,10.1006004027,0.9564605563,-2.41037564411,56.8391131236,-68.5796143685,2.48608737552,57.2293593554,0.907547169811,186.415875935,,,,,,,,,,,,,
regression,recurrent_volume_v1,volume,3,90,validation,road_id,NL-008,1060,,True,63.4444858693,43.9318262852,10.1584546036,0.9586560938,-0.480595439404,63.4426655748,-72.0698714824,4.83328959345,67.3596500398,0.877358490566,186.415875935,,,,,,,,,,,,,
regression,recurrent_volume_v1,volume,3,90,validation,road_id,NL-009,1060,,True,49.4308474442,35.0694353453,9.9642354769,0.9442985358,-8.801928563,48.6408751219,-62.6209826528,-8.82145585778,43.9867401524,0.924528301887,186.415875935,,,,,,,,,,,,,
regression,recurrent_volume_v1,volume,3,90,validation,road_id,NL-010,1060,,True,63.235904551,43.0848547936,10.2943693026,0.955514726,5.82235990428,62.9672911084,-58.67119311,5.07438635649,71.3148763028,0.896226415094,186.415875935,,,,,,,,,,,,,
regression,recurrent_volume_v1,volume,3,90,validation,road_id,NL-011,1060,,True,49.6674224297,34.9992626214,10.7239442783,0.9583804813,0.320233818862,49.6663900552,-59.5841501287,5.326809059,53.1042587199,0.925471698113,186.415875935,,,,,,,,,,,,,
regression,recurrent_volume_v1,volume,3,90,validation,road_id,NL-012,1060,,True,39.9700350969,28.1129715567,9.9215684469,0.9461949719,-0.698291791715,39.9639349191,-46.6376641253,0.45352893447,44.0673530937,0.961320754717,186.410094669,,,,,,,,,,,,,
regression,recurrent_volume_v1,volume,3,90,validation,road_id,NL-013,1060,,True,43.3344196022,30.842784002,9.9393815526,0.9467790202,-3.25377946513,43.2120913802,-55.0965038206,-2.60213634461,46.800061117,0.949056603774,186.381858038,,,,,,,,,,,,,
regression,recurrent_volume_v1,volume,3,90,validation,road_id,NL-014,1060,,True,65.1394484383,44.7165933205,10.4720341944,0.9585896702,5.609579978,64.8974603148,-65.60490205,8.70207762408,75.3193368083,0.878301886792,186.415875935,,,,,,,,,,,,,
regression,recurrent_volume_v1,volume,3,90,validation,road_id,NL-015,1060,,True,64.8981339509,47.164560586,10.6446121877,0.9416393297,-10.0226268572,64.1195347861,-74.9480552365,-12.6193697712,68.2171261291,0.872641509434,186.415875935,,,,,,,,,,,,,
regression,recurrent_volume_v1,volume,3,90,validation,road_id,NL-016,1060,,True,66.2749921737,45.9880913927,10.2129196566,0.950847827,-2.03074106241,66.2438727609,-72.1790136819,0.294342411835,72.1249274023,0.877358490566,186.415875935,,,,,,,,,,,,,
regression,recurrent_volume_v1,volume,3,90,validation,road_id,NL-017,1060,,True,48.1680499775,34.2695458329,11.2813437914,0.9552275928,0.334373729171,48.1668893831,-59.6644485369,6.55790992591,48.209218517,0.927358490566,186.415875935,,,,,,,,,,,,,
regression,recurrent_volume_v1,volume,3,90,validation,road_id,NL-018,1060,,True,43.093744255,30.2503883561,10.5087260565,0.9482292463,0.495084177573,43.0909002641,-48.6566736845,3.13702087705,44.2498543391,0.95,186.415875935,,,,,,,,,,,,,
regression,recurrent_volume_v1,volume,3,90,validation,road_id,NL-019,1060,,True,80.5884594342,56.0760780328,10.8000555741,0.9371210085,-4.23564867683,80.4770717302,-83.8731629517,-4.97149661333,79.6763109675,0.839622641509,186.415875935,,,,,,,,,,,,,
regression,recurrent_volume_v1,volume,3,90,validation,road_id,NL-020,1060,,True,42.6725894416,31.0030372568,11.8736401276,0.957344755,5.79659062019,42.2770555601,-43.4061221336,10.2186104498,49.2692001147,0.951886792453,186.415875935,,,,,,,,,,,,,
regression,recurrent_volume_v1,volume,3,90,validation,road_id,NL-021,1060,,True,52.8999691164,36.8829186724,9.8087395685,0.9556379577,-1.26918238957,52.8847417369,-61.7549150358,-0.0261779514994,56.6195312924,0.915094339623,186.415875935,,,,,,,,,,,,,
regression,recurrent_volume_v1,volume,3,90,validation,road_id,NL-022,1060,,True,51.0678753954,35.1962898026,11.1189616581,0.9561133196,5.34658334326,50.7872222508,-51.9184843766,6.46548943702,60.9215831314,0.931132075472,186.415875935,,,,,,,,,,,,,
regression,recurrent_volume_v1,volume,3,90,validation,road_id,NL-023,1060,,True,62.7427227868,44.1816297143,9.6858424259,0.9590468957,-1.23530541003,62.7305609989,-72.6069816635,1.5668430573,69.4104277622,0.875471698113,186.415875935,,,,,,,,,,,,,
regression,recurrent_volume_v1,volume,3,90,validation,road_id,NL-024,1060,,True,51.7991247064,35.4354590978,10.2765932351,0.9538928665,0.222710989046,51.7986459298,-60.4313455027,2.60542594597,55.3556124537,0.92358490566,186.415875935,,,,,,,,,,,,,
regression,recurrent_volume_v1,volume,3,90,validation,road_id,NL-025,1060,,True,50.1194974033,34.3961087479,10.9343981933,0.955582581,4.74304562561,49.8945642145,-46.0575186053,6.41930687191,54.595723753,0.922641509434,186.415875935,,,,,,,,,,,,,
regression,recurrent_volume_v1,volume,3,90,validation,origin_hour,0,1100,,True,24.1597196604,18.4685692308,12.2774509,0.7259141647,0.331800407038,24.1574411426,-30.0023224989,1.10029875789,28.6687766898,0.999090909091,186.415875935,,,,,,,,,,,,,
regression,recurrent_volume_v1,volume,3,90,validation,origin_hour,1,1100,,True,23.5740362907,18.055684631,11.689077564,0.7402568563,1.65609220449,23.5157935364,-26.8007589314,2.69180325597,30.1865554732,0.999090909091,186.415875935,,,,,,,,,,,,,
regression,recurrent_volume_v1,volume,3,90,validation,origin_hour,2,1100,,True,24.6328945891,18.964010246,12.0795918279,0.7435614741,1.77401700072,24.5689307769,-29.3252310178,3.620063496,30.9111409359,0.998181818182,186.415875935,,,,,,,,,,,,,
regression,recurrent_volume_v1,volume,3,90,validation,origin_hour,3,1100,,True,24.8136285984,19.3117818126,11.3553158368,0.7967675279,0.902796537944,24.797199895,-30.5223435736,1.69771329538,30.7198913461,0.997272727273,186.415875935,,,,,,,,,,,,,
regression,recurrent_volume_v1,volume,3,90,validation,origin_hour,4,1125,,True,35.2087012455,26.1964271284,10.2395170727,0.8275404161,-2.62488285709,35.1107196363,-43.0438062,-3.07183492024,40.3264217266,0.984888888889,186.415875935,,,,,,,,,,,,,
regression,recurrent_volume_v1,volume,3,90,validation,origin_hour,5,1150,,True,61.1820014921,46.1920085607,9.6979534929,0.8455570423,-14.0042205376,59.5576956716,-87.3433716822,-12.1194756805,56.5364935874,0.891304347826,186.415875935,,,,,,,,,,,,,
regression,recurrent_volume_v1,volume,3,90,validation,origin_hour,6,1125,,True,93.3911594529,70.8386487786,8.935521568,0.8202244844,-22.2558744761,90.7005221334,-128.852847597,-22.4641838892,84.1847758029,0.719111111111,186.415875935,,,,,,,,,,,,,
regression,recurrent_volume_v1,volume,3,90,validation,origin_hour,7,1100,,True,100.813266872,75.7775922358,8.3046407166,0.8146304171,-13.743901523,99.8720178444,-131.563059708,-12.6773452526,99.087053589,0.709090909091,186.415875935,,,,,,,,,,,,,
regression,recurrent_volume_v1,volume,3,90,validation,origin_hour,8,1100,,True,81.4162941439,61.9902720485,8.6392369079,0.8371743496,-4.93170660137,81.2667904012,-100.70452045,-4.67637045846,90.3082945978,0.787272727273,186.415875935,,,,,,,,,,,,,
regression,recurrent_volume_v1,volume,3,90,validation,origin_hour,9,1100,,True,59.8355955103,44.4751745423,9.1701516578,0.8263385778,4.00440072916,59.7014511119,-67.1754790185,6.30801408766,72.0651679786,0.905454545455,186.415875935,,,,,,,,,,,,,
regression,recurrent_volume_v1,volume,3,90,validation,origin_hour,10,1100,,True,49.5591733033,38.1708172281,9.4920041404,0.8171304117,-1.45221371443,49.5378918993,-64.5585709921,-0.013567339114,57.2651702222,0.930909090909,186.415875935,,,,,,,,,,,,,
regression,recurrent_volume_v1,volume,3,90,validation,origin_hour,11,1100,,True,45.3955804673,33.7126708493,8.539875554,0.8405671254,-4.71592187924,45.1499591007,-59.450202512,-3.297436966,47.6178152398,0.953636363636,186.415875935,,,,,,,,,,,,,
regression,recurrent_volume_v1,volume,3,90,validation,origin_hour,12,1100,,True,47.4932494753,36.1209901988,8.9727647339,0.8231850939,-8.06517142673,46.8034374334,-62.7681722557,-7.481226107,46.7451790606,0.949090909091,186.415875935,,,,,,,,,,,,,
regression,recurrent_volume_v1,volume,3,90,validation,origin_hour,13,1100,,True,53.3867356993,40.1100485901,9.2415807978,0.8196879011,2.23994361715,53.3397244201,-63.6055640402,2.62023735698,65.9065434517,0.921818181818,186.415875935,,,,,,,,,,,,,
regression,recurrent_volume_v1,volume,3,90,validation,origin_hour,14,1100,,True,67.6531540162,50.1167025889,9.4011199508,0.8041141197,8.70094994498,67.0913013616,-69.8629838206,5.41446203586,88.9920599099,0.865454545455,186.415875935,,,,,,,,,,,,,
regression,recurrent_volume_v1,volume,3,90,validation,origin_hour,15,1100,,True,89.5089549145,67.908705518,9.7835083103,0.7948515394,10.3900102139,88.9038846038,-95.9582041456,6.44147326194,122.878531444,0.726363636364,186.415875935,,,,,,,,,,,,,
regression,recurrent_volume_v1,volume,3,90,validation,origin_hour,16,1100,,True,94.4724399896,74.7223968352,9.2501101209,0.815256892,-10.1986082535,93.9203402213,-127.825639282,-11.5641695069,108.633508243,0.693636363636,186.415875935,,,,,,,,,,,,,
regression,recurrent_volume_v1,volume,3,90,validation,origin_hour,17,1100,,True,85.6546382178,67.6128267269,9.2985165928,0.8314874831,-5.84546636257,85.4549446856,-117.991344504,-6.23290138891,100.160212369,0.735454545455,186.415875935,,,,,,,,,,,,,
regression,recurrent_volume_v1,volume,3,90,validation,origin_hour,18,1100,,True,60.1383366101,44.9235955734,8.923145982,0.8517894776,0.129788662892,60.1381965571,-69.8450880208,-0.845596260561,74.817997349,0.892727272727,186.415875935,,,,,,,,,,,,,
regression,recurrent_volume_v1,volume,3,90,validation,origin_hour,19,1100,,True,41.5665579933,32.1089547873,10.8400234022,0.8371253513,6.08418720957,41.1188692622,-43.7537217126,8.13097977954,54.5095020438,0.972727272727,186.415875935,,,,,,,,,,,,,
regression,recurrent_volume_v1,volume,3,90,validation,origin_hour,20,1100,,True,28.9653481106,21.9284769337,11.0519920092,0.8064407408,4.99053427176,28.5321916237,-30.535427536,7.70831009923,36.2322555282,0.993636363636,186.415875935,,,,,,,,,,,,,
regression,recurrent_volume_v1,volume,3,90,validation,origin_hour,21,1100,,True,22.4923883732,17.6137150049,11.0654246958,0.804630142,5.69875941071,21.7584851474,-21.5606216111,7.05845576887,31.5709810122,0.998181818182,186.404193314,,,,,,,,,,,,,
regression,recurrent_volume_v1,volume,3,90,validation,origin_hour,22,1100,,True,28.2663256225,21.1761926839,14.154161902,0.6374096825,-0.962585578167,28.249930853,-36.4316086969,-0.312145857865,30.631950683,0.995454545455,186.396151587,,,,,,,,,,,,,
regression,recurrent_volume_v1,volume,3,90,validation,origin_hour,23,1100,,True,33.9841471381,25.5820887868,17.1883507023,0.4752553923,-2.36242156721,33.9019353583,-45.4957622854,-1.42528968356,34.4440475593,0.983636363636,186.408930983,,,,,,,,,,,,,
regression,recurrent_volume_v1,volume,3,90,validation,weekday,Friday,3925,,True,59.0938645663,41.6658704234,9.8169954858,0.9597338976,-2.91783120357,59.0217848803,-67.6420147083,-2.59694809677,63.164343832,0.891210191083,186.415875935,,,,,,,,,,,,,
regression,recurrent_volume_v1,volume,3,90,validation,weekday,Monday,3600,,True,65.1429189031,44.3380738139,10.0280090004,0.9499171803,-0.04330368348,65.1429045101,-70.4022331052,-0.18426101381,69.5000330565,0.881944444444,186.415875935,,,,,,,,,,,,,
regression,recurrent_volume_v1,volume,3,90,validation,weekday,Saturday,3600,,True,51.8263728387,34.1761859142,10.3577279885,0.9416388924,2.20921040831,51.7792652612,-50.5379152045,4.68548195186,51.1294874032,0.928333333333,186.415875935,,,,,,,,,,,,,
regression,recurrent_volume_v1,volume,3,90,validation,weekday,Sunday,3600,,True,44.7469615306,32.4704665157,10.4592046865,0.9544409215,-1.30674173575,44.7278771266,-55.9569064435,1.69826127794,45.7982463133,0.948888888889,186.415875935,,,,,,,,,,,,,
regression,recurrent_volume_v1,volume,3,90,validation,weekday,Thursday,4575,,True,63.2472212091,44.2745059447,9.4962911272,0.9539250633,-5.53255391965,63.0047763094,-76.3757334399,-3.98143117106,66.2003728233,0.876284153005,186.415875935,,,,,,,,,,,,,
regression,recurrent_volume_v1,volume,3,90,validation,weekday,Tuesday,3600,,True,62.6397074192,43.9018778302,10.7143987712,0.955921088,-0.842609094363,62.6340399103,-73.7066137592,1.46822603097,70.3371202303,0.878611111111,186.415875935,,,,,,,,,,,,,
regression,recurrent_volume_v1,volume,3,90,validation,weekday,Wednesday,3600,,True,62.4933903266,41.7598564507,12.2009858131,0.9485783687,-3.69543709671,62.3840330467,-70.6257618255,1.9638019214,55.0432344948,0.902222222222,186.404157293,,,,,,,,,,,,,
regression,recurrent_volume_v1,volume,3,90,validation,weekday_type,weekday,19300,,True,62.5326121032,43.2172909456,10.3924070515,0.9543262001,-2.75941871527,62.4716990709,-72.745729481,-0.79299927581,65.0216050518,0.885647668394,186.413690074,,,,,,,,,,,,,
regression,recurrent_volume_v1,volume,3,90,validation,weekday_type,weekend,7200,,True,48.4162343013,33.3233262149,10.4084663375,0.9478926678,0.451234336278,48.4141315268,-53.5572672952,3.33461557718,48.5186304173,0.938611111111,186.415875935,,,,,,,,,,,,,
regression,recurrent_volume_v1,volume,3,90,validation,peak_status,evening_peak,3300,,True,65.0156784216,48.2151256959,9.687228659,0.9252292141,0.122836503296,65.0155623817,-77.4617325112,2.31428555753,73.9950430475,0.86696969697,186.415875935,,,,,,,,,,,,,
regression,recurrent_volume_v1,volume,3,90,validation,peak_status,morning_peak,3300,,True,82.4059589665,60.7476796089,8.7046764274,0.8981810146,-4.89040246508,82.2607198906,-101.145160342,-0.702425528227,86.5676977626,0.800606060606,186.415875935,,,,,,,,,,,,,
regression,recurrent_volume_v1,volume,3,90,validation,peak_status,off_peak,19900,,True,53.0423150915,35.9017289695,10.7950315044,0.9561540759,-1.72235810601,53.0143440289,-58.9179954213,0.426973185817,50.9919813642,0.922010050251,186.413755979,,,,,,,,,,,,,
regression,recurrent_volume_v1,volume,3,90,validation,weather_condition,Clear,19716,,True,57.603659163,39.8296829626,10.198418491,0.9568530118,-2.22810716322,57.5605514866,-66.4390199609,0.120306586274,59.1370024665,0.903276526679,186.415875935,,,,,,,,,,,,,
regression,recurrent_volume_v1,volume,3,90,validation,weather_condition,Cloudy,5008,,True,61.7295092852,42.4383666152,10.7799100737,0.9518472067,-1.54320122968,61.7102167113,-71.0525352294,1.55885948739,62.4259001888,0.889976038339,186.414652264,,,,,,,,,,,,,
regression,recurrent_volume_v1,volume,3,90,validation,weather_condition,Fog,176,,True,102.881914155,57.5648039771,11.2039298624,0.8261694597,-26.9741314769,99.2828509425,-93.6101796824,-16.1418681638,59.7463253302,0.880681818182,186.415875935,,,,,,,,,,,,,
regression,recurrent_volume_v1,volume,3,90,validation,weather_condition,Overcast,856,,True,51.6993204837,35.7346565886,10.035830403,0.9615814735,-2.3056533642,51.647881864,-57.7010224771,-1.11425098143,49.3691647666,0.927570093458,186.415875935,,,,,,,,,,,,,
regression,recurrent_volume_v1,volume,3,90,validation,weather_condition,Rain,744,,True,70.4423302868,47.6989558578,13.2984443869,0.9400750886,11.2512164306,69.5379897974,-61.9075046835,10.4164990934,92.3669477595,0.854838709677,186.367409577,,,,,,,,,,,,,
regression,recurrent_volume_v1,volume,3,90,validation,actual_congestion,Free-flow,16004,,True,36.8078468111,26.4531589354,11.4680423189,0.9019781668,5.75473755598,36.355200213,-35.4355868327,4.57310495958,45.9073719582,0.977005748563,186.413239899,,,,,,,,,,,,,
regression,recurrent_volume_v1,volume,3,90,validation,actual_congestion,Heavy,2542,,True,82.3552194441,64.6647339404,7.8283019092,0.720125366,-9.08294331033,81.8528088126,-109.411178081,-11.6235144228,91.7533946249,0.763178599528,186.415875935,,,,,,,,,,,,,
regression,recurrent_volume_v1,volume,3,90,validation,actual_congestion,Moderate,6541,,True,70.4802299832,53.1768065789,9.0217198174,0.7234826455,1.54873075061,70.4632120439,-78.4017441656,-4.75165322183,91.1390405817,0.8426846048,186.415875935,,,,,,,,,,,,,
regression,recurrent_volume_v1,volume,3,90,validation,actual_congestion,Severe,1413,,True,121.711027455,97.9887210808,9.2492934703,0.601735181,-91.3999432232,80.3717897211,-188.696578861,-84.4608873445,5.86251890671,0.539985845718,186.415875935,,,,,,,,,,,,,
regression,recurrent_volume_v1,volume,4,120,test,overall,all,26500,,True,61.8965757989,42.5216443478,11.5348290586,0.9536387829,3.04036709939,61.8218591077,-62.96536102,4.16682011609,67.9372279866,0.893056603774,190.186380004,,,,,,,,,,,,,
regression,recurrent_volume_v1,volume,4,120,test,road_id,NL-001,1060,,True,58.9423456441,41.0306464428,11.2876136008,0.9529200014,3.24752670073,58.8528136996,-59.2665038307,1.68512682231,68.4360887428,0.897169811321,190.205856726,,,,,,,,,,,,,
regression,recurrent_volume_v1,volume,4,120,test,road_id,NL-002,1060,,True,75.8769678437,53.9443222417,11.4235653346,0.9492050563,-0.702660590302,75.8737142708,-82.4640537055,0.14211291415,83.1262958621,0.840566037736,190.205856726,,,,,,,,,,,,,
regression,recurrent_volume_v1,volume,4,120,test,road_id,NL-003,1060,,True,57.932843158,40.3382305709,11.4026147005,0.9419967437,-0.941085580869,57.9251989578,-62.4251481374,-3.21010250501,62.5758191997,0.909433962264,190.205375174,,,,,,,,,,,,,
regression,recurrent_volume_v1,volume,4,120,test,road_id,NL-004,1060,,True,73.316274174,52.2038404898,10.9711483566,0.9467443083,-4.05062757184,73.2042927364,-88.4933566632,-5.49949510842,75.1463351997,0.840566037736,190.205856726,,,,,,,,,,,,,
regression,recurrent_volume_v1,volume,4,120,test,road_id,NL-005,1060,,True,70.4195154574,49.2287300308,10.7762019752,0.9441013634,-5.94842504171,70.1678302128,-80.6998805665,-7.23762940071,69.548290323,0.854716981132,190.205856726,,,,,,,,,,,,,
regression,recurrent_volume_v1,volume,4,120,test,road_id,NL-006,1060,,True,79.0225107706,56.6397397335,10.9918763484,0.9424493551,-3.01938323925,78.9648056626,-94.8257217887,-1.4889070913,87.740994006,0.814150943396,190.205856726,,,,,,,,,,,,,
regression,recurrent_volume_v1,volume,4,120,test,road_id,NL-007,1060,,True,60.1372410569,41.5007881239,11.515810093,0.9536464708,3.41691580993,60.0400903421,-59.669609385,3.27432878341,67.2047650615,0.891509433962,190.205856726,,,,,,,,,,,,,
regression,recurrent_volume_v1,volume,4,120,test,road_id,NL-008,1060,,True,67.8144270517,46.6217406956,11.0795850823,0.954526374,4.83914956902,67.6415489755,-66.3674637721,6.99144738198,79.5951375963,0.872641509434,190.205856726,,,,,,,,,,,,,
regression,recurrent_volume_v1,volume,4,120,test,road_id,NL-009,1060,,True,52.0447129038,37.2881603328,11.0526295393,0.9446599645,-2.61462680809,51.9789944872,-62.2101690292,-2.3218061381,57.7764532174,0.92358490566,190.181583136,,,,,,,,,,,,,
regression,recurrent_volume_v1,volume,4,120,test,road_id,NL-010,1060,,True,64.1433081113,45.1856540706,10.9234286639,0.9599773268,2.06321878824,64.1101170151,-73.6452506012,4.6626581292,71.6221718905,0.869811320755,190.205856726,,,,,,,,,,,,,
regression,recurrent_volume_v1,volume,4,120,test,road_id,NL-011,1060,,True,49.612758849,34.7092358039,11.3283573637,0.9608021652,7.94004743904,48.9732731934,-46.8479141271,9.6690165753,61.5471477281,0.929245283019,190.205314829,,,,,,,,,,,,,
regression,recurrent_volume_v1,volume,4,120,test,road_id,NL-012,1060,,True,41.9592979514,30.9131040592,11.9210416644,0.9463688801,4.35045213147,41.7331552944,-46.2225648962,6.04826243596,50.4972340748,0.955660377358,190.088943356,,,,,,,,,,,,,
regression,recurrent_volume_v1,volume,4,120,test,road_id,NL-013,1060,,True,44.6726041707,31.3983582888,11.058089175,0.9490564307,1.52337386553,44.6466224418,-48.0489496755,2.78027145743,47.1982697761,0.950943396226,190.125043472,,,,,,,,,,,,,
regression,recurrent_volume_v1,volume,4,120,test,road_id,NL-014,1060,,True,73.1275304856,48.1365489592,11.593275679,0.9522694005,8.34332026424,72.6500152917,-65.6979679186,9.25368930184,79.2096621285,0.881132075472,190.205856726,,,,,,,,,,,,,
regression,recurrent_volume_v1,volume,4,120,test,road_id,NL-015,1060,,True,69.0821358915,49.6158750693,11.4268756379,0.9367117329,0.278522204826,69.0815744227,-74.2101338895,-2.6477230185,80.9431142574,0.859433962264,190.205856726,,,,,,,,,,,,,
regression,recurrent_volume_v1,volume,4,120,test,road_id,NL-016,1060,,True,69.2951721817,48.7858498074,11.0691098658,0.9495053007,1.84231857127,69.2706774182,-78.4724935097,0.995150196054,85.4666834119,0.85,190.205856726,,,,,,,,,,,,,
regression,recurrent_volume_v1,volume,4,120,test,road_id,NL-017,1060,,True,47.9239168422,34.0303628314,12.7455621414,0.9578661426,7.34371309105,47.3579104642,-47.3433810875,10.7507491195,54.2741815361,0.937735849057,190.152692985,,,,,,,,,,,,,
regression,recurrent_volume_v1,volume,4,120,test,road_id,NL-018,1060,,True,47.3668606123,33.1153514303,12.8585301821,0.9406877143,7.65407252354,46.7443542908,-43.0551891014,9.2213353235,52.9214462003,0.938679245283,190.098099569,,,,,,,,,,,,,
regression,recurrent_volume_v1,volume,4,120,test,road_id,NL-019,1060,,True,83.2320838438,56.3798384799,11.1999443624,0.9394273157,-5.18374919874,83.0705033404,-93.5994085456,-5.40784372816,83.4095667509,0.820754716981,190.205856726,,,,,,,,,,,,,
regression,recurrent_volume_v1,volume,4,120,test,road_id,NL-020,1060,,True,46.1545111057,33.3671201971,13.5416425939,0.9546348172,9.8475606717,45.0917336573,-41.7215376854,12.858563265,55.6586823685,0.946226415094,190.109857475,,,,,,,,,,,,,
regression,recurrent_volume_v1,volume,4,120,test,road_id,NL-021,1060,,True,57.3218510545,40.3846912161,11.7773487783,0.9509421699,4.25493317558,57.1637135951,-59.348687466,3.73779657028,68.2457028671,0.905660377358,190.205856726,,,,,,,,,,,,,
regression,recurrent_volume_v1,volume,4,120,test,road_id,NL-022,1060,,True,52.3150127031,36.2204415597,12.0175378137,0.9573133479,9.67083982482,51.4133777456,-45.8831046122,10.3855875959,63.1765983731,0.927358490566,190.204952436,,,,,,,,,,,,,
regression,recurrent_volume_v1,volume,4,120,test,road_id,NL-023,1060,,True,68.0830243728,46.5511328674,10.7432657682,0.9552891275,3.49193783037,67.9934156954,-68.1607045706,3.30061306758,75.5000132064,0.866037735849,190.205856726,,,,,,,,,,,,,
regression,recurrent_volume_v1,volume,4,120,test,road_id,NL-024,1060,,True,59.4183422135,39.5330732913,12.0097709753,0.944465873,7.00912121493,59.0034881274,-51.0500388779,5.84772484115,66.1391634484,0.909433962264,190.202881884,,,,,,,,,,,,,
regression,recurrent_volume_v1,volume,4,120,test,road_id,NL-025,1060,,True,51.4665034519,35.9182721025,11.6559007684,0.9553441108,11.3527118393,50.1987740035,-40.6289135161,10.8809799578,65.3268660838,0.933962264151,190.20276161,,,,,,,,,,,,,
regression,recurrent_volume_v1,volume,4,120,test,origin_hour,0,1100,,True,26.6479032635,20.3514736502,14.0995883093,0.7364702887,0.922995034396,26.6319137222,-34.0869974967,3.31057092697,31.8361697593,0.995454545455,190.153272307,,,,,,,,,,,,,
regression,recurrent_volume_v1,volume,4,120,test,origin_hour,1,1100,,True,24.5364457743,19.1976346375,13.4867696583,0.7761405092,6.22686568758,23.7331690877,-21.6932204342,8.17589721591,33.3379726131,0.997272727273,190.159514553,,,,,,,,,,,,,
regression,recurrent_volume_v1,volume,4,120,test,origin_hour,2,1100,,True,25.7811959218,20.1404248179,13.3902058158,0.7907619188,7.26485698762,24.736449141,-24.366876,8.94287577869,36.6630295643,0.997272727273,190.18510006,,,,,,,,,,,,,
regression,recurrent_volume_v1,volume,4,120,test,origin_hour,3,1100,,True,31.0148851798,23.818383681,12.2988379427,0.8193099844,-0.904031518849,31.0017068842,-38.8725157574,-0.306723644662,35.2219466423,0.99,190.205856726,,,,,,,,,,,,,
regression,recurrent_volume_v1,volume,4,120,test,origin_hour,4,1100,,True,50.3335905588,38.026384836,11.33361774,0.8403625301,-7.08242806545,49.8328160075,-61.4591121403,-8.64474248375,50.3411720358,0.93,190.205856726,,,,,,,,,,,,,
regression,recurrent_volume_v1,volume,4,120,test,origin_hour,5,1100,,True,78.2857630568,58.0466727855,9.5337558798,0.8575159851,-1.64684132264,78.2684394315,-91.3766715036,-5.32371031864,95.3591386515,0.805454545455,190.205856726,,,,,,,,,,,,,
regression,recurrent_volume_v1,volume,4,120,test,origin_hour,6,1100,,True,100.085989211,77.0760695342,8.9073056199,0.8535230651,3.15423228155,100.036273696,-115.012084111,5.96283717953,124.867534792,0.691818181818,190.205856726,,,,,,,,,,,,,
regression,recurrent_volume_v1,volume,4,120,test,origin_hour,7,1100,,True,105.96949906,78.177950954,9.6915224644,0.8270114147,9.3706583044,105.554372217,-119.069689963,9.08201089837,127.020708297,0.687272727273,190.205856726,,,,,,,,,,,,,
regression,recurrent_volume_v1,volume,4,120,test,origin_hour,8,1100,,True,74.3356818945,56.6579183951,9.8696589014,0.8529980484,13.0976301889,73.1727113489,-74.0421539223,12.5181442964,100.080764153,0.820909090909,190.205856726,,,,,,,,,,,,,
regression,recurrent_volume_v1,volume,4,120,test,origin_hour,9,1100,,True,55.9162140684,42.2375244517,10.2139227029,0.8377176841,4.7519412485,55.7139304853,-59.8643982301,4.99122130156,69.1175685846,0.918181818182,190.205856726,,,,,,,,,,,,,
regression,recurrent_volume_v1,volume,4,120,test,origin_hour,10,1100,,True,48.0643538286,37.1467293544,9.8177808048,0.8556459383,2.36369759109,48.0061979609,-55.5440137344,2.17330882052,60.9425741432,0.949090909091,190.205856726,,,,,,,,,,,,,
regression,recurrent_volume_v1,volume,4,120,test,origin_hour,11,1100,,True,49.4832285069,38.9342268071,10.4921192058,0.8523548122,7.79061960244,48.8661043023,-55.5889102492,12.3026210498,64.6090308095,0.948181818182,190.205856726,,,,,,,,,,,,,
regression,recurrent_volume_v1,volume,4,120,test,origin_hour,12,1100,,True,51.4016766027,37.7902017024,9.7553043423,0.8514489399,2.03979087475,51.3611877857,-57.4532223434,5.68950251864,57.6334504182,0.934545454545,190.205856726,,,,,,,,,,,,,
regression,recurrent_volume_v1,volume,4,120,test,origin_hour,13,1100,,True,59.6629437239,45.574172778,9.8804746897,0.8490081981,11.58501742,58.5273801325,-57.6726509737,11.0295922634,83.1721598614,0.894545454545,190.205856726,,,,,,,,,,,,,
regression,recurrent_volume_v1,volume,4,120,test,origin_hour,14,1100,,True,81.5863757464,60.5878039771,10.1543932574,0.8369982541,11.691467606,80.7443266902,-78.7599828291,8.69013734305,108.487879871,0.801818181818,190.205856726,,,,,,,,,,,,,
regression,recurrent_volume_v1,volume,4,120,test,origin_hour,15,1100,,True,97.8041149373,74.2618720284,9.7946957085,0.8388588686,1.53897641036,97.7920060653,-120.864016207,6.42816502189,114.39746792,0.698181818182,190.205856726,,,,,,,,,,,,,
regression,recurrent_volume_v1,volume,4,120,test,origin_hour,16,1100,,True,93.9133404706,72.6277505741,8.891544891,0.8535960086,-11.6040619922,93.1936760925,-126.811943992,-8.8928650758,104.589856823,0.710909090909,190.205856726,,,,,,,,,,,,,
regression,recurrent_volume_v1,volume,4,120,test,origin_hour,17,1100,,True,82.7751997387,62.4061480346,10.1397112296,0.8328718344,3.57684454152,82.6978831343,-96.2366287954,9.57922688167,98.0506679133,0.783636363636,190.205856726,,,,,,,,,,,,,
regression,recurrent_volume_v1,volume,4,120,test,origin_hour,18,1100,,True,52.5361129917,39.0097154847,10.0141329007,0.856679429,2.97774694232,52.4516557549,-56.041569182,0.802490138721,64.4071729126,0.925454545455,190.205856726,,,,,,,,,,,,,
regression,recurrent_volume_v1,volume,4,120,test,origin_hour,19,1100,,True,33.492220817,24.8155800387,10.5987494088,0.8571021247,1.29070369097,33.4673413829,-37.0220648842,2.01262102942,36.956087859,0.985454545455,190.205856726,,,,,,,,,,,,,
regression,recurrent_volume_v1,volume,4,120,test,origin_hour,20,1150,,True,26.9316358753,20.6114148857,12.1438803668,0.8016290601,-0.656487265789,26.9236333987,-32.8080961512,0.986509646559,28.8480282314,0.991304347826,190.128023487,,,,,,,,,,,,,
regression,recurrent_volume_v1,volume,4,120,test,origin_hour,21,1150,,True,23.2253416478,18.17108877,12.271537604,0.8044148657,5.31350308073,22.6093604436,-23.9483283412,6.56254652641,31.9068870961,0.999130434783,190.112030887,,,,,,,,,,,,,
regression,recurrent_volume_v1,volume,4,120,test,origin_hour,22,1100,,True,37.4459719574,28.8570737092,20.2780705387,0.4737456047,1.33521514444,37.4221594293,-48.9765324102,5.27759970981,45.7361858746,0.98,190.100326024,,,,,,,,,,,,,
regression,recurrent_volume_v1,volume,4,120,test,origin_hour,23,1100,,True,36.5586537394,28.098011417,19.7171465208,0.5123803077,-1.3653876154,36.5331476867,-47.9639514246,0.803271706477,42.5988641155,0.988181818182,190.1413205,,,,,,,,,,,,,
regression,recurrent_volume_v1,volume,4,120,test,weekday,Friday,3800,,True,63.3855475541,44.2811180137,11.5003315953,0.9551661649,3.49146573576,63.2893143094,-65.5416552927,4.1065018598,69.3088325921,0.885,190.205856726,,,,,,,,,,,,,
regression,recurrent_volume_v1,volume,4,120,test,weekday,Monday,3600,,True,73.5131967264,47.9766235856,11.5263657022,0.9366490571,0.27947914303,73.5126654689,-76.1650296625,-0.043194375394,72.6094484344,0.863055555556,190.205856726,,,,,,,,,,,,,
regression,recurrent_volume_v1,volume,4,120,test,weekday,Saturday,4700,,True,52.9473486918,36.5746767826,12.7438033444,0.9395338618,7.92413903366,52.3510243842,-47.5330893409,9.11194252151,65.2986673445,0.930212765957,190.205817488,,,,,,,,,,,,,
regression,recurrent_volume_v1,volume,4,120,test,weekday,Sunday,3600,,True,48.0861420746,35.3796450817,15.9053128551,0.9387435111,6.37208265741,47.6620774015,-50.5953994908,10.2582159705,52.8833922165,0.944722222222,190.062537636,,,,,,,,,,,,,
regression,recurrent_volume_v1,volume,4,120,test,weekday,Thursday,3600,,True,70.4169281707,48.9328202011,9.5351472259,0.9573892173,-2.12804290536,70.3847654425,-78.4700567353,-2.43114690226,75.2123661851,0.849166666667,190.205856726,,,,,,,,,,,,,
regression,recurrent_volume_v1,volume,4,120,test,weekday,Tuesday,3600,,True,60.6667257081,42.1514528639,9.2673899988,0.9572449318,0.762263544462,60.6619366855,-66.6696686734,2.72766264635,65.0076012152,0.890833333333,190.205856726,,,,,,,,,,,,,
regression,recurrent_volume_v1,volume,4,120,test,weekday,Wednesday,3600,,True,62.8121521292,44.0745543475,9.8979604046,0.952627469,3.06385780482,62.7373830379,-64.8099203285,2.30073521526,74.5213715618,0.8775,190.205856726,,,,,,,,,,,,,
regression,recurrent_volume_v1,volume,4,120,test,weekday_type,weekday,18200,,True,66.3101901457,45.4701028596,10.3581301129,0.952601618,1.1201525884,66.3007283168,-70.7758804235,1.30669340214,71.5863149536,0.873241758242,190.205856726,,,,,,,,,,,,,
regression,recurrent_volume_v1,volume,4,120,test,weekday_type,weekend,8300,,True,50.895924473,36.0563497798,14.1150604816,0.940105436,7.25095795481,50.376767827,-49.2791474654,9.59917269738,60.4338836046,0.936506024096,190.14367201,,,,,,,,,,,,,
regression,recurrent_volume_v1,volume,4,120,test,peak_status,evening_peak,3300,,True,59.8150084714,42.0771478527,10.250864513,0.9257937751,2.6150983916,59.7578153787,-62.7751878231,2.48102610129,66.5184383067,0.898181818182,190.205856726,,,,,,,,,,,,,
regression,recurrent_volume_v1,volume,4,120,test,peak_status,morning_peak,3300,,True,81.4083356289,59.0244646003,9.9250346895,0.9025338107,9.07340991395,80.901114593,-82.5780139195,8.36204377273,99.3316639346,0.808787878788,190.205856726,,,,,,,,,,,,,
regression,recurrent_volume_v1,volume,4,120,test,peak_status,off_peak,19900,,True,58.3910869433,39.8587062373,12.0146986273,0.9591391854,2.11043470982,58.3529356567,-59.8223349007,3.93032852692,61.0442161401,0.906180904523,190.179920387,,,,,,,,,,,,,
regression,recurrent_volume_v1,volume,4,120,test,weather_condition,Clear,19908,,True,61.1434022127,41.8153402563,11.7845521166,0.953823346,3.02426715443,61.0685634539,-61.9762708242,4.40426119293,66.0167765565,0.898633715089,190.179940074,,,,,,,,,,,,,
regression,recurrent_volume_v1,volume,4,120,test,weather_condition,Cloudy,4312,,True,61.7141945192,42.7960124313,10.2820213503,0.9613875084,-0.805054047563,61.7089433804,-68.8779909421,2.49471575849,62.3059274791,0.891001855288,190.205856726,,,,,,,,,,,,,
regression,recurrent_volume_v1,volume,4,120,test,weather_condition,Fog,166,,True,99.6029550801,73.5346303432,11.4293478977,0.8710054923,18.2674458039,97.9134775426,-77.875947051,18.0025703568,143.314674253,0.746987951807,190.205856726,,,,,,,,,,,,,
regression,recurrent_volume_v1,volume,4,120,test,weather_condition,Overcast,946,,True,57.0495282082,40.8460425695,10.0352494477,0.9512038129,2.7968225906,56.9809306011,-61.9123647994,1.72581572491,67.315782857,0.894291754757,190.205856726,,,,,,,,,,,,,
regression,recurrent_volume_v1,volume,4,120,test,weather_condition,Rain,1168,,True,71.3822487356,50.4968072629,13.1330588387,0.9013196089,15.5443668685,69.6692047695,-55.8533770037,8.69841938084,107.330791047,0.825342465753,190.20569883,,,,,,,,,,,,,
regression,recurrent_volume_v1,volume,4,120,test,actual_congestion,Free-flow,16098,,True,42.1093611433,28.9464468516,13.236911509,0.8695403201,8.60602626778,41.2205604981,-35.4442606176,7.20921985183,51.049228585,0.968194806808,190.173794784,,,,,,,,,,,,,
regression,recurrent_volume_v1,volume,4,120,test,actual_congestion,Heavy,2536,,True,84.6248379218,66.2197862887,7.9100846642,0.7200207205,-1.97552955981,84.6017758457,-107.28011476,-5.10871064441,106.058051931,0.747239747634,190.205856726,,,,,,,,,,,,,
regression,recurrent_volume_v1,volume,4,120,test,actual_congestion,Moderate,6331,,True,72.8030745798,54.8663215267,9.3288313278,0.7070360161,10.0884246867,72.1007028788,-72.3950917429,4.10736818101,101.274345761,0.838098246722,190.205856726,,,,,,,,,,,,,
regression,recurrent_volume_v1,volume,4,120,test,actual_congestion,Severe,1535,,True,117.698192628,94.8218984926,8.7715718151,0.7151980989,-76.1107208162,89.7776293107,-192.378963362,-75.421384902,31.8830097385,0.572638436482,190.205856726,,,,,,,,,,,,,
regression,recurrent_volume_v1,volume,4,120,validation,overall,all,26500,,True,59.5989174586,41.3047339461,10.8251889132,0.9542250032,-0.109667868252,59.5988165587,-65.341625178,1.64927282895,64.1233032361,0.900037735849,190.20374824,,,,,,,,,,,,,
regression,recurrent_volume_v1,volume,4,120,validation,road_id,NL-001,1060,,True,59.3691440672,40.6233849828,10.9810790328,0.9503890374,0.0547802403663,59.3691187942,-67.3260402734,1.69914670909,65.4769707001,0.903773584906,190.205856726,,,,,,,,,,,,,
regression,recurrent_volume_v1,volume,4,120,validation,road_id,NL-002,1060,,True,73.5238277862,52.6220996175,10.8308168939,0.949021487,-3.10049741483,73.4584247593,-90.6727519096,-2.58317303422,73.0755846939,0.837735849057,190.205856726,,,,,,,,,,,,,
regression,recurrent_volume_v1,volume,4,120,validation,road_id,NL-003,1060,,True,56.4627294443,39.4293244279,10.4477608789,0.9417136802,-6.16471142047,56.1251828451,-63.6459067592,-7.24833309477,55.6399767545,0.916981132075,190.205856726,,,,,,,,,,,,,
regression,recurrent_volume_v1,volume,4,120,validation,road_id,NL-004,1060,,True,72.1548228642,51.4323221146,10.4371397858,0.9438988611,-8.55468514415,71.6459058471,-86.7317893014,-7.42173894742,75.5354841466,0.85,190.205856726,,,,,,,,,,,,,
regression,recurrent_volume_v1,volume,4,120,validation,road_id,NL-005,1060,,True,68.3653402432,49.1364466611,10.4286104785,0.9440689322,-11.0823296205,67.4611126261,-91.0421034171,-9.89675646174,65.0816719138,0.862264150943,190.205856726,,,,,,,,,,,,,
regression,recurrent_volume_v1,volume,4,120,validation,road_id,NL-006,1060,,True,77.2931908244,54.0939717281,10.3524875274,0.9409289969,-8.34397556162,76.8414954282,-92.7076749145,-8.82170590189,81.3944578153,0.829245283019,190.205856726,,,,,,,,,,,,,
regression,recurrent_volume_v1,volume,4,120,validation,road_id,NL-007,1060,,True,57.3054493256,39.3203717798,10.4837290026,0.9559506451,-0.040046395143,57.3054353329,-64.6659815411,3.44236298307,61.9319594351,0.911320754717,190.205856726,,,,,,,,,,,,,
regression,recurrent_volume_v1,volume,4,120,validation,road_id,NL-008,1060,,True,63.8747898417,44.8826237416,10.4901905246,0.9582478128,0.12596194642,63.8746656422,-70.2505046844,5.10698160371,67.5696663088,0.87641509434,190.205856726,,,,,,,,,,,,,
regression,recurrent_volume_v1,volume,4,120,validation,road_id,NL-009,1060,,True,49.7335734615,35.5430925401,10.2863610639,0.9437163166,-6.58366872555,49.2958784825,-63.2627401048,-6.40281555971,48.9695552791,0.925471698113,190.205856726,,,,,,,,,,,,,
regression,recurrent_volume_v1,volume,4,120,validation,road_id,NL-010,1060,,True,64.9946635689,44.1624233474,10.5566632445,0.9533634216,6.29506020881,64.6890911159,-59.7374726166,4.96875205917,74.6729650517,0.881132075472,190.205856726,,,,,,,,,,,,,
regression,recurrent_volume_v1,volume,4,120,validation,road_id,NL-011,1060,,True,50.0505692168,35.2899806484,11.0484345587,0.9578339878,4.12509761083,49.8802871747,-54.4162791018,6.85383467394,57.3372976461,0.932075471698,190.205856726,,,,,,,,,,,,,
regression,recurrent_volume_v1,volume,4,120,validation,road_id,NL-012,1060,,True,40.7897902843,28.9977548276,10.5333107567,0.9440656871,1.96646699513,40.7423612349,-43.6245927357,1.37014091644,44.7920516043,0.960377358491,190.205789521,,,,,,,,,,,,,
regression,recurrent_volume_v1,volume,4,120,validation,road_id,NL-013,1060,,True,44.2933008213,31.7386202099,10.5438856756,0.9445041728,-0.891423740546,44.2843297495,-51.2542076753,-0.458545802851,50.6310204146,0.941509433962,190.159172883,,,,,,,,,,,,,
regression,recurrent_volume_v1,volume,4,120,validation,road_id,NL-014,1060,,True,64.8866404053,44.7781913303,10.6320283618,0.9591396515,5.3326800686,64.6671371438,-63.5666234344,6.76464431007,73.8609500134,0.877358490566,190.205856726,,,,,,,,,,,,,
regression,recurrent_volume_v1,volume,4,120,validation,road_id,NL-015,1060,,True,65.6696221287,47.7986106679,10.8687465746,0.9404785692,-8.41630872356,65.1280662847,-78.9037618593,-10.707397554,73.37537015,0.869811320755,190.205856726,,,,,,,,,,,,,
regression,recurrent_volume_v1,volume,4,120,validation,road_id,NL-016,1060,,True,66.7783655114,46.7098670368,10.6358730752,0.9502896679,-1.65506966082,66.7578523081,-71.0194824355,0.18484160249,71.0617169654,0.875471698113,190.205856726,,,,,,,,,,,,,
regression,recurrent_volume_v1,volume,4,120,validation,road_id,NL-017,1060,,True,47.8017895344,34.7360118973,11.8376466159,0.9560271984,4.59263431971,47.5806556564,-51.1192648246,8.78295850674,54.9009585291,0.933018867925,190.205856726,,,,,,,,,,,,,
regression,recurrent_volume_v1,volume,4,120,validation,road_id,NL-018,1060,,True,44.1288231987,31.4944841178,11.3499747167,0.9458939502,3.73361287921,43.9705943986,-46.3156566545,5.84003388759,50.9187488437,0.95,190.205856726,,,,,,,,,,,,,
regression,recurrent_volume_v1,volume,4,120,validation,road_id,NL-019,1060,,True,81.1944279709,57.030581415,11.1489909742,0.9365160152,-5.08685035404,81.0349251064,-88.369252778,-5.07150833277,79.0812501587,0.844339622642,190.205856726,,,,,,,,,,,,,
regression,recurrent_volume_v1,volume,4,120,validation,road_id,NL-020,1060,,True,42.6310999895,31.4464085398,12.3953237233,0.9575114041,9.9921138151,41.4435561677,-37.0284043271,13.1260758601,54.7518007806,0.953773584906,190.20251027,,,,,,,,,,,,,
regression,recurrent_volume_v1,volume,4,120,validation,road_id,NL-021,1060,,True,53.1682213179,37.6237780628,10.3361619357,0.9552983649,1.27863550828,53.1528442263,-56.876749183,0.915185489508,62.7959144023,0.921698113208,190.205856726,,,,,,,,,,,,,
regression,recurrent_volume_v1,volume,4,120,validation,road_id,NL-022,1060,,True,52.5908013668,36.52466384,11.6879557327,0.9537495525,9.09728053757,51.7979910346,-45.3227211204,9.23601327322,68.2045810489,0.922641509434,190.203242077,,,,,,,,,,,,,
regression,recurrent_volume_v1,volume,4,120,validation,road_id,NL-023,1060,,True,64.3939461211,45.8199401984,10.1482094778,0.9570018228,-1.44480567427,64.3777355428,-71.8176055059,0.746710036718,69.9957612668,0.877358490566,190.205856726,,,,,,,,,,,,,
regression,recurrent_volume_v1,volume,4,120,validation,road_id,NL-024,1060,,True,52.5461270469,36.4805981945,10.8251993598,0.9527293248,3.10511661212,52.4543012388,-58.0648016035,3.73781471717,61.767085285,0.921698113208,190.205856726,,,,,,,,,,,,,
regression,recurrent_volume_v1,volume,4,120,validation,road_id,NL-025,1060,,True,50.1073442621,34.9027967253,11.3431428579,0.9558564176,8.92323498701,49.3064075589,-40.3899303308,8.77891939857,64.7422166563,0.925471698113,190.205856726,,,,,,,,,,,,,
regression,recurrent_volume_v1,volume,4,120,validation,origin_hour,0,1100,,True,25.3593231991,19.1785635637,12.473464255,0.6936588621,0.134948774559,25.3589641339,-31.1408294812,1.31635728033,28.7536142176,1,190.205856726,,,,,,,,,,,,,
regression,recurrent_volume_v1,volume,4,120,validation,origin_hour,1,1100,,True,25.2944026352,19.576212636,12.9081485625,0.7198447345,3.39969281902,25.0648936444,-26.0517475154,4.46522646959,33.5290924063,0.998181818182,190.205856726,,,,,,,,,,,,,
regression,recurrent_volume_v1,volume,4,120,validation,origin_hour,2,1100,,True,26.6198923933,20.5760324788,13.3458448324,0.726600063,5.84520329284,25.9702188958,-25.6906922545,6.44032242486,36.9530093621,0.996363636364,190.205856726,,,,,,,,,,,,,
regression,recurrent_volume_v1,volume,4,120,validation,origin_hour,3,1100,,True,30.4551936121,23.2886860411,11.5170959006,0.7748991555,-3.87914635272,30.207135606,-41.6001925087,-3.15133501393,31.1942553669,0.991818181818,190.205856726,,,,,,,,,,,,,
regression,recurrent_volume_v1,volume,4,120,validation,origin_hour,4,1125,,True,50.6663976978,38.4129316083,11.0671568917,0.8139417003,-18.6544368068,47.1072801496,-73.2211442859,-19.0339099582,37.7235108933,0.949333333333,190.205856726,,,,,,,,,,,,,
regression,recurrent_volume_v1,volume,4,120,validation,origin_hour,5,1150,,True,77.5904650815,58.1188108983,9.2036867272,0.8412756522,-14.5359260522,76.2167115885,-111.487564636,-9.33502135546,72.7351976147,0.807826086957,190.205856726,,,,,,,,,,,,,
regression,recurrent_volume_v1,volume,4,120,validation,origin_hour,6,1125,,True,97.574353258,75.3232376336,8.515894292,0.8259985259,-3.14251911202,97.5237355076,-125.309991476,-0.350703294994,110.51282702,0.704,190.205856726,,,,,,,,,,,,,
regression,recurrent_volume_v1,volume,4,120,validation,origin_hour,7,1100,,True,96.1049869903,71.4945528029,8.6392158586,0.817315318,1.0804869682,96.0989129612,-106.011182295,0.940967948499,113.65839184,0.742727272727,190.205856726,,,,,,,,,,,,,
regression,recurrent_volume_v1,volume,4,120,validation,origin_hour,8,1100,,True,69.3027070779,52.7716248848,9.0473334228,0.8351737825,8.11118884442,68.8264035371,-75.2507496383,10.6862769481,91.9240982193,0.855454545455,190.205856726,,,,,,,,,,,,,
regression,recurrent_volume_v1,volume,4,120,validation,origin_hour,9,1100,,True,54.4893402861,41.7263181353,9.8186145009,0.8087511666,1.06963541428,54.4788407081,-63.5832679108,2.219836995,65.0816719138,0.919090909091,190.205856726,,,,,,,,,,,,,
regression,recurrent_volume_v1,volume,4,120,validation,origin_hour,10,1100,,True,47.7903906731,35.9944574747,9.0213968933,0.8262250142,-4.56223381444,47.5721290601,-63.9536802439,-2.23519240335,48.0165033473,0.940909090909,190.205856726,,,,,,,,,,,,,
regression,recurrent_volume_v1,volume,4,120,validation,origin_hour,11,1100,,True,45.2959594058,34.1529124196,8.7976503277,0.8351160989,0.415245053182,45.2940560122,-54.2496802261,0.52114883538,54.2141002614,0.953636363636,190.205856726,,,,,,,,,,,,,
regression,recurrent_volume_v1,volume,4,120,validation,origin_hour,12,1100,,True,50.6484074122,37.5022093517,9.0615395252,0.8156365787,-5.53205468385,50.3453825526,-65.7684384037,-1.82155591443,50.66224788,0.933636363636,190.205856726,,,,,,,,,,,,,
regression,recurrent_volume_v1,volume,4,120,validation,origin_hour,13,1100,,True,59.6101036323,45.0986530681,9.5269985068,0.8152709706,1.27217008035,59.5965270661,-70.4454964843,1.97865027003,72.5294521908,0.903636363636,190.205856726,,,,,,,,,,,,,
regression,recurrent_volume_v1,volume,4,120,validation,origin_hour,14,1100,,True,76.9155348691,57.500549542,9.3080240368,0.7995199819,7.16763935127,76.5808360514,-82.7405363905,2.15191309251,100.728776333,0.817272727273,190.205856726,,,,,,,,,,,,,
regression,recurrent_volume_v1,volume,4,120,validation,origin_hour,15,1100,,True,94.0315035556,72.8253175504,9.5584852314,0.805069978,1.74787271537,94.0152572825,-112.191046853,0.606070104429,117.701914325,0.700909090909,190.205856726,,,,,,,,,,,,,
regression,recurrent_volume_v1,volume,4,120,validation,origin_hour,16,1100,,True,96.1083988352,76.4556404833,9.7421532331,0.8125145245,-3.90507982365,96.0290303931,-132.544663779,-1.76300732929,119.600260014,0.673636363636,190.205856726,,,,,,,,,,,,,
regression,recurrent_volume_v1,volume,4,120,validation,origin_hour,17,1100,,True,73.3158802672,56.672286878,9.2656089287,0.8429803055,1.46853139121,73.3011713065,-89.3600638658,1.38292852666,92.870333486,0.822727272727,190.205856726,,,,,,,,,,,,,
regression,recurrent_volume_v1,volume,4,120,validation,origin_hour,18,1100,,True,49.9752434031,38.0619393281,9.8313754948,0.8426412676,5.6697768213,49.6525788252,-52.2317350975,7.01879548623,63.5961252885,0.941818181818,190.205856726,,,,,,,,,,,,,
regression,recurrent_volume_v1,volume,4,120,validation,origin_hour,19,1100,,True,34.7744971719,26.5234604381,11.2485014352,0.8204267448,8.4347444771,33.7360451026,-32.9452150865,10.4891817056,46.7266974446,0.988181818182,190.205856726,,,,,,,,,,,,,
regression,recurrent_volume_v1,volume,4,120,validation,origin_hour,20,1100,,True,25.0627674471,19.5194812675,11.2660102991,0.8032246281,3.22272816619,24.8547044897,-28.3033655156,5.08340417024,31.9970802088,0.997272727273,190.205702416,,,,,,,,,,,,,
regression,recurrent_volume_v1,volume,4,120,validation,origin_hour,21,1100,,True,22.6160800534,18.0893061924,12.175751865,0.7793395586,6.62569928795,21.6237643792,-20.8057094737,8.3827860537,31.4334944539,0.999090909091,190.180931397,,,,,,,,,,,,,
regression,recurrent_volume_v1,volume,4,120,validation,origin_hour,22,1100,,True,34.9331075529,26.0125314572,17.6220530453,0.4441423014,-0.578254437537,34.9283212467,-42.6235197179,-0.419162308306,39.3630435825,0.983636363636,190.189658185,,,,,,,,,,,,,
regression,recurrent_volume_v1,volume,4,120,validation,origin_hour,23,1100,,True,33.121344415,24.9661973169,16.9632191911,0.477299286,-2.36180174496,33.0370299569,-44.4348737661,-2.20214628869,33.821517838,0.987272727273,190.196339559,,,,,,,,,,,,,
regression,recurrent_volume_v1,volume,4,120,validation,weekday,Friday,3925,,True,59.6576821982,42.5930790519,10.2253927197,0.9598704285,-2.84942838861,59.5895947555,-68.1116460286,-1.7999370367,64.8004969481,0.891464968153,190.205856726,,,,,,,,,,,,,
regression,recurrent_volume_v1,volume,4,120,validation,weekday,Monday,3600,,True,65.5923864963,45.0882455467,10.3126828843,0.9492200834,2.50359656071,65.5445891782,-66.4988615392,1.50457343385,73.3774804028,0.879166666667,190.205856726,,,,,,,,,,,,,
regression,recurrent_volume_v1,volume,4,120,validation,weekday,Saturday,3600,,True,52.9224422519,35.3719130183,10.9636325483,0.9391942964,4.50109860195,52.7306837172,-49.5168628916,6.74851883484,56.7037371842,0.926666666667,190.205554381,,,,,,,,,,,,,
regression,recurrent_volume_v1,volume,4,120,validation,weekday,Sunday,3600,,True,44.9819662212,32.9450189326,10.8108434721,0.9535296395,0.376136458234,44.9803935786,-53.1050398616,2.09994435915,49.6243901586,0.951111111111,190.205856726,,,,,,,,,,,,,
regression,recurrent_volume_v1,volume,4,120,validation,weekday,Thursday,4575,,True,63.2305030301,44.3517429222,9.585945002,0.9541431652,-3.17287694292,63.1508461174,-75.5170650461,-2.79674437622,68.8065942132,0.87868852459,190.205856726,,,,,,,,,,,,,
regression,recurrent_volume_v1,volume,4,120,validation,weekday,Tuesday,3600,,True,63.3201938071,44.8711645362,11.4941199711,0.9551620361,0.568368527107,63.3176428887,-73.074551226,2.74074629712,75.0903250818,0.878055555556,190.205856726,,,,,,,,,,,,,
regression,recurrent_volume_v1,volume,4,120,validation,weekday,Wednesday,3600,,True,63.6370080503,42.970433084,12.7734826214,0.9464497914,-1.61761127842,63.6164454158,-70.0531726188,2.90690710406,60.9156227035,0.901666666667,190.190638271,,,,,,,,,,,,,
regression,recurrent_volume_v1,volume,4,120,validation,weekday_type,weekday,19300,,True,63.0658166997,43.9706991994,10.8020410635,0.9537988333,-1.0603235609,63.0569024766,-70.9244434709,0.285240586031,68.542172767,0.885544041451,190.203018051,,,,,,,,,,,,,
regression,recurrent_volume_v1,volume,4,120,validation,weekday_type,weekend,7200,,True,49.1129421794,34.1584659754,10.8872380102,0.946161839,2.43861753009,49.0523621659,-51.6163360763,4.62827629907,52.5473883982,0.938888888889,190.205705554,,,,,,,,,,,,,
regression,recurrent_volume_v1,volume,4,120,validation,peak_status,evening_peak,3300,,True,55.0212350101,40.4192288814,10.1151619529,0.9314970321,5.19101756321,54.7758125334,-59.6440816627,7.57552603539,66.3813530452,0.917575757576,190.205856726,,,,,,,,,,,,,
regression,recurrent_volume_v1,volume,4,120,validation,peak_status,morning_peak,3300,,True,75.2952453956,55.330831941,9.1683879274,0.9054683956,3.42043707563,75.2175151769,-83.0639466339,4.79079538383,89.6899374922,0.839090909091,190.205856726,,,,,,,,,,,,,
regression,recurrent_volume_v1,volume,4,120,validation,peak_status,off_peak,19900,,True,57.3404172098,39.1256406461,11.2176779695,0.9582237446,-1.5740702923,57.3188079822,-63.9415822928,0.522882532177,57.3851983582,0.907236180905,190.203048943,,,,,,,,,,,,,
regression,recurrent_volume_v1,volume,4,120,validation,weather_condition,Clear,19716,,True,58.760956716,40.9745343694,10.6537013863,0.9551968029,-0.502462140842,58.7588084118,-65.3047400448,1.32088968485,63.5130988276,0.901704199635,190.205676809,,,,,,,,,,,,,
regression,recurrent_volume_v1,volume,4,120,validation,weather_condition,Cloudy,5008,,True,60.764880957,41.912214906,11.1686113098,0.9535501359,0.813080077316,60.7594409002,-66.202321631,2.16738280065,65.0235240434,0.894968051118,190.205842502,,,,,,,,,,,,,
regression,recurrent_volume_v1,volume,4,120,validation,weather_condition,Fog,176,,True,87.9318881672,56.676968164,8.9566832753,0.8675547461,-21.2490959092,85.3258043014,-97.5535135943,-12.2725656564,58.2597355918,0.840909090909,190.205856726,,,,,,,,,,,,,
regression,recurrent_volume_v1,volume,4,120,validation,weather_condition,Overcast,856,,True,51.8566531594,35.2958713193,10.2820547327,0.9558132837,-1.50690805276,51.8347538339,-54.4323414217,0.181722273919,52.7879042311,0.945093457944,190.205856726,,,,,,,,,,,,,
regression,recurrent_volume_v1,volume,4,120,validation,weather_condition,Rain,744,,True,72.385627306,49.2429374331,14.1248778497,0.9416606172,10.6964975889,71.5909490076,-65.9271841767,11.1730735097,93.2241105807,0.852150537634,190.135619627,,,,,,,,,,,,,
regression,recurrent_volume_v1,volume,4,120,validation,actual_congestion,Free-flow,15979,,True,38.2332975006,27.6846818492,12.1583608097,0.8942242045,5.83098501558,37.7860377854,-37.4492867554,4.92196200233,47.5270085033,0.973903248013,190.202359957,,,,,,,,,,,,,
regression,recurrent_volume_v1,volume,4,120,validation,actual_congestion,Heavy,2553,,True,82.8389444667,64.6661500762,7.8143338485,0.7171241585,-3.51773670258,82.7642208255,-104.306692651,-5.02789106827,98.926723627,0.762240501371,190.205856726,,,,,,,,,,,,,
regression,recurrent_volume_v1,volume,4,120,validation,actual_congestion,Moderate,6541,,True,71.7523952524,54.0218726799,9.1819533848,0.713410302,4.84664427186,71.5885204748,-78.2778061371,-1.22441707658,94.7603940691,0.842990368445,190.205856726,,,,,,,,,,,,,
regression,recurrent_volume_v1,volume,4,120,validation,actual_congestion,Severe,1427,,True,117.124518391,93.7296201544,8.815632386,0.6306581868,-83.2520157345,82.3847964399,-183.085248856,-77.3342331678,19.3056807927,0.580939032936,190.205856726,,,,,,,,,,,,,
accident,classical_classification_v1,,1,30,test,overall,all,26456,259,True,,,,,,,,,,,,accident,0.9310553372,0.0277610139,0.1776061776,0.0480167015,0.6209075489,0.0209136745,0.0097898397,0.991452935014,0.0705326699332,,,
accident,classical_classification_v1,,1,30,test,road_id,NL-001,1058,10,True,,,,,,,,,,,,accident,0.9451795841,0.0555555556,0.3,0.09375,0.5923664122,0.0330628243,0.0094517958,0.991605579512,0.0695570674725,,,
accident,classical_classification_v1,,1,30,test,road_id,NL-002,1063,6,True,,,,,,,,,,,,accident,0.9435559737,0.0178571429,0.1666666667,0.0322580645,0.8282876064,0.0280395997,0.0056444026,0.991452918601,0.0705522224577,,,
accident,classical_classification_v1,,1,30,test,road_id,NL-003,1066,8,True,,,,,,,,,,,,accident,0.91369606,0.011627907,0.125,0.0212765957,0.6267722117,0.0144025184,0.0075046904,0.991264370283,0.0717242205804,,,
accident,classical_classification_v1,,1,30,test,road_id,NL-004,1059,11,True,,,,,,,,,,,,accident,0.939565628,0.0508474576,0.2727272727,0.0857142857,0.5199514226,0.0251565294,0.0103871577,0.991460274083,0.070544417846,,,
accident,classical_classification_v1,,1,30,test,road_id,NL-005,1061,12,True,,,,,,,,,,,,accident,0.9255419416,0.0144927536,0.0833333333,0.024691358,0.4897521449,0.0151335556,0.0113100848,0.991310677266,0.0715278393268,,,
accident,classical_classification_v1,,1,30,test,road_id,NL-006,1058,18,True,,,,,,,,,,,,accident,0.9054820416,0.0340909091,0.1666666667,0.0566037736,0.5846153846,0.0349693227,0.0170132325,0.991264486422,0.0717185491747,,,
accident,classical_classification_v1,,1,30,test,road_id,NL-007,1045,8,True,,,,,,,,,,,,accident,0.9368421053,0,0,0,0.5174783028,0.0107702532,0.0076555024,0.991638444925,0.069317461519,,,
accident,classical_classification_v1,,1,30,test,road_id,NL-008,1050,11,True,,,,,,,,,,,,accident,0.9361904762,0.0172413793,0.0909090909,0.0289855072,0.5769533642,0.0175441297,0.0104761905,0.991590352532,0.0696125220793,,,
accident,classical_classification_v1,,1,30,test,road_id,NL-009,1057,14,True,,,,,,,,,,,,accident,0.9110690634,0.0454545455,0.2857142857,0.0784313725,0.6728530338,0.0420615751,0.0132450331,0.991179260277,0.0722952335045,,,
accident,classical_classification_v1,,1,30,test,road_id,NL-010,1061,10,True,,,,,,,,,,,,accident,0.9377945335,0.0172413793,0.1,0.0294117647,0.5847764034,0.0194994635,0.0094250707,0.99162432981,0.069418736963,,,
accident,classical_classification_v1,,1,30,test,road_id,NL-011,1066,6,True,,,,,,,,,,,,accident,0.9484052533,0.0377358491,0.3333333333,0.0677966102,0.7476415094,0.0365069667,0.0056285178,0.991566388308,0.0697680444005,,,
accident,classical_classification_v1,,1,30,test,road_id,NL-012,1055,13,True,,,,,,,,,,,,accident,0.9184834123,0.0379746835,0.2307692308,0.0652173913,0.6657315813,0.0406962738,0.0123222749,0.991183651234,0.0722872727582,,,
accident,classical_classification_v1,,1,30,test,road_id,NL-013,1064,8,True,,,,,,,,,,,,accident,0.9351503759,0.0158730159,0.125,0.0281690141,0.587594697,0.01403718,0.007518797,0.991374706461,0.0711477898441,,,
accident,classical_classification_v1,,1,30,test,road_id,NL-014,1060,7,True,,,,,,,,,,,,accident,0.9481132075,0.0384615385,0.2857142857,0.0677966102,0.7829331163,0.1642829148,0.0066037736,0.991643242565,0.0692506065133,,,
accident,classical_classification_v1,,1,30,test,road_id,NL-015,1050,14,True,,,,,,,,,,,,accident,0.9114285714,0.0352941176,0.2142857143,0.0606060606,0.737382791,0.0523415214,0.0133333333,0.991184873598,0.0722934823029,,,
accident,classical_classification_v1,,1,30,test,road_id,NL-016,1054,5,True,,,,,,,,,,,,accident,0.9421252372,0.0172413793,0.2,0.0317460317,0.6840800763,0.0128158186,0.004743833,0.991544670068,0.0699780805848,,,
accident,classical_classification_v1,,1,30,test,road_id,NL-017,1062,21,True,,,,,,,,,,,,accident,0.9331450094,0.0535714286,0.1428571429,0.0779220779,0.6202826952,0.085817957,0.0197740113,0.991579380202,0.069697671085,,,
accident,classical_classification_v1,,1,30,test,road_id,NL-018,1058,16,True,,,,,,,,,,,,accident,0.9111531191,0.0357142857,0.1875,0.06,0.5353886756,0.0270871784,0.0151228733,0.991314956663,0.0713922494542,,,
accident,classical_classification_v1,,1,30,test,road_id,NL-019,1059,9,True,,,,,,,,,,,,accident,0.9235127479,0.0135135135,0.1111111111,0.0240963855,0.6208465608,0.0151908006,0.0084985836,0.991463296143,0.0704999603386,,,
accident,classical_classification_v1,,1,30,test,road_id,NL-020,1062,5,True,,,,,,,,,,,,accident,0.9425612053,0,0,0,0.6736045412,0.0089412591,0.0047080979,0.991506358306,0.070171275738,,,
accident,classical_classification_v1,,1,30,test,road_id,NL-021,1059,11,True,,,,,,,,,,,,accident,0.9197355996,0.0256410256,0.1818181818,0.0449438202,0.5015614157,0.0314275897,0.0103871577,0.991335326862,0.0712595199688,,,
accident,classical_classification_v1,,1,30,test,road_id,NL-022,1050,4,False,,,,,,,,,,,,accident,,,,,,,,,,,,
accident,classical_classification_v1,,1,30,test,road_id,NL-023,1053,10,True,,,,,,,,,,,,accident,0.943019943,0.0535714286,0.3,0.0909090909,0.6933844679,0.1202015622,0.0094966762,0.991504780281,0.0701887260049,,,
accident,classical_classification_v1,,1,30,test,road_id,NL-024,1060,11,True,,,,,,,,,,,,accident,0.9150943396,0.0459770115,0.3636363636,0.0816326531,0.7235462345,0.0332246954,0.0103773585,0.991433137508,0.0705668661733,,,
accident,classical_classification_v1,,1,30,test,road_id,NL-025,1066,11,True,,,,,,,,,,,,accident,0.9427767355,0,0,0,0.5486428264,0.0157273504,0.0103189493,0.991629558161,0.0694189852108,,,
accident,classical_classification_v1,,1,30,test,origin_hour,0,1072,7,True,,,,,,,,,,,,accident,0.9710820896,0,0,0,0.5224681422,0.0085927082,0.0065298507,0.992580088605,0.0630061449869,,,
accident,classical_classification_v1,,1,30,test,origin_hour,1,1067,7,True,,,,,,,,,,,,accident,0.9709465792,0.0714285714,0.2857142857,0.1142857143,0.7212938005,0.0343794039,0.0065604499,0.992395207095,0.0643052533699,,,
accident,classical_classification_v1,,1,30,test,origin_hour,2,1078,6,True,,,,,,,,,,,,accident,0.9582560297,0.0465116279,0.3333333333,0.0816326531,0.5541044776,0.0173882247,0.0055658627,0.992175162683,0.0657916571932,,,
accident,classical_classification_v1,,1,30,test,origin_hour,3,1077,13,True,,,,,,,,,,,,accident,0.9507892293,0.0833333333,0.3076923077,0.131147541,0.6916570272,0.0507118798,0.0120705664,0.992089776904,0.0663723291479,,,
accident,classical_classification_v1,,1,30,test,origin_hour,4,1062,6,True,,,,,,,,,,,,accident,0.9557438795,0,0,0,0.6429924242,0.0134777543,0.0056497175,0.992065595766,0.0665604073228,,,
accident,classical_classification_v1,,1,30,test,origin_hour,5,1069,9,True,,,,,,,,,,,,accident,0.9607109448,0.0540540541,0.2222222222,0.0869565217,0.5700209644,0.0399164532,0.0084190833,0.992013460167,0.0669228571192,,,
accident,classical_classification_v1,,1,30,test,origin_hour,6,1077,15,True,,,,,,,,,,,,accident,0.9331476323,0.0476190476,0.2,0.0769230769,0.4490269931,0.0319650363,0.0139275766,0.991322032366,0.0716149978071,,,
accident,classical_classification_v1,,1,30,test,origin_hour,7,1070,18,True,,,,,,,,,,,,accident,0.814953271,0.0454545455,0.5,0.0833333333,0.7072243346,0.1133422578,0.0168224299,0.98824772366,0.0917022750378,,,
accident,classical_classification_v1,,1,30,test,origin_hour,8,1092,21,True,,,,,,,,,,,,accident,0.5778388278,0.0278969957,0.619047619,0.0533880903,0.6177582144,0.0432792949,0.0192307692,0.986917381697,0.099983745658,,,
accident,classical_classification_v1,,1,30,test,origin_hour,9,1117,7,True,,,,,,,,,,,,accident,0.8379588183,0,0,0,0.5160875161,0.0070448362,0.006266786,0.988924120776,0.0873967054896,,,
accident,classical_classification_v1,,1,30,test,origin_hour,10,1124,6,True,,,,,,,,,,,,accident,0.9679715302,0.03125,0.1666666667,0.0526315789,0.8497316637,0.037564935,0.0053380783,0.992268183651,0.0650614559137,,,
accident,classical_classification_v1,,1,30,test,origin_hour,11,1125,11,True,,,,,,,,,,,,accident,0.9546666667,0,0,0,0.3310755672,0.0073685007,0.0097777778,0.992477802377,0.0635714652437,,,
accident,classical_classification_v1,,1,30,test,origin_hour,12,1117,8,True,,,,,,,,,,,,accident,0.9785138765,0.0555555556,0.125,0.0769230769,0.561767358,0.0230980541,0.0071620412,0.992735627307,0.0618345981799,,,
accident,classical_classification_v1,,1,30,test,origin_hour,13,1122,9,True,,,,,,,,,,,,accident,0.9795008913,0,0,0,0.6242387941,0.0246056785,0.0080213904,0.992545692773,0.0631487528531,,,
accident,classical_classification_v1,,1,30,test,origin_hour,14,1122,12,True,,,,,,,,,,,,accident,0.9741532977,0,0,0,0.6102102102,0.025055003,0.0106951872,0.992518768574,0.0633114591559,,,
accident,classical_classification_v1,,1,30,test,origin_hour,15,1124,7,True,,,,,,,,,,,,accident,0.9830960854,0,0,0,0.564650211,0.0081495637,0.006227758,0.992377673874,0.0643868153381,,,
accident,classical_classification_v1,,1,30,test,origin_hour,16,1117,21,True,,,,,,,,,,,,accident,0.945389436,0,0,0,0.6007559958,0.0273510655,0.0188003581,0.99143987365,0.0707542683493,,,
accident,classical_classification_v1,,1,30,test,origin_hour,17,1115,18,True,,,,,,,,,,,,accident,0.9103139013,0.023255814,0.1111111111,0.0384615385,0.5644687532,0.0222077136,0.0161434978,0.990035564886,0.0800252583141,,,
accident,classical_classification_v1,,1,30,test,origin_hour,18,1133,12,True,,,,,,,,,,,,accident,0.9382171227,0.0166666667,0.0833333333,0.0277777778,0.4462533452,0.0108472719,0.0105913504,0.990161408653,0.0793200493066,,,
accident,classical_classification_v1,,1,30,test,origin_hour,19,1123,10,True,,,,,,,,,,,,accident,0.928762244,0.027027027,0.2,0.0476190476,0.6296495957,0.0281328948,0.0089047195,0.990800393606,0.0750325187737,,,
accident,classical_classification_v1,,1,30,test,origin_hour,20,1121,8,True,,,,,,,,,,,,accident,0.9384478145,0.0158730159,0.125,0.0281690141,0.5354896676,0.0095590339,0.0071364853,0.992064067779,0.0664548249604,,,
accident,classical_classification_v1,,1,30,test,origin_hour,21,1118,4,False,,,,,,,,,,,,accident,,,,,,,,,,,,
accident,classical_classification_v1,,1,30,test,origin_hour,22,1121,14,True,,,,,,,,,,,,accident,0.9759143622,0.0666666667,0.0714285714,0.0689655172,0.5535552975,0.0308393992,0.0124888492,0.992358576031,0.0646232059933,,,
accident,classical_classification_v1,,1,30,test,origin_hour,23,1093,10,True,,,,,,,,,,,,accident,0.9661482159,0.064516129,0.2,0.0975609756,0.6921514312,0.056163529,0.0091491308,0.99196243935,0.0673143557355,,,
accident,classical_classification_v1,,1,30,test,weekday,Friday,4252,39,True,,,,,,,,,,,,accident,0.9355597366,0.03187251,0.2051282051,0.0551724138,0.637039201,0.0173776738,0.0091721543,0.991374035153,0.0711322108916,,,
accident,classical_classification_v1,,1,30,test,weekday,Monday,3506,32,True,,,,,,,,,,,,accident,0.9229891614,0.0201612903,0.15625,0.0357142857,0.6485499424,0.0224143594,0.0091272105,0.991130254485,0.0726899910875,,,
accident,classical_classification_v1,,1,30,test,weekday,Saturday,4667,46,True,,,,,,,,,,,,accident,0.962288408,0.0422535211,0.1304347826,0.0638297872,0.6010086279,0.0233956603,0.0098564388,0.992228716106,0.0652954875309,,,
accident,classical_classification_v1,,1,30,test,weekday,Sunday,3510,31,True,,,,,,,,,,,,accident,0.9561253561,0.0157480315,0.064516129,0.0253164557,0.5786887222,0.0161193438,0.0088319088,0.992095266061,0.0662511494301,,,
accident,classical_classification_v1,,1,30,test,weekday,Thursday,3510,38,True,,,,,,,,,,,,accident,0.90997151,0.0272108844,0.2105263158,0.0481927711,0.7037503032,0.0267830985,0.0108262108,0.990992356455,0.0736918234715,,,
accident,classical_classification_v1,,1,30,test,weekday,Tuesday,3510,39,True,,,,,,,,,,,,accident,0.9299145299,0.0480349345,0.2820512821,0.0820895522,0.6392305476,0.0440537675,0.0111111111,0.991181221579,0.0722957313276,,,
accident,classical_classification_v1,,1,30,test,weekday,Wednesday,3501,34,True,,,,,,,,,,,,accident,0.8891745216,0.0163934426,0.1764705882,0.03,0.5225232868,0.0140640938,0.009711511,0.990927940076,0.0739831916987,,,
accident,classical_classification_v1,,1,30,test,weekday_type,weekday,18279,182,True,,,,,,,,,,,,accident,0.9182668636,0.0273775216,0.2087912088,0.0484076433,0.6327143045,0.0225108087,0.009956781,0.991131519602,0.0726919821077,,,
accident,classical_classification_v1,,1,30,test,weekday_type,weekend,8177,77,True,,,,,,,,,,,,accident,0.9596429008,0.029739777,0.1038961039,0.0462427746,0.5880343114,0.0184559992,0.0094166565,0.992171432303,0.06570570806,,,
accident,classical_classification_v1,,1,30,test,peak_status,evening_peak,3371,40,True,,,,,,,,,,,,accident,0.9258380303,0.0227272727,0.125,0.0384615385,0.5610552387,0.0162794926,0.0118659152,0.990332652884,0.0781249770002,,,
accident,classical_classification_v1,,1,30,test,peak_status,morning_peak,3279,46,True,,,,,,,,,,,,accident,0.7438243367,0.0262529833,0.4782608696,0.0497737557,0.655643567,0.0416835716,0.0140286673,0.988035098517,0.0929935360112,,,
accident,classical_classification_v1,,1,30,test,peak_status,off_peak,19806,173,True,,,,,,,,,,,,accident,0.9629405231,0.0317195326,0.1098265896,0.0492227979,0.5990176973,0.0175144569,0.0087347269,0.992209451067,0.0655219233416,,,
accident,classical_classification_v1,,1,30,test,weather_condition,Clear,19873,158,True,,,,,,,,,,,,accident,0.9635183415,0.0203045685,0.0759493671,0.0320427236,0.5878210705,0.0125064924,0.0079504856,0.991758358539,0.068615734893,,,
accident,classical_classification_v1,,1,30,test,weather_condition,Cloudy,4331,51,True,,,,,,,,,,,,accident,0.9540521819,0.0131578947,0.0392156863,0.0197044335,0.5300760491,0.0162897291,0.0117755715,0.991833164039,0.0680215727688,,,
accident,classical_classification_v1,,1,30,test,weather_condition,Fog,161,7,True,,,,,,,,,,,,accident,0.2298136646,0.032,0.5714285714,0.0606060606,0.4174397032,0.0433147169,0.0434782609,0.985006326614,0.112124064706,,,
accident,classical_classification_v1,,1,30,test,weather_condition,Overcast,949,4,False,,,,,,,,,,,,accident,,,,,,,,,,,,
accident,classical_classification_v1,,1,30,test,weather_condition,Rain,1142,39,True,,,,,,,,,,,,accident,0.3336252189,0.0359897172,0.7179487179,0.0685434517,0.5412976265,0.0523210503,0.034150613,0.984830091053,0.112849352632,,,
accident,classical_classification_v1,,1,30,test,actual_congestion,Free-flow,15906,131,True,,,,,,,,,,,,accident,0.9599522193,0.0349264706,0.1450381679,0.0562962963,0.6176407254,0.019383015,0.0082358858,0.992268054966,0.0651016908917,,,
accident,classical_classification_v1,,1,30,test,actual_congestion,Heavy,2601,48,True,,,,,,,,,,,,accident,0.8439061899,0.0338541667,0.2708333333,0.0601851852,0.4737318841,0.0441202191,0.0184544406,0.988901162096,0.0874569933406,,,
accident,classical_classification_v1,,1,30,test,actual_congestion,Moderate,6402,44,True,,,,,,,,,,,,accident,0.9564198688,0.0164609053,0.0909090909,0.0278745645,0.510123252,0.0088298437,0.0068728522,0.991381657417,0.0711110680927,,,
accident,classical_classification_v1,,1,30,test,actual_congestion,Severe,1547,36,True,,,,,,,,,,,,accident,0.6755009696,0.0205761317,0.2777777778,0.0383141762,0.4541326568,0.0223134906,0.0232708468,0.98765731936,0.0955243198581,,,
accident,classical_classification_v1,,1,30,validation,overall,all,26455,236,True,,,,,,,,,,,,accident,0.9293517294,0.0227936879,0.1652542373,0.0400616333,0.5763001149,0.0135246346,0.0089208089,0.991321986544,0.0714666242322,,,
accident,classical_classification_v1,,1,30,validation,road_id,NL-001,1054,5,True,,,,,,,,,,,,accident,0.9165085389,0,0,0,0.5073403241,0.0061933604,0.004743833,0.991271454389,0.0717389599313,,,
accident,classical_classification_v1,,1,30,validation,road_id,NL-002,1059,14,True,,,,,,,,,,,,accident,0.9310670444,0.0461538462,0.2142857143,0.0759493671,0.5446343131,0.0220424429,0.0132200189,0.991361037467,0.0712135601843,,,
accident,classical_classification_v1,,1,30,validation,road_id,NL-003,1060,5,True,,,,,,,,,,,,accident,0.9424528302,0,0,0,0.487014218,0.0053402316,0.0047169811,0.991345724541,0.0713636236087,,,
accident,classical_classification_v1,,1,30,validation,road_id,NL-004,1063,10,True,,,,,,,,,,,,accident,0.9115710254,0.0227272727,0.2,0.0408163265,0.6216524217,0.0192941049,0.0094073377,0.99101773573,0.0734762846782,,,
accident,classical_classification_v1,,1,30,validation,road_id,NL-005,1047,5,True,,,,,,,,,,,,accident,0.9255014327,0.0133333333,0.2,0.025,0.6806142035,0.013309734,0.0047755492,0.99120768269,0.0722502704849,,,
accident,classical_classification_v1,,1,30,validation,road_id,NL-006,1053,9,True,,,,,,,,,,,,accident,0.9373219373,0.0615384615,0.4444444444,0.1081081081,0.7889527458,0.0738765563,0.0085470085,0.991306030494,0.0716169479468,,,
accident,classical_classification_v1,,1,30,validation,road_id,NL-007,1063,12,True,,,,,,,,,,,,accident,0.9115710254,0.0119047619,0.0833333333,0.0208333333,0.5184744688,0.01616834,0.0112888053,0.991282322287,0.0716793553429,,,
accident,classical_classification_v1,,1,30,validation,road_id,NL-008,1069,13,True,,,,,,,,,,,,accident,0.9317118803,0.0161290323,0.0769230769,0.0266666667,0.5207604895,0.0252463826,0.012160898,0.991494873439,0.0702832337672,,,
accident,classical_classification_v1,,1,30,validation,road_id,NL-009,1061,12,True,,,,,,,,,,,,accident,0.9443920829,0.0204081633,0.0833333333,0.0327868852,0.6634890372,0.0220306642,0.0113100848,0.991302336931,0.0716477465168,,,
accident,classical_classification_v1,,1,30,validation,road_id,NL-010,1052,6,True,,,,,,,,,,,,accident,0.9258555133,0.0135135135,0.1666666667,0.025,0.4652644997,0.0107246708,0.0057034221,0.991348115024,0.0712647393951,,,
accident,classical_classification_v1,,1,30,validation,road_id,NL-011,1067,5,True,,,,,,,,,,,,accident,0.9409559513,0,0,0,0.4455743879,0.0048031791,0.0046860356,0.991489627825,0.0703461260016,,,
accident,classical_classification_v1,,1,30,validation,road_id,NL-012,1057,5,True,,,,,,,,,,,,accident,0.94512772,0,0,0,0.6176806084,0.0083743602,0.004730369,0.991249615131,0.0720109737978,,,
accident,classical_classification_v1,,1,30,validation,road_id,NL-013,1064,10,True,,,,,,,,,,,,accident,0.9060150376,0.0108695652,0.1,0.0196078431,0.5907969639,0.0167568831,0.0093984962,0.991038058629,0.0733375663614,,,
accident,classical_classification_v1,,1,30,validation,road_id,NL-014,1052,12,True,,,,,,,,,,,,accident,0.9401140684,0.0363636364,0.1666666667,0.0597014925,0.5401442308,0.0224366984,0.0114068441,0.99151622086,0.0701666960521,,,
accident,classical_classification_v1,,1,30,validation,road_id,NL-015,1052,13,True,,,,,,,,,,,,accident,0.9363117871,0.0344827586,0.1538461538,0.0563380282,0.5636336714,0.0286903088,0.0123574144,0.991248314416,0.0720095843087,,,
accident,classical_classification_v1,,1,30,validation,road_id,NL-016,1053,14,True,,,,,,,,,,,,accident,0.905982906,0.0224719101,0.1428571429,0.0388349515,0.5948026949,0.0209899943,0.0132953466,0.991196247247,0.0722683054588,,,
accident,classical_classification_v1,,1,30,validation,road_id,NL-017,1070,13,True,,,,,,,,,,,,accident,0.9336448598,0,0,0,0.5977003129,0.0183566588,0.0121495327,0.991489111896,0.0703366657688,,,
accident,classical_classification_v1,,1,30,validation,road_id,NL-018,1056,12,True,,,,,,,,,,,,accident,0.9422348485,0.0545454545,0.25,0.0895522388,0.5103767561,0.0218845679,0.0113636364,0.991330669313,0.0714596240957,,,
accident,classical_classification_v1,,1,30,validation,road_id,NL-019,1050,12,True,,,,,,,,,,,,accident,0.9104761905,0.0340909091,0.25,0.06,0.6090237636,0.0239953696,0.0114285714,0.991107201096,0.0728823008821,,,
accident,classical_classification_v1,,1,30,validation,road_id,NL-020,1065,9,True,,,,,,,,,,,,accident,0.9417840376,0.0181818182,0.1111111111,0.03125,0.4961069024,0.0162207381,0.0084507042,0.991472077722,0.0704709176961,,,
accident,classical_classification_v1,,1,30,validation,road_id,NL-021,1063,5,True,,,,,,,,,,,,accident,0.9350893697,0.0294117647,0.4,0.0547945205,0.6899810964,0.0306485061,0.0047036689,0.991449776224,0.0706146990541,,,
accident,classical_classification_v1,,1,30,validation,road_id,NL-022,1054,8,True,,,,,,,,,,,,accident,0.9222011385,0.0487804878,0.5,0.0888888889,0.7901529637,0.0929387311,0.0075901328,0.991285479402,0.0716712633671,,,
accident,classical_classification_v1,,1,30,validation,road_id,NL-023,1062,7,True,,,,,,,,,,,,accident,0.9293785311,0,0,0,0.3722410291,0.0064831485,0.0065913371,0.991420955633,0.0708155488469,,,
accident,classical_classification_v1,,1,30,validation,road_id,NL-024,1054,10,True,,,,,,,,,,,,accident,0.9478178368,0.0588235294,0.3,0.0983606557,0.6290229885,0.0225248129,0.009487666,0.991503353197,0.0702887595178,,,
accident,classical_classification_v1,,1,30,validation,road_id,NL-025,1055,10,True,,,,,,,,,,,,accident,0.9184834123,0.025,0.2,0.0444444444,0.5211483254,0.0163896823,0.009478673,0.991309379806,0.0714942301294,,,
accident,classical_classification_v1,,1,30,validation,origin_hour,0,1115,9,True,,,,,,,,,,,,accident,0.9865470852,0,0,0,0.482419128,0.0085194429,0.0080717489,0.992628281627,0.0627309836854,,,
accident,classical_classification_v1,,1,30,validation,origin_hour,1,1126,11,True,,,,,,,,,,,,accident,0.9840142096,0,0,0,0.4666938443,0.0107230517,0.0097690941,0.992437429198,0.0640818441426,,,
accident,classical_classification_v1,,1,30,validation,origin_hour,2,1124,8,True,,,,,,,,,,,,accident,0.9830960854,0,0,0,0.7703853047,0.0415792588,0.0071174377,0.992382471016,0.0644548955882,,,
accident,classical_classification_v1,,1,30,validation,origin_hour,3,1121,6,True,,,,,,,,,,,,accident,0.9812667261,0,0,0,0.5644245142,0.0137078169,0.005352364,0.992287040413,0.0651259574735,,,
accident,classical_classification_v1,,1,30,validation,origin_hour,4,1128,11,True,,,,,,,,,,,,accident,0.9352836879,0.0441176471,0.2727272727,0.0759493671,0.5949377391,0.0240246898,0.009751773,0.991825065735,0.0681186899253,,,
accident,classical_classification_v1,,1,30,validation,origin_hour,5,1121,10,True,,,,,,,,,,,,accident,0.9366636931,0.0307692308,0.2,0.0533333333,0.5220522052,0.0305698546,0.0089206066,0.991778039322,0.0684937369162,,,
accident,classical_classification_v1,,1,30,validation,origin_hour,6,1114,12,True,,,,,,,,,,,,accident,0.9443447038,0.037037037,0.1666666667,0.0606060606,0.6552480339,0.0225017284,0.0107719928,0.991386917022,0.071192692157,,,
accident,classical_classification_v1,,1,30,validation,origin_hour,7,1116,11,True,,,,,,,,,,,,accident,0.8405017921,0.0282485876,0.4545454545,0.0531914894,0.7072809543,0.0222137515,0.0098566308,0.988428810473,0.0906906773444,,,
accident,classical_classification_v1,,1,30,validation,origin_hour,8,1062,22,True,,,,,,,,,,,,accident,0.6035781544,0.0305882353,0.5909090909,0.0581655481,0.6138986014,0.0286844361,0.0207156309,0.987438787934,0.0970242049913,,,
accident,classical_classification_v1,,1,30,validation,origin_hour,9,1074,13,True,,,,,,,,,,,,accident,0.8575418994,0.0138888889,0.1538461538,0.025477707,0.6390197926,0.0196956289,0.0121042831,0.98927290882,0.085283735242,,,
accident,classical_classification_v1,,1,30,validation,origin_hour,10,1070,11,True,,,,,,,,,,,,accident,0.9897196262,0,0,0,0.5951583827,0.0297740646,0.0102803738,0.992653810934,0.0625234192011,,,
accident,classical_classification_v1,,1,30,validation,origin_hour,11,1074,2,False,,,,,,,,,,,,accident,,,,,,,,,,,,
accident,classical_classification_v1,,1,30,validation,origin_hour,12,1085,9,True,,,,,,,,,,,,accident,0.9917050691,0,0,0,0.3716439488,0.0069138252,0.0082949309,0.992569242648,0.0631489471857,,,
accident,classical_classification_v1,,1,30,validation,origin_hour,13,1068,6,True,,,,,,,,,,,,accident,0.9906367041,0,0,0,0.4428750785,0.0058502387,0.0056179775,0.992404292507,0.0642634398312,,,
accident,classical_classification_v1,,1,30,validation,origin_hour,14,1069,5,True,,,,,,,,,,,,accident,0.9541627689,0,0,0,0.3539473684,0.0042323796,0.0046772685,0.991958865792,0.0671613332117,,,
accident,classical_classification_v1,,1,30,validation,origin_hour,15,1067,8,True,,,,,,,,,,,,accident,0.9503280225,0.0588235294,0.375,0.1016949153,0.5568932956,0.0457317858,0.007497657,0.991532351239,0.0701363224955,,,
accident,classical_classification_v1,,1,30,validation,origin_hour,16,1068,14,True,,,,,,,,,,,,accident,0.9494382022,0.0833333333,0.2857142857,0.1290322581,0.616359447,0.0432087649,0.0131086142,0.9908279123,0.0749266949292,,,
accident,classical_classification_v1,,1,30,validation,origin_hour,17,1129,10,True,,,,,,,,,,,,accident,0.8405668733,0.0058139535,0.1,0.010989011,0.3893655049,0.0081241865,0.0088573959,0.988993773322,0.0869540087946,,,
accident,classical_classification_v1,,1,30,validation,origin_hour,18,1125,11,True,,,,,,,,,,,,accident,0.8266666667,0.0157894737,0.2727272727,0.0298507463,0.512975355,0.0142777172,0.0097777778,0.988820252669,0.0879359365991,,,
accident,classical_classification_v1,,1,30,validation,origin_hour,19,1117,12,True,,,,,,,,,,,,accident,0.9462846911,0.02,0.0833333333,0.0322580645,0.5303167421,0.0189587177,0.0107430618,0.990796997658,0.0751806490365,,,
accident,classical_classification_v1,,1,30,validation,origin_hour,20,1117,7,True,,,,,,,,,,,,accident,0.969561325,0,0,0,0.5891891892,0.0094529515,0.006266786,0.992376623612,0.0644164904004,,,
accident,classical_classification_v1,,1,30,validation,origin_hour,21,1121,6,True,,,,,,,,,,,,accident,0.9598572703,0,0,0,0.6269058296,0.0138386812,0.005352364,0.99234707329,0.0645354948147,,,
accident,classical_classification_v1,,1,30,validation,origin_hour,22,1127,9,True,,,,,,,,,,,,accident,0.9352262644,0,0,0,0.3421784933,0.0062550372,0.007985803,0.99193348344,0.0673347760121,,,
accident,classical_classification_v1,,1,30,validation,origin_hour,23,1117,13,True,,,,,,,,,,,,accident,0.9435989257,0,0,0,0.391025641,0.0099742478,0.0116383169,0.991790437201,0.0683411863159,,,
accident,classical_classification_v1,,1,30,validation,weekday,Friday,3898,35,True,,,,,,,,,,,,accident,0.9368907132,0.0226244344,0.1428571429,0.0390625,0.598150956,0.0138968893,0.0089789636,0.991248117132,0.0720278525394,,,
accident,classical_classification_v1,,1,30,validation,weekday,Monday,3500,32,True,,,,,,,,,,,,accident,0.912,0.0337837838,0.3125,0.0609756098,0.5782060986,0.0191564291,0.0091428571,0.990962558398,0.0738622086921,,,
accident,classical_classification_v1,,1,30,validation,weekday,Saturday,3507,25,True,,,,,,,,,,,,accident,0.9327060165,0.0046948357,0.04,0.0084033613,0.5003331419,0.0079663708,0.0071285999,0.991983091478,0.0669309687566,,,
accident,classical_classification_v1,,1,30,validation,weekday,Sunday,3500,24,True,,,,,,,,,,,,accident,0.9831428571,0.027027027,0.0416666667,0.0327868852,0.4825949367,0.0085457208,0.0068571429,0.992337529858,0.0646667195759,,,
accident,classical_classification_v1,,1,30,validation,weekday,Thursday,4680,49,True,,,,,,,,,,,,accident,0.9021367521,0.0210772834,0.1836734694,0.0378151261,0.5950273005,0.0173878889,0.0104700855,0.990815867143,0.0748525293523,,,
accident,classical_classification_v1,,1,30,validation,weekday,Tuesday,3520,34,True,,,,,,,,,,,,accident,0.9338068182,0.028436019,0.1764705882,0.0489795918,0.5696230299,0.0205873643,0.0096590909,0.991173051828,0.0725421873731,,,
accident,classical_classification_v1,,1,30,validation,weekday,Wednesday,3850,37,True,,,,,,,,,,,,accident,0.9145454545,0.022875817,0.1891891892,0.0408163265,0.6129953715,0.0175293964,0.0096103896,0.990949501832,0.0739346705389,,,
accident,classical_classification_v1,,1,30,validation,weekday_type,weekday,19448,187,True,,,,,,,,,,,,accident,0.9190662279,0.0253251198,0.1978609626,0.0449029126,0.5912174084,0.0155785035,0.0096153846,0.99102000708,0.0735082845597,,,
accident,classical_classification_v1,,1,30,validation,weekday_type,weekend,7007,49,True,,,,,,,,,,,,accident,0.9578992436,0.008,0.0408163265,0.0133779264,0.4918373213,0.0073095584,0.006993007,0.992160133626,0.0657999751598,,,
accident,classical_classification_v1,,1,30,validation,peak_status,evening_peak,3371,33,True,,,,,,,,,,,,accident,0.8709581726,0.0121359223,0.1515151515,0.0224719101,0.4765146976,0.0106192313,0.00978938,0.989533373099,0.0833805368072,,,
accident,classical_classification_v1,,1,30,validation,peak_status,morning_peak,3252,46,True,,,,,,,,,,,,accident,0.7687576876,0.0268096515,0.4347826087,0.0505050505,0.6614839025,0.0231114414,0.0141451415,0.988384271017,0.0909733189628,,,
accident,classical_classification_v1,,1,30,validation,peak_status,off_peak,19832,157,True,,,,,,,,,,,,accident,0.9656111335,0.0253164557,0.0891719745,0.0394366197,0.5417211211,0.0112322202,0.0079164986,0.99210773013,0.0662428661365,,,
accident,classical_classification_v1,,1,30,validation,weather_condition,Clear,19823,171,True,,,,,,,,,,,,accident,0.954598194,0.0247718383,0.1111111111,0.0405117271,0.5753345046,0.0134450989,0.0086263431,0.991540632136,0.0700927048571,,,
accident,classical_classification_v1,,1,30,validation,weather_condition,Cloudy,4906,38,True,,,,,,,,,,,,accident,0.9657562169,0.0220588235,0.0789473684,0.0344827586,0.5245318514,0.0146540947,0.0077456176,0.991616324971,0.0695945829696,,,
accident,classical_classification_v1,,1,30,validation,weather_condition,Fog,168,5,True,,,,,,,,,,,,accident,0.1071428571,0.0261437908,0.8,0.0506329114,0.3423312883,0.0255995142,0.0297619048,0.984635631752,0.114418815048,,,
accident,classical_classification_v1,,1,30,validation,weather_condition,Overcast,834,9,True,,,,,,,,,,,,accident,0.9808153477,0.1111111111,0.1111111111,0.1111111111,0.4067340067,0.1220260745,0.0107913669,0.992309450889,0.0647950443806,,,
accident,classical_classification_v1,,1,30,validation,weather_condition,Rain,724,13,True,,,,,,,,,,,,accident,0.1229281768,0.0185758514,0.9230769231,0.0364188164,0.5017851347,0.0187570192,0.0179558011,0.983755034114,0.119488126643,,,
accident,classical_classification_v1,,1,30,validation,actual_congestion,Free-flow,16093,131,True,,,,,,,,,,,,accident,0.9621574598,0.016194332,0.0610687023,0.0256,0.5283311223,0.0099809981,0.0081401852,0.992222553964,0.0654425943671,,,
accident,classical_classification_v1,,1,30,validation,actual_congestion,Heavy,2547,26,True,,,,,,,,,,,,accident,0.8260698861,0.0206896552,0.3461538462,0.0390455531,0.5846733592,0.0144118814,0.0102080879,0.988554082078,0.0899057699,,,
accident,classical_classification_v1,,1,30,validation,actual_congestion,Moderate,6402,48,True,,,,,,,,,,,,accident,0.9511090284,0.0250896057,0.1458333333,0.0428134557,0.5929991606,0.0154982182,0.007497657,0.991028036593,0.0735526088912,,,
accident,classical_classification_v1,,1,30,validation,actual_congestion,Severe,1413,31,True,,,,,,,,,,,,accident,0.6433121019,0.0298210736,0.4838709677,0.0561797753,0.539190514,0.0287739354,0.0219391366,0.987386309806,0.097387172581,,,
accident,classical_classification_v1,,2,60,test,overall,all,26432,258,True,,,,,,,,,,,,accident,0.9776407385,0.0309859155,0.0426356589,0.0358890701,0.6236733832,0.0181825705,0.0097608959,0.991104942075,0.072676868507,,,
accident,classical_classification_v1,,2,60,test,road_id,NL-001,1057,10,True,,,,,,,,,,,,accident,0.9839167455,0,0,0,0.5328557784,0.0149265745,0.0094607379,0.991350675804,0.071093618639,,,
accident,classical_classification_v1,,2,60,test,road_id,NL-002,1062,6,True,,,,,,,,,,,,accident,0.9764595104,0,0,0,0.6890782828,0.0171492175,0.0056497175,0.991107889796,0.0725949844541,,,
accident,classical_classification_v1,,2,60,test,road_id,NL-003,1065,8,True,,,,,,,,,,,,accident,0.9680751174,0,0,0,0.6214522233,0.0145674799,0.0075117371,0.990822312433,0.0744840725832,,,
accident,classical_classification_v1,,2,60,test,road_id,NL-004,1058,11,True,,,,,,,,,,,,accident,0.9820415879,0.1666666667,0.1818181818,0.1739130435,0.5261786924,0.0701673129,0.0103969754,0.991002332189,0.0734085108875,,,
accident,classical_classification_v1,,2,60,test,road_id,NL-005,1061,12,True,,,,,,,,,,,,accident,0.9660697455,0,0,0,0.5546552272,0.0149009597,0.0113100848,0.990830219966,0.0745341815634,,,
accident,classical_classification_v1,,2,60,test,road_id,NL-006,1057,18,True,,,,,,,,,,,,accident,0.9612109745,0,0,0,0.6857555342,0.0368173294,0.0170293283,0.990775092121,0.074793099826,,,
accident,classical_classification_v1,,2,60,test,road_id,NL-007,1044,8,True,,,,,,,,,,,,accident,0.9894636015,0,0,0,0.541023166,0.0178045667,0.0076628352,0.991377640352,0.0708865325876,,,
accident,classical_classification_v1,,2,60,test,road_id,NL-008,1049,10,True,,,,,,,,,,,,accident,0.9761677788,0,0,0,0.4948989413,0.0107504427,0.0095328885,0.991387086223,0.0707585730698,,,
accident,classical_classification_v1,,2,60,test,road_id,NL-009,1056,14,True,,,,,,,,,,,,accident,0.9678030303,0.0833333333,0.1428571429,0.1052631579,0.5600493556,0.0375325713,0.0132575758,0.9907174495,0.0751844204156,,,
accident,classical_classification_v1,,2,60,test,road_id,NL-010,1060,10,True,,,,,,,,,,,,accident,0.9839622642,0,0,0,0.5878095238,0.017243283,0.0094339623,0.991365610284,0.0709733895942,,,
accident,classical_classification_v1,,2,60,test,road_id,NL-011,1065,6,True,,,,,,,,,,,,accident,0.9812206573,0,0,0,0.8611898017,0.039058507,0.0056338028,0.991248381153,0.0717311638919,,,
accident,classical_classification_v1,,2,60,test,road_id,NL-012,1054,13,True,,,,,,,,,,,,accident,0.9677419355,0.0434782609,0.0769230769,0.0555555556,0.7048695781,0.0361782865,0.0123339658,0.990711944302,0.0752452932296,,,
accident,classical_classification_v1,,2,60,test,road_id,NL-013,1063,8,True,,,,,,,,,,,,accident,0.9821260583,0,0,0,0.4111374408,0.0113737545,0.0075258702,0.990915086126,0.0740828183227,,,
accident,classical_classification_v1,,2,60,test,road_id,NL-014,1059,7,True,,,,,,,,,,,,accident,0.9839471199,0.0833333333,0.1428571429,0.1052631579,0.8028245519,0.0600836714,0.0066100094,0.991469307902,0.0701987102242,,,
accident,classical_classification_v1,,2,60,test,road_id,NL-015,1049,14,True,,,,,,,,,,,,accident,0.9685414681,0.0476190476,0.0714285714,0.0571428571,0.7774327122,0.0469388595,0.0133460439,0.990798510638,0.0746595901782,,,
accident,classical_classification_v1,,2,60,test,road_id,NL-016,1053,5,True,,,,,,,,,,,,accident,0.9905033238,0,0,0,0.6675572519,0.0102178859,0.0047483381,0.99124872354,0.0717896294496,,,
accident,classical_classification_v1,,2,60,test,road_id,NL-017,1061,21,True,,,,,,,,,,,,accident,0.9707822809,0.0833333333,0.0476190476,0.0606060606,0.6492216117,0.0611868965,0.0197926484,0.991244046673,0.0717933994427,,,
accident,classical_classification_v1,,2,60,test,road_id,NL-018,1057,16,True,,,,,,,,,,,,accident,0.9659413434,0,0,0,0.6485350624,0.0262760033,0.0151371807,0.990888407476,0.0740842898881,,,
accident,classical_classification_v1,,2,60,test,road_id,NL-019,1058,9,True,,,,,,,,,,,,accident,0.9829867675,0,0,0,0.7044804576,0.0395681687,0.0085066163,0.991040912847,0.0731591736442,,,
accident,classical_classification_v1,,2,60,test,road_id,NL-020,1061,5,True,,,,,,,,,,,,accident,0.9839773798,0,0,0,0.5255681818,0.0106220839,0.0047125353,0.991154511501,0.072367591959,,,
accident,classical_classification_v1,,2,60,test,road_id,NL-021,1058,11,True,,,,,,,,,,,,accident,0.9725897921,0.05,0.0909090909,0.064516129,0.5198402362,0.0251551963,0.0103969754,0.991006490376,0.0732722417692,,,
accident,classical_classification_v1,,2,60,test,road_id,NL-022,1049,4,False,,,,,,,,,,,,accident,,,,,,,,,,,,
accident,classical_classification_v1,,2,60,test,road_id,NL-023,1052,10,True,,,,,,,,,,,,accident,0.9838403042,0.1818181818,0.2,0.1904761905,0.6270633397,0.1022640913,0.0095057034,0.991191392043,0.0720672552774,,,
accident,classical_classification_v1,,2,60,test,road_id,NL-024,1059,11,True,,,,,,,,,,,,accident,0.9735599622,0,0,0,0.7264052741,0.0337910334,0.0103871577,0.991148192359,0.07228846814,,,
accident,classical_classification_v1,,2,60,test,road_id,NL-025,1065,11,True,,,,,,,,,,,,accident,0.985915493,0,0,0,0.4667931689,0.0164638399,0.0103286385,0.991376052328,0.0709877936395,,,
accident,classical_classification_v1,,2,60,test,origin_hour,0,1076,6,True,,,,,,,,,,,,accident,0.9944237918,0,0,0,0.6166666667,0.0314657078,0.0055762082,0.993142774516,0.0589355349195,,,
accident,classical_classification_v1,,2,60,test,origin_hour,1,1065,7,True,,,,,,,,,,,,accident,0.99342723,0,0,0,0.3512017283,0.0095621957,0.00657277,0.992698706098,0.0620777983967,,,
accident,classical_classification_v1,,2,60,test,origin_hour,2,1079,7,True,,,,,,,,,,,,accident,0.9907321594,0.2,0.1428571429,0.1666666667,0.8431503198,0.1045940956,0.0064874884,0.992339502952,0.0645312379074,,,
accident,classical_classification_v1,,2,60,test,origin_hour,3,1074,13,True,,,,,,,,,,,,accident,0.9841713222,0,0,0,0.7049952875,0.0269057089,0.0121042831,0.992082131293,0.0663192552411,,,
accident,classical_classification_v1,,2,60,test,origin_hour,4,1065,4,False,,,,,,,,,,,,accident,,,,,,,,,,,,
accident,classical_classification_v1,,2,60,test,origin_hour,5,1071,15,True,,,,,,,,,,,,accident,0.9738562092,0,0,0,0.4923611111,0.0175359549,0.0140056022,0.991750495623,0.0686751350387,,,
accident,classical_classification_v1,,2,60,test,origin_hour,6,1077,14,True,,,,,,,,,,,,accident,0.9795728877,0,0,0,0.6142991533,0.0389850908,0.0129990715,0.990609433599,0.0764030810074,,,
accident,classical_classification_v1,,2,60,test,origin_hour,7,1068,24,True,,,,,,,,,,,,accident,0.9382022472,0.1111111111,0.25,0.1538461538,0.7253751596,0.0813356801,0.0224719101,0.987758376715,0.094543837733,,,
accident,classical_classification_v1,,2,60,test,origin_hour,8,1086,10,True,,,,,,,,,,,,accident,0.9254143646,0.0136986301,0.1,0.0240963855,0.4762081784,0.0124635873,0.0092081031,0.986893073073,0.0998392388304,,,
accident,classical_classification_v1,,2,60,test,origin_hour,9,1125,7,True,,,,,,,,,,,,accident,0.9848888889,0,0,0,0.6685407616,0.0123663732,0.0062222222,0.990632658613,0.0759977598137,,,
accident,classical_classification_v1,,2,60,test,origin_hour,10,1122,10,True,,,,,,,,,,,,accident,0.9901960784,0,0,0,0.6246402878,0.0208083739,0.008912656,0.992505673484,0.0633503325434,,,
accident,classical_classification_v1,,2,60,test,origin_hour,11,1120,9,True,,,,,,,,,,,,accident,0.9901785714,0,0,0,0.496449645,0.0144446062,0.0080357143,0.992446213249,0.0637674379619,,,
accident,classical_classification_v1,,2,60,test,origin_hour,12,1125,8,True,,,,,,,,,,,,accident,0.9928888889,0,0,0,0.6324977619,0.0167514772,0.0071111111,0.992451309365,0.0637863376799,,,
accident,classical_classification_v1,,2,60,test,origin_hour,13,1123,9,True,,,,,,,,,,,,accident,0.9804096171,0,0,0,0.7393776182,0.0224950904,0.0080142476,0.991231167214,0.0719986164597,,,
accident,classical_classification_v1,,2,60,test,origin_hour,14,1124,8,True,,,,,,,,,,,,accident,0.9724199288,0,0,0,0.6038306452,0.0177598893,0.0071174377,0.989917613451,0.0808512768366,,,
accident,classical_classification_v1,,2,60,test,origin_hour,15,1117,15,True,,,,,,,,,,,,accident,0.9668755595,0,0,0,0.5549909256,0.0158985083,0.0134288272,0.98910053294,0.086274713974,,,
accident,classical_classification_v1,,2,60,test,origin_hour,16,1115,20,True,,,,,,,,,,,,accident,0.930044843,0.0166666667,0.05,0.025,0.6014611872,0.0255001435,0.0179372197,0.987635046486,0.095344132416,,,
accident,classical_classification_v1,,2,60,test,origin_hour,17,1126,17,True,,,,,,,,,,,,accident,0.946714032,0,0,0,0.6276985095,0.0232749939,0.0150976909,0.988183885506,0.0918996977803,,,
accident,classical_classification_v1,,2,60,test,origin_hour,18,1127,10,True,,,,,,,,,,,,accident,0.9804791482,0,0,0,0.3497761862,0.0081236055,0.0088731145,0.989951191286,0.0805549833517,,,
accident,classical_classification_v1,,2,60,test,origin_hour,19,1119,9,True,,,,,,,,,,,,accident,0.9874888293,0.2222222222,0.2222222222,0.2222222222,0.6157157157,0.1154069793,0.0080428954,0.991971067575,0.066941417314,,,
accident,classical_classification_v1,,2,60,test,origin_hour,20,1131,5,True,,,,,,,,,,,,accident,0.9946949602,0,0,0,0.4930728242,0.004976253,0.0044208665,0.992512187689,0.0632392349704,,,
accident,classical_classification_v1,,2,60,test,origin_hour,21,1109,7,True,,,,,,,,,,,,accident,0.9936880072,0,0,0,0.5277417682,0.0076217404,0.0063119928,0.99326936598,0.0580028027467,,,
accident,classical_classification_v1,,2,60,test,origin_hour,22,1122,12,True,,,,,,,,,,,,accident,0.9893048128,0,0,0,0.4749249249,0.0239327346,0.0106951872,0.99327590041,0.0580276198814,,,
accident,classical_classification_v1,,2,60,test,origin_hour,23,1066,12,True,,,,,,,,,,,,accident,0.9887429644,0,0,0,0.6117172676,0.0257643121,0.0112570356,0.992156732322,0.0659189393031,,,
accident,classical_classification_v1,,2,60,test,weekday,Friday,4253,39,True,,,,,,,,,,,,accident,0.9865976957,0,0,0,0.6431492096,0.0182895588,0.0091699976,0.990886999879,0.0742326682609,,,
accident,classical_classification_v1,,2,60,test,weekday,Monday,3508,33,True,,,,,,,,,,,,accident,0.9809007982,0.0526315789,0.0606060606,0.0563380282,0.6426509701,0.0212574626,0.0094070696,0.991202830175,0.0720573316338,,,
accident,classical_classification_v1,,2,60,test,weekday,Saturday,4641,45,True,,,,,,,,,,,,accident,0.9801766861,0,0,0,0.5470118944,0.014780234,0.0096961862,0.991981740773,0.0667938095137,,,
accident,classical_classification_v1,,2,60,test,weekday,Sunday,3510,31,True,,,,,,,,,,,,accident,0.9897435897,0,0,0,0.5714471159,0.0116679374,0.0088319088,0.992007621971,0.0668135206139,,,
accident,classical_classification_v1,,2,60,test,weekday,Thursday,3511,37,True,,,,,,,,,,,,accident,0.9763600114,0.0208333333,0.027027027,0.0235294118,0.7287339153,0.0256470211,0.0105383082,0.990301836212,0.0780368639864,,,
accident,classical_classification_v1,,2,60,test,weekday,Tuesday,3508,39,True,,,,,,,,,,,,accident,0.9657924743,0.0549450549,0.1282051282,0.0769230769,0.6175207516,0.0266457748,0.0111174458,0.990633385054,0.0757310627937,,,
accident,classical_classification_v1,,2,60,test,weekday,Wednesday,3501,34,True,,,,,,,,,,,,accident,0.961153956,0.0277777778,0.0882352941,0.0422535211,0.6359201887,0.0188924929,0.009711511,0.990482209778,0.0766491876175,,,
accident,classical_classification_v1,,2,60,test,weekday_type,weekday,18281,182,True,,,,,,,,,,,,accident,0.9746731579,0.0363036304,0.0604395604,0.0453608247,0.6535410553,0.0203232432,0.0099556917,0.990709032158,0.0752961796986,,,
accident,classical_classification_v1,,2,60,test,weekday_type,weekend,8151,76,True,,,,,,,,,,,,accident,0.9842964053,0,0,0,0.5558807235,0.0131558117,0.0093240093,0.991992885786,0.0668022975472,,,
accident,classical_classification_v1,,2,60,test,peak_status,evening_peak,3372,36,True,,,,,,,,,,,,accident,0.9715302491,0.03125,0.0555555556,0.04,0.5874383826,0.0191981464,0.0106761566,0.99003133816,0.0798256144461,,,
accident,classical_classification_v1,,2,60,test,peak_status,morning_peak,3279,41,True,,,,,,,,,,,,accident,0.9499847514,0.0510948905,0.1707317073,0.0786516854,0.6711233975,0.0311178111,0.0125038121,0.988457933708,0.0899346483254,,,
accident,classical_classification_v1,,2,60,test,peak_status,off_peak,19781,181,True,,,,,,,,,,,,accident,0.9832667711,0.012987013,0.0110497238,0.0119402985,0.6209217499,0.0162794968,0.0091501946,0.991726737375,0.0685975079423,,,
accident,classical_classification_v1,,2,60,test,weather_condition,Clear,19856,161,True,,,,,,,,,,,,accident,0.9889202256,0,0,0,0.6200378757,0.0133807248,0.0081083803,0.991427823386,0.0707017616373,,,
accident,classical_classification_v1,,2,60,test,weather_condition,Cloudy,4322,46,True,,,,,,,,,,,,accident,0.9854234151,0,0,0,0.5434579249,0.0139622844,0.0106432207,0.991251707515,0.0718075219374,,,
accident,classical_classification_v1,,2,60,test,weather_condition,Fog,163,6,True,,,,,,,,,,,,accident,0.9447852761,0,0,0,0.389596603,0.0512535859,0.036809816,0.988218356173,0.0920101688711,,,
accident,classical_classification_v1,,2,60,test,weather_condition,Overcast,950,10,True,,,,,,,,,,,,accident,0.9894736842,0,0,0,0.4520212766,0.0108548551,0.0105263158,0.993584054212,0.0556176130974,,,
accident,classical_classification_v1,,2,60,test,weather_condition,Rain,1141,35,True,,,,,,,,,,,,accident,0.7467134093,0.0398550725,0.3142857143,0.0707395498,0.5138982175,0.0381590769,0.0306748466,0.983278391188,0.121782918077,,,
accident,classical_classification_v1,,2,60,test,actual_congestion,Free-flow,15906,131,True,,,,,,,,,,,,accident,0.9877404753,0.0151515152,0.0076335878,0.0101522843,0.5956226032,0.0159299144,0.0082358858,0.992365135074,0.0643061473687,,,
accident,classical_classification_v1,,2,60,test,actual_congestion,Heavy,2596,48,True,,,,,,,,,,,,accident,0.9437596302,0.0701754386,0.1666666667,0.0987654321,0.5552066981,0.0342459787,0.0184899846,0.987679431998,0.0951566014756,,,
accident,classical_classification_v1,,2,60,test,actual_congestion,Moderate,6402,44,True,,,,,,,,,,,,accident,0.9786004374,0.0206185567,0.0454545455,0.0283687943,0.5186736824,0.0094252182,0.0068728522,0.990486521818,0.0770404022619,,,
accident,classical_classification_v1,,2,60,test,actual_congestion,Severe,1528,35,True,,,,,,,,,,,,accident,0.9260471204,0,0,0,0.4895416707,0.0219618763,0.0229057592,0.986397560399,0.103339146348,,,
accident,classical_classification_v1,,2,60,validation,overall,all,26431,236,True,,,,,,,,,,,,accident,0.9804018009,0.0236486486,0.0296610169,0.0263157895,0.5812852433,0.0131465067,0.0089289092,0.991166521628,0.072343633925,,,
accident,classical_classification_v1,,2,60,validation,road_id,NL-001,1053,5,True,,,,,,,,,,,,accident,0.9791073124,0,0,0,0.6005725191,0.0079150838,0.0047483381,0.9912568516,0.0716936606086,,,
accident,classical_classification_v1,,2,60,validation,road_id,NL-002,1059,14,True,,,,,,,,,,,,accident,0.9792256846,0.1,0.0714285714,0.0833333333,0.5377990431,0.0282514576,0.0132200189,0.991209961571,0.0720409893833,,,
accident,classical_classification_v1,,2,60,validation,road_id,NL-003,1059,5,True,,,,,,,,,,,,accident,0.9858356941,0,0,0,0.4914611006,0.0058124251,0.0047214353,0.991039708077,0.073224887716,,,
accident,classical_classification_v1,,2,60,validation,road_id,NL-004,1062,10,True,,,,,,,,,,,,accident,0.9755178908,0,0,0,0.6323193916,0.0169530601,0.0094161959,0.990862236892,0.0743609771844,,,
accident,classical_classification_v1,,2,60,validation,road_id,NL-005,1046,5,True,,,,,,,,,,,,accident,0.9799235182,0,0,0,0.7177713737,0.0324087262,0.0047801147,0.990905874526,0.0740523231874,,,
accident,classical_classification_v1,,2,60,validation,road_id,NL-006,1052,9,True,,,,,,,,,,,,accident,0.9809885932,0.0769230769,0.1111111111,0.0909090909,0.7089591989,0.0525369254,0.0085551331,0.991052460644,0.073133202484,,,
accident,classical_classification_v1,,2,60,validation,road_id,NL-007,1062,12,True,,,,,,,,,,,,accident,0.9755178908,0,0,0,0.5532539683,0.0150338856,0.011299435,0.991253224206,0.0717104830675,,,
accident,classical_classification_v1,,2,60,validation,road_id,NL-008,1068,13,True,,,,,,,,,,,,accident,0.9775280899,0,0,0,0.534815895,0.0216104797,0.0121722846,0.991396973392,0.0707325617348,,,
accident,classical_classification_v1,,2,60,validation,road_id,NL-009,1060,12,True,,,,,,,,,,,,accident,0.9811320755,0,0,0,0.6533874046,0.0213692427,0.0113207547,0.991007941986,0.0734877355822,,,
accident,classical_classification_v1,,2,60,validation,road_id,NL-010,1051,6,True,,,,,,,,,,,,accident,0.9819219791,0,0,0,0.4660287081,0.0084539553,0.0057088487,0.991382040324,0.0708591233072,,,
accident,classical_classification_v1,,2,60,validation,road_id,NL-011,1066,5,True,,,,,,,,,,,,accident,0.9840525328,0,0,0,0.3660697455,0.0043388523,0.0046904315,0.991330640235,0.0712057035691,,,
accident,classical_classification_v1,,2,60,validation,road_id,NL-012,1056,5,True,,,,,,,,,,,,accident,0.9876893939,0,0,0,0.6062797336,0.0072814798,0.0047348485,0.990936941898,0.0739995045786,,,
accident,classical_classification_v1,,2,60,validation,road_id,NL-013,1063,10,True,,,,,,,,,,,,accident,0.9774223895,0,0,0,0.5339031339,0.0144667874,0.0094073377,0.990807988813,0.0747457779459,,,
accident,classical_classification_v1,,2,60,validation,road_id,NL-014,1051,12,True,,,,,,,,,,,,accident,0.9790675547,0,0,0,0.5809271736,0.0208696173,0.0114176974,0.991553007401,0.0697392609126,,,
accident,classical_classification_v1,,2,60,validation,road_id,NL-015,1051,13,True,,,,,,,,,,,,accident,0.9752616556,0,0,0,0.5762561138,0.0213344044,0.0123691722,0.990952677421,0.0738441157822,,,
accident,classical_classification_v1,,2,60,validation,road_id,NL-016,1052,14,True,,,,,,,,,,,,accident,0.9743346008,0.0666666667,0.0714285714,0.0689655172,0.6053537022,0.0219910949,0.0133079848,0.991131187734,0.0725499464148,,,
accident,classical_classification_v1,,2,60,validation,road_id,NL-017,1069,13,True,,,,,,,,,,,,accident,0.9775491113,0,0,0,0.6672494172,0.0203641331,0.012160898,0.991267069098,0.0716292949133,,,
accident,classical_classification_v1,,2,60,validation,road_id,NL-018,1055,12,True,,,,,,,,,,,,accident,0.9800947867,0,0,0,0.5209332055,0.0264228636,0.0113744076,0.99107234887,0.0730287172401,,,
accident,classical_classification_v1,,2,60,validation,road_id,NL-019,1049,12,True,,,,,,,,,,,,accident,0.9780743565,0,0,0,0.5991642559,0.0175844289,0.0114394662,0.990982501848,0.0735587391962,,,
accident,classical_classification_v1,,2,60,validation,road_id,NL-020,1064,9,True,,,,,,,,,,,,accident,0.9840225564,0,0,0,0.4204318062,0.0098475053,0.0084586466,0.991218594786,0.072024382196,,,
accident,classical_classification_v1,,2,60,validation,road_id,NL-021,1062,5,True,,,,,,,,,,,,accident,0.9858757062,0,0,0,0.7046357616,0.0278836429,0.0047080979,0.991256388075,0.0717415707997,,,
accident,classical_classification_v1,,2,60,validation,road_id,NL-022,1053,8,True,,,,,,,,,,,,accident,0.9857549858,0.1818181818,0.25,0.2105263158,0.7509569378,0.0750770892,0.0075973409,0.991294402819,0.0714630442349,,,
accident,classical_classification_v1,,2,60,validation,road_id,NL-023,1061,7,True,,,,,,,,,,,,accident,0.9849198869,0,0,0,0.5119273516,0.0090268812,0.0065975495,0.991300450986,0.071439475111,,,
accident,classical_classification_v1,,2,60,validation,road_id,NL-024,1053,10,True,,,,,,,,,,,,accident,0.9791073124,0.0714285714,0.1,0.0833333333,0.6431447747,0.0404162245,0.0094966762,0.99136037092,0.071094804681,,,
accident,classical_classification_v1,,2,60,validation,road_id,NL-025,1054,10,True,,,,,,,,,,,,accident,0.9800759013,0.0769230769,0.1,0.0869565217,0.5480842912,0.0197083094,0.009487666,0.991327667617,0.0712552420836,,,
accident,classical_classification_v1,,2,60,validation,origin_hour,0,1128,6,True,,,,,,,,,,,,accident,0.9946808511,0,0,0,0.5157456922,0.0082804785,0.0053191489,0.992998771221,0.0600653216023,,,
accident,classical_classification_v1,,2,60,validation,origin_hour,1,1122,13,True,,,,,,,,,,,,accident,0.9884135472,0,0,0,0.5288201429,0.0150031195,0.0115864528,0.992693982988,0.0622169712001,,,
accident,classical_classification_v1,,2,60,validation,origin_hour,2,1124,5,True,,,,,,,,,,,,accident,0.9955516014,0,0,0,0.6568364611,0.0121656706,0.0044483986,0.992526800562,0.0633775364899,,,
accident,classical_classification_v1,,2,60,validation,origin_hour,3,1120,8,True,,,,,,,,,,,,accident,0.9928571429,0,0,0,0.8090152878,0.0370670179,0.0071428571,0.992263634958,0.0652247910833,,,
accident,classical_classification_v1,,2,60,validation,origin_hour,4,1127,10,True,,,,,,,,,,,,accident,0.9858030169,0,0,0,0.545568487,0.0123727831,0.0088731145,0.99163476383,0.0694097314392,,,
accident,classical_classification_v1,,2,60,validation,origin_hour,5,1122,15,True,,,,,,,,,,,,accident,0.9857397504,0,0,0,0.5845227341,0.0364562211,0.013368984,0.991377107817,0.0713031745207,,,
accident,classical_classification_v1,,2,60,validation,origin_hour,6,1108,6,True,,,,,,,,,,,,accident,0.9936823105,0,0,0,0.6622807018,0.009078177,0.0054151625,0.99038224475,0.0779987759162,,,
accident,classical_classification_v1,,2,60,validation,origin_hour,7,1095,20,True,,,,,,,,,,,,accident,0.9570776256,0.0344827586,0.05,0.0408163265,0.6793488372,0.0335711482,0.0182648402,0.987861559779,0.0941236262115,,,
accident,classical_classification_v1,,2,60,validation,origin_hour,8,1065,15,True,,,,,,,,,,,,accident,0.9577464789,0,0,0,0.5777777778,0.018181144,0.014084507,0.987043892115,0.0992885485499,,,
accident,classical_classification_v1,,2,60,validation,origin_hour,9,1073,15,True,,,,,,,,,,,,accident,0.9850885368,0,0,0,0.7046628859,0.0340720368,0.0139794967,0.99066447963,0.0759253307538,,,
accident,classical_classification_v1,,2,60,validation,origin_hour,10,1068,5,True,,,,,,,,,,,,accident,0.9953183521,0,0,0,0.3832549389,0.0045533619,0.0046816479,0.992834243642,0.0611789539242,,,
accident,classical_classification_v1,,2,60,validation,origin_hour,11,1084,7,True,,,,,,,,,,,,accident,0.9935424354,0,0,0,0.4094707521,0.0083377923,0.0064575646,0.992617042822,0.0627755989591,,,
accident,classical_classification_v1,,2,60,validation,origin_hour,12,1075,8,True,,,,,,,,,,,,accident,0.9925581395,0,0,0,0.4492736645,0.007258314,0.0074418605,0.992814763832,0.0613403654663,,,
accident,classical_classification_v1,,2,60,validation,origin_hour,13,1071,6,True,,,,,,,,,,,,accident,0.9906629318,0,0,0,0.4643192488,0.0081316834,0.0056022409,0.991959608811,0.067234064075,,,
accident,classical_classification_v1,,2,60,validation,origin_hour,14,1069,8,True,,,,,,,,,,,,accident,0.9644527596,0.0588235294,0.25,0.0952380952,0.5719839774,0.0543342874,0.0074836296,0.990223433792,0.0788447687,,,
accident,classical_classification_v1,,2,60,validation,origin_hour,15,1066,7,True,,,,,,,,,,,,accident,0.9587242026,0.0487804878,0.2857142857,0.0833333333,0.6113584244,0.0190497895,0.0065666041,0.989210199577,0.0853427096973,,,
accident,classical_classification_v1,,2,60,validation,origin_hour,16,1077,12,True,,,,,,,,,,,,accident,0.9461467038,0,0,0,0.4717527387,0.0123592528,0.0111420613,0.988029336382,0.0929132457669,,,
accident,classical_classification_v1,,2,60,validation,origin_hour,17,1126,11,True,,,,,,,,,,,,accident,0.9591474245,0,0,0,0.4910721565,0.0107282991,0.0097690941,0.988471393034,0.0901469655621,,,
accident,classical_classification_v1,,2,60,validation,origin_hour,18,1114,14,True,,,,,,,,,,,,accident,0.9614003591,0.0606060606,0.1428571429,0.085106383,0.5301298701,0.0228925819,0.012567325,0.989587640031,0.082818517863,,,
accident,classical_classification_v1,,2,60,validation,origin_hour,19,1120,8,True,,,,,,,,,,,,accident,0.9919642857,0,0,0,0.5533947842,0.0100168259,0.0071428571,0.992334181067,0.064557057567,,,
accident,classical_classification_v1,,2,60,validation,origin_hour,20,1124,7,True,,,,,,,,,,,,accident,0.9911032028,0,0,0,0.4436628725,0.006029719,0.006227758,0.99240723631,0.0641264976879,,,
accident,classical_classification_v1,,2,60,validation,origin_hour,21,1121,8,True,,,,,,,,,,,,accident,0.9928635147,0,0,0,0.447214735,0.0082165479,0.0071364853,0.993192661233,0.0584990365558,,,
accident,classical_classification_v1,,2,60,validation,origin_hour,22,1118,11,True,,,,,,,,,,,,accident,0.988372093,0,0,0,0.5390490269,0.0114365867,0.0098389982,0.992758050183,0.0615198849621,,,
accident,classical_classification_v1,,2,60,validation,origin_hour,23,1114,11,True,,,,,,,,,,,,accident,0.9640933573,0,0,0,0.5420753317,0.0137957704,0.0098743268,0.991752807697,0.0683768116934,,,
accident,classical_classification_v1,,2,60,validation,weekday,Friday,3866,34,True,,,,,,,,,,,,accident,0.9865494051,0.05,0.0294117647,0.037037037,0.6199880265,0.021553055,0.0087946198,0.99094286665,0.0739200468278,,,
accident,classical_classification_v1,,2,60,validation,weekday,Monday,3504,31,True,,,,,,,,,,,,accident,0.9686073059,0.0240963855,0.064516129,0.0350877193,0.6475855215,0.0201970366,0.008847032,0.990947313546,0.073632287113,,,
accident,classical_classification_v1,,2,60,validation,weekday,Saturday,3514,25,True,,,,,,,,,,,,accident,0.9891861127,0,0,0,0.5439954142,0.0080928966,0.0071143995,0.99207142782,0.0662835141198,,,
accident,classical_classification_v1,,2,60,validation,weekday,Sunday,3495,25,True,,,,,,,,,,,,accident,0.9928469242,0,0,0,0.5020057637,0.0082973365,0.0071530758,0.992324830329,0.0647215949779,,,
accident,classical_classification_v1,,2,60,validation,weekday,Thursday,4683,47,True,,,,,,,,,,,,accident,0.9790732436,0,0,0,0.6048088044,0.0157897637,0.0100363015,0.990715820768,0.0753760080032,,,
accident,classical_classification_v1,,2,60,validation,weekday,Tuesday,3521,35,True,,,,,,,,,,,,accident,0.986083499,0.0625,0.0285714286,0.0392156863,0.4727809196,0.0115983768,0.0099403579,0.990886556346,0.0743001248429,,,
accident,classical_classification_v1,,2,60,validation,weekday,Wednesday,3848,39,True,,,,,,,,,,,,accident,0.9620582121,0.0265486726,0.0769230769,0.0394736842,0.595869432,0.0163430576,0.0101351351,0.99051709748,0.0765627144166,,,
accident,classical_classification_v1,,2,60,validation,weekday_type,weekday,19422,186,True,,,,,,,,,,,,accident,0.9765729585,0.0247349823,0.0376344086,0.0298507463,0.5918095439,0.0146296697,0.0095767686,0.990794359684,0.0748116746579,,,
accident,classical_classification_v1,,2,60,validation,weekday_type,weekend,7009,50,True,,,,,,,,,,,,accident,0.9910115566,0,0,0,0.5227561431,0.0077364557,0.0071336853,0.992197785612,0.0655046715743,,,
accident,classical_classification_v1,,2,60,validation,peak_status,evening_peak,3360,33,True,,,,,,,,,,,,accident,0.9708333333,0.0289855072,0.0606060606,0.0392156863,0.5505915785,0.0129923572,0.0098214286,0.990129078079,0.0791872668445,,,
accident,classical_classification_v1,,2,60,validation,peak_status,morning_peak,3233,50,True,,,,,,,,,,,,accident,0.9665944943,0.0166666667,0.02,0.0181818182,0.6473138549,0.0233930308,0.0154655119,0.988522468204,0.0897852009917,,,
accident,classical_classification_v1,,2,60,validation,peak_status,off_peak,19838,153,True,,,,,,,,,,,,accident,0.9842726081,0.0239520958,0.0261437908,0.025,0.5311409603,0.0097026348,0.007712471,0.991773136964,0.0683420615419,,,
accident,classical_classification_v1,,2,60,validation,weather_condition,Clear,19811,176,True,,,,,,,,,,,,accident,0.9886931503,0.0384615385,0.0113636364,0.0175438596,0.5795495058,0.0132308549,0.0088839534,0.991335711167,0.0713470374936,,,
accident,classical_classification_v1,,2,60,validation,weather_condition,Cloudy,4886,41,True,,,,,,,,,,,,accident,0.9909946787,0,0,0,0.5764001108,0.0141740483,0.0083913221,0.991416217822,0.0708205556716,,,
accident,classical_classification_v1,,2,60,validation,weather_condition,Fog,170,1,False,,,,,,,,,,,,accident,,,,,,,,,,,,
accident,classical_classification_v1,,2,60,validation,weather_condition,Overcast,841,7,True,,,,,,,,,,,,accident,0.9916765755,0,0,0,0.4969167523,0.0213174245,0.0083234245,0.993753288814,0.0543872243808,,,
accident,classical_classification_v1,,2,60,validation,weather_condition,Rain,723,11,True,,,,,,,,,,,,accident,0.6666666667,0.0208333333,0.4545454545,0.0398406375,0.6040602656,0.0202507689,0.0152143845,0.982532859635,0.126138116185,,,
accident,classical_classification_v1,,2,60,validation,actual_congestion,Free-flow,16093,131,True,,,,,,,,,,,,accident,0.9881314857,0.0161290323,0.0076335878,0.0103626943,0.5522806551,0.0111606869,0.0081401852,0.99234046672,0.0645372633538,,,
accident,classical_classification_v1,,2,60,validation,actual_congestion,Heavy,2534,26,True,,,,,,,,,,,,accident,0.956195738,0.0224719101,0.0769230769,0.0347826087,0.5554686542,0.0140076923,0.0102604578,0.987807864037,0.0944855626273,,,
accident,classical_classification_v1,,2,60,validation,actual_congestion,Moderate,6402,48,True,,,,,,,,,,,,accident,0.9778194314,0.03,0.0625,0.0405405405,0.5955762774,0.0146526892,0.007497657,0.990517020571,0.0768601216965,,,
accident,classical_classification_v1,,2,60,validation,actual_congestion,Severe,1402,31,True,,,,,,,,,,,,accident,0.9472182596,0.0222222222,0.0322580645,0.0263157895,0.5488812028,0.0261015716,0.0221112696,0.986727609883,0.101306344023,,,
accident,classical_classification_v1,,3,90,test,overall,all,26409,258,True,,,,,,,,,,,,accident,0.9691393086,0.0222984563,0.0503875969,0.0309155767,0.5980192851,0.0161055744,0.0097693968,0.991218126734,0.0723550589504,,,
accident,classical_classification_v1,,3,90,test,road_id,NL-001,1056,10,True,,,,,,,,,,,,accident,0.9753787879,0,0,0,0.5021032505,0.0109373643,0.009469697,0.991296204136,0.0718400781136,,,
accident,classical_classification_v1,,3,90,test,road_id,NL-002,1061,6,True,,,,,,,,,,,,accident,0.9670122526,0,0,0,0.7769352291,0.0181150197,0.0056550424,0.991226953555,0.0722607592033,,,
accident,classical_classification_v1,,3,90,test,road_id,NL-003,1065,8,True,,,,,,,,,,,,accident,0.9661971831,0,0,0,0.6370624409,0.0165709753,0.0075117371,0.991097260101,0.0731671505969,,,
accident,classical_classification_v1,,3,90,test,road_id,NL-004,1057,11,True,,,,,,,,,,,,accident,0.9716177862,0,0,0,0.5451069007,0.0161445627,0.0104068117,0.991207122422,0.0724368912266,,,
accident,classical_classification_v1,,3,90,test,road_id,NL-005,1060,12,True,,,,,,,,,,,,accident,0.9632075472,0,0,0,0.5951017812,0.0238482491,0.0113207547,0.991125315936,0.0729898946426,,,
accident,classical_classification_v1,,3,90,test,road_id,NL-006,1056,18,True,,,,,,,,,,,,accident,0.9535984848,0,0,0,0.6893063584,0.0303990702,0.0170454545,0.991072356672,0.0733192826354,,,
accident,classical_classification_v1,,3,90,test,road_id,NL-007,1043,8,True,,,,,,,,,,,,accident,0.9731543624,0,0,0,0.4896135266,0.010265564,0.0076701822,0.991325194901,0.07163896999,,,
accident,classical_classification_v1,,3,90,test,road_id,NL-008,1048,10,True,,,,,,,,,,,,accident,0.9646946565,0,0,0,0.4397880539,0.009548325,0.0095419847,0.991349934779,0.0714323822928,,,
accident,classical_classification_v1,,3,90,test,road_id,NL-009,1055,14,True,,,,,,,,,,,,accident,0.9639810427,0.0384615385,0.0714285714,0.05,0.4451763414,0.0394584863,0.0132701422,0.991078828169,0.0732962866112,,,
accident,classical_classification_v1,,3,90,test,road_id,NL-010,1059,10,True,,,,,,,,,,,,accident,0.9745042493,0,0,0,0.5742612011,0.0133531672,0.0094428706,0.991325078425,0.0716284419726,,,
accident,classical_classification_v1,,3,90,test,road_id,NL-011,1064,6,True,,,,,,,,,,,,accident,0.9727443609,0,0,0,0.7964713296,0.0373126431,0.0056390977,0.991275013686,0.0719721108779,,,
accident,classical_classification_v1,,3,90,test,road_id,NL-012,1053,13,True,,,,,,,,,,,,accident,0.967711301,0.0434782609,0.0769230769,0.0555555556,0.6597633136,0.0342936891,0.012345679,0.991064400036,0.0734097754511,,,
accident,classical_classification_v1,,3,90,test,road_id,NL-013,1062,8,True,,,,,,,,,,,,accident,0.972693032,0,0,0,0.5496916509,0.0093280124,0.0075329567,0.99116381444,0.0727730886126,,,
accident,classical_classification_v1,,3,90,test,road_id,NL-014,1058,7,True,,,,,,,,,,,,accident,0.9763705104,0.125,0.4285714286,0.1935483871,0.8192197907,0.1045223416,0.0066162571,0.991405898558,0.0710706871929,,,
accident,classical_classification_v1,,3,90,test,road_id,NL-015,1048,14,True,,,,,,,,,,,,accident,0.9627862595,0.037037037,0.0714285714,0.0487804878,0.795178226,0.0445768112,0.0133587786,0.99108118139,0.0732542595279,,,
accident,classical_classification_v1,,3,90,test,road_id,NL-016,1052,5,True,,,,,,,,,,,,accident,0.9743346008,0,0,0,0.5583572111,0.0072806993,0.0047528517,0.991293227121,0.071851451572,,,
accident,classical_classification_v1,,3,90,test,road_id,NL-017,1060,21,True,,,,,,,,,,,,accident,0.9613207547,0.0454545455,0.0476190476,0.0465116279,0.6209267152,0.0443820455,0.0198113208,0.991244342861,0.0721802318915,,,
accident,classical_classification_v1,,3,90,test,road_id,NL-018,1056,16,True,,,,,,,,,,,,accident,0.9621212121,0,0,0,0.5715144231,0.0228490811,0.0151515152,0.991110319649,0.073100731218,,,
accident,classical_classification_v1,,3,90,test,road_id,NL-019,1057,9,True,,,,,,,,,,,,accident,0.9706717124,0.0416666667,0.1111111111,0.0606060606,0.6248939779,0.0417154785,0.0085146641,0.991194738277,0.0725154387821,,,
accident,classical_classification_v1,,3,90,test,road_id,NL-020,1060,5,True,,,,,,,,,,,,accident,0.9735849057,0,0,0,0.5833175355,0.0105934951,0.0047169811,0.991260541316,0.0720712545867,,,
accident,classical_classification_v1,,3,90,test,road_id,NL-021,1057,11,True,,,,,,,,,,,,accident,0.9649952696,0,0,0,0.4634103946,0.0110181041,0.0104068117,0.991199323118,0.0724681964161,,,
accident,classical_classification_v1,,3,90,test,road_id,NL-022,1049,4,False,,,,,,,,,,,,accident,,,,,,,,,,,,
accident,classical_classification_v1,,3,90,test,road_id,NL-023,1051,10,True,,,,,,,,,,,,accident,0.9705042816,0.08,0.2,0.1142857143,0.5129682997,0.1030828017,0.0095147479,0.99124202678,0.0721764541625,,,
accident,classical_classification_v1,,3,90,test,road_id,NL-024,1058,11,True,,,,,,,,,,,,accident,0.9669187146,0.0714285714,0.1818181818,0.1025641026,0.6612833203,0.0433315713,0.0103969754,0.991213102504,0.0723631964028,,,
accident,classical_classification_v1,,3,90,test,road_id,NL-025,1064,11,True,,,,,,,,,,,,accident,0.9755639098,0.0588235294,0.0909090909,0.0714285714,0.4728481395,0.0199208385,0.0103383459,0.991291727798,0.0718893699131,,,
accident,classical_classification_v1,,3,90,test,origin_hour,0,1067,7,True,,,,,,,,,,,,accident,0.9934395501,0,0,0,0.6680592992,0.0207283855,0.0065604499,0.992953261105,0.0604127973846,,,
accident,classical_classification_v1,,3,90,test,origin_hour,1,1078,6,True,,,,,,,,,,,,accident,0.9935064935,0,0,0,0.6948072139,0.0368868577,0.0055658627,0.992458769827,0.0639186847291,,,
accident,classical_classification_v1,,3,90,test,origin_hour,2,1077,13,True,,,,,,,,,,,,accident,0.9851439183,0,0,0,0.5529207634,0.030613136,0.0120705664,0.99214506594,0.0660969262425,,,
accident,classical_classification_v1,,3,90,test,origin_hour,3,1062,6,True,,,,,,,,,,,,accident,0.9858757062,0,0,0,0.493844697,0.0067603317,0.0056497175,0.991824291783,0.0683254163565,,,
accident,classical_classification_v1,,3,90,test,origin_hour,4,1069,9,True,,,,,,,,,,,,accident,0.9850327409,0,0,0,0.4209643606,0.0091518296,0.0084190833,0.991719583168,0.0690754501236,,,
accident,classical_classification_v1,,3,90,test,origin_hour,5,1077,15,True,,,,,,,,,,,,accident,0.9758588672,0,0,0,0.5898305085,0.0329242571,0.0139275766,0.991513142223,0.0704974911857,,,
accident,classical_classification_v1,,3,90,test,origin_hour,6,1070,18,True,,,,,,,,,,,,accident,0.9728971963,0.1333333333,0.1111111111,0.1212121212,0.6628643853,0.0509258711,0.0168224299,0.990830231869,0.0751367494434,,,
accident,classical_classification_v1,,3,90,test,origin_hour,7,1068,20,True,,,,,,,,,,,,accident,0.9279026217,0.0615384615,0.2,0.0941176471,0.6082538168,0.0491301728,0.0187265918,0.98927095094,0.085390921777,,,
accident,classical_classification_v1,,3,90,test,origin_hour,8,1094,7,True,,,,,,,,,,,,accident,0.9451553931,0,0,0,0.4810093311,0.0076590316,0.0063985375,0.989580153857,0.0833722040538,,,
accident,classical_classification_v1,,3,90,test,origin_hour,9,1124,6,True,,,,,,,,,,,,accident,0.9866548043,0,0,0,0.6562313655,0.017741818,0.0053380783,0.991152807063,0.072921471214,,,
accident,classical_classification_v1,,3,90,test,origin_hour,10,1125,11,True,,,,,,,,,,,,accident,0.9857777778,0,0,0,0.394809858,0.0082984407,0.0097777778,0.992007369158,0.0670569172666,,,
accident,classical_classification_v1,,3,90,test,origin_hour,11,1117,8,True,,,,,,,,,,,,accident,0.9901521934,0,0,0,0.7048016231,0.0384729242,0.0071620412,0.99200039436,0.0671294617001,,,
accident,classical_classification_v1,,3,90,test,origin_hour,12,1122,9,True,,,,,,,,,,,,accident,0.9919786096,0,0,0,0.7101926725,0.0340851747,0.0080213904,0.991912067607,0.0677316319037,,,
accident,classical_classification_v1,,3,90,test,origin_hour,13,1122,12,True,,,,,,,,,,,,accident,0.9590017825,0.0277777778,0.0833333333,0.0416666667,0.6383633634,0.0452689941,0.0106951872,0.990896429533,0.0746158397464,,,
accident,classical_classification_v1,,3,90,test,origin_hour,14,1124,7,True,,,,,,,,,,,,accident,0.9225978648,0,0,0,0.465148996,0.0063019964,0.006227758,0.989564837592,0.0835104816813,,,
accident,classical_classification_v1,,3,90,test,origin_hour,15,1117,21,True,,,,,,,,,,,,accident,0.9158460161,0.025974026,0.0952380952,0.0408163265,0.5419273549,0.0210523554,0.0188003581,0.988891960921,0.0878925353306,,,
accident,classical_classification_v1,,3,90,test,origin_hour,16,1115,18,True,,,,,,,,,,,,accident,0.8923766816,0.0277777778,0.1666666667,0.0476190476,0.649903778,0.0289942045,0.0161434978,0.988424567628,0.0908552049008,,,
accident,classical_classification_v1,,3,90,test,origin_hour,17,1133,12,True,,,,,,,,,,,,accident,0.9399823477,0,0,0,0.5644513827,0.0134759784,0.0105913504,0.990081627428,0.080076965563,,,
accident,classical_classification_v1,,3,90,test,origin_hour,18,1123,10,True,,,,,,,,,,,,accident,0.9777382012,0,0,0,0.5690925427,0.021928111,0.0089047195,0.991189742419,0.0726557523468,,,
accident,classical_classification_v1,,3,90,test,origin_hour,19,1121,8,True,,,,,,,,,,,,accident,0.9768064228,0.05,0.125,0.0714285714,0.5463836478,0.0190700828,0.0071364853,0.992165532656,0.0659076876847,,,
accident,classical_classification_v1,,3,90,test,origin_hour,20,1118,4,False,,,,,,,,,,,,accident,,,,,,,,,,,,
accident,classical_classification_v1,,3,90,test,origin_hour,21,1121,14,True,,,,,,,,,,,,accident,0.9875111508,0,0,0,0.5665892373,0.0194182491,0.0124888492,0.992583401189,0.0630686974492,,,
accident,classical_classification_v1,,3,90,test,origin_hour,22,1093,10,True,,,,,,,,,,,,accident,0.9908508692,0,0,0,0.6879963066,0.0251869241,0.0091491308,0.992597694963,0.0629914800128,,,
accident,classical_classification_v1,,3,90,test,origin_hour,23,1072,7,True,,,,,,,,,,,,accident,0.989738806,0,0,0,0.2924211938,0.0049826724,0.0065298507,0.991762147114,0.0687960164997,,,
accident,classical_classification_v1,,3,90,test,weekday,Friday,4256,40,True,,,,,,,,,,,,accident,0.9856672932,0,0,0,0.5881641366,0.0154970252,0.0093984962,0.991151606293,0.0728534085694,,,
accident,classical_classification_v1,,3,90,test,weekday,Monday,3507,33,True,,,,,,,,,,,,accident,0.9763330482,0.0535714286,0.0909090909,0.0674157303,0.6669370737,0.0296314158,0.0094097519,0.991107539426,0.0731358421404,,,
accident,classical_classification_v1,,3,90,test,weekday,Saturday,4613,45,True,,,,,,,,,,,,accident,0.9609798396,0.0143884892,0.0444444444,0.0217391304,0.4834500876,0.0106125785,0.0097550401,0.991801718269,0.0683580637442,,,
accident,classical_classification_v1,,3,90,test,weekday,Sunday,3511,30,True,,,,,,,,,,,,accident,0.9846197664,0,0,0,0.5783012544,0.0119669083,0.0085445742,0.991861020415,0.0680357389484,,,
accident,classical_classification_v1,,3,90,test,weekday,Thursday,3511,36,True,,,,,,,,,,,,accident,0.9706636286,0.0281690141,0.0555555556,0.0373831776,0.7023421263,0.0262710516,0.010253489,0.990705891965,0.0758423949128,,,
accident,classical_classification_v1,,3,90,test,weekday,Tuesday,3510,39,True,,,,,,,,,,,,accident,0.958974359,0.0353982301,0.1025641026,0.0526315789,0.5892486463,0.0203893743,0.0111111111,0.99090003812,0.0744999182509,,,
accident,classical_classification_v1,,3,90,test,weekday,Wednesday,3501,35,True,,,,,,,,,,,,accident,0.9457297915,0.0125786164,0.0571428571,0.0206185567,0.6401450828,0.018184433,0.0099971437,0.990828689584,0.07491763995,,,
accident,classical_classification_v1,,3,90,test,weekday_type,weekday,18285,183,True,,,,,,,,,,,,accident,0.9682253213,0.0261904762,0.0601092896,0.0364842454,0.6353818948,0.0185146874,0.0100082034,0.990947450909,0.074192809643,,,
accident,classical_classification_v1,,3,90,test,weekday_type,weekend,8124,75,True,,,,,,,,,,,,accident,0.9711964549,0.0122699387,0.0266666667,0.0168067227,0.5210038514,0.010643826,0.0092319055,0.991827347249,0.0682187626169,,,
accident,classical_classification_v1,,3,90,test,peak_status,evening_peak,3377,30,True,,,,,,,,,,,,accident,0.9647616227,0.010989011,0.0333333333,0.0165289256,0.5895229559,0.0137346601,0.0088836245,0.991141879396,0.0729055758848,,,
accident,classical_classification_v1,,3,90,test,peak_status,morning_peak,3286,33,True,,,,,,,,,,,,accident,0.9537431528,0.031496063,0.1212121212,0.05,0.6556558515,0.0222727386,0.010042605,0.990017595576,0.0804535694879,,,
accident,classical_classification_v1,,3,90,test,peak_status,off_peak,19746,195,True,,,,,,,,,,,,accident,0.9724501165,0.0219178082,0.041025641,0.0285714286,0.5951563891,0.0161598101,0.0098754178,0.991430951238,0.0709132073697,,,
accident,classical_classification_v1,,3,90,test,weather_condition,Clear,19845,168,True,,,,,,,,,,,,accident,0.985840262,0.0170940171,0.0119047619,0.0140350877,0.5965781902,0.0128961251,0.0084656085,0.991356435827,0.0714782208282,,,
accident,classical_classification_v1,,3,90,test,weather_condition,Cloudy,4311,46,True,,,,,,,,,,,,accident,0.9858501508,0.0588235294,0.0217391304,0.0317460317,0.5686885162,0.0280713557,0.0106703781,0.991452592234,0.0707877499894,,,
accident,classical_classification_v1,,3,90,test,weather_condition,Fog,162,6,True,,,,,,,,,,,,accident,0.962962963,0,0,0,0.2606837607,0.0281228963,0.037037037,0.990537327809,0.0771003690917,,,
accident,classical_classification_v1,,3,90,test,weather_condition,Overcast,951,8,True,,,,,,,,,,,,accident,0.9915878023,0,0,0,0.45373807,0.0084198641,0.0084121977,0.992363571118,0.0645536099909,,,
accident,classical_classification_v1,,3,90,test,weather_condition,Rain,1140,30,True,,,,,,,,,,,,accident,0.5973684211,0.0222717149,0.3333333333,0.0417536534,0.4775375375,0.0297650455,0.0263157895,0.987065010149,0.0993795845503,,,
accident,classical_classification_v1,,3,90,test,actual_congestion,Free-flow,15906,131,True,,,,,,,,,,,,accident,0.982585188,0.0197368421,0.0229007634,0.0212014134,0.548773424,0.0121971646,0.0082358858,0.992028472794,0.0668890190563,,,
accident,classical_classification_v1,,3,90,test,actual_congestion,Heavy,2580,48,True,,,,,,,,,,,,accident,0.9348837209,0.052238806,0.1458333333,0.0769230769,0.5556542917,0.0322822782,0.0186046512,0.989210268285,0.0858007301921,,,
accident,classical_classification_v1,,3,90,test,actual_congestion,Moderate,6402,44,True,,,,,,,,,,,,accident,0.9620431115,0,0,0,0.532839801,0.0083863519,0.0068728522,0.990592123524,0.0766533130123,,,
accident,classical_classification_v1,,3,90,test,actual_congestion,Severe,1521,35,True,,,,,,,,,,,,accident,0.9165023011,0.0306122449,0.0857142857,0.045112782,0.507517785,0.0257793382,0.0230111769,0.988784584932,0.0886177652278,,,
accident,classical_classification_v1,,3,90,validation,overall,all,26407,236,True,,,,,,,,,,,,accident,0.9759533457,0.0145985401,0.0254237288,0.0185471406,0.5602821469,0.0111957064,0.0089370243,0.991284066929,0.071940296136,,,
accident,classical_classification_v1,,3,90,validation,road_id,NL-001,1052,5,True,,,,,,,,,,,,accident,0.9800380228,0,0,0,0.5382999045,0.0067321824,0.0047528517,0.99128621024,0.0719201259131,,,
accident,classical_classification_v1,,3,90,validation,road_id,NL-002,1058,14,True,,,,,,,,,,,,accident,0.9744801512,0.0666666667,0.0714285714,0.0689655172,0.563697318,0.0398253967,0.0132325142,0.991309720699,0.0717387846113,,,
accident,classical_classification_v1,,3,90,validation,road_id,NL-003,1058,5,True,,,,,,,,,,,,accident,0.9801512287,0,0,0,0.6389363723,0.0073409496,0.0047258979,0.991244240588,0.072228483143,,,
accident,classical_classification_v1,,3,90,validation,road_id,NL-004,1061,10,True,,,,,,,,,,,,accident,0.972667295,0,0,0,0.5851569933,0.0133246017,0.0094250707,0.991179120435,0.0726476221304,,,
accident,classical_classification_v1,,3,90,validation,road_id,NL-005,1045,5,True,,,,,,,,,,,,accident,0.9799043062,0,0,0,0.7517307692,0.0200866556,0.004784689,0.991209929285,0.0724287445462,,,
accident,classical_classification_v1,,3,90,validation,road_id,NL-006,1052,9,True,,,,,,,,,,,,accident,0.9743346008,0.05,0.1111111111,0.0689655172,0.7060828806,0.0327614837,0.0085551331,0.991205497655,0.0724803143145,,,
accident,classical_classification_v1,,3,90,validation,road_id,NL-007,1061,12,True,,,,,,,,,,,,accident,0.9754948162,0,0,0,0.5431363203,0.0133212613,0.0113100848,0.991337776868,0.0715662518835,,,
accident,classical_classification_v1,,3,90,validation,road_id,NL-008,1067,13,True,,,,,,,,,,,,accident,0.9690721649,0,0,0,0.5151072836,0.013605824,0.0121836926,0.991393229717,0.0711569974168,,,
accident,classical_classification_v1,,3,90,validation,road_id,NL-009,1059,12,True,,,,,,,,,,,,accident,0.9754485364,0,0,0,0.6347500796,0.0264477973,0.0113314448,0.991224229436,0.0723839005748,,,
accident,classical_classification_v1,,3,90,validation,road_id,NL-010,1050,6,True,,,,,,,,,,,,accident,0.9819047619,0,0,0,0.4200191571,0.0065221949,0.0057142857,0.991377578839,0.0712949964648,,,
accident,classical_classification_v1,,3,90,validation,road_id,NL-011,1065,5,True,,,,,,,,,,,,accident,0.9765258216,0,0,0,0.3045283019,0.0040306964,0.0046948357,0.991365116079,0.0713583978157,,,
accident,classical_classification_v1,,3,90,validation,road_id,NL-012,1055,5,True,,,,,,,,,,,,accident,0.9791469194,0,0,0,0.5706666667,0.0062480883,0.0047393365,0.991198614013,0.0725682648195,,,
accident,classical_classification_v1,,3,90,validation,road_id,NL-013,1062,10,True,,,,,,,,,,,,accident,0.9783427495,0,0,0,0.5512357414,0.0112542951,0.0094161959,0.991174750124,0.0727069899958,,,
accident,classical_classification_v1,,3,90,validation,road_id,NL-014,1050,12,True,,,,,,,,,,,,accident,0.9742857143,0,0,0,0.4258991651,0.0104784355,0.0114285714,0.991450742559,0.0707673977771,,,
accident,classical_classification_v1,,3,90,validation,road_id,NL-015,1050,13,True,,,,,,,,,,,,accident,0.9704761905,0,0,0,0.6587048439,0.0250184805,0.0123809524,0.991195264569,0.0725567291162,,,
accident,classical_classification_v1,,3,90,validation,road_id,NL-016,1051,14,True,,,,,,,,,,,,accident,0.9695528069,0,0,0,0.5400192864,0.0166633643,0.013320647,0.991273248615,0.0720160610305,,,
accident,classical_classification_v1,,3,90,validation,road_id,NL-017,1068,13,True,,,,,,,,,,,,accident,0.9700374532,0,0,0,0.691359825,0.0221777133,0.0121722846,0.991350256581,0.0714744151656,,,
accident,classical_classification_v1,,3,90,validation,road_id,NL-018,1054,12,True,,,,,,,,,,,,accident,0.9724857685,0,0,0,0.4904830454,0.0129644772,0.0113851992,0.99125940766,0.0721372606784,,,
accident,classical_classification_v1,,3,90,validation,road_id,NL-019,1048,12,True,,,,,,,,,,,,accident,0.9713740458,0,0,0,0.4823037323,0.012084139,0.0114503817,0.991207371086,0.0724529810821,,,
accident,classical_classification_v1,,3,90,validation,road_id,NL-020,1063,9,True,,,,,,,,,,,,accident,0.9755409219,0,0,0,0.5042167405,0.0096191406,0.008466604,0.991283190691,0.0719572337414,,,
accident,classical_classification_v1,,3,90,validation,road_id,NL-021,1061,5,True,,,,,,,,,,,,accident,0.9830348728,0.0666666667,0.2,0.1,0.5734848485,0.0400037841,0.0047125353,0.991289633887,0.0719211099879,,,
accident,classical_classification_v1,,3,90,validation,road_id,NL-022,1052,8,True,,,,,,,,,,,,accident,0.9876425856,0.2222222222,0.25,0.2352941176,0.7879549808,0.0804950145,0.0076045627,0.991318414041,0.0717171375813,,,
accident,classical_classification_v1,,3,90,validation,road_id,NL-023,1060,7,True,,,,,,,,,,,,accident,0.9754716981,0,0,0,0.4997964998,0.0115654362,0.0066037736,0.991315399372,0.0717017282529,,,
accident,classical_classification_v1,,3,90,validation,road_id,NL-024,1052,10,True,,,,,,,,,,,,accident,0.9762357414,0,0,0,0.5788867562,0.0154764505,0.0095057034,0.991328349858,0.0716590967736,,,
accident,classical_classification_v1,,3,90,validation,road_id,NL-025,1053,10,True,,,,,,,,,,,,accident,0.975308642,0.0555555556,0.1,0.0714285714,0.4837008629,0.0287015839,0.0094966762,0.991322280161,0.0716811075455,,,
accident,classical_classification_v1,,3,90,validation,origin_hour,0,1126,11,True,,,,,,,,,,,,accident,0.9902309059,0,0,0,0.6838972687,0.017369421,0.0097690941,0.992896177502,0.0608665589921,,,
accident,classical_classification_v1,,3,90,validation,origin_hour,1,1124,8,True,,,,,,,,,,,,accident,0.9928825623,0,0,0,0.4834229391,0.0079475179,0.0071174377,0.992376910493,0.0645360276177,,,
accident,classical_classification_v1,,3,90,validation,origin_hour,2,1121,6,True,,,,,,,,,,,,accident,0.9937555754,0,0,0,0.5739910314,0.006914529,0.005352364,0.99210706448,0.0664007341202,,,
accident,classical_classification_v1,,3,90,validation,origin_hour,3,1128,11,True,,,,,,,,,,,,accident,0.9893617021,0,0,0,0.4350940018,0.0128979013,0.009751773,0.991815358091,0.0684346160716,,,
accident,classical_classification_v1,,3,90,validation,origin_hour,4,1121,10,True,,,,,,,,,,,,accident,0.9866190901,0,0,0,0.5534653465,0.0109468865,0.0089206066,0.991446134704,0.0709558685859,,,
accident,classical_classification_v1,,3,90,validation,origin_hour,5,1114,12,True,,,,,,,,,,,,accident,0.9793536804,0,0,0,0.4451754386,0.010135392,0.0107719928,0.991156580021,0.0729415579558,,,
accident,classical_classification_v1,,3,90,validation,origin_hour,6,1116,11,True,,,,,,,,,,,,accident,0.9758064516,0,0,0,0.599753188,0.0128071561,0.0098566308,0.990616825283,0.0765716935133,,,
accident,classical_classification_v1,,3,90,validation,origin_hour,7,1062,22,True,,,,,,,,,,,,accident,0.9482109228,0,0,0,0.5751748252,0.0249913653,0.0207156309,0.989272756981,0.0854193498399,,,
accident,classical_classification_v1,,3,90,validation,origin_hour,8,1074,13,True,,,,,,,,,,,,accident,0.9683426443,0,0,0,0.4421083158,0.0108668965,0.0121042831,0.989683096868,0.0827814288051,,,
accident,classical_classification_v1,,3,90,validation,origin_hour,9,1070,11,True,,,,,,,,,,,,accident,0.9887850467,0,0,0,0.6539617135,0.0190436822,0.0102803738,0.991216728546,0.0725266835308,,,
accident,classical_classification_v1,,3,90,validation,origin_hour,10,1074,2,False,,,,,,,,,,,,accident,,,,,,,,,,,,
accident,classical_classification_v1,,3,90,validation,origin_hour,11,1085,9,True,,,,,,,,,,,,accident,0.9917050691,0,0,0,0.3895084676,0.0070123663,0.0082949309,0.992138974513,0.0662150846176,,,
accident,classical_classification_v1,,3,90,validation,origin_hour,12,1068,6,True,,,,,,,,,,,,accident,0.9943820225,0,0,0,0.6145637163,0.0409287259,0.0056179775,0.992152972566,0.0661006279643,,,
accident,classical_classification_v1,,3,90,validation,origin_hour,13,1069,5,True,,,,,,,,,,,,accident,0.9803554724,0,0,0,0.2656015038,0.0036651234,0.0046772685,0.99137717904,0.0714142584879,,,
accident,classical_classification_v1,,3,90,validation,origin_hour,14,1067,8,True,,,,,,,,,,,,accident,0.9522024367,0.0612244898,0.375,0.1052631579,0.6828375826,0.0318156695,0.007497657,0.989911604035,0.0812309185726,,,
accident,classical_classification_v1,,3,90,validation,origin_hour,15,1068,14,True,,,,,,,,,,,,accident,0.9353932584,0.0338983051,0.1428571429,0.0547945205,0.5339522906,0.0257319341,0.0131086142,0.989101385763,0.0864660147406,,,
accident,classical_classification_v1,,3,90,validation,origin_hour,16,1081,10,True,,,,,,,,,,,,accident,0.9019426457,0,0,0,0.3966386555,0.0078425409,0.0092506938,0.988708525795,0.0889996606326,,,
accident,classical_classification_v1,,3,90,validation,origin_hour,17,1125,11,True,,,,,,,,,,,,accident,0.9608888889,0.0285714286,0.0909090909,0.0434782609,0.5623469887,0.0158846606,0.0097777778,0.990454996776,0.0776055963986,,,
accident,classical_classification_v1,,3,90,validation,origin_hour,18,1117,12,True,,,,,,,,,,,,accident,0.9677708147,0,0,0,0.6157616893,0.0172000744,0.0107430618,0.991212455222,0.0724791124244,,,
accident,classical_classification_v1,,3,90,validation,origin_hour,19,1117,7,True,,,,,,,,,,,,accident,0.9901521934,0,0,0,0.5522522523,0.0095360391,0.006266786,0.992384403379,0.0644205452248,,,
accident,classical_classification_v1,,3,90,validation,origin_hour,20,1121,6,True,,,,,,,,,,,,accident,0.9839429081,0,0,0,0.4542600897,0.0058967173,0.005352364,0.991790844316,0.0685801619706,,,
accident,classical_classification_v1,,3,90,validation,origin_hour,21,1127,9,True,,,,,,,,,,,,accident,0.9902395741,0,0,0,0.5564500099,0.0099945678,0.007985803,0.992475324908,0.0638027244444,,,
accident,classical_classification_v1,,3,90,validation,origin_hour,22,1117,13,True,,,,,,,,,,,,accident,0.9847806625,0,0,0,0.4611204013,0.0107697421,0.0116383169,0.992314890245,0.0649239545382,,,
accident,classical_classification_v1,,3,90,validation,origin_hour,23,1115,9,True,,,,,,,,,,,,accident,0.9730941704,0,0,0,0.4387181033,0.0076438903,0.0080717489,0.991647613439,0.0695319746748,,,
accident,classical_classification_v1,,3,90,validation,weekday,Friday,3842,34,True,,,,,,,,,,,,accident,0.9838625716,0,0,0,0.5761631859,0.0123847392,0.0088495575,0.991140917986,0.0729589805476,,,
accident,classical_classification_v1,,3,90,validation,weekday,Monday,3505,32,True,,,,,,,,,,,,accident,0.94978602,0.02,0.09375,0.032967033,0.6316405125,0.0159510559,0.0091298146,0.991081141923,0.0732384663312,,,
accident,classical_classification_v1,,3,90,validation,weekday,Saturday,3510,24,True,,,,,,,,,,,,accident,0.9883190883,0,0,0,0.5199966533,0.0091277517,0.0068376068,0.991927634918,0.0675685386706,,,
accident,classical_classification_v1,,3,90,validation,weekday,Sunday,3497,25,True,,,,,,,,,,,,accident,0.9925650558,0,0,0,0.5924769585,0.0120071764,0.0071489848,0.992018854032,0.0669818922623,,,
accident,classical_classification_v1,,3,90,validation,weekday,Thursday,4684,48,True,,,,,,,,,,,,accident,0.9728864219,0,0,0,0.5240958441,0.0111183351,0.0102476516,0.990951717685,0.0741987852099,,,
accident,classical_classification_v1,,3,90,validation,weekday,Tuesday,3520,34,True,,,,,,,,,,,,accident,0.9872159091,0,0,0,0.4506091593,0.0087147671,0.0096590909,0.991123071582,0.073073884039,,,
accident,classical_classification_v1,,3,90,validation,weekday,Wednesday,3849,39,True,,,,,,,,,,,,accident,0.9589503767,0.024,0.0769230769,0.0365853659,0.5615721112,0.0146798439,0.0101325019,0.990908952282,0.0744478416714,,,
accident,classical_classification_v1,,3,90,validation,weekday_type,weekday,19400,187,True,,,,,,,,,,,,accident,0.9707216495,0.0152671756,0.0320855615,0.0206896552,0.5481799728,0.0116218958,0.0096391753,0.991035176509,0.073625059386,,,
accident,classical_classification_v1,,3,90,validation,weekday_type,weekend,7007,49,True,,,,,,,,,,,,accident,0.9904381333,0,0,0,0.5545987294,0.0097852596,0.006993007,0.991973159856,0.0672757596654,,,
accident,classical_classification_v1,,3,90,validation,peak_status,evening_peak,3359,30,True,,,,,,,,,,,,accident,0.9729086038,0.0158730159,0.0333333333,0.0215053763,0.5985481125,0.0133567268,0.0089312295,0.991348485391,0.0715162886402,,,
accident,classical_classification_v1,,3,90,validation,peak_status,morning_peak,3206,46,True,,,,,,,,,,,,accident,0.9684965689,0,0,0,0.5870253165,0.0171191046,0.0143480973,0.990059018557,0.0802327371942,,,
accident,classical_classification_v1,,3,90,validation,peak_status,off_peak,19842,160,True,,,,,,,,,,,,accident,0.9776736216,0.0170648464,0.03125,0.0220750552,0.5194702012,0.0093284953,0.0080637033,0.991471100669,0.0706722120289,,,
accident,classical_classification_v1,,3,90,validation,weather_condition,Clear,19799,183,True,,,,,,,,,,,,accident,0.9864639628,0,0,0,0.5359628919,0.01042993,0.0092428911,0.99133241022,0.0716627727362,,,
accident,classical_classification_v1,,3,90,validation,weather_condition,Cloudy,4871,39,True,,,,,,,,,,,,accident,0.9889139807,0,0,0,0.6397361606,0.0138007519,0.0080065695,0.991576500892,0.0699842975945,,,
accident,classical_classification_v1,,3,90,validation,weather_condition,Fog,167,0,False,,,,,,,,,,,,accident,,,,,,,,,,,,
accident,classical_classification_v1,,3,90,validation,weather_condition,Overcast,842,5,True,,,,,,,,,,,,accident,0.9940617577,0,0,0,0.5940262843,0.0107322621,0.0059382423,0.992633707827,0.0626570203055,,,
accident,classical_classification_v1,,3,90,validation,weather_condition,Rain,728,9,True,,,,,,,,,,,,accident,0.5782967033,0.0193548387,0.6666666667,0.0376175549,0.6275691547,0.0217852934,0.0123626374,0.986746328197,0.10130190589,,,
accident,classical_classification_v1,,3,90,validation,actual_congestion,Free-flow,16093,131,True,,,,,,,,,,,,accident,0.9859566271,0.0103092784,0.0076335878,0.0087719298,0.5105015634,0.0157899989,0.0081401852,0.992009080544,0.0670471100617,,,
accident,classical_classification_v1,,3,90,validation,actual_congestion,Heavy,2521,26,True,,,,,,,,,,,,accident,0.9412931376,0.0080645161,0.0384615385,0.0133333333,0.4281023586,0.0113592593,0.0103133677,0.989363114446,0.0847795963699,,,
accident,classical_classification_v1,,3,90,validation,actual_congestion,Moderate,6401,48,True,,,,,,,,,,,,accident,0.9737541009,0.03125,0.0833333333,0.0454545455,0.6570386694,0.013783874,0.0074988283,0.990721805996,0.0758178651903,,,
accident,classical_classification_v1,,3,90,validation,actual_congestion,Severe,1392,31,True,,,,,,,,,,,,accident,0.9331896552,0,0,0,0.4526083762,0.0193842446,0.0222701149,0.988966616744,0.087427255969,,,
accident,classical_classification_v1,,4,120,test,overall,all,26384,258,True,,,,,,,,,,,,accident,0.9156306853,0.0214007782,0.1705426357,0.0380293863,0.5894100267,0.0165066277,0.0097786537,0.991374153834,0.0714437949761,,,
accident,classical_classification_v1,,4,120,test,road_id,NL-001,1055,10,True,,,,,,,,,,,,accident,0.9251184834,0,0,0,0.4975119617,0.0122152685,0.009478673,0.991391775308,0.0713290386359,,,
accident,classical_classification_v1,,4,120,test,road_id,NL-002,1060,6,True,,,,,,,,,,,,accident,0.9075471698,0.0106382979,0.1666666667,0.02,0.6756799494,0.0189411598,0.0056603774,0.991389356697,0.0713339791484,,,
accident,classical_classification_v1,,4,120,test,road_id,NL-003,1064,8,True,,,,,,,,,,,,accident,0.9172932331,0.0348837209,0.375,0.0638297872,0.6126893939,0.0215811143,0.007518797,0.991326967762,0.0717634306545,,,
accident,classical_classification_v1,,4,120,test,road_id,NL-004,1056,11,True,,,,,,,,,,,,accident,0.9119318182,0.0119047619,0.0909090909,0.0210526316,0.4859504132,0.0114068496,0.0104166667,0.991379502199,0.0714074485066,,,
accident,classical_classification_v1,,4,120,test,road_id,NL-005,1059,12,True,,,,,,,,,,,,accident,0.9084041549,0.0224719101,0.1666666667,0.0396039604,0.5740210124,0.0194119904,0.0113314448,0.991345344665,0.0716372732806,,,
accident,classical_classification_v1,,4,120,test,road_id,NL-006,1055,18,True,,,,,,,,,,,,accident,0.9099526066,0.0361445783,0.1666666667,0.0594059406,0.6771670417,0.0329687227,0.0170616114,0.991355215434,0.0715655590735,,,
accident,classical_classification_v1,,4,120,test,road_id,NL-007,1042,8,True,,,,,,,,,,,,accident,0.915547025,0.012195122,0.125,0.0222222222,0.4482591876,0.0094904158,0.0076775432,0.991389419391,0.0713437959874,,,
accident,classical_classification_v1,,4,120,test,road_id,NL-008,1047,10,True,,,,,,,,,,,,accident,0.9130850048,0.0120481928,0.1,0.0215053763,0.4031822565,0.0102749933,0.0095510984,0.991466115476,0.0708118621425,,,
accident,classical_classification_v1,,4,120,test,road_id,NL-009,1054,14,True,,,,,,,,,,,,accident,0.9184060721,0.0609756098,0.3571428571,0.1041666667,0.6247252747,0.0655824475,0.0132827324,0.991324878539,0.0717791130891,,,
accident,classical_classification_v1,,4,120,test,road_id,NL-010,1058,10,True,,,,,,,,,,,,accident,0.915879017,0,0,0,0.5257633588,0.0119914655,0.0094517958,0.991427481501,0.0710826011676,,,
accident,classical_classification_v1,,4,120,test,road_id,NL-011,1063,6,True,,,,,,,,,,,,accident,0.9219190969,0.0361445783,0.5,0.0674157303,0.7587511826,0.0369377406,0.0056444026,0.991380459116,0.0714020421509,,,
accident,classical_classification_v1,,4,120,test,road_id,NL-012,1052,13,True,,,,,,,,,,,,accident,0.9134980989,0.0465116279,0.3076923077,0.0808080808,0.6256755756,0.0315953809,0.0123574144,0.991290166919,0.072024582917,,,
accident,classical_classification_v1,,4,120,test,road_id,NL-013,1061,8,True,,,,,,,,,,,,accident,0.9198868992,0.0126582278,0.125,0.0229885057,0.5137701804,0.0116175352,0.0075400566,0.991316314969,0.0718509611082,,,
accident,classical_classification_v1,,4,120,test,road_id,NL-014,1057,7,True,,,,,,,,,,,,accident,0.9195837275,0.0243902439,0.2857142857,0.0449438202,0.7771428571,0.072278583,0.0066225166,0.99148798054,0.070655092392,,,
accident,classical_classification_v1,,4,120,test,road_id,NL-015,1047,14,True,,,,,,,,,,,,accident,0.9102196753,0,0,0,0.6600055317,0.0204329415,0.0133715377,0.991318256736,0.0718251887232,,,
accident,classical_classification_v1,,4,120,test,road_id,NL-016,1051,5,True,,,,,,,,,,,,accident,0.9134157945,0,0,0,0.5489483748,0.0080554167,0.0047573739,0.991414274237,0.0711716716231,,,
accident,classical_classification_v1,,4,120,test,road_id,NL-017,1059,21,True,,,,,,,,,,,,accident,0.910292729,0.0375,0.1428571429,0.0594059406,0.6758876961,0.0592181999,0.0198300283,0.991376713382,0.0714257556451,,,
accident,classical_classification_v1,,4,120,test,road_id,NL-018,1055,16,True,,,,,,,,,,,,accident,0.9090047393,0.0238095238,0.125,0.04,0.687439846,0.0297957094,0.0151658768,0.991300315343,0.0719528967339,,,
accident,classical_classification_v1,,4,120,test,road_id,NL-019,1056,9,True,,,,,,,,,,,,accident,0.9204545455,0.0253164557,0.2222222222,0.0454545455,0.5276451236,0.0352279717,0.0085227273,0.991363720851,0.0715145541759,,,
accident,classical_classification_v1,,4,120,test,road_id,NL-020,1059,5,True,,,,,,,,,,,,accident,0.9169027384,0,0,0,0.5237191651,0.0062001419,0.0047214353,0.991383303205,0.0713792597104,,,
accident,classical_classification_v1,,4,120,test,road_id,NL-021,1056,11,True,,,,,,,,,,,,accident,0.9138257576,0.0238095238,0.1818181818,0.0421052632,0.4719443236,0.0147271488,0.0104166667,0.991362878492,0.0715186594087,,,
accident,classical_classification_v1,,4,120,test,road_id,NL-022,1048,4,False,,,,,,,,,,,,accident,,,,,,,,,,,,
accident,classical_classification_v1,,4,120,test,road_id,NL-023,1050,10,True,,,,,,,,,,,,accident,0.920952381,0.0379746835,0.3,0.0674157303,0.5818269231,0.1146293851,0.0095238095,0.991412237155,0.071176552616,,,
accident,classical_classification_v1,,4,120,test,road_id,NL-024,1057,11,True,,,,,,,,,,,,accident,0.9120151372,0.0444444444,0.3636363636,0.0792079208,0.6556579176,0.0600551914,0.0104068117,0.9913658444,0.0714932773104,,,
accident,classical_classification_v1,,4,120,test,road_id,NL-025,1063,11,True,,,,,,,,,,,,accident,0.9247412982,0.014084507,0.0909090909,0.0243902439,0.4554096094,0.017963271,0.0103480715,0.991383093091,0.0713932135659,,,
accident,classical_classification_v1,,4,120,test,origin_hour,0,1065,7,True,,,,,,,,,,,,accident,0.9821596244,0,0,0,0.3227113151,0.0052132706,0.00657277,0.992417857203,0.064244427618,,,
accident,classical_classification_v1,,4,120,test,origin_hour,1,1079,7,True,,,,,,,,,,,,accident,0.9935125116,0,0,0,0.7577292111,0.0251491639,0.0064874884,0.992040380416,0.0668950844207,,,
accident,classical_classification_v1,,4,120,test,origin_hour,2,1074,13,True,,,,,,,,,,,,accident,0.9581005587,0.0294117647,0.0769230769,0.0425531915,0.5044587834,0.0404290111,0.0121042831,0.991764416263,0.0687926045737,,,
accident,classical_classification_v1,,4,120,test,origin_hour,3,1065,4,False,,,,,,,,,,,,accident,,,,,,,,,,,,
accident,classical_classification_v1,,4,120,test,origin_hour,4,1071,15,True,,,,,,,,,,,,accident,0.9570494865,0,0,0,0.5742424242,0.0215027512,0.0140056022,0.991392889254,0.0713589631399,,,
accident,classical_classification_v1,,4,120,test,origin_hour,5,1077,14,True,,,,,,,,,,,,accident,0.9665738162,0.0769230769,0.1428571429,0.1,0.4686870044,0.0607746475,0.0129990715,0.991166888912,0.0729066218948,,,
accident,classical_classification_v1,,4,120,test,origin_hour,6,1068,24,True,,,,,,,,,,,,accident,0.8651685393,0.0588235294,0.3333333333,0.1,0.6375319285,0.0988877597,0.0224719101,0.990563052749,0.0769767675206,,,
accident,classical_classification_v1,,4,120,test,origin_hour,7,1063,10,True,,,,,,,,,,,,accident,0.8701787394,0.0223880597,0.3,0.0416666667,0.616334283,0.0191483921,0.0094073377,0.990674691543,0.076228944111,,,
accident,classical_classification_v1,,4,120,test,origin_hour,8,1100,7,True,,,,,,,,,,,,accident,0.8990909091,0,0,0,0.6119461508,0.0091434858,0.0063636364,0.99072029372,0.0759154332951,,,
accident,classical_classification_v1,,4,120,test,origin_hour,9,1122,10,True,,,,,,,,,,,,accident,0.9848484848,0,0,0,0.3695143885,0.0072912152,0.008912656,0.991830875994,0.0683545974281,,,
accident,classical_classification_v1,,4,120,test,origin_hour,10,1120,9,True,,,,,,,,,,,,accident,0.9535714286,0.0222222222,0.1111111111,0.037037037,0.5505550555,0.0155246493,0.0080357143,0.991547088093,0.070297978028,,,
accident,classical_classification_v1,,4,120,test,origin_hour,11,1125,8,True,,,,,,,,,,,,accident,0.9626666667,0,0,0,0.4371083259,0.0073447053,0.0071111111,0.991424895715,0.0711473716619,,,
accident,classical_classification_v1,,4,120,test,origin_hour,12,1123,9,True,,,,,,,,,,,,accident,0.9679430098,0,0,0,0.7420706164,0.025410163,0.0080142476,0.991601355607,0.0699422417728,,,
accident,classical_classification_v1,,4,120,test,origin_hour,13,1124,8,True,,,,,,,,,,,,accident,0.9332740214,0.0144927536,0.125,0.025974026,0.4718862007,0.0328547059,0.0071174377,0.991196395168,0.0726910004753,,,
accident,classical_classification_v1,,4,120,test,origin_hour,14,1117,15,True,,,,,,,,,,,,accident,0.7905102954,0.0045248869,0.0666666667,0.0084745763,0.4366606171,0.012837824,0.0134288272,0.990358053729,0.0783508493665,,,
accident,classical_classification_v1,,4,120,test,origin_hour,15,1115,20,True,,,,,,,,,,,,accident,0.6206278027,0.0258823529,0.55,0.0494382022,0.6265296804,0.0283094882,0.0179372197,0.990021682311,0.0805982871418,,,
accident,classical_classification_v1,,4,120,test,origin_hour,16,1126,17,True,,,,,,,,,,,,accident,0.541740675,0.0211132438,0.6470588235,0.0408921933,0.6008062377,0.0221110567,0.0150976909,0.989749273478,0.0823671488606,,,
accident,classical_classification_v1,,4,120,test,origin_hour,17,1127,10,True,,,,,,,,,,,,accident,0.9281277728,0,0,0,0.4626678603,0.0092836652,0.0088731145,0.990944307695,0.0744081246139,,,
accident,classical_classification_v1,,4,120,test,origin_hour,18,1119,9,True,,,,,,,,,,,,accident,0.9803395889,0.0666666667,0.1111111111,0.0833333333,0.5171171171,0.0240103859,0.0080428954,0.991695643312,0.0692892120006,,,
accident,classical_classification_v1,,4,120,test,origin_hour,19,1131,5,True,,,,,,,,,,,,accident,0.9734748011,0.037037037,0.2,0.0625,0.5777975133,0.2057268757,0.0044208665,0.992339278914,0.0647935024145,,,
accident,classical_classification_v1,,4,120,test,origin_hour,20,1109,7,True,,,,,,,,,,,,accident,0.964833183,0.0294117647,0.1428571429,0.0487804878,0.6868032149,0.0198653687,0.0063119928,0.99173966784,0.0689692097966,,,
accident,classical_classification_v1,,4,120,test,origin_hour,21,1122,12,True,,,,,,,,,,,,accident,0.986631016,0,0,0,0.5198198198,0.0299650004,0.0106951872,0.992279796072,0.0652410778472,,,
accident,classical_classification_v1,,4,120,test,origin_hour,22,1066,12,True,,,,,,,,,,,,accident,0.9887429644,0,0,0,0.5771663504,0.0148760755,0.0112570356,0.992321840267,0.0649551143104,,,
accident,classical_classification_v1,,4,120,test,origin_hour,23,1076,6,True,,,,,,,,,,,,accident,0.970260223,0.0666666667,0.3333333333,0.1111111111,0.5408099688,0.084230456,0.0055762082,0.991775155491,0.0687360748021,,,
accident,classical_classification_v1,,4,120,test,weekday,Friday,4257,42,True,,,,,,,,,,,,accident,0.9069767442,0.0267379679,0.2380952381,0.0480769231,0.5959441903,0.0277768356,0.0098661029,0.991282145682,0.0720848167044,,,
accident,classical_classification_v1,,4,120,test,weekday,Monday,3508,32,True,,,,,,,,,,,,accident,0.9321550741,0.0231481481,0.15625,0.0403225806,0.6352218786,0.0157713997,0.0091220068,0.991382259423,0.0714077450841,,,
accident,classical_classification_v1,,4,120,test,weekday,Saturday,4588,43,True,,,,,,,,,,,,accident,0.9505231037,0.0106382979,0.0465116279,0.0173160173,0.4665387469,0.0099209751,0.0093722755,0.991804476819,0.0684823545553,,,
accident,classical_classification_v1,,4,120,test,weekday,Sunday,3510,31,True,,,,,,,,,,,,accident,0.9692307692,0,0,0,0.5669779043,0.012275249,0.0088319088,0.99178982122,0.0686163671285,,,
accident,classical_classification_v1,,4,120,test,weekday,Thursday,3513,36,True,,,,,,,,,,,,accident,0.8744662681,0.030162413,0.3611111111,0.0556745182,0.7054053622,0.0295895139,0.0102476516,0.991066249666,0.0735505186353,,,
accident,classical_classification_v1,,4,120,test,weekday,Tuesday,3509,39,True,,,,,,,,,,,,accident,0.8885722428,0.0191256831,0.1794871795,0.0345679012,0.6086307545,0.0355292252,0.0111142776,0.991099332913,0.0733232500397,,,
accident,classical_classification_v1,,4,120,test,weekday,Wednesday,3499,35,True,,,,,,,,,,,,accident,0.8785367248,0.0173267327,0.2,0.0318906606,0.599595843,0.0164440294,0.010002858,0.991081482751,0.0734195211513,,,
accident,classical_classification_v1,,4,120,test,weekday_type,weekday,18286,184,True,,,,,,,,,,,,accident,0.8965875533,0.0234505863,0.2282608696,0.0425316456,0.626509862,0.0197043191,0.0100623428,0.991186397388,0.0727295524078,,,
accident,classical_classification_v1,,4,120,test,weekday_type,weekend,8098,74,True,,,,,,,,,,,,accident,0.9586317609,0.0075471698,0.027027027,0.01179941,0.5050557786,0.0102307703,0.0091380588,0.991798124491,0.0685404410127,,,
accident,classical_classification_v1,,4,120,test,peak_status,evening_peak,3377,24,True,,,,,,,,,,,,accident,0.9606159313,0.017699115,0.0833333333,0.0291970803,0.5622203996,0.0126182924,0.0071068996,0.99166046316,0.069491867308,,,
accident,classical_classification_v1,,4,120,test,peak_status,morning_peak,3285,27,True,,,,,,,,,,,,accident,0.9190258752,0.012244898,0.1111111111,0.0220588235,0.5120842144,0.0101048385,0.0082191781,0.991084859381,0.073434460435,,,
accident,classical_classification_v1,,4,120,test,peak_status,off_peak,19722,207,True,,,,,,,,,,,,accident,0.9073623365,0.0229681979,0.1884057971,0.0409448819,0.6019979676,0.0188237848,0.0104958929,0.991373315465,0.0714464480388,,,
accident,classical_classification_v1,,4,120,test,weather_condition,Clear,19828,171,True,,,,,,,,,,,,accident,0.9341335485,0.0186598813,0.1286549708,0.0325925926,0.5707143595,0.0126868551,0.0086241678,0.991418793682,0.0711603857501,,,
accident,classical_classification_v1,,4,120,test,weather_condition,Cloudy,4305,46,True,,,,,,,,,,,,accident,0.9632984901,0.0254237288,0.0652173913,0.0365853659,0.5785650847,0.0214506317,0.0106852497,0.991757075509,0.0688209792325,,,
accident,classical_classification_v1,,4,120,test,weather_condition,Fog,160,5,True,,,,,,,,,,,,accident,0.84375,0.0454545455,0.2,0.0740740741,0.5019354839,0.0382914096,0.03125,0.990862347579,0.0749417078754,,,
accident,classical_classification_v1,,4,120,test,weather_condition,Overcast,950,8,True,,,,,,,,,,,,accident,0.9505263158,0.0243902439,0.125,0.0408163265,0.615843949,0.0369805846,0.0084210526,0.991297647343,0.0719981617558,,,
accident,classical_classification_v1,,4,120,test,weather_condition,Rain,1141,28,True,,,,,,,,,,,,accident,0.3952673094,0.0244252874,0.6071428571,0.046961326,0.5504428186,0.035631227,0.0245398773,0.989289117417,0.0853126340691,,,
accident,classical_classification_v1,,4,120,test,actual_congestion,Free-flow,15906,131,True,,,,,,,,,,,,accident,0.9673079341,0.0221130221,0.0687022901,0.0334572491,0.536961324,0.0135918382,0.0082358858,0.991846539097,0.0682253996155,,,
accident,classical_classification_v1,,4,120,test,actual_congestion,Heavy,2570,48,True,,,,,,,,,,,,accident,0.7322957198,0.0238095238,0.3333333333,0.0444444444,0.54351705,0.0328082626,0.0186770428,0.990190608118,0.0794658219876,,,
accident,classical_classification_v1,,4,120,test,actual_congestion,Moderate,6387,44,True,,,,,,,,,,,,accident,0.9250039142,0.0068027211,0.0681818182,0.012371134,0.507105184,0.007517906,0.0068889933,0.991002138497,0.0740078506597,,,
accident,classical_classification_v1,,4,120,test,actual_congestion,Severe,1521,35,True,,,,,,,,,,,,accident,0.6456278764,0.0298507463,0.4571428571,0.0560420315,0.5285714286,0.0302617006,0.0230111769,0.989996122574,0.0807788137371,,,
accident,classical_classification_v1,,4,120,validation,overall,all,26383,236,True,,,,,,,,,,,,accident,0.9191145814,0.0098140496,0.0805084746,0.0174953959,0.5471324772,0.0103365809,0.0089451541,0.991322220078,0.0718067237192,,,
accident,classical_classification_v1,,4,120,validation,road_id,NL-001,1051,5,True,,,,,,,,,,,,accident,0.9115128449,0,0,0,0.5378585086,0.0067878471,0.0047573739,0.991337951224,0.0716950564724,,,
accident,classical_classification_v1,,4,120,validation,road_id,NL-002,1057,14,True,,,,,,,,,,,,accident,0.9167455061,0.0256410256,0.1428571429,0.0434782609,0.5749897274,0.0250462922,0.0132450331,0.991375636401,0.0714343697268,,,
accident,classical_classification_v1,,4,120,validation,road_id,NL-003,1057,5,True,,,,,,,,,,,,accident,0.9233680227,0,0,0,0.5692015209,0.0062986264,0.004730369,0.991310883272,0.0718878822608,,,
accident,classical_classification_v1,,4,120,validation,road_id,NL-004,1060,10,True,,,,,,,,,,,,accident,0.9179245283,0.0126582278,0.1,0.0224719101,0.5826666667,0.0141932449,0.0094339623,0.991299320732,0.0719677690627,,,
accident,classical_classification_v1,,4,120,validation,road_id,NL-005,1044,5,True,,,,,,,,,,,,accident,0.9176245211,0.0120481928,0.2,0.0227272727,0.5792107796,0.0089971201,0.004789272,0.991297731622,0.0719674700819,,,
accident,classical_classification_v1,,4,120,validation,road_id,NL-006,1051,9,True,,,,,,,,,,,,accident,0.9143672693,0.0120481928,0.1111111111,0.0217391304,0.7092130518,0.0248301865,0.0085632731,0.991306529281,0.0719131208171,,,
accident,classical_classification_v1,,4,120,validation,road_id,NL-007,1060,12,True,,,,,,,,,,,,accident,0.9254716981,0.0144927536,0.0833333333,0.024691358,0.6144243003,0.0220445397,0.0113207547,0.991347602624,0.0716330331723,,,
accident,classical_classification_v1,,4,120,validation,road_id,NL-008,1066,13,True,,,,,,,,,,,,accident,0.9249530957,0,0,0,0.5657096939,0.0159572861,0.012195122,0.991381756248,0.0713955894136,,,
accident,classical_classification_v1,,4,120,validation,road_id,NL-009,1058,12,True,,,,,,,,,,,,accident,0.9102079395,0.0229885057,0.1666666667,0.0404040404,0.6236456342,0.022937394,0.011342155,0.991247193826,0.0723262190576,,,
accident,classical_classification_v1,,4,120,validation,road_id,NL-010,1049,6,True,,,,,,,,,,,,accident,0.9227836034,0.012987013,0.1666666667,0.0240963855,0.3899009268,0.0084291557,0.0057197331,0.991364239463,0.0715196441292,,,
accident,classical_classification_v1,,4,120,validation,road_id,NL-011,1064,5,True,,,,,,,,,,,,accident,0.9191729323,0,0,0,0.4098205855,0.0044885452,0.0046992481,0.991330886162,0.0717436860594,,,
accident,classical_classification_v1,,4,120,validation,road_id,NL-012,1054,5,True,,,,,,,,,,,,accident,0.9269449715,0,0,0,0.4375595806,0.0047541586,0.004743833,0.991239617844,0.0723802533613,,,
accident,classical_classification_v1,,4,120,validation,road_id,NL-013,1061,10,True,,,,,,,,,,,,accident,0.9123468426,0,0,0,0.5683158896,0.0144024068,0.0094250707,0.991265758616,0.07219728916,,,
accident,classical_classification_v1,,4,120,validation,road_id,NL-014,1049,12,True,,,,,,,,,,,,accident,0.92564347,0,0,0,0.3907907425,0.0095198205,0.0114394662,0.991405148117,0.0712330769025,,,
accident,classical_classification_v1,,4,120,validation,road_id,NL-015,1049,13,True,,,,,,,,,,,,accident,0.9199237369,0.0266666667,0.1538461538,0.0454545455,0.5797445797,0.0190561139,0.012392755,0.991291131402,0.0720260221758,,,
accident,classical_classification_v1,,4,120,validation,road_id,NL-016,1050,14,True,,,,,,,,,,,,accident,0.9171428571,0.0133333333,0.0714285714,0.0224719101,0.5312327634,0.0148965921,0.0133333333,0.991368561072,0.071488032574,,,
accident,classical_classification_v1,,4,120,validation,road_id,NL-017,1068,13,True,,,,,,,,,,,,accident,0.9110486891,0.0119047619,0.0769230769,0.0206185567,0.7145461174,0.0237575224,0.0121722846,0.991330975248,0.0717401031561,,,
accident,classical_classification_v1,,4,120,validation,road_id,NL-018,1053,12,True,,,,,,,,,,,,accident,0.9164292498,0.0128205128,0.0833333333,0.0222222222,0.4879122638,0.0127089344,0.0113960114,0.991261917921,0.0722251847646,,,
accident,classical_classification_v1,,4,120,validation,road_id,NL-019,1047,12,True,,,,,,,,,,,,accident,0.9111747851,0.0120481928,0.0833333333,0.0210526316,0.5186795491,0.0144662136,0.0114613181,0.991322855229,0.0718021352233,,,
accident,classical_classification_v1,,4,120,validation,road_id,NL-020,1062,9,True,,,,,,,,,,,,accident,0.9133709981,0,0,0,0.3198269495,0.0064136928,0.0084745763,0.991298799314,0.0719632282798,,,
accident,classical_classification_v1,,4,120,validation,road_id,NL-021,1060,5,True,,,,,,,,,,,,accident,0.9245283019,0.012987013,0.2,0.0243902439,0.4983886256,0.023288226,0.0047169811,0.991318359205,0.0718348017403,,,
accident,classical_classification_v1,,4,120,validation,road_id,NL-022,1051,8,True,,,,,,,,,,,,accident,0.9324452902,0.0153846154,0.125,0.0273972603,0.7248322148,0.016657434,0.0076117983,0.991346761998,0.0716400407632,,,
accident,classical_classification_v1,,4,120,validation,road_id,NL-023,1059,7,True,,,,,,,,,,,,accident,0.9197355996,0,0,0,0.4194731124,0.0063399814,0.0066100094,0.991349027247,0.0716161175766,,,
accident,classical_classification_v1,,4,120,validation,road_id,NL-024,1051,10,True,,,,,,,,,,,,accident,0.9238820171,0.0138888889,0.1,0.0243902439,0.5857829011,0.0153235527,0.0095147479,0.991320847418,0.0718244539071,,,
accident,classical_classification_v1,,4,120,validation,road_id,NL-025,1052,10,True,,,,,,,,,,,,accident,0.9192015209,0.012987013,0.1,0.0229885057,0.5233205374,0.0317178123,0.0095057034,0.991336160796,0.071712590643,,,
accident,classical_classification_v1,,4,120,validation,origin_hour,0,1122,13,True,,,,,,,,,,,,accident,0.9884135472,0,0,0,0.4804744399,0.011290456,0.0115864528,0.992330883693,0.0648734925309,,,
accident,classical_classification_v1,,4,120,validation,origin_hour,1,1124,5,True,,,,,,,,,,,,accident,0.9955516014,0,0,0,0.3937444147,0.0041517902,0.0044483986,0.991878728335,0.0680256181688,,,
accident,classical_classification_v1,,4,120,validation,origin_hour,2,1120,8,True,,,,,,,,,,,,accident,0.9910714286,0,0,0,0.4998875899,0.0075887047,0.0071428571,0.991640068869,0.0696709674027,,,
accident,classical_classification_v1,,4,120,validation,origin_hour,3,1127,10,True,,,,,,,,,,,,accident,0.9742679681,0,0,0,0.3626678603,0.0071599716,0.0088731145,0.991340857807,0.0717172435487,,,
accident,classical_classification_v1,,4,120,validation,origin_hour,4,1122,15,True,,,,,,,,,,,,accident,0.9590017825,0.0303030303,0.0666666667,0.0416666667,0.5377295995,0.0180726977,0.013368984,0.991121397233,0.0732177579747,,,
accident,classical_classification_v1,,4,120,validation,origin_hour,5,1108,6,True,,,,,,,,,,,,accident,0.928700361,0,0,0,0.784785239,0.0140608049,0.0054151625,0.990896133145,0.0747429392535,,,
accident,classical_classification_v1,,4,120,validation,origin_hour,6,1095,20,True,,,,,,,,,,,,accident,0.7579908676,0.0196078431,0.25,0.0363636364,0.5830697674,0.0218924821,0.0182648402,0.990375394974,0.0782273475721,,,
accident,classical_classification_v1,,4,120,validation,origin_hour,7,1065,15,True,,,,,,,,,,,,accident,0.8779342723,0.0085470085,0.0666666667,0.0151515152,0.5521904762,0.0162202868,0.014084507,0.990644010787,0.0764417120849,,,
accident,classical_classification_v1,,4,120,validation,origin_hour,8,1073,15,True,,,,,,,,,,,,accident,0.8825722274,0.0088495575,0.0666666667,0.015625,0.5666666667,0.0174583116,0.0139794967,0.990709687671,0.0760042655988,,,
accident,classical_classification_v1,,4,120,validation,origin_hour,9,1068,5,True,,,,,,,,,,,,accident,0.9887640449,0,0,0,0.5969896519,0.0073507354,0.0046816479,0.991790898935,0.0686290479988,,,
accident,classical_classification_v1,,4,120,validation,origin_hour,10,1084,7,True,,,,,,,,,,,,accident,0.9880073801,0,0,0,0.4094707521,0.0060774223,0.0064575646,0.991654940108,0.0695855286865,,,
accident,classical_classification_v1,,4,120,validation,origin_hour,11,1075,8,True,,,,,,,,,,,,accident,0.9888372093,0,0,0,0.393158388,0.0065140599,0.0074418605,0.991502425196,0.0706338179864,,,
accident,classical_classification_v1,,4,120,validation,origin_hour,12,1071,6,True,,,,,,,,,,,,accident,0.9859943978,0,0,0,0.3704225352,0.005022672,0.0056022409,0.991617171238,0.0698418949064,,,
accident,classical_classification_v1,,4,120,validation,origin_hour,13,1069,8,True,,,,,,,,,,,,accident,0.9738072965,0.0833333333,0.25,0.125,0.6565739868,0.0517784548,0.0074836296,0.991245133067,0.0723832463797,,,
accident,classical_classification_v1,,4,120,validation,origin_hour,14,1066,7,True,,,,,,,,,,,,accident,0.8273921201,0.0110497238,0.2857142857,0.0212765957,0.5085660326,0.0169410921,0.0065666041,0.990415186109,0.0779803360448,,,
accident,classical_classification_v1,,4,120,validation,origin_hour,15,1077,12,True,,,,,,,,,,,,accident,0.6128133705,0.0048899756,0.1666666667,0.0095011876,0.4261345853,0.0097518797,0.0111420613,0.989899013551,0.0813716803291,,,
accident,classical_classification_v1,,4,120,validation,origin_hour,16,1078,11,True,,,,,,,,,,,,accident,0.5556586271,0.0084033613,0.3636363636,0.0164271047,0.4060662861,0.0090110026,0.0102040816,0.989790797996,0.082106706016,,,
accident,classical_classification_v1,,4,120,validation,origin_hour,17,1114,14,True,,,,,,,,,,,,accident,0.9380610413,0,0,0,0.5485714286,0.0145044577,0.012567325,0.990991023799,0.0741048232624,,,
accident,classical_classification_v1,,4,120,validation,origin_hour,18,1120,8,True,,,,,,,,,,,,accident,0.9482142857,0,0,0,0.4973021583,0.0088292616,0.0071428571,0.991578482935,0.0700748814197,,,
accident,classical_classification_v1,,4,120,validation,origin_hour,19,1124,7,True,,,,,,,,,,,,accident,0.9804270463,0,0,0,0.4666837191,0.0062088441,0.006227758,0.992349456217,0.0647349793589,,,
accident,classical_classification_v1,,4,120,validation,origin_hour,20,1121,8,True,,,,,,,,,,,,accident,0.9750223015,0.0454545455,0.125,0.0666666667,0.501460018,0.0140370104,0.0071364853,0.991791192992,0.0686226378432,,,
accident,classical_classification_v1,,4,120,validation,origin_hour,21,1118,11,True,,,,,,,,,,,,accident,0.9794275492,0,0,0,0.5875831486,0.0129376458,0.0098389982,0.992151549722,0.066126655198,,,
accident,classical_classification_v1,,4,120,validation,origin_hour,22,1114,11,True,,,,,,,,,,,,accident,0.9766606822,0,0,0,0.5472677821,0.0113491066,0.0098743268,0.992177133435,0.0659488792528,,,
accident,classical_classification_v1,,4,120,validation,origin_hour,23,1128,6,True,,,,,,,,,,,,accident,0.960106383,0,0,0,0.6128936423,0.0120699101,0.0053191489,0.991644642146,0.0696371194283,,,
accident,classical_classification_v1,,4,120,validation,weekday,Friday,3819,34,True,,,,,,,,,,,,accident,0.9180413721,0.0139372822,0.1176470588,0.0249221184,0.5531276711,0.0114872886,0.0089028542,0.9911805848,0.0727938904205,,,
accident,classical_classification_v1,,4,120,validation,weekday,Monday,3505,32,True,,,,,,,,,,,,accident,0.9266761769,0.0212765957,0.15625,0.0374531835,0.614004463,0.0148261343,0.0091298146,0.99124387161,0.0723208011164,,,
accident,classical_classification_v1,,4,120,validation,weekday,Saturday,3509,24,True,,,,,,,,,,,,accident,0.9680820747,0,0,0,0.4925514108,0.0070143507,0.0068395554,0.991797135313,0.0685547063894,,,
accident,classical_classification_v1,,4,120,validation,weekday,Sunday,3498,25,True,,,,,,,,,,,,accident,0.9899942824,0,0,0,0.5801209329,0.0104338613,0.0071469411,0.991825532799,0.0683852661032,,,
accident,classical_classification_v1,,4,120,validation,weekday,Thursday,4683,46,True,,,,,,,,,,,,accident,0.8821268418,0.0096899225,0.1086956522,0.0177935943,0.5413357587,0.0111914201,0.0098227632,0.991129271072,0.0731211920391,,,
accident,classical_classification_v1,,4,120,validation,weekday,Tuesday,3521,35,True,,,,,,,,,,,,accident,0.8861119,0.0054054054,0.0571428571,0.0098765432,0.4524956971,0.0089465311,0.0099403579,0.991132251135,0.073112469516,,,
accident,classical_classification_v1,,4,120,validation,weekday,Wednesday,3848,40,True,,,,,,,,,,,,accident,0.8794178794,0.0069767442,0.075,0.0127659574,0.5400669643,0.0120795486,0.0103950104,0.991052186786,0.0736400320741,,,
accident,classical_classification_v1,,4,120,validation,weekday_type,weekday,19376,187,True,,,,,,,,,,,,accident,0.8974504542,0.0103373232,0.1016042781,0.0187654321,0.5406222315,0.0108880763,0.0096511148,0.991145348409,0.0730133498315,,,
accident,classical_classification_v1,,4,120,validation,weekday_type,weekend,7007,49,True,,,,,,,,,,,,accident,0.979020979,0,0,0,0.5351614058,0.0079049984,0.006993007,0.991811311766,0.0684701192449,,,
accident,classical_classification_v1,,4,120,validation,peak_status,evening_peak,3358,29,True,,,,,,,,,,,,accident,0.9556283502,0,0,0,0.553174299,0.0104280264,0.0086360929,0.991641658781,0.0696244065229,,,
accident,classical_classification_v1,,4,120,validation,peak_status,morning_peak,3206,35,True,,,,,,,,,,,,accident,0.9164067374,0.0084388186,0.0571428571,0.0147058824,0.6212190837,0.0147679277,0.0109170306,0.991048049414,0.0736927085529,,,
accident,classical_classification_v1,,4,120,validation,peak_status,off_peak,19819,172,True,,,,,,,,,,,,accident,0.913365962,0.0107663078,0.0988372093,0.0194174757,0.5273374478,0.0097937217,0.0086785408,0.991312447435,0.0718713966981,,,
accident,classical_classification_v1,,4,120,validation,weather_condition,Clear,19787,177,True,,,,,,,,,,,,accident,0.9252034164,0.0083018868,0.0621468927,0.0146471372,0.5316922935,0.009887822,0.0089452671,0.991297839989,0.0719900840323,,,
accident,classical_classification_v1,,4,120,validation,weather_condition,Cloudy,4865,42,True,,,,,,,,,,,,accident,0.9675231244,0.0245901639,0.0714285714,0.0365853659,0.6015718334,0.0134480545,0.0086330935,0.991751149645,0.0688716749771,,,
accident,classical_classification_v1,,4,120,validation,weather_condition,Fog,171,0,False,,,,,,,,,,,,accident,,,,,,,,,,,,
accident,classical_classification_v1,,4,120,validation,weather_condition,Overcast,833,7,True,,,,,,,,,,,,accident,0.9495798319,0,0,0,0.51937046,0.0139192545,0.0084033613,0.991409338637,0.0712428313383,,,
accident,classical_classification_v1,,4,120,validation,weather_condition,Rain,727,10,True,,,,,,,,,,,,accident,0.4209078404,0.0118764846,0.5,0.0232018561,0.4548117155,0.013121269,0.0137551582,0.989168649799,0.0860612338421,,,
accident,classical_classification_v1,,4,120,validation,actual_congestion,Free-flow,16093,131,True,,,,,,,,,,,,accident,0.9732181694,0.0065789474,0.0152671756,0.0091954023,0.4991224387,0.0079460508,0.0081401852,0.991758415166,0.0688408557932,,,
accident,classical_classification_v1,,4,120,validation,actual_congestion,Heavy,2500,26,True,,,,,,,,,,,,accident,0.6956,0.0053835801,0.1538461538,0.0104031209,0.4511379889,0.0091584614,0.0104,0.990126450118,0.0798820695963,,,
accident,classical_classification_v1,,4,120,validation,actual_congestion,Moderate,6401,48,True,,,,,,,,,,,,accident,0.9312607405,0.0075376884,0.0625,0.0134529148,0.6142340889,0.0121418256,0.0074988283,0.990992704736,0.074083143306,,,
accident,classical_classification_v1,,4,120,validation,actual_congestion,Severe,1389,31,True,,,,,,,,,,,,accident,0.6385889129,0.0203665988,0.3225806452,0.0383141762,0.4352700841,0.0189295924,0.0223182145,0.989939185552,0.081144366675,,,
congestion,classical_classification_v1,,1,30,test,overall,all,27150,,True,,,,,,,,,,,,congestion,0.8638305709,,,,,,,0.864760937527,0.220565899462,0.7444465121,0.7659005673,0.7539697309
congestion,classical_classification_v1,,1,30,test,road_id,NL-001,1086,,True,,,,,,,,,,,,congestion,0.8683241252,,,,,,,0.870169851699,0.211462790262,0.7577990804,0.7837596577,0.7697398943
congestion,classical_classification_v1,,1,30,test,road_id,NL-002,1086,,True,,,,,,,,,,,,congestion,0.8250460405,,,,,,,0.846047374266,0.240231169746,0.6906592191,0.7053722027,0.6962338575
congestion,classical_classification_v1,,1,30,test,road_id,NL-003,1086,,True,,,,,,,,,,,,congestion,0.8674033149,,,,,,,0.860421471324,0.226511067339,0.7746998302,0.7927601168,0.7822800563
congestion,classical_classification_v1,,1,30,test,road_id,NL-004,1086,,True,,,,,,,,,,,,congestion,0.8572744015,,,,,,,0.862199736545,0.227136481648,0.7522019301,0.7566325945,0.7540372431
congestion,classical_classification_v1,,1,30,test,road_id,NL-005,1086,,True,,,,,,,,,,,,congestion,0.8609576427,,,,,,,0.860190217841,0.228968539613,0.7686651549,0.7775729445,0.7713146445
congestion,classical_classification_v1,,1,30,test,road_id,NL-006,1086,,True,,,,,,,,,,,,congestion,0.8406998158,,,,,,,0.847946696416,0.243723224229,0.7318249044,0.742603755,0.7306427773
congestion,classical_classification_v1,,1,30,test,road_id,NL-007,1086,,True,,,,,,,,,,,,congestion,0.8922651934,,,,,,,0.873950957739,0.206273082351,0.7741010639,0.7941887813,0.7837544327
congestion,classical_classification_v1,,1,30,test,road_id,NL-008,1086,,True,,,,,,,,,,,,congestion,0.8802946593,,,,,,,0.870767347412,0.21360252187,0.7541471131,0.7933394315,0.7723510956
congestion,classical_classification_v1,,1,30,test,road_id,NL-009,1086,,True,,,,,,,,,,,,congestion,0.8655616943,,,,,,,0.859004963644,0.233567889775,0.7613217645,0.7576944834,0.758616779
congestion,classical_classification_v1,,1,30,test,road_id,NL-010,1086,,True,,,,,,,,,,,,congestion,0.8756906077,,,,,,,0.873270978686,0.20928942164,0.7610197208,0.7965847797,0.7773842723
congestion,classical_classification_v1,,1,30,test,road_id,NL-011,1086,,True,,,,,,,,,,,,congestion,0.879373849,,,,,,,0.878697826948,0.199816766193,0.7261819573,0.7608591635,0.7417368093
congestion,classical_classification_v1,,1,30,test,road_id,NL-012,1086,,True,,,,,,,,,,,,congestion,0.8508287293,,,,,,,0.850281792915,0.245992279511,0.7361268067,0.7433856669,0.7387159672
congestion,classical_classification_v1,,1,30,test,road_id,NL-013,1086,,True,,,,,,,,,,,,congestion,0.8710865562,,,,,,,0.863848747622,0.228089749724,0.7883460636,0.7862239141,0.7861390923
congestion,classical_classification_v1,,1,30,test,road_id,NL-014,1086,,True,,,,,,,,,,,,congestion,0.879373849,,,,,,,0.868443039461,0.215926556868,0.7512420406,0.7802841851,0.7649062265
congestion,classical_classification_v1,,1,30,test,road_id,NL-015,1086,,True,,,,,,,,,,,,congestion,0.8425414365,,,,,,,0.858355394097,0.232040848754,0.7075720768,0.7231695302,0.7109730445
congestion,classical_classification_v1,,1,30,test,road_id,NL-016,1086,,True,,,,,,,,,,,,congestion,0.8425414365,,,,,,,0.86426211679,0.218363812049,0.7097263378,0.7431221024,0.7195708581
congestion,classical_classification_v1,,1,30,test,road_id,NL-017,1086,,True,,,,,,,,,,,,congestion,0.8885819521,,,,,,,0.879437748804,0.201259802927,0.757695097,0.802866842,0.7739386241
congestion,classical_classification_v1,,1,30,test,road_id,NL-018,1086,,True,,,,,,,,,,,,congestion,0.8379373849,,,,,,,0.853035562498,0.233334364187,0.7224803173,0.7489135695,0.7345606061
congestion,classical_classification_v1,,1,30,test,road_id,NL-019,1086,,True,,,,,,,,,,,,congestion,0.8535911602,,,,,,,0.850278263833,0.24189889019,0.7471635373,0.7569562626,0.7509713051
congestion,classical_classification_v1,,1,30,test,road_id,NL-020,1086,,True,,,,,,,,,,,,congestion,0.8637200737,,,,,,,0.870368542495,0.211856877161,0.7379606198,0.7466937615,0.741777058
congestion,classical_classification_v1,,1,30,test,road_id,NL-021,1086,,True,,,,,,,,,,,,congestion,0.8581952118,,,,,,,0.860715615587,0.221000456752,0.7410009075,0.7763404137,0.7552750318
congestion,classical_classification_v1,,1,30,test,road_id,NL-022,1086,,True,,,,,,,,,,,,congestion,0.8913443831,,,,,,,0.88086802285,0.19810894176,0.7499182033,0.7866764315,0.7652804409
congestion,classical_classification_v1,,1,30,test,road_id,NL-023,1086,,True,,,,,,,,,,,,congestion,0.8572744015,,,,,,,0.860771419949,0.222167638516,0.7324109099,0.7701187618,0.7462510074
congestion,classical_classification_v1,,1,30,test,road_id,NL-024,1086,,True,,,,,,,,,,,,congestion,0.8710865562,,,,,,,0.873715412292,0.207208984516,0.7550000322,0.7810429707,0.7669248591
congestion,classical_classification_v1,,1,30,test,road_id,NL-025,1086,,True,,,,,,,,,,,,congestion,0.8747697974,,,,,,,0.881974336455,0.196315328973,0.7124529429,0.7587277026,0.7281029299
congestion,classical_classification_v1,,1,30,test,origin_hour,0,1100,,True,,,,,,,,,,,,congestion,1,,,,,,,0.999989315802,4.19090768588e-05,0.25,0.25,0.25
congestion,classical_classification_v1,,1,30,test,origin_hour,1,1100,,True,,,,,,,,,,,,congestion,1,,,,,,,0.99989722931,0.00034244989457,0.25,0.25,0.25
congestion,classical_classification_v1,,1,30,test,origin_hour,2,1100,,True,,,,,,,,,,,,congestion,1,,,,,,,0.999861233677,0.000395019439375,0.25,0.25,0.25
congestion,classical_classification_v1,,1,30,test,origin_hour,3,1100,,True,,,,,,,,,,,,congestion,1,,,,,,,0.999869929454,0.000374252345826,0.25,0.25,0.25
congestion,classical_classification_v1,,1,30,test,origin_hour,4,1100,,True,,,,,,,,,,,,congestion,1,,,,,,,0.999564225633,0.00102594462652,0.25,0.25,0.25
congestion,classical_classification_v1,,1,30,test,origin_hour,5,1100,,True,,,,,,,,,,,,congestion,0.9927272727,,,,,,,0.990253134612,0.0201772223321,0.423853211,0.3951439951,0.4081726354
congestion,classical_classification_v1,,1,30,test,origin_hour,6,1100,,True,,,,,,,,,,,,congestion,0.8527272727,,,,,,,0.836237379045,0.297896137214,0.5915106161,0.5480481281,0.5656534911
congestion,classical_classification_v1,,1,30,test,origin_hour,7,1100,,True,,,,,,,,,,,,congestion,0.7009090909,,,,,,,0.731818346213,0.44293985777,0.7566211342,0.7400741518,0.7438920277
congestion,classical_classification_v1,,1,30,test,origin_hour,8,1125,,True,,,,,,,,,,,,congestion,0.7013333333,,,,,,,0.751175204488,0.40057851779,0.6857111546,0.7152914412,0.6632974568
congestion,classical_classification_v1,,1,30,test,origin_hour,9,1150,,True,,,,,,,,,,,,congestion,0.7269565217,,,,,,,0.710429930396,0.45049599161,0.7299486017,0.6219809636,0.6589797764
congestion,classical_classification_v1,,1,30,test,origin_hour,10,1150,,True,,,,,,,,,,,,congestion,0.8226086957,,,,,,,0.832536929853,0.302995579423,0.5666854228,0.4921083111,0.5172534538
congestion,classical_classification_v1,,1,30,test,origin_hour,11,1150,,True,,,,,,,,,,,,congestion,0.8330434783,,,,,,,0.804647541888,0.305216214868,0.3986679255,0.4085406539,0.4030517365
congestion,classical_classification_v1,,1,30,test,origin_hour,12,1150,,True,,,,,,,,,,,,congestion,0.8504347826,,,,,,,0.837750941803,0.265038848664,0.397764507,0.4193596772,0.4062141028
congestion,classical_classification_v1,,1,30,test,origin_hour,13,1150,,True,,,,,,,,,,,,congestion,0.8539130435,,,,,,,0.845357900684,0.255634504783,0.408921433,0.4132803453,0.4110024275
congestion,classical_classification_v1,,1,30,test,origin_hour,14,1150,,True,,,,,,,,,,,,congestion,0.8243478261,,,,,,,0.801441904768,0.308670796851,0.659230722,0.4422759602,0.4615425678
congestion,classical_classification_v1,,1,30,test,origin_hour,15,1150,,True,,,,,,,,,,,,congestion,0.8365217391,,,,,,,0.808308975788,0.326699800571,0.6801439232,0.6241112702,0.6292298081
congestion,classical_classification_v1,,1,30,test,origin_hour,16,1150,,True,,,,,,,,,,,,congestion,0.7173913043,,,,,,,0.724682780435,0.465490073096,0.819846078,0.6668766979,0.7003646754
congestion,classical_classification_v1,,1,30,test,origin_hour,17,1150,,True,,,,,,,,,,,,congestion,0.5965217391,,,,,,,0.650711206718,0.481158609875,0.7031618256,0.7026647417,0.6819022255
congestion,classical_classification_v1,,1,30,test,origin_hour,18,1150,,True,,,,,,,,,,,,congestion,0.72,,,,,,,0.729781291112,0.466795474409,0.7858722276,0.6536115194,0.6915176759
congestion,classical_classification_v1,,1,30,test,origin_hour,19,1150,,True,,,,,,,,,,,,congestion,0.7843478261,,,,,,,0.794477503535,0.347938249032,0.5077287938,0.440947921,0.4602619417
congestion,classical_classification_v1,,1,30,test,origin_hour,20,1150,,True,,,,,,,,,,,,congestion,0.9452173913,,,,,,,0.935789575418,0.103861118018,0.3720790474,0.3119283942,0.3304795242
congestion,classical_classification_v1,,1,30,test,origin_hour,21,1150,,True,,,,,,,,,,,,congestion,1,,,,,,,0.998049772881,0.00508115296296,0.25,0.25,0.25
congestion,classical_classification_v1,,1,30,test,origin_hour,22,1150,,True,,,,,,,,,,,,congestion,1,,,,,,,0.999930076391,0.000224378702945,0.25,0.25,0.25
congestion,classical_classification_v1,,1,30,test,origin_hour,23,1125,,True,,,,,,,,,,,,congestion,1,,,,,,,0.999970394897,9.36481053585e-05,0.25,0.25,0.25
congestion,classical_classification_v1,,1,30,test,weekday,Friday,4375,,True,,,,,,,,,,,,congestion,0.832,,,,,,,0.834059907745,0.261476566507,0.7385959208,0.7661105267,0.7504454317
congestion,classical_classification_v1,,1,30,test,weekday,Monday,3600,,True,,,,,,,,,,,,congestion,0.8236111111,,,,,,,0.833381136235,0.259398487597,0.7228348887,0.7399246524,0.7307683603
congestion,classical_classification_v1,,1,30,test,weekday,Saturday,4775,,True,,,,,,,,,,,,congestion,0.925026178,,,,,,,0.908156204557,0.169404844119,0.528829692,0.4804846587,0.4748825616
congestion,classical_classification_v1,,1,30,test,weekday,Sunday,3600,,True,,,,,,,,,,,,congestion,0.9441666667,,,,,,,0.933018510006,0.129312003002,0.5268913536,0.48832274,0.4879895402
congestion,classical_classification_v1,,1,30,test,weekday,Thursday,3600,,True,,,,,,,,,,,,congestion,0.8380555556,,,,,,,0.849707839724,0.241082336367,0.7635441835,0.7738396196,0.7677511616
congestion,classical_classification_v1,,1,30,test,weekday,Tuesday,3600,,True,,,,,,,,,,,,congestion,0.8402777778,,,,,,,0.843461832166,0.244970441835,0.743339095,0.7642260699,0.7529144327
congestion,classical_classification_v1,,1,30,test,weekday,Wednesday,3600,,True,,,,,,,,,,,,congestion,0.8305555556,,,,,,,0.843986648732,0.246207859327,0.7237942289,0.7582586389,0.7375067061
congestion,classical_classification_v1,,1,30,test,weekday_type,weekday,18775,,True,,,,,,,,,,,,congestion,0.8328628495,,,,,,,0.840636321761,0.25107498423,0.7420274716,0.764111661,0.7518992601
congestion,classical_classification_v1,,1,30,test,weekday_type,weekend,8375,,True,,,,,,,,,,,,congestion,0.9332537313,,,,,,,0.918843285108,0.152170906445,0.5284346625,0.4833330558,0.4797849354
congestion,classical_classification_v1,,1,30,test,peak_status,evening_peak,3450,,True,,,,,,,,,,,,congestion,0.7002898551,,,,,,,0.724990000455,0.431964111105,0.7012291067,0.6666847647,0.675127529
congestion,classical_classification_v1,,1,30,test,peak_status,morning_peak,3375,,True,,,,,,,,,,,,congestion,0.7099259259,,,,,,,0.730982727656,0.431394093752,0.7494614896,0.7233316883,0.7310439846
congestion,classical_classification_v1,,1,30,test,peak_status,off_peak,20325,,True,,,,,,,,,,,,congestion,0.9171463715,,,,,,,0.910699987525,0.149674436441,0.7864401577,0.716904414,0.729199363
congestion,classical_classification_v1,,1,30,test,weather_condition,Clear,20414,,True,,,,,,,,,,,,congestion,0.867688841,,,,,,,0.867734176257,0.215508172594,0.7497036375,0.7682612926,0.757903265
congestion,classical_classification_v1,,1,30,test,weather_condition,Cloudy,4432,,True,,,,,,,,,,,,congestion,0.8567238267,,,,,,,0.862703205597,0.227091158612,0.7532727764,0.7780236899,0.7642474057
congestion,classical_classification_v1,,1,30,test,weather_condition,Fog,166,,True,,,,,,,,,,,,congestion,0.8554216867,,,,,,,0.855044918582,0.243608605624,0.6289085546,0.6361461546,0.6092685906
congestion,classical_classification_v1,,1,30,test,weather_condition,Overcast,970,,True,,,,,,,,,,,,congestion,0.8309278351,,,,,,,0.840878900608,0.259271217653,0.6994264708,0.7314414193,0.711883455
congestion,classical_classification_v1,,1,30,test,weather_condition,Rain,1168,,True,,,,,,,,,,,,congestion,0.8518835616,,,,,,,0.841817964426,0.248784426735,0.5981913885,0.6092925753,0.6019109567
congestion,classical_classification_v1,,1,30,test,actual_congestion,Free-flow,16317,,True,,,,,,,,,,,,congestion,0.9408592266,,,,,,,0.946362321535,0.0903423278161,0.25,0.2352148066,0.2423821403
congestion,classical_classification_v1,,1,30,test,actual_congestion,Heavy,2676,,True,,,,,,,,,,,,congestion,0.5803437967,,,,,,,0.656921881478,0.521078533355,0.25,0.1450859492,0.1836131473
congestion,classical_classification_v1,,1,30,test,actual_congestion,Moderate,6567,,True,,,,,,,,,,,,congestion,0.8229023907,,,,,,,0.7838855207,0.371205490914,0.25,0.2057255977,0.2257121377
congestion,classical_classification_v1,,1,30,test,actual_congestion,Severe,1590,,True,,,,,,,,,,,,congestion,0.7194968553,,,,,,,0.711173763586,0.429016222219,0.25,0.1798742138,0.2092172641
congestion,classical_classification_v1,,1,30,validation,overall,all,27150,,True,,,,,,,,,,,,congestion,0.8611049724,,,,,,,0.865758679792,0.217930877197,0.7393691349,0.7640032852,0.7506226006
congestion,classical_classification_v1,,1,30,validation,road_id,NL-001,1086,,True,,,,,,,,,,,,congestion,0.8729281768,,,,,,,0.868450730562,0.211469322128,0.7462491051,0.7866624443,0.7629723685
congestion,classical_classification_v1,,1,30,validation,road_id,NL-002,1086,,True,,,,,,,,,,,,congestion,0.835174954,,,,,,,0.845923923353,0.239253045361,0.7191751798,0.7373092806,0.7276764114
congestion,classical_classification_v1,,1,30,validation,road_id,NL-003,1086,,True,,,,,,,,,,,,congestion,0.8333333333,,,,,,,0.858810859492,0.22617016204,0.7213711249,0.731543827,0.7258614514
congestion,classical_classification_v1,,1,30,validation,road_id,NL-004,1086,,True,,,,,,,,,,,,congestion,0.8480662983,,,,,,,0.859880780339,0.231308197042,0.7330229371,0.7541613312,0.7394498666
congestion,classical_classification_v1,,1,30,validation,road_id,NL-005,1086,,True,,,,,,,,,,,,congestion,0.8692449355,,,,,,,0.861236128315,0.227272707537,0.7834378391,0.7881989414,0.7846599588
congestion,classical_classification_v1,,1,30,validation,road_id,NL-006,1086,,True,,,,,,,,,,,,congestion,0.8462246777,,,,,,,0.854190757419,0.239253426803,0.7265127591,0.7378236409,0.7311702968
congestion,classical_classification_v1,,1,30,validation,road_id,NL-007,1086,,True,,,,,,,,,,,,congestion,0.8710865562,,,,,,,0.878285231691,0.199657366076,0.7338843268,0.7632458521,0.7473054273
congestion,classical_classification_v1,,1,30,validation,road_id,NL-008,1086,,True,,,,,,,,,,,,congestion,0.8821362799,,,,,,,0.872308432625,0.20972595977,0.7542984259,0.7814870568,0.7671173287
congestion,classical_classification_v1,,1,30,validation,road_id,NL-009,1086,,True,,,,,,,,,,,,congestion,0.8416206262,,,,,,,0.864701140628,0.222956990581,0.7421524478,0.7528877989,0.7464325766
congestion,classical_classification_v1,,1,30,validation,road_id,NL-010,1086,,True,,,,,,,,,,,,congestion,0.8701657459,,,,,,,0.875072908444,0.207447380627,0.7373064136,0.7976584411,0.7591812689
congestion,classical_classification_v1,,1,30,validation,road_id,NL-011,1086,,True,,,,,,,,,,,,congestion,0.8747697974,,,,,,,0.878713964519,0.198365853234,0.7234692391,0.7561691428,0.7370266325
congestion,classical_classification_v1,,1,30,validation,road_id,NL-012,1086,,True,,,,,,,,,,,,congestion,0.8664825046,,,,,,,0.854818620707,0.24312420612,0.7724966054,0.7773959697,0.7745542365
congestion,classical_classification_v1,,1,30,validation,road_id,NL-013,1086,,True,,,,,,,,,,,,congestion,0.8453038674,,,,,,,0.858665001112,0.232182004306,0.7258823912,0.7404980605,0.7319596591
congestion,classical_classification_v1,,1,30,validation,road_id,NL-014,1086,,True,,,,,,,,,,,,congestion,0.8821362799,,,,,,,0.87235092373,0.210875098449,0.729929547,0.7585658335,0.7434464328
congestion,classical_classification_v1,,1,30,validation,road_id,NL-015,1086,,True,,,,,,,,,,,,congestion,0.8609576427,,,,,,,0.864568893257,0.222182414119,0.7480369931,0.7609401552,0.7536272761
congestion,classical_classification_v1,,1,30,validation,road_id,NL-016,1086,,True,,,,,,,,,,,,congestion,0.847145488,,,,,,,0.859384990565,0.223170196521,0.7232174528,0.7655543267,0.7406203042
congestion,classical_classification_v1,,1,30,validation,road_id,NL-017,1086,,True,,,,,,,,,,,,congestion,0.8627992634,,,,,,,0.879638610238,0.195824846637,0.715079876,0.7422741099,0.7277717033
congestion,classical_classification_v1,,1,30,validation,road_id,NL-018,1086,,True,,,,,,,,,,,,congestion,0.847145488,,,,,,,0.852015815081,0.231751293417,0.751705905,0.7821148959,0.7655140698
congestion,classical_classification_v1,,1,30,validation,road_id,NL-019,1086,,True,,,,,,,,,,,,congestion,0.8462246777,,,,,,,0.845251313099,0.24550389256,0.7377786556,0.7404612873,0.7389032844
congestion,classical_classification_v1,,1,30,validation,road_id,NL-020,1086,,True,,,,,,,,,,,,congestion,0.8904235727,,,,,,,0.872059602124,0.207876416795,0.7624904948,0.7873918164,0.7739868406
congestion,classical_classification_v1,,1,30,validation,road_id,NL-021,1086,,True,,,,,,,,,,,,congestion,0.8572744015,,,,,,,0.867880285887,0.211231252402,0.7543372961,0.7837835199,0.7670602234
congestion,classical_classification_v1,,1,30,validation,road_id,NL-022,1086,,True,,,,,,,,,,,,congestion,0.8812154696,,,,,,,0.883858612725,0.194441940954,0.7256688428,0.7729989755,0.7465142112
congestion,classical_classification_v1,,1,30,validation,road_id,NL-023,1086,,True,,,,,,,,,,,,congestion,0.8609576427,,,,,,,0.861050636777,0.21947033726,0.7582463831,0.7846591982,0.7702978725
congestion,classical_classification_v1,,1,30,validation,road_id,NL-024,1086,,True,,,,,,,,,,,,congestion,0.8563535912,,,,,,,0.872831142365,0.205291311139,0.7045758946,0.7496013816,0.7203900488
congestion,classical_classification_v1,,1,30,validation,road_id,NL-025,1086,,True,,,,,,,,,,,,congestion,0.8784530387,,,,,,,0.88201768975,0.192466308046,0.7259538532,0.7771762113,0.7474397641
congestion,classical_classification_v1,,1,30,validation,origin_hour,0,1150,,True,,,,,,,,,,,,congestion,1,,,,,,,0.999985556685,5.30247817351e-05,0.25,0.25,0.25
congestion,classical_classification_v1,,1,30,validation,origin_hour,1,1150,,True,,,,,,,,,,,,congestion,1,,,,,,,0.999976663095,7.75108407553e-05,0.25,0.25,0.25
congestion,classical_classification_v1,,1,30,validation,origin_hour,2,1150,,True,,,,,,,,,,,,congestion,1,,,,,,,1,0,0.25,0.25,0.25
congestion,classical_classification_v1,,1,30,validation,origin_hour,3,1150,,True,,,,,,,,,,,,congestion,1,,,,,,,1,0,0.25,0.25,0.25
congestion,classical_classification_v1,,1,30,validation,origin_hour,4,1150,,True,,,,,,,,,,,,congestion,1,,,,,,,0.999871082699,0.000367372381585,0.25,0.25,0.25
congestion,classical_classification_v1,,1,30,validation,origin_hour,5,1150,,True,,,,,,,,,,,,congestion,0.9982608696,,,,,,,0.996373177597,0.00940163827309,0.2495652174,0.25,0.2497824195
congestion,classical_classification_v1,,1,30,validation,origin_hour,6,1150,,True,,,,,,,,,,,,congestion,0.8530434783,,,,,,,0.849422679426,0.27180721167,0.426790261,0.4321546563,0.4293562888
congestion,classical_classification_v1,,1,30,validation,origin_hour,7,1150,,True,,,,,,,,,,,,congestion,0.6747826087,,,,,,,0.71367737881,0.465182801161,0.6595238991,0.6538842177,0.6535919857
congestion,classical_classification_v1,,1,30,validation,origin_hour,8,1100,,True,,,,,,,,,,,,congestion,0.7163636364,,,,,,,0.742955869205,0.418582113502,0.441060796,0.4685460802,0.4303806003
congestion,classical_classification_v1,,1,30,validation,origin_hour,9,1100,,True,,,,,,,,,,,,congestion,0.7172727273,,,,,,,0.698435747713,0.462050953462,0.6601762721,0.5401246345,0.5714236044
congestion,classical_classification_v1,,1,30,validation,origin_hour,10,1100,,True,,,,,,,,,,,,congestion,0.8218181818,,,,,,,0.83564207964,0.297819932199,0.4141941984,0.400879753,0.4045025298
congestion,classical_classification_v1,,1,30,validation,origin_hour,11,1100,,True,,,,,,,,,,,,congestion,0.8127272727,,,,,,,0.811049818716,0.295746430617,0.3844372728,0.3870013326,0.3856682705
congestion,classical_classification_v1,,1,30,validation,origin_hour,12,1100,,True,,,,,,,,,,,,congestion,0.8309090909,,,,,,,0.841498096162,0.255830771335,0.380114322,0.3970618077,0.3869982856
congestion,classical_classification_v1,,1,30,validation,origin_hour,13,1100,,True,,,,,,,,,,,,congestion,0.8654545455,,,,,,,0.846641017903,0.253389453761,0.4042390745,0.4211088402,0.4113675958
congestion,classical_classification_v1,,1,30,validation,origin_hour,14,1100,,True,,,,,,,,,,,,congestion,0.7954545455,,,,,,,0.800101191079,0.311635965968,0.3942913766,0.3952938927,0.3947502711
congestion,classical_classification_v1,,1,30,validation,origin_hour,15,1100,,True,,,,,,,,,,,,congestion,0.8336363636,,,,,,,0.813660235797,0.32385639077,0.4483786204,0.4124659336,0.4194760088
congestion,classical_classification_v1,,1,30,validation,origin_hour,16,1100,,True,,,,,,,,,,,,congestion,0.7018181818,,,,,,,0.7177800271,0.476708062409,0.5760856358,0.4996441208,0.5118335081
congestion,classical_classification_v1,,1,30,validation,origin_hour,17,1150,,True,,,,,,,,,,,,congestion,0.5930434783,,,,,,,0.627039867339,0.513347089356,0.5980571116,0.5497260323,0.5357227109
congestion,classical_classification_v1,,1,30,validation,origin_hour,18,1150,,True,,,,,,,,,,,,congestion,0.6834782609,,,,,,,0.709334357617,0.492427215065,0.696875975,0.5144254498,0.5420907419
congestion,classical_classification_v1,,1,30,validation,origin_hour,19,1150,,True,,,,,,,,,,,,congestion,0.7930434783,,,,,,,0.80038626801,0.337976857868,0.5790167772,0.4001937316,0.4143608062
congestion,classical_classification_v1,,1,30,validation,origin_hour,20,1150,,True,,,,,,,,,,,,congestion,0.9469565217,,,,,,,0.945712245237,0.0903441305933,0.2804628002,0.2571550197,0.2585613492
congestion,classical_classification_v1,,1,30,validation,origin_hour,21,1150,,True,,,,,,,,,,,,congestion,1,,,,,,,0.998946403471,0.00296175136305,0.25,0.25,0.25
congestion,classical_classification_v1,,1,30,validation,origin_hour,22,1150,,True,,,,,,,,,,,,congestion,1,,,,,,,0.999976637154,8.92527107768e-05,0.25,0.25,0.25
congestion,classical_classification_v1,,1,30,validation,origin_hour,23,1150,,True,,,,,,,,,,,,congestion,1,,,,,,,1,0,0.25,0.25,0.25
congestion,classical_classification_v1,,1,30,validation,weekday,Friday,4000,,True,,,,,,,,,,,,congestion,0.84375,,,,,,,0.857204940619,0.226664422542,0.7440314635,0.7713931367,0.7559885509
congestion,classical_classification_v1,,1,30,validation,weekday,Monday,3600,,True,,,,,,,,,,,,congestion,0.825,,,,,,,0.838303780018,0.250746531756,0.7255704756,0.7506986668,0.7366138192
congestion,classical_classification_v1,,1,30,validation,weekday,Saturday,3600,,True,,,,,,,,,,,,congestion,0.9233333333,,,,,,,0.91121830193,0.162856989452,0.5161582631,0.4817688461,0.4802007957
congestion,classical_classification_v1,,1,30,validation,weekday,Sunday,3600,,True,,,,,,,,,,,,congestion,0.9266666667,,,,,,,0.919012226036,0.147344700204,0.5389383491,0.502343869,0.5077996925
congestion,classical_classification_v1,,1,30,validation,weekday,Thursday,4800,,True,,,,,,,,,,,,congestion,0.8327083333,,,,,,,0.845626980323,0.244310939342,0.7387504512,0.7618819346,0.7490612249
congestion,classical_classification_v1,,1,30,validation,weekday,Tuesday,3600,,True,,,,,,,,,,,,congestion,0.8288888889,,,,,,,0.846427478289,0.243486950088,0.7366175137,0.7605160007,0.7474470172
congestion,classical_classification_v1,,1,30,validation,weekday,Wednesday,3950,,True,,,,,,,,,,,,congestion,0.8589873418,,,,,,,0.851558596898,0.23835607582,0.7336890744,0.762602852,0.7469867882
congestion,classical_classification_v1,,1,30,validation,weekday_type,weekday,19950,,True,,,,,,,,,,,,congestion,0.8380451128,,,,,,,0.847945777227,0.240606377601,0.736041395,0.7616650634,0.7476586946
congestion,classical_classification_v1,,1,30,validation,weekday_type,weekend,7200,,True,,,,,,,,,,,,congestion,0.925,,,,,,,0.915115263983,0.155100844828,0.5310172531,0.4924032856,0.4953636247
congestion,classical_classification_v1,,1,30,validation,peak_status,evening_peak,3450,,True,,,,,,,,,,,,congestion,0.6898550725,,,,,,,0.712253497655,0.447917054096,0.6813464548,0.6445419567,0.65164973
congestion,classical_classification_v1,,1,30,validation,peak_status,morning_peak,3350,,True,,,,,,,,,,,,congestion,0.7023880597,,,,,,,0.718286496789,0.448852714924,0.6836975957,0.6528009725,0.6639106227
congestion,classical_classification_v1,,1,30,validation,peak_status,off_peak,20350,,True,,,,,,,,,,,,congestion,0.9162653563,,,,,,,0.91605964743,0.140926431659,0.5874271536,0.6346513989,0.6083351642
congestion,classical_classification_v1,,1,30,validation,weather_condition,Clear,20342,,True,,,,,,,,,,,,congestion,0.8669255727,,,,,,,0.871109739948,0.209731054586,0.7484490981,0.769727315,0.7582112149
congestion,classical_classification_v1,,1,30,validation,weather_condition,Cloudy,5032,,True,,,,,,,,,,,,congestion,0.8370429253,,,,,,,0.846139375023,0.247885004069,0.7082883698,0.73679238,0.7209632144
congestion,classical_classification_v1,,1,30,validation,weather_condition,Fog,176,,True,,,,,,,,,,,,congestion,0.8693181818,,,,,,,0.908867347133,0.157995711951,0.4071471292,0.3685427476,0.3831467861
congestion,classical_classification_v1,,1,30,validation,weather_condition,Overcast,856,,True,,,,,,,,,,,,congestion,0.875,,,,,,,0.868376018842,0.210520354924,0.7462527422,0.7765522797,0.7493503501
congestion,classical_classification_v1,,1,30,validation,weather_condition,Rain,744,,True,,,,,,,,,,,,congestion,0.8467741935,,,,,,,0.838938126334,0.26223681978,0.7349447482,0.6688687089,0.6693882935
congestion,classical_classification_v1,,1,30,validation,actual_congestion,Free-flow,16486,,True,,,,,,,,,,,,congestion,0.9367341987,,,,,,,0.946881947006,0.0881990775679,0.25,0.2341835497,0.241833443
congestion,classical_classification_v1,,1,30,validation,actual_congestion,Heavy,2613,,True,,,,,,,,,,,,congestion,0.6031381554,,,,,,,0.657950032166,0.520303778165,0.25,0.1507845388,0.1881117212
congestion,classical_classification_v1,,1,30,validation,actual_congestion,Moderate,6595,,True,,,,,,,,,,,,congestion,0.8080363912,,,,,,,0.785776188636,0.367161300394,0.25,0.2020090978,0.2234568937
congestion,classical_classification_v1,,1,30,validation,actual_congestion,Severe,1456,,True,,,,,,,,,,,,congestion,0.7081043956,,,,,,,0.682441607083,0.468262894689,0.25,0.1770260989,0.2072778448
congestion,classical_classification_v1,,2,60,test,overall,all,27125,,True,,,,,,,,,,,,congestion,0.8530875576,,,,,,,0.862559350831,0.307288341,0.7314334062,0.7735647474,0.7502815026
congestion,classical_classification_v1,,2,60,test,road_id,NL-001,1085,,True,,,,,,,,,,,,congestion,0.865437788,,,,,,,0.86422391355,0.304937835562,0.7599671112,0.8154997766,0.7845970744
congestion,classical_classification_v1,,2,60,test,road_id,NL-002,1085,,True,,,,,,,,,,,,congestion,0.8276497696,,,,,,,0.860029505997,0.310743930472,0.70104365,0.7389550152,0.7168941032
congestion,classical_classification_v1,,2,60,test,road_id,NL-003,1085,,True,,,,,,,,,,,,congestion,0.866359447,,,,,,,0.858837616638,0.312917237461,0.7845465905,0.8099235775,0.7962474348
congestion,classical_classification_v1,,2,60,test,road_id,NL-004,1085,,True,,,,,,,,,,,,congestion,0.8516129032,,,,,,,0.859404372235,0.313395074162,0.7493368368,0.7582608936,0.7531184279
congestion,classical_classification_v1,,2,60,test,road_id,NL-005,1085,,True,,,,,,,,,,,,congestion,0.864516129,,,,,,,0.860077399292,0.313576451582,0.7715351708,0.7917054258,0.7801659423
congestion,classical_classification_v1,,2,60,test,road_id,NL-006,1085,,True,,,,,,,,,,,,congestion,0.8589861751,,,,,,,0.858233297408,0.315697565472,0.7521747276,0.7690505112,0.7590819581
congestion,classical_classification_v1,,2,60,test,road_id,NL-007,1085,,True,,,,,,,,,,,,congestion,0.865437788,,,,,,,0.865168938042,0.302722016162,0.7290617878,0.7802406535,0.7514159803
congestion,classical_classification_v1,,2,60,test,road_id,NL-008,1085,,True,,,,,,,,,,,,congestion,0.8589861751,,,,,,,0.86582551335,0.301754395596,0.7295167767,0.8060878351,0.7617780048
congestion,classical_classification_v1,,2,60,test,road_id,NL-009,1085,,True,,,,,,,,,,,,congestion,0.8534562212,,,,,,,0.860768656057,0.312389297619,0.7531368204,0.7558238704,0.7513379551
congestion,classical_classification_v1,,2,60,test,road_id,NL-010,1085,,True,,,,,,,,,,,,congestion,0.8571428571,,,,,,,0.862473927609,0.305862573201,0.7436186569,0.8124150079,0.773085237
congestion,classical_classification_v1,,2,60,test,road_id,NL-011,1085,,True,,,,,,,,,,,,congestion,0.86359447,,,,,,,0.867298097616,0.29811219086,0.7019042245,0.7602597015,0.7268958204
congestion,classical_classification_v1,,2,60,test,road_id,NL-012,1085,,True,,,,,,,,,,,,congestion,0.8525345622,,,,,,,0.861678857146,0.31304567084,0.7471356737,0.7597107043,0.7526184355
congestion,classical_classification_v1,,2,60,test,road_id,NL-013,1085,,True,,,,,,,,,,,,congestion,0.8737327189,,,,,,,0.865049353544,0.307864157774,0.7858301227,0.7873068521,0.7859827348
congestion,classical_classification_v1,,2,60,test,road_id,NL-014,1085,,True,,,,,,,,,,,,congestion,0.8571428571,,,,,,,0.868297281193,0.298006466388,0.7088048302,0.7804459395,0.7386922272
congestion,classical_classification_v1,,2,60,test,road_id,NL-015,1085,,True,,,,,,,,,,,,congestion,0.8294930876,,,,,,,0.856645244446,0.316943603128,0.686338185,0.7150072937,0.6956007417
congestion,classical_classification_v1,,2,60,test,road_id,NL-016,1085,,True,,,,,,,,,,,,congestion,0.8313364055,,,,,,,0.860656858036,0.309296382056,0.7014682025,0.7506600499,0.7204171111
congestion,classical_classification_v1,,2,60,test,road_id,NL-017,1085,,True,,,,,,,,,,,,congestion,0.8580645161,,,,,,,0.865377184176,0.301947491467,0.7054802973,0.779383117,0.7349982817
congestion,classical_classification_v1,,2,60,test,road_id,NL-018,1085,,True,,,,,,,,,,,,congestion,0.8341013825,,,,,,,0.862033077361,0.309035267469,0.7153728216,0.7675342491,0.737844046
congestion,classical_classification_v1,,2,60,test,road_id,NL-019,1085,,True,,,,,,,,,,,,congestion,0.8460829493,,,,,,,0.858873518116,0.313987390574,0.7366602878,0.7578589924,0.7463876731
congestion,classical_classification_v1,,2,60,test,road_id,NL-020,1085,,True,,,,,,,,,,,,congestion,0.8571428571,,,,,,,0.86615025746,0.300710322425,0.7260586125,0.7827415916,0.7512070363
congestion,classical_classification_v1,,2,60,test,road_id,NL-021,1085,,True,,,,,,,,,,,,congestion,0.8516129032,,,,,,,0.856582265639,0.311039480194,0.7362738419,0.8034549766,0.7643330191
congestion,classical_classification_v1,,2,60,test,road_id,NL-022,1085,,True,,,,,,,,,,,,congestion,0.8617511521,,,,,,,0.868384157778,0.298120558662,0.7091520673,0.7754444664,0.7375333555
congestion,classical_classification_v1,,2,60,test,road_id,NL-023,1085,,True,,,,,,,,,,,,congestion,0.8377880184,,,,,,,0.859699717816,0.309179021533,0.7029851125,0.7599712578,0.7265365411
congestion,classical_classification_v1,,2,60,test,road_id,NL-024,1085,,True,,,,,,,,,,,,congestion,0.8479262673,,,,,,,0.863428551402,0.304281905959,0.7196277032,0.7748247335,0.7422461268
congestion,classical_classification_v1,,2,60,test,road_id,NL-025,1085,,True,,,,,,,,,,,,congestion,0.8552995392,,,,,,,0.868786208874,0.296642238381,0.6883467325,0.7709506436,0.718874801
congestion,classical_classification_v1,,2,60,test,origin_hour,0,1100,,True,,,,,,,,,,,,congestion,1,,,,,,,0.958414611797,0.151622516969,0.25,0.25,0.25
congestion,classical_classification_v1,,2,60,test,origin_hour,1,1100,,True,,,,,,,,,,,,congestion,1,,,,,,,0.958412556006,0.151628061778,0.25,0.25,0.25
congestion,classical_classification_v1,,2,60,test,origin_hour,2,1100,,True,,,,,,,,,,,,congestion,1,,,,,,,0.958414478917,0.151622443278,0.25,0.25,0.25
congestion,classical_classification_v1,,2,60,test,origin_hour,3,1100,,True,,,,,,,,,,,,congestion,1,,,,,,,0.958414006604,0.15162379265,0.25,0.25,0.25
congestion,classical_classification_v1,,2,60,test,origin_hour,4,1100,,True,,,,,,,,,,,,congestion,0.9990909091,,,,,,,0.957697279383,0.153453547303,0.2497727273,0.25,0.249886312
congestion,classical_classification_v1,,2,60,test,origin_hour,5,1100,,True,,,,,,,,,,,,congestion,0.9254545455,,,,,,,0.883507957437,0.262699953213,0.4172355485,0.4477342267,0.4303474903
congestion,classical_classification_v1,,2,60,test,origin_hour,6,1100,,True,,,,,,,,,,,,congestion,0.7809090909,,,,,,,0.851973463289,0.361146560961,0.7808836004,0.7274086091,0.7396744633
congestion,classical_classification_v1,,2,60,test,origin_hour,7,1100,,True,,,,,,,,,,,,congestion,0.6790909091,,,,,,,0.777207314914,0.486624048026,0.6739592716,0.718756824,0.6556026352
congestion,classical_classification_v1,,2,60,test,origin_hour,8,1125,,True,,,,,,,,,,,,congestion,0.6862222222,,,,,,,0.757839550398,0.502976992573,0.7689716709,0.7355633251,0.7451350625
congestion,classical_classification_v1,,2,60,test,origin_hour,9,1150,,True,,,,,,,,,,,,congestion,0.7286956522,,,,,,,0.769211407766,0.431356202965,0.6398680164,0.6911953689,0.653280172
congestion,classical_classification_v1,,2,60,test,origin_hour,10,1150,,True,,,,,,,,,,,,congestion,0.7582608696,,,,,,,0.811609910728,0.360300766789,0.5212499799,0.4930248442,0.4914504095
congestion,classical_classification_v1,,2,60,test,origin_hour,11,1150,,True,,,,,,,,,,,,congestion,0.8173913043,,,,,,,0.807529316732,0.353235502252,0.382153133,0.4016758587,0.3895112947
congestion,classical_classification_v1,,2,60,test,origin_hour,12,1150,,True,,,,,,,,,,,,congestion,0.8391304348,,,,,,,0.840433819695,0.321587194137,0.3941100388,0.4140877663,0.4017249199
congestion,classical_classification_v1,,2,60,test,origin_hour,13,1150,,True,,,,,,,,,,,,congestion,0.8173913043,,,,,,,0.836234963093,0.328962693743,0.4946948863,0.5051265039,0.4986597598
congestion,classical_classification_v1,,2,60,test,origin_hour,14,1150,,True,,,,,,,,,,,,congestion,0.8417391304,,,,,,,0.84575007129,0.322720974204,0.5993864902,0.5730298718,0.5811686173
congestion,classical_classification_v1,,2,60,test,origin_hour,15,1150,,True,,,,,,,,,,,,congestion,0.7086956522,,,,,,,0.791558715606,0.442152116941,0.7135618824,0.6845968015,0.6804174806
congestion,classical_classification_v1,,2,60,test,origin_hour,16,1150,,True,,,,,,,,,,,,congestion,0.6765217391,,,,,,,0.723187154522,0.534930578729,0.7351447527,0.7244130979,0.7275398112
congestion,classical_classification_v1,,2,60,test,origin_hour,17,1150,,True,,,,,,,,,,,,congestion,0.68,,,,,,,0.70600335819,0.566474594972,0.7594713239,0.7522494132,0.7533522133
congestion,classical_classification_v1,,2,60,test,origin_hour,18,1150,,True,,,,,,,,,,,,congestion,0.7243478261,,,,,,,0.832114463805,0.398266938303,0.7077359619,0.6053640066,0.6114137973
congestion,classical_classification_v1,,2,60,test,origin_hour,19,1150,,True,,,,,,,,,,,,congestion,0.8408695652,,,,,,,0.864541126674,0.301692555421,0.4895876383,0.672884321,0.5362593187
congestion,classical_classification_v1,,2,60,test,origin_hour,20,1150,,True,,,,,,,,,,,,congestion,0.9973913043,,,,,,,0.955607408244,0.156774047461,0.4993461203,0.375,0.4163392987
congestion,classical_classification_v1,,2,60,test,origin_hour,21,1150,,True,,,,,,,,,,,,congestion,1,,,,,,,0.958371010384,0.151747449542,0.25,0.25,0.25
congestion,classical_classification_v1,,2,60,test,origin_hour,22,1150,,True,,,,,,,,,,,,congestion,1,,,,,,,0.958413664998,0.151624796001,0.25,0.25,0.25
congestion,classical_classification_v1,,2,60,test,origin_hour,23,1100,,True,,,,,,,,,,,,congestion,1,,,,,,,0.958414283118,0.151621584731,0.25,0.25,0.25
congestion,classical_classification_v1,,2,60,test,weekday,Friday,4375,,True,,,,,,,,,,,,congestion,0.8155428571,,,,,,,0.839273255466,0.343498241824,0.7217245765,0.7631025842,0.7393625587
congestion,classical_classification_v1,,2,60,test,weekday,Monday,3600,,True,,,,,,,,,,,,congestion,0.8161111111,,,,,,,0.840787135299,0.33931499406,0.7143814881,0.7552502906,0.7316697342
congestion,classical_classification_v1,,2,60,test,weekday,Saturday,4750,,True,,,,,,,,,,,,congestion,0.9128421053,,,,,,,0.897516348914,0.251051829378,0.5293412547,0.5209820741,0.5223220325
congestion,classical_classification_v1,,2,60,test,weekday,Sunday,3600,,True,,,,,,,,,,,,congestion,0.9413888889,,,,,,,0.913614554839,0.225260188753,0.5214545924,0.5201280597,0.5173337364
congestion,classical_classification_v1,,2,60,test,weekday,Thursday,3600,,True,,,,,,,,,,,,congestion,0.8388888889,,,,,,,0.852055256773,0.330129884716,0.7691780487,0.7885255621,0.7779184743
congestion,classical_classification_v1,,2,60,test,weekday,Tuesday,3600,,True,,,,,,,,,,,,congestion,0.8216666667,,,,,,,0.843862418662,0.337159426422,0.720906261,0.75811171,0.7367622522
congestion,classical_classification_v1,,2,60,test,weekday,Wednesday,3600,,True,,,,,,,,,,,,congestion,0.8141666667,,,,,,,0.844652645897,0.334773076077,0.7092346529,0.7575494323,0.7285570826
congestion,classical_classification_v1,,2,60,test,weekday_type,weekday,18775,,True,,,,,,,,,,,,congestion,0.8210386152,,,,,,,0.843925823517,0.33724438778,0.7306942128,0.7676973122,0.7465913922
congestion,classical_classification_v1,,2,60,test,weekday_type,weekend,8350,,True,,,,,,,,,,,,congestion,0.9251497006,,,,,,,0.904456892786,0.239932080126,0.5272387829,0.5213051577,0.5212344255
congestion,classical_classification_v1,,2,60,test,peak_status,evening_peak,3450,,True,,,,,,,,,,,,congestion,0.7484057971,,,,,,,0.800886316223,0.422144696232,0.714778147,0.7194810289,0.7128177467
congestion,classical_classification_v1,,2,60,test,peak_status,morning_peak,3375,,True,,,,,,,,,,,,congestion,0.6983703704,,,,,,,0.768026862084,0.473243023077,0.7189099295,0.7177805874,0.7126651116
congestion,classical_classification_v1,,2,60,test,peak_status,off_peak,20300,,True,,,,,,,,,,,,congestion,0.8966009852,,,,,,,0.888757336985,0.260177430775,0.7136068822,0.7540269493,0.7301878646
congestion,classical_classification_v1,,2,60,test,weather_condition,Clear,20397,,True,,,,,,,,,,,,congestion,0.8564494779,,,,,,,0.863111024567,0.305102692241,0.7341477554,0.7735552485,0.7520659307
congestion,classical_classification_v1,,2,60,test,weather_condition,Cloudy,4424,,True,,,,,,,,,,,,congestion,0.8494575045,,,,,,,0.862072299425,0.31249671932,0.7514228133,0.7907837387,0.7687244121
congestion,classical_classification_v1,,2,60,test,weather_condition,Fog,166,,True,,,,,,,,,,,,congestion,0.765060241,,,,,,,0.856847626982,0.333544412838,0.6340986537,0.6732486264,0.6499348113
congestion,classical_classification_v1,,2,60,test,weather_condition,Overcast,970,,True,,,,,,,,,,,,congestion,0.8412371134,,,,,,,0.846101351775,0.332857687382,0.7249194736,0.7620157447,0.7404458478
congestion,classical_classification_v1,,2,60,test,weather_condition,Rain,1168,,True,,,,,,,,,,,,congestion,0.8304794521,,,,,,,0.869249959967,0.300762688711,0.6100590635,0.6745706522,0.6158176175
congestion,classical_classification_v1,,2,60,test,actual_congestion,Free-flow,16317,,True,,,,,,,,,,,,congestion,0.9222283508,,,,,,,0.919917535934,0.206990554178,0.25,0.2305570877,0.2398852224
congestion,classical_classification_v1,,2,60,test,actual_congestion,Heavy,2671,,True,,,,,,,,,,,,congestion,0.6274803444,,,,,,,0.71604910067,0.562144214909,0.25,0.1568700861,0.1927766276
congestion,classical_classification_v1,,2,60,test,actual_congestion,Moderate,6567,,True,,,,,,,,,,,,congestion,0.7986904218,,,,,,,0.804666182102,0.403816319231,0.25,0.1996726055,0.2220199797
congestion,classical_classification_v1,,2,60,test,actual_congestion,Severe,1570,,True,,,,,,,,,,,,congestion,0.7458598726,,,,,,,0.757845854596,0.512345484519,0.25,0.1864649682,0.2136081722
congestion,classical_classification_v1,,2,60,validation,overall,all,27125,,True,,,,,,,,,,,,congestion,0.8524976959,,,,,,,0.861000806672,0.308689560156,0.7304788303,0.7731870269,0.7497023949
congestion,classical_classification_v1,,2,60,validation,road_id,NL-001,1085,,True,,,,,,,,,,,,congestion,0.8387096774,,,,,,,0.862514019884,0.305384053296,0.689744593,0.7535681754,0.7158145253
congestion,classical_classification_v1,,2,60,validation,road_id,NL-002,1085,,True,,,,,,,,,,,,congestion,0.8423963134,,,,,,,0.856130379658,0.315051002427,0.7392517737,0.7796060773,0.7568390406
congestion,classical_classification_v1,,2,60,validation,road_id,NL-003,1085,,True,,,,,,,,,,,,congestion,0.8387096774,,,,,,,0.854640531049,0.315744552228,0.7312618552,0.7485697059,0.7393353621
congestion,classical_classification_v1,,2,60,validation,road_id,NL-004,1085,,True,,,,,,,,,,,,congestion,0.8470046083,,,,,,,0.855602243623,0.316919028395,0.7314783175,0.7505414906,0.7399731624
congestion,classical_classification_v1,,2,60,validation,road_id,NL-005,1085,,True,,,,,,,,,,,,congestion,0.867281106,,,,,,,0.857891364805,0.315709484105,0.7865951094,0.7863499922,0.7858193535
congestion,classical_classification_v1,,2,60,validation,road_id,NL-006,1085,,True,,,,,,,,,,,,congestion,0.8414746544,,,,,,,0.857988821862,0.31598464096,0.7247715017,0.737605814,0.7308742615
congestion,classical_classification_v1,,2,60,validation,road_id,NL-007,1085,,True,,,,,,,,,,,,congestion,0.8589861751,,,,,,,0.862665752406,0.304809723956,0.7245800212,0.7730151428,0.7452823544
congestion,classical_classification_v1,,2,60,validation,road_id,NL-008,1085,,True,,,,,,,,,,,,congestion,0.8783410138,,,,,,,0.863908474936,0.303826126864,0.7551423329,0.8154541795,0.7812259662
congestion,classical_classification_v1,,2,60,validation,road_id,NL-009,1085,,True,,,,,,,,,,,,congestion,0.8608294931,,,,,,,0.862371034114,0.310968680877,0.7646527586,0.7801675905,0.7718252519
congestion,classical_classification_v1,,2,60,validation,road_id,NL-010,1085,,True,,,,,,,,,,,,congestion,0.8377880184,,,,,,,0.864723935192,0.303845463116,0.6855543866,0.7702085873,0.7184369082
congestion,classical_classification_v1,,2,60,validation,road_id,NL-011,1085,,True,,,,,,,,,,,,congestion,0.865437788,,,,,,,0.864364726415,0.302533835963,0.7200333617,0.7800678078,0.7461729778
congestion,classical_classification_v1,,2,60,validation,road_id,NL-012,1085,,True,,,,,,,,,,,,congestion,0.8700460829,,,,,,,0.862128952684,0.312286108191,0.7747092936,0.7997678519,0.786260254
congestion,classical_classification_v1,,2,60,validation,road_id,NL-013,1085,,True,,,,,,,,,,,,congestion,0.8506912442,,,,,,,0.863320881646,0.310476929644,0.7395018016,0.7567272839,0.7472172937
congestion,classical_classification_v1,,2,60,validation,road_id,NL-014,1085,,True,,,,,,,,,,,,congestion,0.866359447,,,,,,,0.86603505468,0.300908275633,0.7179894901,0.7861854287,0.7457499007
congestion,classical_classification_v1,,2,60,validation,road_id,NL-015,1085,,True,,,,,,,,,,,,congestion,0.8562211982,,,,,,,0.859059918252,0.314571790586,0.7468375437,0.76140448,0.7536112263
congestion,classical_classification_v1,,2,60,validation,road_id,NL-016,1085,,True,,,,,,,,,,,,congestion,0.8322580645,,,,,,,0.854581383704,0.314972894911,0.7127164764,0.7810990589,0.7402683078
congestion,classical_classification_v1,,2,60,validation,road_id,NL-017,1085,,True,,,,,,,,,,,,congestion,0.8460829493,,,,,,,0.865196997207,0.300918789759,0.6939977462,0.7415141648,0.7150075925
congestion,classical_classification_v1,,2,60,validation,road_id,NL-018,1085,,True,,,,,,,,,,,,congestion,0.8433179724,,,,,,,0.863587376626,0.307261074769,0.7422638304,0.78764893,0.7622349987
congestion,classical_classification_v1,,2,60,validation,road_id,NL-019,1085,,True,,,,,,,,,,,,congestion,0.8497695853,,,,,,,0.856952465854,0.316425588594,0.7446099017,0.7636789298,0.7526611365
congestion,classical_classification_v1,,2,60,validation,road_id,NL-020,1085,,True,,,,,,,,,,,,congestion,0.867281106,,,,,,,0.862841004411,0.303180372145,0.7217616865,0.7874927372,0.7505065583
congestion,classical_classification_v1,,2,60,validation,road_id,NL-021,1085,,True,,,,,,,,,,,,congestion,0.8451612903,,,,,,,0.860415003261,0.307595414858,0.7268230448,0.7884717399,0.7523413442
congestion,classical_classification_v1,,2,60,validation,road_id,NL-022,1085,,True,,,,,,,,,,,,congestion,0.8552995392,,,,,,,0.865531258101,0.299519900669,0.6968917559,0.7680808527,0.7252486166
congestion,classical_classification_v1,,2,60,validation,road_id,NL-023,1085,,True,,,,,,,,,,,,congestion,0.8414746544,,,,,,,0.85657216194,0.311634114605,0.7246316514,0.7818949616,0.7498069824
congestion,classical_classification_v1,,2,60,validation,road_id,NL-024,1085,,True,,,,,,,,,,,,congestion,0.8580645161,,,,,,,0.859580870245,0.307246951535,0.7127005591,0.7892592132,0.7415339859
congestion,classical_classification_v1,,2,60,validation,road_id,NL-025,1085,,True,,,,,,,,,,,,congestion,0.8534562212,,,,,,,0.866415554245,0.299464205825,0.705262495,0.7774429782,0.7358045498
congestion,classical_classification_v1,,2,60,validation,origin_hour,0,1150,,True,,,,,,,,,,,,congestion,1,,,,,,,0.958416238561,0.151615093317,0.25,0.25,0.25
congestion,classical_classification_v1,,2,60,validation,origin_hour,1,1150,,True,,,,,,,,,,,,congestion,1,,,,,,,0.958416798826,0.151613241034,0.25,0.25,0.25
congestion,classical_classification_v1,,2,60,validation,origin_hour,2,1150,,True,,,,,,,,,,,,congestion,1,,,,,,,0.9584163511,0.151614688945,0.25,0.25,0.25
congestion,classical_classification_v1,,2,60,validation,origin_hour,3,1150,,True,,,,,,,,,,,,congestion,1,,,,,,,0.958415988066,0.151615850742,0.25,0.25,0.25
congestion,classical_classification_v1,,2,60,validation,origin_hour,4,1150,,True,,,,,,,,,,,,congestion,1,,,,,,,0.957777190045,0.153260266352,0.25,0.25,0.25
congestion,classical_classification_v1,,2,60,validation,origin_hour,5,1150,,True,,,,,,,,,,,,congestion,0.9086956522,,,,,,,0.887798650119,0.255677490085,0.3990067149,0.4232371535,0.4096208341
congestion,classical_classification_v1,,2,60,validation,origin_hour,6,1150,,True,,,,,,,,,,,,congestion,0.7860869565,,,,,,,0.850385634329,0.362676686462,0.5877148498,0.5879869964,0.5761944449
congestion,classical_classification_v1,,2,60,validation,origin_hour,7,1125,,True,,,,,,,,,,,,congestion,0.6915555556,,,,,,,0.767714007694,0.499774477047,0.4688703438,0.4761550179,0.4380055111
congestion,classical_classification_v1,,2,60,validation,origin_hour,8,1100,,True,,,,,,,,,,,,congestion,0.6763636364,,,,,,,0.743153462012,0.522800862836,0.5839966964,0.6478824016,0.5791807551
congestion,classical_classification_v1,,2,60,validation,origin_hour,9,1100,,True,,,,,,,,,,,,congestion,0.7481818182,,,,,,,0.766129961636,0.43635859436,0.5297494577,0.5843715595,0.5382006206
congestion,classical_classification_v1,,2,60,validation,origin_hour,10,1100,,True,,,,,,,,,,,,congestion,0.7609090909,,,,,,,0.811982709002,0.359754025546,0.3967042756,0.3968171033,0.3804544467
congestion,classical_classification_v1,,2,60,validation,origin_hour,11,1100,,True,,,,,,,,,,,,congestion,0.82,,,,,,,0.806401449811,0.352969959649,0.3763871399,0.3923785345,0.3827897966
congestion,classical_classification_v1,,2,60,validation,origin_hour,12,1100,,True,,,,,,,,,,,,congestion,0.8218181818,,,,,,,0.838969421152,0.321976410342,0.3792207792,0.3995518228,0.3867570929
congestion,classical_classification_v1,,2,60,validation,origin_hour,13,1100,,True,,,,,,,,,,,,congestion,0.8090909091,,,,,,,0.83772945127,0.326847035047,0.3845811052,0.3969462272,0.3893186244
congestion,classical_classification_v1,,2,60,validation,origin_hour,14,1100,,True,,,,,,,,,,,,congestion,0.8027272727,,,,,,,0.843106762955,0.324760116672,0.4124309205,0.3963809104,0.3976685779
congestion,classical_classification_v1,,2,60,validation,origin_hour,15,1100,,True,,,,,,,,,,,,congestion,0.7218181818,,,,,,,0.788841218166,0.444567996983,0.5356335679,0.5206265473,0.5103260621
congestion,classical_classification_v1,,2,60,validation,origin_hour,16,1100,,True,,,,,,,,,,,,congestion,0.68,,,,,,,0.705785878915,0.559279806213,0.6246338737,0.5220602745,0.544760658
congestion,classical_classification_v1,,2,60,validation,origin_hour,17,1150,,True,,,,,,,,,,,,congestion,0.6347826087,,,,,,,0.67488137371,0.605353151488,0.5412924675,0.5287330627,0.5320054246
congestion,classical_classification_v1,,2,60,validation,origin_hour,18,1150,,True,,,,,,,,,,,,congestion,0.7269565217,,,,,,,0.823632017865,0.409900483829,0.5669111709,0.4892541789,0.4875838668
congestion,classical_classification_v1,,2,60,validation,origin_hour,19,1150,,True,,,,,,,,,,,,congestion,0.832173913,,,,,,,0.864810657086,0.299517942473,0.3969993477,0.4196154454,0.404076561
congestion,classical_classification_v1,,2,60,validation,origin_hour,20,1150,,True,,,,,,,,,,,,congestion,0.9991304348,,,,,,,0.957618372021,0.153712797667,0.2497826087,0.25,0.2498912571
congestion,classical_classification_v1,,2,60,validation,origin_hour,21,1150,,True,,,,,,,,,,,,congestion,1,,,,,,,0.958388784455,0.151698072869,0.25,0.25,0.25
congestion,classical_classification_v1,,2,60,validation,origin_hour,22,1150,,True,,,,,,,,,,,,congestion,1,,,,,,,0.958415755742,0.151616688332,0.25,0.25,0.25
congestion,classical_classification_v1,,2,60,validation,origin_hour,23,1150,,True,,,,,,,,,,,,congestion,1,,,,,,,0.958415993215,0.151616019582,0.25,0.25,0.25
congestion,classical_classification_v1,,2,60,validation,weekday,Friday,3975,,True,,,,,,,,,,,,congestion,0.8342138365,,,,,,,0.852043023643,0.323954294611,0.7335780117,0.7699597178,0.7494836954
congestion,classical_classification_v1,,2,60,validation,weekday,Monday,3600,,True,,,,,,,,,,,,congestion,0.8080555556,,,,,,,0.843299759086,0.336200911328,0.7120814524,0.7527069416,0.7293706863
congestion,classical_classification_v1,,2,60,validation,weekday,Saturday,3600,,True,,,,,,,,,,,,congestion,0.9125,,,,,,,0.896463964125,0.251788588018,0.5273975785,0.5288444398,0.5271725325
congestion,classical_classification_v1,,2,60,validation,weekday,Sunday,3600,,True,,,,,,,,,,,,congestion,0.9216666667,,,,,,,0.897635240637,0.248892673269,0.5300645263,0.5350862259,0.5316844656
congestion,classical_classification_v1,,2,60,validation,weekday,Thursday,4800,,True,,,,,,,,,,,,congestion,0.8254166667,,,,,,,0.845220726088,0.335068067883,0.7348317655,0.7743397647,0.7514961652
congestion,classical_classification_v1,,2,60,validation,weekday,Tuesday,3600,,True,,,,,,,,,,,,congestion,0.8236111111,,,,,,,0.845236708507,0.334595881558,0.731290444,0.7650304607,0.746134364
congestion,classical_classification_v1,,2,60,validation,weekday,Wednesday,3950,,True,,,,,,,,,,,,congestion,0.8529113924,,,,,,,0.853981761089,0.318946399317,0.7302979623,0.7750044134,0.7503697261
congestion,classical_classification_v1,,2,60,validation,weekday_type,weekday,19925,,True,,,,,,,,,,,,congestion,0.8291593476,,,,,,,0.847974391159,0.329774242339,0.7285082522,0.7678122421,0.7457118716
congestion,classical_classification_v1,,2,60,validation,weekday_type,weekend,7200,,True,,,,,,,,,,,,congestion,0.9170833333,,,,,,,0.897049602381,0.250340630643,0.5286734686,0.531950799,0.5294046145
congestion,classical_classification_v1,,2,60,validation,peak_status,evening_peak,3450,,True,,,,,,,,,,,,congestion,0.7313043478,,,,,,,0.787774682887,0.438257192597,0.6898442327,0.6925561305,0.6870041808
congestion,classical_classification_v1,,2,60,validation,peak_status,morning_peak,3325,,True,,,,,,,,,,,,congestion,0.7052631579,,,,,,,0.759064669073,0.486412538224,0.697414287,0.7189977887,0.7034622174
congestion,classical_classification_v1,,2,60,validation,peak_status,off_peak,20350,,True,,,,,,,,,,,,congestion,0.8971007371,,,,,,,0.890070476676,0.257685273474,0.6851232112,0.7241636061,0.6993687689
congestion,classical_classification_v1,,2,60,validation,weather_condition,Clear,20325,,True,,,,,,,,,,,,congestion,0.8599753998,,,,,,,0.865393088478,0.30241413949,0.7413347096,0.7835254627,0.7605096672
congestion,classical_classification_v1,,2,60,validation,weather_condition,Cloudy,5024,,True,,,,,,,,,,,,congestion,0.8284235669,,,,,,,0.844273816113,0.331964007157,0.705076347,0.7414397052,0.720929716
congestion,classical_classification_v1,,2,60,validation,weather_condition,Fog,176,,True,,,,,,,,,,,,congestion,0.8352272727,,,,,,,0.846114852213,0.326812350252,0.5083798576,0.4945865303,0.5007223228
congestion,classical_classification_v1,,2,60,validation,weather_condition,Overcast,856,,True,,,,,,,,,,,,congestion,0.8714953271,,,,,,,0.860525221248,0.308243484287,0.7128918683,0.7506297264,0.7293306893
congestion,classical_classification_v1,,2,60,validation,weather_condition,Rain,744,,True,,,,,,,,,,,,congestion,0.7930107527,,,,,,,0.858030782435,0.319185975753,0.632290194,0.7177102978,0.6612684271
congestion,classical_classification_v1,,2,60,validation,actual_congestion,Free-flow,16486,,True,,,,,,,,,,,,congestion,0.9194468033,,,,,,,0.917515382082,0.210168137453,0.25,0.2298617008,0.2395082796
congestion,classical_classification_v1,,2,60,validation,actual_congestion,Heavy,2600,,True,,,,,,,,,,,,congestion,0.6588461538,,,,,,,0.717869590367,0.559462917457,0.25,0.1647115385,0.1985856712
congestion,classical_classification_v1,,2,60,validation,actual_congestion,Moderate,6595,,True,,,,,,,,,,,,congestion,0.7893858984,,,,,,,0.802781414641,0.405347468752,0.25,0.1973464746,0.2205745276
congestion,classical_classification_v1,,2,60,validation,actual_congestion,Severe,1444,,True,,,,,,,,,,,,congestion,0.7250692521,,,,,,,0.739393301566,0.540514032813,0.25,0.181267313,0.2101565636
congestion,classical_classification_v1,,3,90,test,overall,all,27100,,True,,,,,,,,,,,,congestion,0.8512177122,,,,,,,0.861467014572,0.302755296478,0.7283257456,0.7762463825,0.7492509117
congestion,classical_classification_v1,,3,90,test,road_id,NL-001,1084,,True,,,,,,,,,,,,congestion,0.8625461255,,,,,,,0.862551168051,0.29986356279,0.7565270831,0.8190704982,0.7832983215
congestion,classical_classification_v1,,3,90,test,road_id,NL-002,1084,,True,,,,,,,,,,,,congestion,0.8284132841,,,,,,,0.854416872899,0.309349079368,0.7042046498,0.7525334734,0.724721242
congestion,classical_classification_v1,,3,90,test,road_id,NL-003,1084,,True,,,,,,,,,,,,congestion,0.8680811808,,,,,,,0.85573147596,0.308762001553,0.7761910856,0.8155406111,0.7932947188
congestion,classical_classification_v1,,3,90,test,road_id,NL-004,1084,,True,,,,,,,,,,,,congestion,0.8579335793,,,,,,,0.85809479015,0.310015938298,0.7651326795,0.7774505229,0.770559577
congestion,classical_classification_v1,,3,90,test,road_id,NL-005,1084,,True,,,,,,,,,,,,congestion,0.8597785978,,,,,,,0.86024996968,0.308435839777,0.7624100777,0.7848852562,0.7722139641
congestion,classical_classification_v1,,3,90,test,road_id,NL-006,1084,,True,,,,,,,,,,,,congestion,0.8450184502,,,,,,,0.85804623427,0.310132287803,0.7374239223,0.7558478435,0.745395881
congestion,classical_classification_v1,,3,90,test,road_id,NL-007,1084,,True,,,,,,,,,,,,congestion,0.8634686347,,,,,,,0.860961823417,0.300545910748,0.7288038518,0.7795915468,0.7488223573
congestion,classical_classification_v1,,3,90,test,road_id,NL-008,1084,,True,,,,,,,,,,,,congestion,0.8468634686,,,,,,,0.863215203555,0.298220263361,0.7101935247,0.7896244842,0.7427925227
congestion,classical_classification_v1,,3,90,test,road_id,NL-009,1084,,True,,,,,,,,,,,,congestion,0.8533210332,,,,,,,0.858211357515,0.309080177941,0.7385152009,0.7466589568,0.7413156431
congestion,classical_classification_v1,,3,90,test,road_id,NL-010,1084,,True,,,,,,,,,,,,congestion,0.8542435424,,,,,,,0.860889985853,0.301231812266,0.7482547505,0.8215047864,0.7789266103
congestion,classical_classification_v1,,3,90,test,road_id,NL-011,1084,,True,,,,,,,,,,,,congestion,0.8699261993,,,,,,,0.868893103311,0.293354566858,0.716838232,0.7777267323,0.7407486512
congestion,classical_classification_v1,,3,90,test,road_id,NL-012,1084,,True,,,,,,,,,,,,congestion,0.8560885609,,,,,,,0.866196178938,0.303303504255,0.7549459808,0.7761823692,0.7641265645
congestion,classical_classification_v1,,3,90,test,road_id,NL-013,1084,,True,,,,,,,,,,,,congestion,0.8736162362,,,,,,,0.865990749669,0.303127602332,0.7809062531,0.7923998247,0.7864229034
congestion,classical_classification_v1,,3,90,test,road_id,NL-014,1084,,True,,,,,,,,,,,,congestion,0.8570110701,,,,,,,0.871475991794,0.290263506701,0.7082012453,0.7918443402,0.7422013443
congestion,classical_classification_v1,,3,90,test,road_id,NL-015,1084,,True,,,,,,,,,,,,congestion,0.8367158672,,,,,,,0.857138397996,0.310154858403,0.6984789589,0.728642225,0.70758435
congestion,classical_classification_v1,,3,90,test,road_id,NL-016,1084,,True,,,,,,,,,,,,congestion,0.832103321,,,,,,,0.85880094119,0.304816070291,0.695862523,0.7521577613,0.7183613387
congestion,classical_classification_v1,,3,90,test,road_id,NL-017,1084,,True,,,,,,,,,,,,congestion,0.8542435424,,,,,,,0.863000582117,0.298135090497,0.7026803756,0.7921105432,0.7372706346
congestion,classical_classification_v1,,3,90,test,road_id,NL-018,1084,,True,,,,,,,,,,,,congestion,0.8367158672,,,,,,,0.855915223592,0.307220416145,0.7153579252,0.7809657272,0.7418472245
congestion,classical_classification_v1,,3,90,test,road_id,NL-019,1084,,True,,,,,,,,,,,,congestion,0.844095941,,,,,,,0.859540601227,0.308652368089,0.7332783078,0.7577759677,0.7446257333
congestion,classical_classification_v1,,3,90,test,road_id,NL-020,1084,,True,,,,,,,,,,,,congestion,0.8496309963,,,,,,,0.863705590973,0.298587948105,0.7219969498,0.7844879333,0.7491433349
congestion,classical_classification_v1,,3,90,test,road_id,NL-021,1084,,True,,,,,,,,,,,,congestion,0.8477859779,,,,,,,0.857429175324,0.30462044605,0.7229820782,0.7915057537,0.7502779945
congestion,classical_classification_v1,,3,90,test,road_id,NL-022,1084,,True,,,,,,,,,,,,congestion,0.860701107,,,,,,,0.869470850487,0.292787590818,0.7070349794,0.771901881,0.7328449635
congestion,classical_classification_v1,,3,90,test,road_id,NL-023,1084,,True,,,,,,,,,,,,congestion,0.8265682657,,,,,,,0.854695036171,0.306511343852,0.6887576031,0.753472404,0.7151736914
congestion,classical_classification_v1,,3,90,test,road_id,NL-024,1084,,True,,,,,,,,,,,,congestion,0.8487084871,,,,,,,0.863598862778,0.298243853321,0.7165273625,0.7813027526,0.7405702871
congestion,classical_classification_v1,,3,90,test,road_id,NL-025,1084,,True,,,,,,,,,,,,congestion,0.8468634686,,,,,,,0.868455197377,0.293466372315,0.6767978141,0.7519470902,0.7039812738
congestion,classical_classification_v1,,3,90,test,origin_hour,0,1100,,True,,,,,,,,,,,,congestion,1,,,,,,,0.960199536005,0.14627491285,0.25,0.25,0.25
congestion,classical_classification_v1,,3,90,test,origin_hour,1,1100,,True,,,,,,,,,,,,congestion,1,,,,,,,0.960206530518,0.146256453517,0.25,0.25,0.25
congestion,classical_classification_v1,,3,90,test,origin_hour,2,1100,,True,,,,,,,,,,,,congestion,1,,,,,,,0.960211948348,0.146242302158,0.25,0.25,0.25
congestion,classical_classification_v1,,3,90,test,origin_hour,3,1100,,True,,,,,,,,,,,,congestion,1,,,,,,,0.960209265447,0.146249380044,0.25,0.25,0.25
congestion,classical_classification_v1,,3,90,test,origin_hour,4,1100,,True,,,,,,,,,,,,congestion,0.9918181818,,,,,,,0.954840719296,0.155277224074,0.448173516,0.3331035539,0.3666163671
congestion,classical_classification_v1,,3,90,test,origin_hour,5,1100,,True,,,,,,,,,,,,congestion,0.8363636364,,,,,,,0.835570776466,0.339253173985,0.5731446245,0.5655588497,0.5671632225
congestion,classical_classification_v1,,3,90,test,origin_hour,6,1100,,True,,,,,,,,,,,,congestion,0.69,,,,,,,0.81937263337,0.430483553619,0.7617970056,0.7381054673,0.7332784598
congestion,classical_classification_v1,,3,90,test,origin_hour,7,1100,,True,,,,,,,,,,,,congestion,0.6563636364,,,,,,,0.7818619206,0.439434312337,0.6791858292,0.6356877081,0.6273838361
congestion,classical_classification_v1,,3,90,test,origin_hour,8,1125,,True,,,,,,,,,,,,congestion,0.6257777778,,,,,,,0.742500981934,0.511329135103,0.7473275862,0.5732559404,0.5993368086
congestion,classical_classification_v1,,3,90,test,origin_hour,9,1150,,True,,,,,,,,,,,,congestion,0.8365217391,,,,,,,0.84054358791,0.355432838633,0.5946366236,0.5505673506,0.5679230878
congestion,classical_classification_v1,,3,90,test,origin_hour,10,1150,,True,,,,,,,,,,,,congestion,0.7756521739,,,,,,,0.742617826691,0.403806670179,0.4267058732,0.4485311586,0.4293517913
congestion,classical_classification_v1,,3,90,test,origin_hour,11,1150,,True,,,,,,,,,,,,congestion,0.8260869565,,,,,,,0.784043844143,0.368040474829,0.3835082314,0.4040645829,0.3913064964
congestion,classical_classification_v1,,3,90,test,origin_hour,12,1150,,True,,,,,,,,,,,,congestion,0.8226086957,,,,,,,0.809642594841,0.350073519529,0.3901975132,0.4023844615,0.3951654948
congestion,classical_classification_v1,,3,90,test,origin_hour,13,1150,,True,,,,,,,,,,,,congestion,0.8069565217,,,,,,,0.811932834923,0.356067816094,0.5238821133,0.5772143196,0.5406905327
congestion,classical_classification_v1,,3,90,test,origin_hour,14,1150,,True,,,,,,,,,,,,congestion,0.8408695652,,,,,,,0.841967558396,0.349105905247,0.6977893006,0.5719267726,0.6118575447
congestion,classical_classification_v1,,3,90,test,origin_hour,15,1150,,True,,,,,,,,,,,,congestion,0.6904347826,,,,,,,0.815982148513,0.424066201506,0.8254815382,0.6447745774,0.6794106899
congestion,classical_classification_v1,,3,90,test,origin_hour,16,1150,,True,,,,,,,,,,,,congestion,0.6156521739,,,,,,,0.64400607731,0.581382502257,0.7271607787,0.7260110886,0.6982463225
congestion,classical_classification_v1,,3,90,test,origin_hour,17,1150,,True,,,,,,,,,,,,congestion,0.7182608696,,,,,,,0.819428369329,0.435091429261,0.8151666667,0.6388051437,0.6752910422
congestion,classical_classification_v1,,3,90,test,origin_hour,18,1150,,True,,,,,,,,,,,,congestion,0.7686956522,,,,,,,0.848141334156,0.357367064287,0.6002796053,0.5123156972,0.5295023437
congestion,classical_classification_v1,,3,90,test,origin_hour,19,1150,,True,,,,,,,,,,,,congestion,0.947826087,,,,,,,0.920005984204,0.213004100106,0.3858469962,0.3126196384,0.3336258946
congestion,classical_classification_v1,,3,90,test,origin_hour,20,1150,,True,,,,,,,,,,,,congestion,1,,,,,,,0.960079692862,0.146608074392,0.25,0.25,0.25
congestion,classical_classification_v1,,3,90,test,origin_hour,21,1150,,True,,,,,,,,,,,,congestion,1,,,,,,,0.960168199758,0.146361117826,0.25,0.25,0.25
congestion,classical_classification_v1,,3,90,test,origin_hour,22,1125,,True,,,,,,,,,,,,congestion,1,,,,,,,0.960170611881,0.146351082312,0.25,0.25,0.25
congestion,classical_classification_v1,,3,90,test,origin_hour,23,1100,,True,,,,,,,,,,,,congestion,1,,,,,,,0.96016893437,0.146355431671,0.25,0.25,0.25
congestion,classical_classification_v1,,3,90,test,weekday,Friday,4375,,True,,,,,,,,,,,,congestion,0.8130285714,,,,,,,0.835477226587,0.340012606089,0.716782697,0.7640254252,0.7365348613
congestion,classical_classification_v1,,3,90,test,weekday,Monday,3600,,True,,,,,,,,,,,,congestion,0.8119444444,,,,,,,0.838006367484,0.335833556207,0.712808315,0.7562275345,0.7308405514
congestion,classical_classification_v1,,3,90,test,weekday,Saturday,4725,,True,,,,,,,,,,,,congestion,0.9144973545,,,,,,,0.899416598208,0.244004164248,0.534568074,0.5523703787,0.5429099476
congestion,classical_classification_v1,,3,90,test,weekday,Sunday,3600,,True,,,,,,,,,,,,congestion,0.9411111111,,,,,,,0.917411424109,0.217693800997,0.5430500267,0.5718820296,0.5562550214
congestion,classical_classification_v1,,3,90,test,weekday,Thursday,3600,,True,,,,,,,,,,,,congestion,0.8313888889,,,,,,,0.851057594234,0.326207392734,0.7609246031,0.7839324378,0.7708109716
congestion,classical_classification_v1,,3,90,test,weekday,Tuesday,3600,,True,,,,,,,,,,,,congestion,0.82,,,,,,,0.841301704705,0.333125369557,0.7193679335,0.7589098281,0.7359246443
congestion,classical_classification_v1,,3,90,test,weekday,Wednesday,3600,,True,,,,,,,,,,,,congestion,0.815,,,,,,,0.84133396559,0.332749243514,0.7091167037,0.7625801645,0.7296821493
congestion,classical_classification_v1,,3,90,test,weekday_type,weekday,18775,,True,,,,,,,,,,,,congestion,0.8180559254,,,,,,,0.841189429644,0.33385092809,0.7270704723,0.7678251749,0.7441136506
congestion,classical_classification_v1,,3,90,test,weekday_type,weekend,8325,,True,,,,,,,,,,,,congestion,0.926006006,,,,,,,0.907198144544,0.232626709869,0.5377278553,0.5592006979,0.5477401002
congestion,classical_classification_v1,,3,90,test,peak_status,evening_peak,3450,,True,,,,,,,,,,,,congestion,0.8115942029,,,,,,,0.86252522923,0.335154197884,0.7611635689,0.7015383373,0.6978088205
congestion,classical_classification_v1,,3,90,test,peak_status,morning_peak,3375,,True,,,,,,,,,,,,congestion,0.7075555556,,,,,,,0.788736842499,0.434776528886,0.7285790818,0.7221190839,0.7160638656
congestion,classical_classification_v1,,3,90,test,peak_status,off_peak,20275,,True,,,,,,,,,,,,congestion,0.8818742293,,,,,,,0.873393697195,0.275265882459,0.7123748192,0.7676387784,0.7344508649
congestion,classical_classification_v1,,3,90,test,weather_condition,Clear,20380,,True,,,,,,,,,,,,congestion,0.8567713445,,,,,,,0.862062947969,0.300508420979,0.7304309282,0.7762945882,0.750874028
congestion,classical_classification_v1,,3,90,test,weather_condition,Cloudy,4416,,True,,,,,,,,,,,,congestion,0.8432971014,,,,,,,0.860447897871,0.308998704534,0.7463966244,0.7850152979,0.7623393993
congestion,classical_classification_v1,,3,90,test,weather_condition,Fog,166,,True,,,,,,,,,,,,congestion,0.656626506,,,,,,,0.82336209581,0.376993417178,0.5813973064,0.6420657727,0.5980958639
congestion,classical_classification_v1,,3,90,test,weather_condition,Overcast,970,,True,,,,,,,,,,,,congestion,0.8474226804,,,,,,,0.846117120602,0.325296638244,0.7501320864,0.7930718067,0.7688422688
congestion,classical_classification_v1,,3,90,test,weather_condition,Rain,1168,,True,,,,,,,,,,,,congestion,0.8150684932,,,,,,,0.873085259757,0.289083895043,0.5946116797,0.6906825769,0.6129327204
congestion,classical_classification_v1,,3,90,test,actual_congestion,Free-flow,16317,,True,,,,,,,,,,,,congestion,0.9232089232,,,,,,,0.915862300084,0.207462312034,0.25,0.2308022308,0.2400178452
congestion,classical_classification_v1,,3,90,test,actual_congestion,Heavy,2653,,True,,,,,,,,,,,,congestion,0.6471918583,,,,,,,0.72355963063,0.54262299649,0.25,0.1617979646,0.1964530892
congestion,classical_classification_v1,,3,90,test,actual_congestion,Moderate,6567,,True,,,,,,,,,,,,congestion,0.777067154,,,,,,,0.805824177621,0.397094978693,0.25,0.1942667885,0.2186375321
congestion,classical_classification_v1,,3,90,test,actual_congestion,Severe,1563,,True,,,,,,,,,,,,congestion,0.7575175944,,,,,,,0.761471445888,0.494052753877,0.25,0.1893793986,0.2155078267
congestion,classical_classification_v1,,3,90,validation,overall,all,27100,,True,,,,,,,,,,,,congestion,0.8527306273,,,,,,,0.860862181079,0.303997614008,0.7284432998,0.7751413881,0.7490727035
congestion,classical_classification_v1,,3,90,validation,road_id,NL-001,1084,,True,,,,,,,,,,,,congestion,0.8450184502,,,,,,,0.862416526012,0.300256116666,0.7043344383,0.7717521154,0.7321180534
congestion,classical_classification_v1,,3,90,validation,road_id,NL-002,1084,,True,,,,,,,,,,,,congestion,0.8357933579,,,,,,,0.855770786087,0.308824050577,0.7311183968,0.777038334,0.7512272878
congestion,classical_classification_v1,,3,90,validation,road_id,NL-003,1084,,True,,,,,,,,,,,,congestion,0.8459409594,,,,,,,0.855671582675,0.309442723455,0.729915914,0.7521767734,0.7401917828
congestion,classical_classification_v1,,3,90,validation,road_id,NL-004,1084,,True,,,,,,,,,,,,congestion,0.860701107,,,,,,,0.854819598833,0.312652555205,0.7384189384,0.7574223238,0.7465061094
congestion,classical_classification_v1,,3,90,validation,road_id,NL-005,1084,,True,,,,,,,,,,,,congestion,0.8671586716,,,,,,,0.857277855935,0.311771702626,0.7764468692,0.7848327418,0.7800228285
congestion,classical_classification_v1,,3,90,validation,road_id,NL-006,1084,,True,,,,,,,,,,,,congestion,0.8468634686,,,,,,,0.858280368163,0.311361428799,0.7251402786,0.7437457339,0.7337904416
congestion,classical_classification_v1,,3,90,validation,road_id,NL-007,1084,,True,,,,,,,,,,,,congestion,0.852398524,,,,,,,0.861411267985,0.300174020041,0.7123404908,0.7600864825,0.732260011
congestion,classical_classification_v1,,3,90,validation,road_id,NL-008,1084,,True,,,,,,,,,,,,congestion,0.8653136531,,,,,,,0.860391247738,0.301576699185,0.7513528804,0.8111765462,0.7756766107
congestion,classical_classification_v1,,3,90,validation,road_id,NL-009,1084,,True,,,,,,,,,,,,congestion,0.8505535055,,,,,,,0.859641670661,0.308230810129,0.7537864605,0.7741456455,0.7631853925
congestion,classical_classification_v1,,3,90,validation,road_id,NL-010,1084,,True,,,,,,,,,,,,congestion,0.8422509225,,,,,,,0.861154799807,0.30178954802,0.6941400185,0.7732498643,0.7255656766
congestion,classical_classification_v1,,3,90,validation,road_id,NL-011,1084,,True,,,,,,,,,,,,congestion,0.8662361624,,,,,,,0.869218760758,0.29469413849,0.7200330304,0.7921885981,0.7506840264
congestion,classical_classification_v1,,3,90,validation,road_id,NL-012,1084,,True,,,,,,,,,,,,congestion,0.8680811808,,,,,,,0.865433963744,0.304785214512,0.7639826371,0.7957366582,0.7783877451
congestion,classical_classification_v1,,3,90,validation,road_id,NL-013,1084,,True,,,,,,,,,,,,congestion,0.8597785978,,,,,,,0.865262074666,0.304351259046,0.742593049,0.7641767695,0.752671402
congestion,classical_classification_v1,,3,90,validation,road_id,NL-014,1084,,True,,,,,,,,,,,,congestion,0.8662361624,,,,,,,0.87126675179,0.291939469307,0.7082228767,0.7735828485,0.7333124669
congestion,classical_classification_v1,,3,90,validation,road_id,NL-015,1084,,True,,,,,,,,,,,,congestion,0.8514760148,,,,,,,0.859805701642,0.308850054295,0.7372810729,0.7548447489,0.7453888252
congestion,classical_classification_v1,,3,90,validation,road_id,NL-016,1084,,True,,,,,,,,,,,,congestion,0.8404059041,,,,,,,0.853984671572,0.308607773952,0.7136693858,0.7834520975,0.7411607095
congestion,classical_classification_v1,,3,90,validation,road_id,NL-017,1084,,True,,,,,,,,,,,,congestion,0.8348708487,,,,,,,0.86258875164,0.299526316922,0.6896474789,0.7556408606,0.7175786706
congestion,classical_classification_v1,,3,90,validation,road_id,NL-018,1084,,True,,,,,,,,,,,,congestion,0.8560885609,,,,,,,0.855913481118,0.308741285015,0.7474364549,0.7953607774,0.7687402448
congestion,classical_classification_v1,,3,90,validation,road_id,NL-019,1084,,True,,,,,,,,,,,,congestion,0.8616236162,,,,,,,0.857267898529,0.31098510858,0.7614140768,0.7759604839,0.7673284854
congestion,classical_classification_v1,,3,90,validation,road_id,NL-020,1084,,True,,,,,,,,,,,,congestion,0.8570110701,,,,,,,0.860094493589,0.30189226741,0.7175042412,0.7985860165,0.7519378492
congestion,classical_classification_v1,,3,90,validation,road_id,NL-021,1084,,True,,,,,,,,,,,,congestion,0.8514760148,,,,,,,0.858312786858,0.304025054003,0.7369798954,0.7919065272,0.7581506788
congestion,classical_classification_v1,,3,90,validation,road_id,NL-022,1084,,True,,,,,,,,,,,,congestion,0.8468634686,,,,,,,0.870509014365,0.292732468553,0.6839092758,0.7652792749,0.7147305545
congestion,classical_classification_v1,,3,90,validation,road_id,NL-023,1084,,True,,,,,,,,,,,,congestion,0.8413284133,,,,,,,0.854793637915,0.308213882089,0.7245213353,0.7863743461,0.7511798396
congestion,classical_classification_v1,,3,90,validation,road_id,NL-024,1084,,True,,,,,,,,,,,,congestion,0.8542435424,,,,,,,0.863376048775,0.299430574153,0.7039023575,0.7864607859,0.7330139834
congestion,classical_classification_v1,,3,90,validation,road_id,NL-025,1084,,True,,,,,,,,,,,,congestion,0.8505535055,,,,,,,0.866890786117,0.295085829171,0.6938536245,0.7638874461,0.721561325
congestion,classical_classification_v1,,3,90,validation,origin_hour,0,1150,,True,,,,,,,,,,,,congestion,1,,,,,,,0.960197505437,0.146280595452,0.25,0.25,0.25
congestion,classical_classification_v1,,3,90,validation,origin_hour,1,1150,,True,,,,,,,,,,,,congestion,1,,,,,,,0.960205871475,0.146258508075,0.25,0.25,0.25
congestion,classical_classification_v1,,3,90,validation,origin_hour,2,1150,,True,,,,,,,,,,,,congestion,1,,,,,,,0.960212320443,0.146241576954,0.25,0.25,0.25
congestion,classical_classification_v1,,3,90,validation,origin_hour,3,1150,,True,,,,,,,,,,,,congestion,1,,,,,,,0.960213135378,0.146239534945,0.25,0.25,0.25
congestion,classical_classification_v1,,3,90,validation,origin_hour,4,1150,,True,,,,,,,,,,,,congestion,0.9982608696,,,,,,,0.959001412757,0.149415335429,0.2495652174,0.25,0.2497824195
congestion,classical_classification_v1,,3,90,validation,origin_hour,5,1150,,True,,,,,,,,,,,,congestion,0.8452173913,,,,,,,0.832416839695,0.343069216518,0.424496337,0.4281755347,0.4253662575
congestion,classical_classification_v1,,3,90,validation,origin_hour,6,1150,,True,,,,,,,,,,,,congestion,0.6765217391,,,,,,,0.806499217953,0.451747110114,0.6826770985,0.6863653505,0.6703690371
congestion,classical_classification_v1,,3,90,validation,origin_hour,7,1100,,True,,,,,,,,,,,,congestion,0.6763636364,,,,,,,0.775593906694,0.451433861119,0.4594640075,0.4180648441,0.4227785158
congestion,classical_classification_v1,,3,90,validation,origin_hour,8,1100,,True,,,,,,,,,,,,congestion,0.6390909091,,,,,,,0.727847295953,0.531883626477,0.5830769231,0.4971934997,0.4944355034
congestion,classical_classification_v1,,3,90,validation,origin_hour,9,1100,,True,,,,,,,,,,,,congestion,0.8427272727,,,,,,,0.844043473523,0.353796815847,0.4258594823,0.4122626147,0.4161572705
congestion,classical_classification_v1,,3,90,validation,origin_hour,10,1100,,True,,,,,,,,,,,,congestion,0.7809090909,,,,,,,0.739765732871,0.406225338744,0.3768209881,0.402696441,0.380118046
congestion,classical_classification_v1,,3,90,validation,origin_hour,11,1100,,True,,,,,,,,,,,,congestion,0.8254545455,,,,,,,0.781204461897,0.368720214032,0.377680683,0.3995606397,0.3858185813
congestion,classical_classification_v1,,3,90,validation,origin_hour,12,1100,,True,,,,,,,,,,,,congestion,0.82,,,,,,,0.806890843606,0.352601895284,0.3778323937,0.4015586735,0.3860859596
congestion,classical_classification_v1,,3,90,validation,origin_hour,13,1100,,True,,,,,,,,,,,,congestion,0.7863636364,,,,,,,0.815591771365,0.354146991409,0.3959363056,0.4003024964,0.3927598592
congestion,classical_classification_v1,,3,90,validation,origin_hour,14,1100,,True,,,,,,,,,,,,congestion,0.8418181818,,,,,,,0.842604366612,0.345292979183,0.4224798168,0.407474554,0.4115080698
congestion,classical_classification_v1,,3,90,validation,origin_hour,15,1100,,True,,,,,,,,,,,,congestion,0.6645454545,,,,,,,0.806509830997,0.438959437203,0.551001317,0.521321553,0.5086933283
congestion,classical_classification_v1,,3,90,validation,origin_hour,16,1100,,True,,,,,,,,,,,,congestion,0.6154545455,,,,,,,0.623002055552,0.611487096983,0.4868392065,0.499301826,0.4640509039
congestion,classical_classification_v1,,3,90,validation,origin_hour,17,1150,,True,,,,,,,,,,,,congestion,0.6852173913,,,,,,,0.804089051146,0.458174683704,0.5918269231,0.5054703901,0.5114854843
congestion,classical_classification_v1,,3,90,validation,origin_hour,18,1150,,True,,,,,,,,,,,,congestion,0.7686956522,,,,,,,0.853258860802,0.351923473861,0.4250657895,0.3648256415,0.3673168686
congestion,classical_classification_v1,,3,90,validation,origin_hour,19,1150,,True,,,,,,,,,,,,congestion,0.9539130435,,,,,,,0.924144060906,0.207580361305,0.2384782609,0.25,0.2441032488
congestion,classical_classification_v1,,3,90,validation,origin_hour,20,1150,,True,,,,,,,,,,,,congestion,1,,,,,,,0.960147161256,0.146418092286,0.25,0.25,0.25
congestion,classical_classification_v1,,3,90,validation,origin_hour,21,1150,,True,,,,,,,,,,,,congestion,1,,,,,,,0.960162395194,0.146373978096,0.25,0.25,0.25
congestion,classical_classification_v1,,3,90,validation,origin_hour,22,1150,,True,,,,,,,,,,,,congestion,1,,,,,,,0.960163455329,0.146370261544,0.25,0.25,0.25
congestion,classical_classification_v1,,3,90,validation,origin_hour,23,1150,,True,,,,,,,,,,,,congestion,1,,,,,,,0.960163489853,0.146370104509,0.25,0.25,0.25
congestion,classical_classification_v1,,3,90,validation,weekday,Friday,3950,,True,,,,,,,,,,,,congestion,0.8318987342,,,,,,,0.847726764434,0.323141437394,0.7304637187,0.7693649472,0.7471446065
congestion,classical_classification_v1,,3,90,validation,weekday,Monday,3600,,True,,,,,,,,,,,,congestion,0.8030555556,,,,,,,0.841224079347,0.333014365181,0.7072975742,0.754041131,0.7267531146
congestion,classical_classification_v1,,3,90,validation,weekday,Saturday,3600,,True,,,,,,,,,,,,congestion,0.9119444444,,,,,,,0.899217392457,0.244231186292,0.5214498102,0.5359419334,0.5282909067
congestion,classical_classification_v1,,3,90,validation,weekday,Sunday,3600,,True,,,,,,,,,,,,congestion,0.9230555556,,,,,,,0.901056928874,0.24090384487,0.5412577754,0.5602471255,0.5500839073
congestion,classical_classification_v1,,3,90,validation,weekday,Thursday,4800,,True,,,,,,,,,,,,congestion,0.8245833333,,,,,,,0.842256672002,0.33226308775,0.7300068996,0.7719861515,0.7474413998
congestion,classical_classification_v1,,3,90,validation,weekday,Tuesday,3600,,True,,,,,,,,,,,,congestion,0.8197222222,,,,,,,0.842586243085,0.33163953219,0.7263780798,0.7611649624,0.7414851324
congestion,classical_classification_v1,,3,90,validation,weekday,Wednesday,3950,,True,,,,,,,,,,,,congestion,0.8650632911,,,,,,,0.859571555588,0.31084144253,0.7438262615,0.7913820446,0.7652006314
congestion,classical_classification_v1,,3,90,validation,weekday_type,weekday,19900,,True,,,,,,,,,,,,congestion,0.8292964824,,,,,,,0.846652138213,0.326223579268,0.726845317,0.7693213452,0.7451130295
congestion,classical_classification_v1,,3,90,validation,weekday_type,weekend,7200,,True,,,,,,,,,,,,congestion,0.9175,,,,,,,0.900137160666,0.242567515581,0.5316782087,0.5483802277,0.5395015
congestion,classical_classification_v1,,3,90,validation,peak_status,evening_peak,3450,,True,,,,,,,,,,,,congestion,0.8026086957,,,,,,,0.860497324285,0.339226172957,0.5796198752,0.6355460492,0.5982853069
congestion,classical_classification_v1,,3,90,validation,peak_status,morning_peak,3300,,True,,,,,,,,,,,,congestion,0.7193939394,,,,,,,0.782494892057,0.445704767814,0.7374630528,0.72441761,0.7219952592
congestion,classical_classification_v1,,3,90,validation,peak_status,off_peak,20350,,True,,,,,,,,,,,,congestion,0.8828501229,,,,,,,0.873632245438,0.275045666296,0.7061772157,0.76941384,0.7307923266
congestion,classical_classification_v1,,3,90,validation,weather_condition,Clear,20308,,True,,,,,,,,,,,,congestion,0.8567067166,,,,,,,0.862825327327,0.300768407434,0.7346880504,0.7805299871,0.7552205276
congestion,classical_classification_v1,,3,90,validation,weather_condition,Cloudy,5016,,True,,,,,,,,,,,,congestion,0.8442982456,,,,,,,0.852331792417,0.317186450063,0.7225299442,0.7654825463,0.7408925274
congestion,classical_classification_v1,,3,90,validation,weather_condition,Fog,176,,True,,,,,,,,,,,,congestion,0.7784090909,,,,,,,0.807614626801,0.392228231504,0.6297322624,0.6479978355,0.6261622807
congestion,classical_classification_v1,,3,90,validation,weather_condition,Overcast,856,,True,,,,,,,,,,,,congestion,0.8691588785,,,,,,,0.866995808671,0.291041265556,0.7199486256,0.7296813144,0.7021573845
congestion,classical_classification_v1,,3,90,validation,weather_condition,Rain,744,,True,,,,,,,,,,,,congestion,0.7997311828,,,,,,,0.870327288423,0.297257790152,0.6464493662,0.7476437654,0.6814044773
congestion,classical_classification_v1,,3,90,validation,actual_congestion,Free-flow,16486,,True,,,,,,,,,,,,congestion,0.9213271867,,,,,,,0.914391710333,0.210517669583,0.25,0.2303317967,0.2397632202
congestion,classical_classification_v1,,3,90,validation,actual_congestion,Heavy,2587,,True,,,,,,,,,,,,congestion,0.6695013529,,,,,,,0.723233977318,0.542210201171,0.25,0.1673753382,0.2005093772
congestion,classical_classification_v1,,3,90,validation,actual_congestion,Moderate,6594,,True,,,,,,,,,,,,congestion,0.779799818,,,,,,,0.80690345469,0.396154153758,0.25,0.1949499545,0.2190695297
congestion,classical_classification_v1,,3,90,validation,actual_congestion,Severe,1433,,True,,,,,,,,,,,,congestion,0.7299371947,,,,,,,0.741783455083,0.525333397468,0.25,0.1824842987,0.2109721662
congestion,classical_classification_v1,,4,120,test,overall,all,27075,,True,,,,,,,,,,,,congestion,0.8537026777,,,,,,,0.866080749618,0.30409197201,0.7266526662,0.7750740222,0.7467869858
congestion,classical_classification_v1,,4,120,test,road_id,NL-001,1083,,True,,,,,,,,,,,,congestion,0.8698060942,,,,,,,0.87170665777,0.296128167801,0.7580664848,0.8116598809,0.7798576767
congestion,classical_classification_v1,,4,120,test,road_id,NL-002,1083,,True,,,,,,,,,,,,congestion,0.8310249307,,,,,,,0.855813153519,0.314274122269,0.7028655058,0.7539061587,0.7224547384
congestion,classical_classification_v1,,4,120,test,road_id,NL-003,1083,,True,,,,,,,,,,,,congestion,0.8559556787,,,,,,,0.857716318172,0.310543869565,0.7680446845,0.8042075521,0.7831908787
congestion,classical_classification_v1,,4,120,test,road_id,NL-004,1083,,True,,,,,,,,,,,,congestion,0.8578024007,,,,,,,0.858545773372,0.314878891674,0.7550467964,0.7677621929,0.7607887875
congestion,classical_classification_v1,,4,120,test,road_id,NL-005,1083,,True,,,,,,,,,,,,congestion,0.8568790397,,,,,,,0.863579653478,0.310851981038,0.7587253776,0.7851792977,0.7701755769
congestion,classical_classification_v1,,4,120,test,road_id,NL-006,1083,,True,,,,,,,,,,,,congestion,0.8467220683,,,,,,,0.857627306433,0.317113307136,0.7316040346,0.7514023962,0.7399351295
congestion,classical_classification_v1,,4,120,test,road_id,NL-007,1083,,True,,,,,,,,,,,,congestion,0.8698060942,,,,,,,0.873196459452,0.295102915385,0.7309445805,0.7873345855,0.7553779645
congestion,classical_classification_v1,,4,120,test,road_id,NL-008,1083,,True,,,,,,,,,,,,congestion,0.8541089566,,,,,,,0.867009464536,0.30041885176,0.7092452443,0.7898146584,0.7420470241
congestion,classical_classification_v1,,4,120,test,road_id,NL-009,1083,,True,,,,,,,,,,,,congestion,0.8402585411,,,,,,,0.85599777354,0.314806591203,0.7332135178,0.7418982259,0.736403781
congestion,classical_classification_v1,,4,120,test,road_id,NL-010,1083,,True,,,,,,,,,,,,congestion,0.8679593721,,,,,,,0.866683788791,0.301077843466,0.7412471014,0.8031880569,0.7674731596
congestion,classical_classification_v1,,4,120,test,road_id,NL-011,1083,,True,,,,,,,,,,,,congestion,0.8679593721,,,,,,,0.879053112598,0.289065411837,0.6981189,0.7652247211,0.7238232062
congestion,classical_classification_v1,,4,120,test,road_id,NL-012,1083,,True,,,,,,,,,,,,congestion,0.8559556787,,,,,,,0.86506273238,0.310352844686,0.7509128454,0.7750101626,0.7593001793
congestion,classical_classification_v1,,4,120,test,road_id,NL-013,1083,,True,,,,,,,,,,,,congestion,0.8707294552,,,,,,,0.867182950824,0.308530702061,0.7775429094,0.7877785892,0.7818440728
congestion,classical_classification_v1,,4,120,test,road_id,NL-014,1083,,True,,,,,,,,,,,,congestion,0.865189289,,,,,,,0.878281392805,0.292579012683,0.7126598296,0.7987179982,0.7459346709
congestion,classical_classification_v1,,4,120,test,road_id,NL-015,1083,,True,,,,,,,,,,,,congestion,0.8347183749,,,,,,,0.861617586697,0.311807287757,0.6893919109,0.7247849444,0.6993548381
congestion,classical_classification_v1,,4,120,test,road_id,NL-016,1083,,True,,,,,,,,,,,,congestion,0.8254847645,,,,,,,0.858840658531,0.30912524632,0.6902806644,0.7483056751,0.7117861098
congestion,classical_classification_v1,,4,120,test,road_id,NL-017,1083,,True,,,,,,,,,,,,congestion,0.864265928,,,,,,,0.872754349757,0.295396439994,0.7078302117,0.7895599316,0.7361986557
congestion,classical_classification_v1,,4,120,test,road_id,NL-018,1083,,True,,,,,,,,,,,,congestion,0.8402585411,,,,,,,0.854890458445,0.313090175573,0.7226512216,0.7829165638,0.7449835403
congestion,classical_classification_v1,,4,120,test,road_id,NL-019,1083,,True,,,,,,,,,,,,congestion,0.8411819021,,,,,,,0.858215536654,0.315241829892,0.726515523,0.7542434428,0.7386709589
congestion,classical_classification_v1,,4,120,test,road_id,NL-020,1083,,True,,,,,,,,,,,,congestion,0.8633425669,,,,,,,0.870776464582,0.298124749115,0.727589971,0.7896890269,0.753531984
congestion,classical_classification_v1,,4,120,test,road_id,NL-021,1083,,True,,,,,,,,,,,,congestion,0.8504155125,,,,,,,0.867961842992,0.30041395161,0.7200738703,0.7826594329,0.7415870943
congestion,classical_classification_v1,,4,120,test,road_id,NL-022,1083,,True,,,,,,,,,,,,congestion,0.8688827331,,,,,,,0.877069941296,0.290971762358,0.7203993172,0.7977708808,0.7520403607
congestion,classical_classification_v1,,4,120,test,road_id,NL-023,1083,,True,,,,,,,,,,,,congestion,0.838411819,,,,,,,0.860849444656,0.306770055719,0.7015802211,0.7645287653,0.7254405276
congestion,classical_classification_v1,,4,120,test,road_id,NL-024,1083,,True,,,,,,,,,,,,congestion,0.8513388735,,,,,,,0.875258601276,0.293783739473,0.7153653535,0.783948673,0.7420655126
congestion,classical_classification_v1,,4,120,test,road_id,NL-025,1083,,True,,,,,,,,,,,,congestion,0.8541089566,,,,,,,0.876327317897,0.291849549876,0.6785438035,0.7662297427,0.7074899164
congestion,classical_classification_v1,,4,120,test,origin_hour,0,1100,,True,,,,,,,,,,,,congestion,1,,,,,,,0.952703706453,0.16866847548,0.25,0.25,0.25
congestion,classical_classification_v1,,4,120,test,origin_hour,1,1100,,True,,,,,,,,,,,,congestion,1,,,,,,,0.952668965119,0.168751820852,0.25,0.25,0.25
congestion,classical_classification_v1,,4,120,test,origin_hour,2,1100,,True,,,,,,,,,,,,congestion,1,,,,,,,0.952656617269,0.168775656802,0.25,0.25,0.25
congestion,classical_classification_v1,,4,120,test,origin_hour,3,1100,,True,,,,,,,,,,,,congestion,0.9990909091,,,,,,,0.952526942693,0.169080965935,0.2497727273,0.25,0.249886312
congestion,classical_classification_v1,,4,120,test,origin_hour,4,1100,,True,,,,,,,,,,,,congestion,0.9218181818,,,,,,,0.893218137136,0.25191612332,0.4221592061,0.4161471385,0.4190836941
congestion,classical_classification_v1,,4,120,test,origin_hour,5,1100,,True,,,,,,,,,,,,congestion,0.7827272727,,,,,,,0.878097304962,0.314072279561,0.7947693476,0.7345365824,0.7469436242
congestion,classical_classification_v1,,4,120,test,origin_hour,6,1100,,True,,,,,,,,,,,,congestion,0.6636363636,,,,,,,0.783401037379,0.464600936416,0.6683492063,0.6943464226,0.6545361885
congestion,classical_classification_v1,,4,120,test,origin_hour,7,1100,,True,,,,,,,,,,,,congestion,0.6727272727,,,,,,,0.803171689181,0.4419994526,0.770258163,0.7227715412,0.7324014302
congestion,classical_classification_v1,,4,120,test,origin_hour,8,1125,,True,,,,,,,,,,,,congestion,0.7342222222,,,,,,,0.792778533423,0.408754799259,0.6408097166,0.6591887998,0.6385946461
congestion,classical_classification_v1,,4,120,test,origin_hour,9,1150,,True,,,,,,,,,,,,congestion,0.792173913,,,,,,,0.810118191742,0.366140241516,0.5098520022,0.5025844978,0.5022562854
congestion,classical_classification_v1,,4,120,test,origin_hour,10,1150,,True,,,,,,,,,,,,congestion,0.8260869565,,,,,,,0.777270614658,0.386450011642,0.386020981,0.3958184112,0.3904748771
congestion,classical_classification_v1,,4,120,test,origin_hour,11,1150,,True,,,,,,,,,,,,congestion,0.8434782609,,,,,,,0.808454456189,0.353956529906,0.3962844736,0.412205866,0.4028479343
congestion,classical_classification_v1,,4,120,test,origin_hour,12,1150,,True,,,,,,,,,,,,congestion,0.8356521739,,,,,,,0.820472548581,0.352910348841,0.4044974321,0.4177149682,0.4095227221
congestion,classical_classification_v1,,4,120,test,origin_hour,13,1150,,True,,,,,,,,,,,,congestion,0.8365217391,,,,,,,0.859713454388,0.305472906215,0.8397168796,0.8197769577,0.8245861695
congestion,classical_classification_v1,,4,120,test,origin_hour,14,1150,,True,,,,,,,,,,,,congestion,0.7147826087,,,,,,,0.804539050886,0.406721275498,0.7272159672,0.6960861458,0.6964795017
congestion,classical_classification_v1,,4,120,test,origin_hour,15,1150,,True,,,,,,,,,,,,congestion,0.6530434783,,,,,,,0.757553436203,0.496770710406,0.7397244409,0.7336640562,0.7267230862
congestion,classical_classification_v1,,4,120,test,origin_hour,16,1150,,True,,,,,,,,,,,,congestion,0.6747826087,,,,,,,0.715729649767,0.548774511215,0.7627765017,0.752163829,0.7521364899
congestion,classical_classification_v1,,4,120,test,origin_hour,17,1150,,True,,,,,,,,,,,,congestion,0.7226086957,,,,,,,0.846159966137,0.370289952867,0.6997623824,0.5841470762,0.5936367549
congestion,classical_classification_v1,,4,120,test,origin_hour,18,1150,,True,,,,,,,,,,,,congestion,0.84,,,,,,,0.88019891948,0.284866746138,0.437180753,0.5052509294,0.4564361418
congestion,classical_classification_v1,,4,120,test,origin_hour,19,1150,,True,,,,,,,,,,,,congestion,0.9947826087,,,,,,,0.949897600215,0.173059708537,0.2486956522,0.25,0.2493461203
congestion,classical_classification_v1,,4,120,test,origin_hour,20,1150,,True,,,,,,,,,,,,congestion,1,,,,,,,0.952692101804,0.168699116552,0.25,0.25,0.25
congestion,classical_classification_v1,,4,120,test,origin_hour,21,1150,,True,,,,,,,,,,,,congestion,1,,,,,,,0.952761676728,0.168525326182,0.25,0.25,0.25
congestion,classical_classification_v1,,4,120,test,origin_hour,22,1100,,True,,,,,,,,,,,,congestion,1,,,,,,,0.952761676728,0.168525326182,0.25,0.25,0.25
congestion,classical_classification_v1,,4,120,test,origin_hour,23,1100,,True,,,,,,,,,,,,congestion,1,,,,,,,0.952761676728,0.168525326182,0.25,0.25,0.25
congestion,classical_classification_v1,,4,120,test,weekday,Friday,4375,,True,,,,,,,,,,,,congestion,0.8201142857,,,,,,,0.845162060348,0.335206551765,0.7177052136,0.766076416,0.7366108152
congestion,classical_classification_v1,,4,120,test,weekday,Monday,3600,,True,,,,,,,,,,,,congestion,0.8219444444,,,,,,,0.849191906549,0.331287216183,0.7200081562,0.7663811478,0.7375742754
congestion,classical_classification_v1,,4,120,test,weekday,Saturday,4700,,True,,,,,,,,,,,,congestion,0.9112765957,,,,,,,0.89490438575,0.255788954449,0.5236514319,0.5374350882,0.5301686302
congestion,classical_classification_v1,,4,120,test,weekday,Sunday,3600,,True,,,,,,,,,,,,congestion,0.9361111111,,,,,,,0.914598635216,0.22780366574,0.5274753408,0.5554264575,0.5402073367
congestion,classical_classification_v1,,4,120,test,weekday,Thursday,3600,,True,,,,,,,,,,,,congestion,0.8366666667,,,,,,,0.855763153742,0.325795234659,0.7667835449,0.7870052632,0.775533157
congestion,classical_classification_v1,,4,120,test,weekday,Tuesday,3600,,True,,,,,,,,,,,,congestion,0.8230555556,,,,,,,0.849331779162,0.330672470325,0.7184144818,0.7593378946,0.7345155011
congestion,classical_classification_v1,,4,120,test,weekday,Wednesday,3600,,True,,,,,,,,,,,,congestion,0.8163888889,,,,,,,0.849309433347,0.33015068873,0.704635462,0.7583772339,0.7226323811
congestion,classical_classification_v1,,4,120,test,weekday_type,weekday,18775,,True,,,,,,,,,,,,congestion,0.8234886818,,,,,,,0.849562215505,0.330811656969,0.7282902755,0.7690632362,0.744346551
congestion,classical_classification_v1,,4,120,test,weekday_type,weekend,8300,,True,,,,,,,,,,,,congestion,0.9220481928,,,,,,,0.903446469856,0.243650756936,0.5253242678,0.5437170513,0.5339657733
congestion,classical_classification_v1,,4,120,test,peak_status,evening_peak,3450,,True,,,,,,,,,,,,congestion,0.8524637681,,,,,,,0.892085495278,0.276072135847,0.6902678436,0.7323174252,0.7043431436
congestion,classical_classification_v1,,4,120,test,peak_status,morning_peak,3375,,True,,,,,,,,,,,,congestion,0.7339259259,,,,,,,0.802074260357,0.40506957771,0.7119917316,0.7298761987,0.7155931894
congestion,classical_classification_v1,,4,120,test,peak_status,off_peak,20250,,True,,,,,,,,,,,,congestion,0.8738765432,,,,,,,0.872318059679,0.292036120925,0.730696201,0.7711850231,0.7453554879
congestion,classical_classification_v1,,4,120,test,weather_condition,Clear,20363,,True,,,,,,,,,,,,congestion,0.8586652261,,,,,,,0.866713620535,0.301907657769,0.7256559871,0.7742045074,0.7463507757
congestion,classical_classification_v1,,4,120,test,weather_condition,Cloudy,4408,,True,,,,,,,,,,,,congestion,0.8434664247,,,,,,,0.863368828424,0.312394398369,0.7456055019,0.7818905443,0.7601209322
congestion,classical_classification_v1,,4,120,test,weather_condition,Fog,166,,True,,,,,,,,,,,,congestion,0.656626506,,,,,,,0.814745952954,0.401537443125,0.6287644435,0.6886752137,0.6437898357
congestion,classical_classification_v1,,4,120,test,weather_condition,Overcast,970,,True,,,,,,,,,,,,congestion,0.8680412371,,,,,,,0.866835540121,0.304188727388,0.7755784969,0.8308907712,0.7993236754
congestion,classical_classification_v1,,4,120,test,weather_condition,Rain,1168,,True,,,,,,,,,,,,congestion,0.8219178082,,,,,,,0.871950978736,0.296910717366,0.5834037832,0.6836259414,0.5980119172
congestion,classical_classification_v1,,4,120,test,actual_congestion,Free-flow,16317,,True,,,,,,,,,,,,congestion,0.9312986456,,,,,,,0.914967772735,0.219979681865,0.25,0.2328246614,0.2411068448
congestion,classical_classification_v1,,4,120,test,actual_congestion,Heavy,2643,,True,,,,,,,,,,,,congestion,0.5925085131,,,,,,,0.745515567119,0.522180239029,0.25,0.1481271283,0.1860299359
congestion,classical_classification_v1,,4,120,test,actual_congestion,Moderate,6552,,True,,,,,,,,,,,,congestion,0.7793040293,,,,,,,0.815298802761,0.38125073902,0.25,0.1948260073,0.2189912506
congestion,classical_classification_v1,,4,120,test,actual_congestion,Severe,1563,,True,,,,,,,,,,,,congestion,0.7971849008,,,,,,,0.772470728478,0.489958067416,0.25,0.1992962252,0.2217871129
congestion,classical_classification_v1,,4,120,validation,overall,all,27075,,True,,,,,,,,,,,,congestion,0.8446168052,,,,,,,0.862158773658,0.309325691685,0.7091488937,0.7683609462,0.7337437301
congestion,classical_classification_v1,,4,120,validation,road_id,NL-001,1083,,True,,,,,,,,,,,,congestion,0.8421052632,,,,,,,0.869118810125,0.300941073424,0.6877662918,0.7567262371,0.7133158466
congestion,classical_classification_v1,,4,120,validation,road_id,NL-002,1083,,True,,,,,,,,,,,,congestion,0.8356417359,,,,,,,0.854698722508,0.317067570533,0.7166997133,0.7773719588,0.7423143549
congestion,classical_classification_v1,,4,120,validation,road_id,NL-003,1083,,True,,,,,,,,,,,,congestion,0.8236380425,,,,,,,0.855146062352,0.314390362265,0.7090802882,0.740008133,0.723089765
congestion,classical_classification_v1,,4,120,validation,road_id,NL-004,1083,,True,,,,,,,,,,,,congestion,0.8430286242,,,,,,,0.856239989069,0.318367804741,0.7123495459,0.7403013776,0.7239184486
congestion,classical_classification_v1,,4,120,validation,road_id,NL-005,1083,,True,,,,,,,,,,,,congestion,0.8596491228,,,,,,,0.862353567341,0.314232989427,0.7694820078,0.7910931884,0.7795775853
congestion,classical_classification_v1,,4,120,validation,road_id,NL-006,1083,,True,,,,,,,,,,,,congestion,0.8310249307,,,,,,,0.857099545793,0.319914342773,0.7058379373,0.7341355526,0.7183206153
congestion,classical_classification_v1,,4,120,validation,road_id,NL-007,1083,,True,,,,,,,,,,,,congestion,0.8541089566,,,,,,,0.868469031188,0.300990838777,0.7056043544,0.7672186409,0.730761718
congestion,classical_classification_v1,,4,120,validation,road_id,NL-008,1083,,True,,,,,,,,,,,,congestion,0.8605724838,,,,,,,0.859849910743,0.308206863361,0.7242584365,0.8019762275,0.7569981908
congestion,classical_classification_v1,,4,120,validation,road_id,NL-009,1083,,True,,,,,,,,,,,,congestion,0.8393351801,,,,,,,0.857591859873,0.314426103733,0.7280208247,0.7622407333,0.7427261766
congestion,classical_classification_v1,,4,120,validation,road_id,NL-010,1083,,True,,,,,,,,,,,,congestion,0.8319482918,,,,,,,0.860643556448,0.307752377809,0.6672940969,0.7678027959,0.7016801769
congestion,classical_classification_v1,,4,120,validation,road_id,NL-011,1083,,True,,,,,,,,,,,,congestion,0.8578024007,,,,,,,0.871385834607,0.298252224921,0.69827654,0.7794630885,0.7306017799
congestion,classical_classification_v1,,4,120,validation,road_id,NL-012,1083,,True,,,,,,,,,,,,congestion,0.8670360111,,,,,,,0.862352894428,0.314734796558,0.7608739014,0.8089248346,0.781652535
congestion,classical_classification_v1,,4,120,validation,road_id,NL-013,1083,,True,,,,,,,,,,,,congestion,0.8439519852,,,,,,,0.861488904919,0.314457707798,0.7207425977,0.7556031828,0.7362179647
congestion,classical_classification_v1,,4,120,validation,road_id,NL-014,1083,,True,,,,,,,,,,,,congestion,0.8531855956,,,,,,,0.873586959737,0.29873825699,0.67505623,0.7510803012,0.7024082683
congestion,classical_classification_v1,,4,120,validation,road_id,NL-015,1083,,True,,,,,,,,,,,,congestion,0.8467220683,,,,,,,0.861845371918,0.313927352511,0.7231844642,0.7516926338,0.7357292151
congestion,classical_classification_v1,,4,120,validation,road_id,NL-016,1083,,True,,,,,,,,,,,,congestion,0.8264081256,,,,,,,0.854833343919,0.314862538885,0.689345804,0.7663644928,0.7184307037
congestion,classical_classification_v1,,4,120,validation,road_id,NL-017,1083,,True,,,,,,,,,,,,congestion,0.8393351801,,,,,,,0.865285878478,0.302530973587,0.6832542467,0.7643836523,0.7167170945
congestion,classical_classification_v1,,4,120,validation,road_id,NL-018,1083,,True,,,,,,,,,,,,congestion,0.8328716528,,,,,,,0.849147715031,0.319555405209,0.7102592175,0.7739649847,0.736573247
congestion,classical_classification_v1,,4,120,validation,road_id,NL-019,1083,,True,,,,,,,,,,,,congestion,0.837488458,,,,,,,0.853359544739,0.321382753968,0.7222654605,0.7570091565,0.7371656424
congestion,classical_classification_v1,,4,120,validation,road_id,NL-020,1083,,True,,,,,,,,,,,,congestion,0.8605724838,,,,,,,0.863165310334,0.306568845078,0.7087135943,0.8065723882,0.7469234568
congestion,classical_classification_v1,,4,120,validation,road_id,NL-021,1083,,True,,,,,,,,,,,,congestion,0.8467220683,,,,,,,0.864901518579,0.304670130595,0.7215601345,0.7882765001,0.7461754677
congestion,classical_classification_v1,,4,120,validation,road_id,NL-022,1083,,True,,,,,,,,,,,,congestion,0.8485687904,,,,,,,0.872091355306,0.29706092076,0.6715829899,0.7678441136,0.7077079309
congestion,classical_classification_v1,,4,120,validation,road_id,NL-023,1083,,True,,,,,,,,,,,,congestion,0.8393351801,,,,,,,0.857884464282,0.312312813888,0.7155701267,0.7892071621,0.7454966504
congestion,classical_classification_v1,,4,120,validation,road_id,NL-024,1083,,True,,,,,,,,,,,,congestion,0.8439519852,,,,,,,0.868572250381,0.301116595132,0.6752937411,0.7620459717,0.7017762689
congestion,classical_classification_v1,,4,120,validation,road_id,NL-025,1083,,True,,,,,,,,,,,,congestion,0.8504155125,,,,,,,0.872856939349,0.296680649399,0.6759138941,0.7685150512,0.7116594593
congestion,classical_classification_v1,,4,120,validation,origin_hour,0,1150,,True,,,,,,,,,,,,congestion,1,,,,,,,0.952742852651,0.168572335008,0.25,0.25,0.25
congestion,classical_classification_v1,,4,120,validation,origin_hour,1,1150,,True,,,,,,,,,,,,congestion,1,,,,,,,0.952753784307,0.168545124859,0.25,0.25,0.25
congestion,classical_classification_v1,,4,120,validation,origin_hour,2,1150,,True,,,,,,,,,,,,congestion,1,,,,,,,0.952733301981,0.168596205282,0.25,0.25,0.25
congestion,classical_classification_v1,,4,120,validation,origin_hour,3,1150,,True,,,,,,,,,,,,congestion,1,,,,,,,0.952695868578,0.168688548193,0.25,0.25,0.25
congestion,classical_classification_v1,,4,120,validation,origin_hour,4,1150,,True,,,,,,,,,,,,congestion,0.9260869565,,,,,,,0.901105660995,0.242604448874,0.4226445757,0.4160074566,0.4192270254
congestion,classical_classification_v1,,4,120,validation,origin_hour,5,1150,,True,,,,,,,,,,,,congestion,0.7713043478,,,,,,,0.865540829098,0.324948470412,0.5787814189,0.5709713154,0.5576305218
congestion,classical_classification_v1,,4,120,validation,origin_hour,6,1125,,True,,,,,,,,,,,,congestion,0.6622222222,,,,,,,0.753435282589,0.507498552024,0.4430580927,0.4434118684,0.4202805387
congestion,classical_classification_v1,,4,120,validation,origin_hour,7,1100,,True,,,,,,,,,,,,congestion,0.6427272727,,,,,,,0.789505377647,0.46961458725,0.5259713284,0.4791253874,0.4851749918
congestion,classical_classification_v1,,4,120,validation,origin_hour,8,1100,,True,,,,,,,,,,,,congestion,0.7190909091,,,,,,,0.777753075345,0.428986136447,0.4997339727,0.5132733127,0.4827545795
congestion,classical_classification_v1,,4,120,validation,origin_hour,9,1100,,True,,,,,,,,,,,,congestion,0.7427272727,,,,,,,0.79380813797,0.384069178181,0.3874920562,0.3828908524,0.376673514
congestion,classical_classification_v1,,4,120,validation,origin_hour,10,1100,,True,,,,,,,,,,,,congestion,0.84,,,,,,,0.772456218038,0.390370785295,0.3884303611,0.4009223254,0.3938461471
congestion,classical_classification_v1,,4,120,validation,origin_hour,11,1100,,True,,,,,,,,,,,,congestion,0.8445454545,,,,,,,0.807106169941,0.355833702336,0.3926449237,0.414224617,0.400883042
congestion,classical_classification_v1,,4,120,validation,origin_hour,12,1100,,True,,,,,,,,,,,,congestion,0.7945454545,,,,,,,0.818878055881,0.35315750026,0.3766836682,0.3890323151,0.3812553497
congestion,classical_classification_v1,,4,120,validation,origin_hour,13,1100,,True,,,,,,,,,,,,congestion,0.8154545455,,,,,,,0.865808663467,0.297135535338,0.4196902179,0.4027604661,0.4042530683
congestion,classical_classification_v1,,4,120,validation,origin_hour,14,1100,,True,,,,,,,,,,,,congestion,0.7018181818,,,,,,,0.790729120712,0.420950948764,0.5201632851,0.4839096917,0.47171316
congestion,classical_classification_v1,,4,120,validation,origin_hour,15,1100,,True,,,,,,,,,,,,congestion,0.6072727273,,,,,,,0.735064634046,0.531538242037,0.4652979055,0.4844080216,0.4598923851
congestion,classical_classification_v1,,4,120,validation,origin_hour,16,1100,,True,,,,,,,,,,,,congestion,0.6227272727,,,,,,,0.687036885559,0.59020161417,0.4791038137,0.4808274187,0.4760995601
congestion,classical_classification_v1,,4,120,validation,origin_hour,17,1150,,True,,,,,,,,,,,,congestion,0.7043478261,,,,,,,0.840084289182,0.379281781349,0.5723293275,0.441217511,0.4210869319
congestion,classical_classification_v1,,4,120,validation,origin_hour,18,1150,,True,,,,,,,,,,,,congestion,0.8243478261,,,,,,,0.883667890294,0.280804573363,0.3924760266,0.4135598673,0.3992361575
congestion,classical_classification_v1,,4,120,validation,origin_hour,19,1150,,True,,,,,,,,,,,,congestion,0.9991304348,,,,,,,0.95150793108,0.171503923539,0.2497826087,0.25,0.2498912571
congestion,classical_classification_v1,,4,120,validation,origin_hour,20,1150,,True,,,,,,,,,,,,congestion,1,,,,,,,0.952685284614,0.168716156883,0.25,0.25,0.25
congestion,classical_classification_v1,,4,120,validation,origin_hour,21,1150,,True,,,,,,,,,,,,congestion,1,,,,,,,0.952761676728,0.168525326182,0.25,0.25,0.25
congestion,classical_classification_v1,,4,120,validation,origin_hour,22,1150,,True,,,,,,,,,,,,congestion,1,,,,,,,0.952761676728,0.168525326182,0.25,0.25,0.25
congestion,classical_classification_v1,,4,120,validation,origin_hour,23,1150,,True,,,,,,,,,,,,congestion,1,,,,,,,0.952761676728,0.168525326182,0.25,0.25,0.25
congestion,classical_classification_v1,,4,120,validation,weekday,Friday,3925,,True,,,,,,,,,,,,congestion,0.8333757962,,,,,,,0.854949460222,0.322440376027,0.7287060639,0.7686417155,0.7447860128
congestion,classical_classification_v1,,4,120,validation,weekday,Monday,3600,,True,,,,,,,,,,,,congestion,0.8075,,,,,,,0.849561328784,0.329564221704,0.70452436,0.7565453739,0.7248515923
congestion,classical_classification_v1,,4,120,validation,weekday,Saturday,3600,,True,,,,,,,,,,,,congestion,0.9061111111,,,,,,,0.898545490872,0.251128594874,0.5081675047,0.5290505336,0.5174689558
congestion,classical_classification_v1,,4,120,validation,weekday,Sunday,3600,,True,,,,,,,,,,,,congestion,0.915,,,,,,,0.899991335289,0.248041203418,0.5245202746,0.5502752662,0.5359154438
congestion,classical_classification_v1,,4,120,validation,weekday,Thursday,4800,,True,,,,,,,,,,,,congestion,0.8302083333,,,,,,,0.849556705863,0.330344797294,0.7322115039,0.7744734685,0.749338291
congestion,classical_classification_v1,,4,120,validation,weekday,Tuesday,3600,,True,,,,,,,,,,,,congestion,0.8197222222,,,,,,,0.850441550436,0.329610911254,0.7213948122,0.7586095663,0.7368389109
congestion,classical_classification_v1,,4,120,validation,weekday,Wednesday,3950,,True,,,,,,,,,,,,congestion,0.8096202532,,,,,,,0.839153680483,0.342713378976,0.6557775302,0.7544002337,0.6884559907
congestion,classical_classification_v1,,4,120,validation,weekday_type,weekday,19875,,True,,,,,,,,,,,,congestion,0.8207295597,,,,,,,0.848715281641,0.330967639171,0.7099109051,0.7622731606,0.7308652801
congestion,classical_classification_v1,,4,120,validation,weekday_type,weekend,7200,,True,,,,,,,,,,,,congestion,0.9105555556,,,,,,,0.89926841308,0.249584899146,0.5165620587,0.5399035728,0.5269233616
congestion,classical_classification_v1,,4,120,validation,peak_status,evening_peak,3450,,True,,,,,,,,,,,,congestion,0.8426086957,,,,,,,0.891753370186,0.277196759417,0.563022122,0.6285440463,0.5863529201
congestion,classical_classification_v1,,4,120,validation,peak_status,morning_peak,3300,,True,,,,,,,,,,,,congestion,0.7015151515,,,,,,,0.787022196987,0.42755663396,0.6966827139,0.6988069288,0.685218244
congestion,classical_classification_v1,,4,120,validation,peak_status,off_peak,20325,,True,,,,,,,,,,,,congestion,0.8681918819,,,,,,,0.86933463319,0.295583143435,0.7115516736,0.7654682338,0.7321421293
congestion,classical_classification_v1,,4,120,validation,weather_condition,Clear,20291,,True,,,,,,,,,,,,congestion,0.8498349022,,,,,,,0.86381089285,0.306354080873,0.7193797167,0.7763743106,0.7436034107
congestion,classical_classification_v1,,4,120,validation,weather_condition,Cloudy,5008,,True,,,,,,,,,,,,congestion,0.8272763578,,,,,,,0.853234139058,0.323241811693,0.68892462,0.7423253168,0.7099558997
congestion,classical_classification_v1,,4,120,validation,weather_condition,Fog,176,,True,,,,,,,,,,,,congestion,0.7102272727,,,,,,,0.770292104628,0.451835731712,0.6448338495,0.7707982262,0.6688246865
congestion,classical_classification_v1,,4,120,validation,weather_condition,Overcast,856,,True,,,,,,,,,,,,congestion,0.886682243,,,,,,,0.883951989921,0.275492961599,0.7089981931,0.7678861925,0.7343177191
congestion,classical_classification_v1,,4,120,validation,weather_condition,Rain,744,,True,,,,,,,,,,,,congestion,0.8024193548,,,,,,,0.873832107238,0.301911815192,0.6293387953,0.713732695,0.6488078996
congestion,classical_classification_v1,,4,120,validation,actual_congestion,Free-flow,16486,,True,,,,,,,,,,,,congestion,0.9159893243,,,,,,,0.910143111869,0.226564526189,0.25,0.2289973311,0.2390382119
congestion,classical_classification_v1,,4,120,validation,actual_congestion,Heavy,2566,,True,,,,,,,,,,,,congestion,0.6075604053,,,,,,,0.74486623157,0.523316601049,0.25,0.1518901013,0.188969697
congestion,classical_classification_v1,,4,120,validation,actual_congestion,Moderate,6594,,True,,,,,,,,,,,,congestion,0.7731270852,,,,,,,0.810773920597,0.388129470206,0.25,0.1932817713,0.2180123161
congestion,classical_classification_v1,,4,120,validation,actual_congestion,Severe,1429,,True,,,,,,,,,,,,congestion,0.7767669699,,,,,,,0.7563047389,0.516231069833,0.25,0.1941917425,0.2185899961
