iteration,loss,gradient_norm
0,278398.00559,2603.52474716
1,124391.624822,1390.68218009
2,67567.0038246,888.091212074
3,41692.2901514,614.455994224
4,28834.9406791,441.698256772
5,22071.2034976,327.657022097
6,18291.1169911,251.6490202
7,16024.1243873,200.707952078
8,14557.5956841,166.078328335
9,13538.0677636,141.874912249
10,12784.7612479,124.278130055
11,12201.2781739,110.905826249
12,11733.4016416,100.313920372
13,11348.6904059,91.6345480517
14,11026.4422407,84.3390482759
15,10752.6330979,78.0942543475
16,10517.2751338,72.6796297195
17,10312.9733779,67.9408037546
18,10134.0929503,63.7637749024
19,9976.24916943,60.0605003121
20,9835.97675747,56.7606645159
21,9710.50404606,53.8067900487
22,9597.59241677,51.151170404
23,9495.41854881,48.7538185515
24,9402.4860979,46.5810034251
25,9317.55836738,44.6041462453
26,9239.60636653,42.7989526947
27,9167.76837237,41.1447111679
28,9101.31821362,39.6237155843
29,9039.64023656,38.2207861873
30,8982.20943045,36.9228698623
31,8928.57556232,35.7187061604
32,8878.35044437,34.5985481028
33,8831.19766126,33.5539288087
34,8786.82423796,32.5774664671
35,8744.97384581,31.6627013504
36,8705.42123339,30.8039595559
37,8667.96763713,29.9962389974
38,8632.43697966,29.2351138913
39,8598.67270419,28.5166545929
40,8566.53512525,27.837360168
41,8535.89920056,27.1941015269
42,8506.65264809,26.5840733204
43,8478.69434741,26.0047531153
44,8451.93297648,25.4538666221
45,8426.28584405,24.9293579687
46,8401.67788578,24.4293641878
47,8378.04079756,23.9521932362
48,8355.31228472,23.4963049812
49,8333.4354092,23.0602946915
50,8312.35802021,22.6428786469
51,8292.03225595,22.2428815503
52,8272.41410643,21.8592254775
53,8253.4630287,21.4909201448
54,8235.14160734,21.1370543116
55,8217.41525414,20.7967881618
56,8200.25194178,20.4693465371
57,8183.62196714,20.154012909
58,8167.49774051,19.850123999
59,8151.85359735,19.5570649657
60,8136.66563004,19.2742650911
61,8121.91153699,19.0011939068
62,8107.57048719,18.7373577106
63,8093.62299843,18.4822964284
64,8080.05082746,18.2355807823
65,8066.83687092,17.9968097342
66,8053.96507569,17.7656081717
67,8041.42035775,17.5416248133
68,8029.18852852,17.3245303098
69,8017.256228,17.1140155192
70,8005.61086383,16.9097899412
71,7994.24055582,16.7115802915
72,7983.13408533,16.5191292048
73,7972.28084894,16.3321940521
74,7961.67081609,16.1505458616
75,7951.29449023,15.9739683332
76,7941.1428732,15.8022569378
77,7931.20743241,15.6352180922
78,7921.48007072,15.4726684046
79,7911.95309866,15.3144339816
80,7902.61920876,15.1603497922
81,7893.47145193,15.0102590843
82,7884.50321549,14.864012847
83,7875.70820294,14.7214693163
84,7867.08041514,14.5824935187
85,7858.61413291,14.4469568512
86,7850.30390078,14.3147366921
87,7842.14451193,14.1857160428
88,7834.13099421,14.0597831945
89,7826.25859701,13.9368314208
90,7818.5227791,13.8167586919
91,7810.91919726,13.6994674098
92,7803.44369562,13.5848641614
93,7796.09229572,13.4728594895
94,7788.86118721,13.3633676796
95,7781.74671911,13.2563065606
96,7774.74539163,13.1515973192
97,7767.85384852,13.0491643266
98,7761.06886981,12.9489349762
99,7754.38736509,12.8508395318
100,7747.80636708,12.7548109857
101,7741.32302568,12.6607849252
102,7734.93460227,12.5686994076
103,7728.63846443,12.4784948424
104,7722.4320809,12.3901138813
105,7716.31301681,12.3035013139
106,7710.27892924,12.2186039696
107,7704.32756297,12.1353706259
108,7698.4567465,12.0537519205
109,7692.66438824,11.9737002698
110,7686.94847292,11.8951697906
111,7681.30705823,11.8181162271
112,7675.73827161,11.7424968811
113,7670.24030714,11.6682705461
114,7664.81142272,11.595397445
115,7659.44993728,11.5238391709
116,7654.1542282,11.4535586308
117,7648.92272882,11.3845199925
118,7643.7539261,11.3166886336
119,7638.64635837,11.2500310934
120,7633.59861321,11.1845150271
121,7628.60932544,11.1201091623
122,7623.67717515,11.0567832569
123,7618.80088592,10.99450806
124,7613.97922303,10.9332552735
125,7609.21099183,10.8729975169
126,7604.49503609,10.8137082919
127,7599.83023656,10.7553619502
128,7595.21550947,10.6979336618
129,7590.64980516,10.641399385
130,7586.1321068,10.5857358377
131,7581.66142906,10.5309204699
132,7577.23681697,10.4769314373
133,7572.85734473,10.4237475761
134,7568.52211466,10.3713483791
135,7564.23025606,10.3197139722
136,7559.98092432,10.2688250925
137,7555.77329984,10.2186630668
138,7551.60658722,10.1692097912
139,7547.48001428,10.1204477118
140,7543.39283128,10.0723598053
141,7539.34431007,10.0249295615
142,7535.33374336,9.97814096545
143,7531.36044392,9.9319784812
144,7527.42374391,9.88642703532
145,7523.52299418,9.84147200168
146,7519.65756361,9.79709918657
147,7515.82683848,9.75329481436
148,7512.03022189,9.71004551376
149,7508.26713315,9.66733830456
150,7504.53700723,9.62516058488
151,7500.83929422,9.58350011883
152,7497.17345885,9.54234502474
153,7493.53897996,9.50168376367
154,7489.93535003,9.46150512844
155,7486.36207473,9.421798233
156,7482.81867249,9.3825525022
157,7479.30467408,9.34375766193
158,7475.81962216,9.30540372955
159,7472.36307095,9.26748100474
160,7468.93458583,9.22998006061
161,7465.53374296,9.19289173512
162,7462.16012896,9.15620712283
163,7458.81334057,9.11991756689
164,7455.49298431,9.08401465133
165,7452.19867618,9.04849019361
166,7448.93004137,9.01333623743
167,7445.68671395,8.97854504571
168,7442.46833662,8.94410909396
169,7439.27456043,8.91002106367
170,7436.10504449,8.87627383612
171,7432.95945577,8.84286048621
172,7429.83746886,8.80977427667
173,7426.73876569,8.7770086523
174,7423.66303535,8.7445572345
175,7420.60997384,8.71241381598
176,7417.57928391,8.68057235553
177,7414.57067482,8.64902697314
178,7411.58386215,8.6177719451
179,7408.61856765,8.58680169938
180,7405.67451899,8.55611081108
181,7402.75144966,8.52569399809
182,7399.84909876,8.49554611685
183,7396.96721084,8.46566215824
184,7394.10553575,8.43603724362
185,7391.26382851,8.406666621
186,7388.44184911,8.37754566128
187,7385.63936241,8.3486698547
188,7382.85613801,8.32003480732
189,7380.09195009,8.29163623762
190,7377.34657728,8.26346997328
191,7374.61980257,8.23553194793
192,7371.91141316,8.20781819816
193,7369.22120035,8.18032486047
194,7366.54895946,8.15304816842
195,7363.89448965,8.1259844498
196,7361.25759389,8.09913012398
197,7358.63807882,8.0724816992
198,7356.03575467,8.04603577009
199,7353.45043514,8.01978901515
200,7350.88193734,7.99373819441
201,7348.33008166,7.96788014705
202,7345.79469174,7.94221178919
203,7343.27559433,7.9167301117
204,7340.77261924,7.89143217806
205,7338.28559928,7.86631512236
206,7335.81437012,7.84137614725
207,7333.35877029,7.81661252206
208,7330.91864106,7.7920215809
209,7328.49382638,7.76760072086
210,7326.08417286,7.74334740024
211,7323.6895296,7.71925913684
212,7321.30974826,7.69533350634
213,7318.94468289,7.67156814063
214,7316.59418991,7.64796072632
215,7314.25812809,7.62450900317
216,7311.93635843,7.60121076265
217,7309.62874414,7.57806384653
218,7307.3351506,7.55506614549
219,7305.05544527,7.53221559773
220,7302.78949768,7.50951018778
221,7300.53717936,7.48694794511
222,7298.29836381,7.46452694301
223,7296.07292643,7.44224529735
224,7293.86074449,7.42010116543
225,7291.6616971,7.39809274486
226,7289.47566516,7.3762182725
227,7287.30253131,7.35447602338
228,7285.14217989,7.33286430967
229,7282.99449693,7.31138147972
230,7280.85937007,7.29002591706
231,7278.73668857,7.26879603947
232,7276.62634326,7.2476902981
233,7274.52822646,7.22670717655
234,7272.44223204,7.20584519003
235,7270.36825529,7.18510288452
236,7268.30619296,7.16447883599
237,7266.25594319,7.14397164956
238,7264.21740553,7.1235799588
239,7262.19048082,7.10330242494
240,7260.17507127,7.08313773618
241,7258.17108036,7.06308460698
242,7256.17841283,7.04314177738
243,7254.19697467,7.02330801235
244,7252.22667309,7.00358210115
245,7250.26741649,6.9839628567
246,7248.31911442,6.96444911498
247,7246.3816776,6.94503973444
248,7244.45501786,6.92573359543
249,7242.53904813,6.90652959966
250,7240.63368243,6.88742666964
251,7238.73883582,6.86842374818
252,7236.85442443,6.84951979785
253,7234.98036538,6.83071380053
254,7233.1165768,6.81200475688
255,7231.26297781,6.79339168592
256,7229.41948848,6.77487362455
257,7227.58602985,6.7564496271
258,7225.76252387,6.73811876494
259,7223.9488934,6.71988012603
260,7222.1450622,6.70173281451
261,7220.35095492,6.68367595035
262,7218.56649706,6.66570866892
263,7216.79161498,6.64783012063
264,7215.02623587,6.63003947059
265,7213.27028775,6.61233589825
266,7211.52369942,6.59471859702
267,7209.7864005,6.577186774
268,7208.05832137,6.55973964961
269,7206.33939319,6.54237645729
270,7204.62954786,6.52509644319
271,7202.92871803,6.50789886588
272,7201.23683707,6.49078299607
273,7199.55383907,6.47374811628
274,7197.87965883,6.45679352064
275,7196.21423182,6.43991851455
276,7194.55749423,6.42312241447
277,7192.90938289,6.40640454765
278,7191.2698353,6.38976425189
279,7189.6387896,6.37320087528
280,7188.0161846,6.356713776
281,7186.4019597,6.34030232207
282,7184.79605495,6.32396589112
283,7183.19841099,6.30770387023
284,7181.60896908,6.29151565565
285,7180.02767106,6.27540065263
286,7178.45445935,6.25935827523
287,7176.88927696,6.24338794613
288,7175.33206745,6.2274890964
289,7173.78277494,6.21166116537
290,7172.24134411,6.19590360043
291,7170.70772016,6.18021585683
292,7169.18184886,6.16459739757
293,7167.66367647,6.14904769317
294,7166.15314979,6.13356622157
295,7164.65021611,6.11815246793
296,7163.15482324,6.10280592449
297,7161.66691949,6.08752609044
298,7160.18645365,6.07231247173
299,7158.71337499,6.057164581
300,7157.24763327,6.04208193737
301,7155.78917871,6.02706406636
302,7154.33796199,6.01211049972
303,7152.89393426,5.99722077532
304,7151.45704711,5.98239443706
305,7150.02725257,5.96763103468
306,7148.60450313,5.95293012369
307,7147.1887517,5.93829126525
308,7145.77995161,5.92371402604
309,7144.37805662,5.90919797819
310,7142.98302092,5.89474269911
311,7141.59479908,5.88034777145
312,7140.21334611,5.86601278295
313,7138.83861739,5.85173732639
314,7137.47056871,5.83752099944
315,7136.10915626,5.8233634046
316,7134.75433661,5.80926414912
317,7133.40606669,5.79522284486
318,7132.06430384,5.78123910825
319,7130.72900575,5.7673125602
320,7129.40013047,5.75344282597
321,7128.07763644,5.73962953517
322,7126.76148243,5.7258723216
323,7125.45162759,5.71217082322
324,7124.14803139,5.69852468207
325,7122.85065368,5.68493354416
326,7121.55945461,5.67139705947
327,7120.27439471,5.65791488179
328,7118.99543481,5.64448666874
329,7117.72253608,5.63111208162
330,7116.45566003,5.61779078541
331,7115.19476848,5.60452244869
332,7113.93982355,5.59130674353
333,7112.69078771,5.5781433455
334,7111.44762371,5.56503193357
335,7110.21029463,5.55197219005
336,7108.97876384,5.53896380055
337,7107.75299502,5.52600645392
338,7106.53295213,5.51309984218
339,7105.31859944,5.50024366049
340,7104.10990151,5.48743760707
341,7102.90682317,5.4746813832
342,7101.70932957,5.46197469309
343,7100.5173861,5.44931724391
344,7099.33095845,5.4367087457
345,7098.15001258,5.42414891134
346,7096.97451473,5.41163745649
347,7095.80443139,5.39917409955
348,7094.63972934,5.38675856162
349,7093.48037561,5.37439056648
350,7092.32633749,5.36206984049
351,7091.17758252,5.34979611261
352,7090.03407852,5.33756911432
353,7088.89579354,5.32538857962
354,7087.76269589,5.31325424493
355,7086.63475412,5.30116584913
356,7085.51193703,5.28912313345
357,7084.39421367,5.2771258415
358,7083.28155332,5.26517371916
359,7082.17392549,5.25326651464
360,7081.07129993,5.24140397834
361,7079.97364663,5.22958586293
362,7078.88093582,5.21781192321
363,7077.79313792,5.20608191615
364,7076.71022361,5.19439560083
365,7075.63216378,5.18275273843
366,7074.55892955,5.17115309217
367,7073.49049224,5.15959642732
368,7072.42682341,5.14808251111
369,7071.36789481,5.13661111278
370,7070.31367843,5.1251820035
371,7069.26414645,5.11379495635
372,7068.21927126,5.10244974631
373,7067.17902546,5.09114615021
374,7066.14338186,5.07988394675
375,7065.11231347,5.06866291641
376,7064.08579349,5.05748284149
377,7063.06379533,5.04634350602
378,7062.04629259,5.03524469582
379,7061.03325906,5.02418619838
380,7060.02466875,5.01316780293
381,7059.02049583,5.00218930036
382,7058.02071467,4.99125048319
383,7057.02529983,4.98035114562
384,7056.03422605,4.96949108341
385,7055.04746826,4.95867009396
386,7054.06500158,4.94788797621
387,7053.08680128,4.93714453064
388,7052.11284285,4.92643955931
389,7051.14310193,4.91577286575
390,7050.17755434,4.90514425499
391,7049.21617608,4.89455353356
392,7048.25894332,4.88400050942
393,7047.30583239,4.87348499199
394,7046.35681982,4.8630067921
395,7045.41188227,4.85256572198
396,7044.47099659,4.84216159528
397,7043.5341398,4.831794227
398,7042.60128905,4.82146343348
399,7041.67242169,4.81116903244
400,7040.74751521,4.80091084289
401,7039.82654727,4.79068868517
402,7038.90949567,4.78050238091
403,7037.99633839,4.77035175302
404,7037.08705354,4.76023662567
405,7036.1816194,4.75015682428
406,7035.28001441,4.74011217553
407,7034.38221714,4.73010250728
408,7033.48820631,4.72012764864
409,7032.59796081,4.7101874299
410,7031.71145967,4.70028168253
411,7030.82868204,4.69041023917
412,7029.94960724,4.68057293362
413,7029.07421474,4.67076960083
414,7028.20248413,4.66100007688
415,7027.33439514,4.65126419896
416,7026.46992767,4.64156180539
417,7025.60906173,4.63189273556
418,7024.75177746,4.62225682996
419,7023.89805518,4.61265393015
420,7023.04787529,4.60308387877
421,7022.20121836,4.59354651949
422,7021.35806509,4.58404169702
423,7020.51839629,4.57456925711
424,7019.68219292,4.56512904654
425,7018.84943607,4.55572091307
426,7018.02010694,4.54634470549
427,7017.19418687,4.53700027356
428,7016.37165734,4.52768746802
429,7015.55249993,4.51840614059
430,7014.73669635,4.50915614395
431,7013.92422844,4.49993733172
432,7013.11507816,4.49074955847
433,7012.30922759,4.4815926797
434,7011.50665894,4.47246655182
435,7010.70735451,4.46337103218
436,7009.91129675,4.45430597902
437,7009.11846822,4.44527125148
438,7008.32885157,4.43626670959
439,7007.54242961,4.42729221426
440,7006.75918522,4.41834762726
441,7005.97910142,4.40943281124
442,7005.20216134,4.4005476297
443,7004.42834822,4.391691947
444,7003.65764539,4.3828656283
445,7002.89003633,4.37406853965
446,7002.12550459,4.36530054788
447,7001.36403385,4.35656152065
448,7000.6056079,4.34785132645
449,6999.85021061,4.33916983453
450,6999.09782599,4.33051691499
451,6998.34843813,4.32189243866
452,6997.60203124,4.3132962772
453,6996.85858961,4.30472830302
454,6996.11809766,4.29618838931
455,6995.38053989,4.28767641
456,6994.64590091,4.27919223981
457,6993.91416543,4.27073575417
458,6993.18531826,4.26230682928
459,6992.45934431,4.25390534205
460,6991.73622857,4.24553117015
461,6991.01595614,4.23718419194
462,6990.29851223,4.22886428653
463,6989.58388213,4.22057133371
464,6988.87205121,4.212305214
465,6988.16300496,4.20406580859
466,6987.45672895,4.1958529994
467,6986.75320885,4.187666669
468,6986.0524304,4.17950670066
469,6985.35437947,4.17137297834
470,6984.65904198,4.16326538664
471,6983.96640396,4.15518381084
472,6983.27645153,4.1471281369
473,6982.58917089,4.13909825139
474,6981.90454833,4.13109404157
475,6981.22257023,4.12311539532
476,6980.54322305,4.11516220116
477,6979.86649334,4.10723434827
478,6979.19236775,4.09933172642
479,6978.52083298,4.09145422603
480,6977.85187583,4.08360173813
481,6977.1854832,4.07577415437
482,6976.52164205,4.06797136699
483,6975.86033943,4.06019326887
484,6975.20156247,4.05243975346
485,6974.54529837,4.0447107148
486,6973.89153444,4.03700604756
487,6973.24025804,4.02932564695
488,6972.59145661,4.0216694088
489,6971.94511769,4.01403722949
490,6971.30122888,4.00642900599
491,6970.65977786,3.99884463582
492,6970.02075238,3.99128401709
493,6969.38414029,3.98374704845
494,6968.74992948,3.97623362911
495,6968.11810795,3.96874365884
496,6967.48866375,3.96127703795
497,6966.861585,3.95383366729
498,6966.23685992,3.94641344827
499,6965.61447678,3.93901628281
500,6964.99442394,3.93164207338
501,6964.37668979,3.92429072297
502,6963.76126285,3.9169621351
503,6963.14813168,3.9096562138
504,6962.53728489,3.90237286363
505,6961.9287112,3.89511198964
506,6961.32239937,3.88787349743
507,6960.71833824,3.88065729307
508,6960.11651672,3.87346328314
509,6959.51692378,3.86629137473
510,6958.91954846,3.85914147541
511,6958.32437987,3.85201349326
512,6957.73140718,3.84490733683
513,6957.14061962,3.83782291517
514,6956.55200651,3.83076013779
515,6955.96555721,3.8237189147
516,6955.38126115,3.81669915638
517,6954.79910783,3.80970077378
518,6954.21908681,3.8027236783
519,6953.6411877,3.79576778184
520,6953.06540019,3.78883299674
521,6952.49171403,3.78191923579
522,6951.92011903,3.77502641226
523,6951.35060505,3.76815443986
524,6950.78316201,3.76130323275
525,6950.21777992,3.75447270553
526,6949.65444882,3.74766277325
527,6949.09315881,3.74087335141
528,6948.53390006,3.73410435592
529,6947.9766628,3.72735570316
530,6947.42143731,3.72062730992
531,6946.86821394,3.71391909343
532,6946.31698307,3.70723097132
533,6945.76773516,3.70056286167
534,6945.22046073,3.69391468298
535,6944.67515033,3.68728635416
536,6944.13179461,3.68067779453
537,6943.59038422,3.67408892384
538,6943.05090991,3.66751966222
539,6942.51336246,3.66096993023
540,6941.97773271,3.65443964883
541,6941.44401156,3.64792873939
542,6940.91218995,3.64143712366
543,6940.3822589,3.63496472379
544,6939.85420944,3.62851146235
545,6939.32803269,3.62207726226
546,6938.80371981,3.61566204687
547,6938.281262,3.60926573988
548,6937.76065053,3.60288826541
549,6937.24187671,3.59652954793
550,6936.72493189,3.5901895123
551,6936.2098075,3.58386808377
552,6935.69649499,3.57756518795
553,6935.18498587,3.57128075082
554,6934.67527171,3.56501469874
555,6934.16734412,3.55876695844
556,6933.66119474,3.552537457
557,6933.15681529,3.54632612187
558,6932.65419753,3.54013288087
559,6932.15333325,3.53395766216
560,6931.65421429,3.52780039428
561,6931.15683256,3.52166100611
562,6930.66118,3.51553942687
563,6930.16724859,3.50943558615
564,6929.67503037,3.50334941388
565,6929.18451742,3.49728084034
566,6928.69570186,3.49122979614
567,6928.20857585,3.48519621225
568,6927.72313162,3.47918001996
569,6927.23936142,3.47318115092
570,6926.75725755,3.46719953709
571,6926.27681236,3.46123511078
572,6925.79801824,3.45528780463
573,6925.32086762,3.44935755159
574,6924.84535298,3.44344428497
575,6924.37146683,3.43754793839
576,6923.89920173,3.43166844577
577,6923.42855029,3.42580574139
578,6922.95950515,3.41995975982
579,6922.49205899,3.41413043597
580,6922.02620455,3.40831770504
581,6921.56193459,3.40252150258
582,6921.09924191,3.39674176441
583,6920.63811937,3.39097842669
584,6920.17855985,3.38523142588
585,6919.72055628,3.37950069875
586,6919.26410164,3.37378618235
587,6918.80918892,3.36808781407
588,6918.35581118,3.36240553158
589,6917.90396149,3.35673927285
590,6917.45363299,3.35108897615
591,6917.00481883,3.34545458005
592,6916.55751222,3.33983602341
593,6916.11170638,3.33423324539
594,6915.66739461,3.32864618541
595,6915.2245702,3.32307478323
596,6914.78322651,3.31751897886
597,6914.34335692,3.3119787126
598,6913.90495487,3.30645392505
599,6913.4680138,3.30094455707
600,6913.03252721,3.29545054983
601,6912.59848863,3.28997184475
602,6912.16589164,3.28450838354
603,6911.73472982,3.27906010819
604,6911.30499683,3.27362696097
605,6910.87668632,3.2682088844
606,6910.44979201,3.26280582129
607,6910.02430765,3.25741771471
608,6909.60022699,3.25204450802
609,6909.17754386,3.24668614481
610,6908.7562521,3.24134256896
611,6908.33634558,3.23601372462
612,6907.91781822,3.23069955619
613,6907.50066396,3.22540000832
614,6907.08487677,3.22011502594
615,6906.67045066,3.21484455423
616,6906.25737968,3.20958853862
617,6905.8456579,3.20434692481
618,6905.43527942,3.19911965874
619,6905.02623839,3.19390668662
620,6904.61852897,3.18870795487
621,6904.21214536,3.18352341021
622,6903.8070818,3.17835299958
623,6903.40333255,3.17319667018
624,6903.00089191,3.16805436943
625,6902.5997542,3.16292604502
626,6902.19991377,3.15781164488
627,6901.80136501,3.15271111716
628,6901.40410234,3.14762441028
629,6901.00812021,3.14255147288
630,6900.61341308,3.13749225384
631,6900.21997547,3.13244670228
632,6899.82780191,3.12741476754
633,6899.43688696,3.12239639922
634,6899.04722521,3.11739154713
635,6898.6588113,3.11240016132
636,6898.27163986,3.10742219207
637,6897.88570558,3.10245758989
638,6897.50100316,3.0975063055
639,6897.11752734,3.09256828987
640,6896.73527289,3.08764349418
641,6896.35423458,3.08273186984
642,6895.97440725,3.07783336848
643,6895.59578573,3.07294794195
644,6895.2183649,3.06807554232
645,6894.84213966,3.06321612188
646,6894.46710494,3.05836963314
647,6894.09325568,3.05353602882
648,6893.72058688,3.04871526186
649,6893.34909353,3.04390728541
650,6892.97877067,3.03911205284
651,6892.60961336,3.03432951773
652,6892.24161668,3.02955963385
653,6891.87477574,3.02480235522
654,6891.50908569,3.02005763603
655,6891.14454167,3.0153254307
656,6890.78113888,3.01060569384
657,6890.41887253,3.00589838029
658,6890.05773785,3.00120344506
659,6889.69773011,2.9965208434
660,6889.33884459,2.99185053072
661,6888.9810766,2.98719246267
662,6888.62442149,2.98254659509
663,6888.2688746,2.97791288399
664,6887.91443132,2.97329128561
665,6887.56108706,2.96868175637
666,6887.20883725,2.96408425291
667,6886.85767734,2.95949873202
668,6886.50760281,2.95492515073
669,6886.15860916,2.95036346623
670,6885.81069193,2.94581363591
671,6885.46384664,2.94127561737
672,6885.11806888,2.93674936836
673,6884.77335423,2.93223484686
674,6884.42969832,2.92773201101
675,6884.08709678,2.92324081915
676,6883.74554528,2.9187612298
677,6883.40503948,2.91429320165
678,6883.06557511,2.90983669361
679,6882.72714788,2.90539166474
680,6882.38975354,2.90095807429
681,6882.05338787,2.8965358817
682,6881.71804666,2.89212504658
683,6881.38372571,2.88772552873
684,6881.05042087,2.88333728811
685,6880.71812798,2.87896028487
686,6880.38684294,2.87459447933
687,6880.05656162,2.87023983199
688,6879.72727996,2.86589630353
689,6879.39899389,2.86156385479
690,6879.07169936,2.85724244678
691,6878.74539237,2.8529320407
692,6878.4200689,2.84863259791
693,6878.09572499,2.84434407994
694,6877.77235666,2.84006644849
695,6877.44995998,2.83579966542
696,6877.12853104,2.83154369276
697,6876.80806592,2.82729849273
698,6876.48856076,2.82306402769
699,6876.17001168,2.81884026016
700,6875.85241484,2.81462715285
701,6875.53576643,2.8104246686
702,6875.22006264,2.80623277045
703,6874.90529968,2.80205142156
704,6874.59147379,2.79788058529
705,6874.27858123,2.79372022513
706,6873.96661825,2.78957030475
707,6873.65558116,2.78543078796
708,6873.34546626,2.78130163874
709,6873.03626988,2.77718282122
710,6872.72798837,2.77307429969
711,6872.42061808,2.76897603859
712,6872.11415539,2.76488800252
713,6871.80859672,2.76081015622
714,6871.50393847,2.75674246461
715,6871.20017708,2.75268489272
716,6870.897309,2.74863740578
717,6870.5953307,2.74459996914
718,6870.29423867,2.74057254829
719,6869.99402942,2.7365551089
720,6869.69469945,2.73254761677
721,6869.39624532,2.72855003784
722,6869.09866357,2.72456233821
723,6868.80195079,2.72058448412
724,6868.50610355,2.71661644196
725,6868.21111847,2.71265817826
726,6867.91699217,2.70870965969
727,6867.62372129,2.70477085307
728,6867.33130247,2.70084172536
729,6867.0397324,2.69692224366
730,6866.74900777,2.69301237521
731,6866.45912526,2.6891120874
732,6866.17008161,2.68522134774
733,6865.88187356,2.68134012389
734,6865.59449784,2.67746838365
735,6865.30795124,2.67360609495
736,6865.02223053,2.66975322587
737,6864.73733251,2.66590974462
738,6864.453254,2.66207561953
739,6864.16999183,2.65825081908
740,6863.88754283,2.65443531188
741,6863.60590388,2.65062906669
742,6863.32507184,2.64683205236
743,6863.04504361,2.64304423792
744,6862.76581609,2.6392655925
745,6862.4873862,2.63549608537
746,6862.20975087,2.63173568593
747,6861.93290706,2.62798436371
748,6861.65685173,2.62424208838
749,6861.38158186,2.62050882971
750,6861.10709443,2.61678455762
751,6860.83338647,2.61306924215
752,6860.56045498,2.60936285347
753,6860.28829701,2.60566536187
754,6860.0169096,2.60197673777
755,6859.74628983,2.59829695171
756,6859.47643476,2.59462597434
757,6859.20734149,2.59096377648
758,6858.93900712,2.58731032901
759,6858.67142878,2.58366560298
760,6858.40460359,2.58002956954
761,6858.13852871,2.57640219996
762,6857.87320129,2.57278346565
763,6857.60861851,2.5691733381
764,6857.34477755,2.56557178897
765,6857.08167561,2.56197878999
766,6856.81930991,2.55839431304
767,6856.55767767,2.55481833011
768,6856.29677613,2.55125081329
769,6856.03660255,2.54769173482
770,6855.77715419,2.54414106701
771,6855.51842832,2.54059878233
772,6855.26042224,2.53706485334
773,6855.00313326,2.53353925271
774,6854.74655868,2.53002195323
775,6854.49069584,2.52651292782
776,6854.23554207,2.52301214949
777,6853.98109474,2.51951959136
778,6853.7273512,2.51603522668
779,6853.47430884,2.51255902879
780,6853.22196504,2.50909097115
781,6852.9703172,2.50563102734
782,6852.71936275,2.50217917103
783,6852.46909911,2.49873537601
784,6852.21952371,2.49529961617
785,6851.97063401,2.49187186551
786,6851.72242747,2.48845209815
787,6851.47490156,2.4850402883
788,6851.22805377,2.48163641028
789,6850.98188159,2.47824043852
790,6850.73638253,2.47485234755
791,6850.49155412,2.471472112
792,6850.24739388,2.46809970662
793,6850.00389935,2.46473510624
794,6849.7610681,2.46137828581
795,6849.51889768,2.45802922039
796,6849.27738568,2.45468788512
797,6849.03652967,2.45135425525
798,6848.79632726,2.44802830613
799,6848.55677607,2.44471001323
800,6848.31787369,2.44139935208
801,6848.07961778,2.43809629835
802,6847.84200597,2.43480082778
803,6847.60503591,2.43151291622
804,6847.36870527,2.42823253963
805,6847.13301173,2.42495967404
806,6846.89795296,2.4216942956
807,6846.66352666,2.41843638055
808,6846.42973053,2.41518590523
809,6846.1965623,2.41194284606
810,6845.96401969,2.40870717957
811,6845.73210044,2.40547888238
812,6845.50080229,2.40225793121
813,6845.270123,2.39904430287
814,6845.04006033,2.39583797426
815,6844.81061207,2.39263892237
816,6844.581776,2.3894471243
817,6844.35354992,2.38626255723
818,6844.12593164,2.38308519843
819,6843.89891897,2.37991502525
820,6843.67250974,2.37675201517
821,6843.44670178,2.37359614572
822,6843.22149294,2.37044739453
823,6842.99688109,2.36730573934
824,6842.77286407,2.36417115795
825,6842.54943978,2.36104362827
826,6842.32660608,2.3579231283
827,6842.10436089,2.3548096361
828,6841.88270209,2.35170312985
829,6841.6616276,2.34860358779
830,6841.44113535,2.34551098828
831,6841.22122326,2.34242530973
832,6841.00188928,2.33934653066
833,6840.78313135,2.33627462967
834,6840.56494743,2.33320958543
835,6840.34733549,2.33015137672
836,6840.13029351,2.3270999824
837,6839.91381947,2.32405538138
838,6839.69791137,2.3210175527
839,6839.48256721,2.31798647546
840,6839.26778499,2.31496212884
841,6839.05356275,2.3119444921
842,6838.83989852,2.30893354461
843,6838.62679032,2.30592926578
844,6838.4142362,2.30293163513
845,6838.20223423,2.29994063226
846,6837.99078247,2.29695623684
847,6837.77987898,2.29397842862
848,6837.56952185,2.29100718743
849,6837.35970916,2.28804249319
850,6837.15043902,2.28508432588
851,6836.94170953,2.28213266558
852,6836.73351881,2.27918749244
853,6836.52586497,2.27624878668
854,6836.31874615,2.27331652861
855,6836.11216049,2.2703906986
856,6835.90610612,2.26747127712
857,6835.70058122,2.26455824469
858,6835.49558393,2.26165158193
859,6835.29111244,2.25875126952
860,6835.08716491,2.25585728823
861,6834.88373954,2.25296961889
862,6834.68083452,2.2500882424
863,6834.47844805,2.24721313976
864,6834.27657834,2.24434429203
865,6834.07522361,2.24148168033
866,6833.87438208,2.23862528588
867,6833.674052,2.23577508995
868,6833.47423159,2.23293107389
869,6833.2749191,2.23009321912
870,6833.0761128,2.22726150715
871,6832.87781094,2.22443591954
872,6832.6800118,2.22161643793
873,6832.48271365,2.21880304403
874,6832.28591478,2.21599571962
875,6832.08961347,2.21319444655
876,6831.89380804,2.21039920674
877,6831.69849679,2.20760998218
878,6831.50367803,2.20482675493
879,6831.30935008,2.20204950712
880,6831.11551128,2.19927822094
881,6830.92215995,2.19651287867
882,6830.72929445,2.19375346264
883,6830.53691312,2.19099995525
884,6830.34501431,2.18825233897
885,6830.1535964,2.18551059633
886,6829.96265775,2.18277470994
887,6829.77219674,2.18004466247
888,6829.58221176,2.17732043665
889,6829.39270119,2.17460201529
890,6829.20366343,2.17188938126
891,6829.0150969,2.16918251749
892,6828.827,2.16648140698
893,6828.63937115,2.16378603278
894,6828.45220877,2.16109637804
895,6828.2655113,2.15841242593
896,6828.07927717,2.15573415972
897,6827.89350483,2.15306156273
898,6827.70819274,2.15039461833
899,6827.52333934,2.14773330998
900,6827.3389431,2.14507762118
901,6827.1550025,2.14242753551
902,6826.97151601,2.13978303659
903,6826.78848211,2.13714410813
904,6826.6058993,2.13451073387
905,6826.42376606,2.13188289765
906,6826.24208091,2.12926058332
907,6826.06084234,2.12664377485
908,6825.88004888,2.12403245622
909,6825.69969905,2.1214266115
910,6825.51979137,2.11882622481
911,6825.34032438,2.11623128033
912,6825.16129661,2.1136417623
913,6824.98270661,2.11105765501
914,6824.80455293,2.10847894284
915,6824.62683413,2.10590561018
916,6824.44954878,2.10333764153
917,6824.27269543,2.1007750214
918,6824.09627267,2.0982177344
919,6823.92027908,2.09566576517
920,6823.74471324,2.09311909842
921,6823.56957375,2.09057771891
922,6823.39485921,2.08804161146
923,6823.22056821,2.08551076095
924,6823.04669937,2.08298515231
925,6822.87325131,2.08046477052
926,6822.70022264,2.07794960065
927,6822.52761199,2.07543962777
928,6822.355418,2.07293483706
929,6822.1836393,2.07043521372
930,6822.01227453,2.06794074301
931,6821.84132235,2.06545141027
932,6821.67078141,2.06296720085
933,6821.50065037,2.0604881002
934,6821.3309279,2.05801409379
935,6821.16161266,2.05554516716
936,6820.99270334,2.0530813059
937,6820.82419861,2.05062249566
938,6820.65609716,2.04816872212
939,6820.48839769,2.04571997104
940,6820.32109889,2.04327622822
941,6820.15419946,2.04083747951
942,6819.98769811,2.03840371082
943,6819.82159356,2.0359749081
944,6819.65588453,2.03355105736
945,6819.49056973,2.03113214466
946,6819.32564791,2.02871815612
947,6819.16111778,2.0263090779
948,6818.99697809,2.0239048962
949,6818.83322759,2.02150559729
950,6818.66986502,2.01911116748
951,6818.50688914,2.01672159314
952,6818.34429871,2.01433686068
953,6818.18209249,2.01195695657
954,6818.02026925,2.0095818673
955,6817.85882777,2.00721157945
956,6817.69776681,2.00484607962
957,6817.53708518,2.00248535448
958,6817.37678165,2.00012939072
959,6817.21685502,1.99777817511
960,6817.05730409,1.99543169444
961,6816.89812766,1.99308993558
962,6816.73932454,1.99075288541
963,6816.58089354,1.98842053088
964,6816.42283348,1.98609285899
965,6816.26514318,1.98376985677
966,6816.10782147,1.98145151131
967,6815.95086717,1.97913780975
968,6815.79427913,1.97682873927
969,6815.63805619,1.97452428709
970,6815.48219718,1.97222444048
971,6815.32670096,1.96992918677
972,6815.17156639,1.96763851331
973,6815.01679232,1.96535240752
974,6814.86237762,1.96307085684
975,6814.70832115,1.96079384878
976,6814.55462178,1.95852137088
977,6814.4012784,1.95625341073
978,6814.24828988,1.95398995596
979,6814.09565511,1.95173099426
980,6813.94337297,1.94947651333
981,6813.79144237,1.94722650095
982,6813.6398622,1.94498094492
983,6813.48863136,1.9427398331
984,6813.33774876,1.94050315338
985,6813.18721332,1.93827089369
986,6813.03702394,1.93604304203
987,6812.88717954,1.93381958641
988,6812.73767906,1.93160051491
989,6812.58852141,1.92938581562
990,6812.43970553,1.92717547671
991,6812.29123037,1.92496948635
992,6812.14309484,1.9227678328
993,6811.99529792,1.92057050432
994,6811.84783853,1.91837748924
995,6811.70071563,1.9161887759
996,6811.55392819,1.91400435272
997,6811.40747515,1.91182420813
998,6811.2613555,1.90964833062
999,6811.11556819,1.90747670871
1000,6810.97011219,1.90530933095
1001,6810.82498649,1.90314618596
1002,6810.68019007,1.90098726237
1003,6810.5357219,1.89883254888
1004,6810.39158099,1.89668203419
1005,6810.24776631,1.89453570708
1006,6810.10427687,1.89239355635
1007,6809.96111167,1.89025557083
1008,6809.81826971,1.88812173941
1009,6809.67575001,1.885992051
1010,6809.53355156,1.88386649456
1011,6809.39167338,1.88174505909
1012,6809.25011451,1.87962773363
1013,6809.10887395,1.87751450724
1014,6808.96795073,1.87540536903
1015,6808.82734389,1.87330030816
1016,6808.68705246,1.8711993138
1017,6808.54707548,1.86910237519
1018,6808.40741199,1.86700948159
1019,6808.26806102,1.86492062228
1020,6808.12902164,1.86283578661
1021,6807.9902929,1.86075496396
1022,6807.85187384,1.85867814372
1023,6807.71376353,1.85660531535
1024,6807.57596104,1.85453646832
1025,6807.43846542,1.85247159216
1026,6807.30127575,1.85041067642
1027,6807.1643911,1.84835371069
1028,6807.02781056,1.8463006846
1029,6806.89153319,1.84425158781
1030,6806.75555808,1.84220641001
1031,6806.61988433,1.84016514094
1032,6806.48451102,1.83812777038
1033,6806.34943724,1.83609428811
1034,6806.21466209,1.83406468399
1035,6806.08018469,1.83203894788
1036,6805.94600412,1.83001706969
1037,6805.81211949,1.82799903936
1038,6805.67852993,1.82598484688
1039,6805.54523453,1.82397448225
1040,6805.41223243,1.82196793552
1041,6805.27952273,1.81996519676
1042,6805.14710458,1.81796625609
1043,6805.01497708,1.81597110366
1044,6804.88313938,1.81397972964
1045,6804.7515906,1.81199212425
1046,6804.62032989,1.81000827774
1047,6804.48935639,1.80802818039
1048,6804.35866923,1.8060518225
1049,6804.22826757,1.80407919443
1050,6804.09815056,1.80211028655
1051,6803.96831735,1.80014508928
1052,6803.83876709,1.79818359305
1053,6803.70949894,1.79622578834
1054,6803.58051207,1.79427166567
1055,6803.45180565,1.79232121556
1056,6803.32337883,1.7903744286
1057,6803.1952308,1.78843129538
1058,6803.06736073,1.78649180654
1059,6802.93976779,1.78455595275
1060,6802.81245117,1.7826237247
1061,6802.68541005,1.78069511312
1062,6802.55864361,1.77877010878
1063,6802.43215106,1.77684870247
1064,6802.30593157,1.774930885
1065,6802.17998435,1.77301664723
1066,6802.0543086,1.77110598004
1067,6801.92890351,1.76919887435
1068,6801.80376829,1.7672953211
1069,6801.67890215,1.76539531127
1070,6801.5543043,1.76349883585
1071,6801.42997395,1.76160588589
1072,6801.30591032,1.75971645245
1073,6801.18211263,1.75783052662
1074,6801.0585801,1.75594809953
1075,6800.93531195,1.75406916233
1076,6800.81230741,1.7521937062
1077,6800.68956571,1.75032172235
1078,6800.56708609,1.74845320202
1079,6800.44486778,1.74658813649
1080,6800.32291002,1.74472651706
1081,6800.20121204,1.74286833504
1082,6800.07977311,1.7410135818
1083,6799.95859245,1.73916224872
1084,6799.83766933,1.73731432721
1085,6799.71700299,1.73546980872
1086,6799.59659269,1.73362868472
1087,6799.47643768,1.7317909467
1088,6799.35653723,1.72995658618
1089,6799.2368906,1.72812559473
1090,6799.11749706,1.72629796392
1091,6798.99835587,1.72447368536
1092,6798.87946631,1.72265275068
1093,6798.76082764,1.72083515156
1094,6798.64243915,1.71902087969
1095,6798.52430011,1.71720992677
1096,6798.40640981,1.71540228455
1097,6798.28876752,1.71359794482
1098,6798.17137255,1.71179689936
1099,6798.05422416,1.70999914
1100,6797.93732166,1.7082046586
1101,6797.82066434,1.70641344703
1102,6797.7042515,1.7046254972
1103,6797.58808243,1.70284080104
1104,6797.47215644,1.70105935051
1105,6797.35647283,1.69928113758
1106,6797.24103091,1.69750615428
1107,6797.12582999,1.69573439264
1108,6797.01086938,1.69396584472
1109,6796.89614839,1.6922005026
1110,6796.78166633,1.6904383584
1111,6796.66742254,1.68867940425
1112,6796.55341633,1.68692363233
1113,6796.43964701,1.68517103481
1114,6796.32611393,1.68342160392
1115,6796.2128164,1.68167533189
1116,6796.09975377,1.67993221098
1117,6795.98692535,1.6781922335
1118,6795.87433049,1.67645539173
1119,6795.76196852,1.67472167804
1120,6795.64983879,1.67299108478
1121,6795.53794063,1.67126360433
1122,6795.4262734,1.66953922911
1123,6795.31483644,1.66781795156
1124,6795.20362909,1.66609976413
1125,6795.09265072,1.66438465931
1126,6794.98190067,1.66267262961
1127,6794.8713783,1.66096366756
1128,6794.76108296,1.65925776571
1129,6794.65101403,1.65755491665
1130,6794.54117086,1.65585511297
1131,6794.43155281,1.65415834732
1132,6794.32215927,1.65246461233
1133,6794.21298958,1.65077390067
1134,6794.10404313,1.64908620505
1135,6793.9953193,1.64740151819
1136,6793.88681744,1.64571983283
1137,6793.77853696,1.64404114173
1138,6793.67047721,1.64236543769
1139,6793.5626376,1.64069271351
1140,6793.4550175,1.63902296202
1141,6793.3476163,1.6373561761
1142,6793.24043338,1.63569234861
1143,6793.13346815,1.63403147246
1144,6793.02671999,1.63237354057
1145,6792.92018829,1.63071854588
1146,6792.81387247,1.62906648137
1147,6792.7077719,1.62741734003
1148,6792.60188601,1.62577111487
1149,6792.49621418,1.62412779893
1150,6792.39075583,1.62248738525
1151,6792.28551037,1.62084986692
1152,6792.18047719,1.61921523704
1153,6792.07565573,1.61758348873
1154,6791.97104538,1.61595461513
1155,6791.86664557,1.61432860941
1156,6791.76245571,1.61270546475
1157,6791.65847522,1.61108517436
1158,6791.55470353,1.60946773146
1159,6791.45114006,1.60785312931
1160,6791.34778423,1.60624136118
1161,6791.24463548,1.60463242035
1162,6791.14169322,1.60302630014
1163,6791.0389569,1.60142299387
1164,6790.93642595,1.59982249491
1165,6790.8340998,1.59822479663
1166,6790.73197789,1.59662989242
1167,6790.63005966,1.59503777569
1168,6790.52834455,1.59344843988
1169,6790.426832,1.59186187845
1170,6790.32552147,1.59027808487
1171,6790.22441239,1.58869705263
1172,6790.12350421,1.58711877525
1173,6790.02279639,1.58554324627
1174,6789.92228838,1.58397045924
1175,6789.82197963,1.58240040774
1176,6789.7218696,1.58083308536
1177,6789.62195775,1.57926848571
1178,6789.52224353,1.57770660244
1179,6789.42272641,1.57614742918
1180,6789.32340586,1.57459095962
1181,6789.22428133,1.57303718745
1182,6789.1253523,1.57148610638
1183,6789.02661823,1.56993771014
1184,6788.9280786,1.56839199248
1185,6788.82973287,1.56684894716
1186,6788.73158053,1.56530856798
1187,6788.63362104,1.56377084875
1188,6788.53585389,1.56223578328
1189,6788.43827855,1.56070336543
1190,6788.34089451,1.55917358905
1191,6788.24370125,1.55764644803
1192,6788.14669825,1.55612193627
1193,6788.04988501,1.55460004768
1194,6787.953261,1.55308077621
1195,6787.85682572,1.5515641158
1196,6787.76057867,1.55005006044
1197,6787.66451932,1.54853860411
1198,6787.56864719,1.54702974082
1199,6787.47296176,1.54552346461
1200,6787.37746254,1.54401976951
1201,6787.28214902,1.54251864959
1202,6787.18702071,1.54102009894
1203,6787.09207711,1.53952411165
1204,6786.99731772,1.53803068184
1205,6786.90274205,1.53653980365
1206,6786.80834962,1.53505147122
1207,6786.71413992,1.53356567873
1208,6786.62011247,1.53208242037
1209,6786.52626679,1.53060169033
1210,6786.43260239,1.52912348285
1211,6786.33911879,1.52764779216
1212,6786.24581549,1.52617461251
1213,6786.15269203,1.52470393819
1214,6786.05974793,1.52323576348
1215,6785.9669827,1.52177008269
1216,6785.87439587,1.52030689014
1217,6785.78198697,1.51884618018
1218,6785.68975553,1.51738794717
1219,6785.59770107,1.51593218548
1220,6785.50582312,1.51447888949
1221,6785.41412123,1.51302805363
1222,6785.32259491,1.51157967231
1223,6785.2312437,1.51013373998
1224,6785.14006715,1.5086902511
1225,6785.04906479,1.50724920013
1226,6784.95823616,1.50581058157
1227,6784.8675808,1.50437438993
1228,6784.77709826,1.50294061973
1229,6784.68678807,1.50150926551
1230,6784.59664978,1.50008032182
1231,6784.50668295,1.49865378324
1232,6784.41688712,1.49722964435
1233,6784.32726184,1.49580789975
1234,6784.23780665,1.49438854407
1235,6784.14852113,1.49297157193
1236,6784.05940481,1.491556978
1237,6783.97045726,1.49014475693
1238,6783.88167803,1.48873490341
1239,6783.79306668,1.48732741214
1240,6783.70462277,1.48592227782
1241,6783.61634586,1.48451949519
1242,6783.52823553,1.48311905898
1243,6783.44029132,1.48172096396
1244,6783.35251281,1.48032520491
1245,6783.26489956,1.4789317766
1246,6783.17745115,1.47754067385
1247,6783.09016714,1.47615189148
1248,6783.0030471,1.47476542432
1249,6782.91609061,1.47338126721
1250,6782.82929725,1.47199941503
1251,6782.74266658,1.47061986265
1252,6782.65619818,1.46924260496
1253,6782.56989164,1.46786763689
1254,6782.48374653,1.46649495334
1255,6782.39776243,1.46512454926
1256,6782.31193893,1.4637564196
1257,6782.22627561,1.46239055933
1258,6782.14077205,1.46102696343
1259,6782.05542785,1.45966562689
1260,6781.97024258,1.45830654473
1261,6781.88521584,1.45694971197
1262,6781.80034722,1.45559512366
1263,6781.71563631,1.45424277484
1264,6781.63108271,1.45289266058
1265,6781.546686,1.45154477596
1266,6781.46244578,1.45019911609
1267,6781.37836165,1.44885567607
1268,6781.29443321,1.44751445102
1269,6781.21066006,1.44617543608
1270,6781.1270418,1.44483862641
1271,6781.04357802,1.44350401717
1272,6780.96026834,1.44217160353
1273,6780.87711236,1.4408413807
1274,6780.79410968,1.43951334388
1275,6780.71125992,1.43818748828
1276,6780.62856267,1.43686380915
1277,6780.54601755,1.43554230173
1278,6780.46362416,1.43422296128
1279,6780.38138213,1.43290578308
1280,6780.29929107,1.43159076241
1281,6780.21735058,1.43027789458
1282,6780.13556028,1.42896717489
1283,6780.0539198,1.42765859869
1284,6779.97242875,1.4263521613
1285,6779.89108674,1.42504785808
1286,6779.80989341,1.4237456844
1287,6779.72884836,1.42244563564
1288,6779.64795123,1.42114770719
1289,6779.56720164,1.41985189446
1290,6779.4865992,1.41855819287
1291,6779.40614356,1.41726659785
1292,6779.32583433,1.41597710484
1293,6779.24567115,1.4146897093
1294,6779.16565365,1.4134044067
1295,6779.08578145,1.41212119253
1296,6779.00605418,1.41084006228
1297,6778.92647149,1.40956101145
1298,6778.84703301,1.40828403558
1299,6778.76773837,1.40700913018
1300,6778.6885872,1.40573629081
1301,6778.60957916,1.40446551303
1302,6778.53071387,1.40319679241
1303,6778.45199097,1.40193012452
1304,6778.37341011,1.40066550496
1305,6778.29497093,1.39940292935
1306,6778.21667308,1.3981423933
1307,6778.13851619,1.39688389244
1308,6778.06049991,1.39562742241
1309,6777.9826239,1.39437297887
1310,6777.90488779,1.3931205575
1311,6777.82729124,1.39187015396
1312,6777.7498339,1.39062176396
1313,6777.67251541,1.38937538318
1314,6777.59533544,1.38813100736
1315,6777.51829363,1.38688863222
1316,6777.44138964,1.38564825349
1317,6777.36462312,1.38440986693
1318,6777.28799373,1.3831734683
1319,6777.21150113,1.38193905337
1320,6777.13514498,1.38070661793
1321,6777.05892493,1.37947615778
1322,6776.98284066,1.37824766872
1323,6776.9068918,1.37702114658
1324,6776.83107805,1.37579658719
1325,6776.75539904,1.37457398639
1326,6776.67985446,1.37335334003
1327,6776.60444396,1.37213464399
1328,6776.52916722,1.37091789413
1329,6776.4540239,1.36970308635
1330,6776.37901367,1.36849021655
1331,6776.3041362,1.36727928064
1332,6776.22939116,1.36607027454
1333,6776.15477823,1.36486319418
1334,6776.08029707,1.36365803551
1335,6776.00594736,1.36245479448
1336,6775.93172878,1.36125346706
1337,6775.857641,1.36005404922
1338,6775.7836837,1.35885653696
1339,6775.70985655,1.35766092627
1340,6775.63615925,1.35646721317
1341,6775.56259145,1.35527539366
1342,6775.48915286,1.35408546379
1343,6775.41584314,1.3528974196
1344,6775.34266198,1.35171125714
1345,6775.26960907,1.35052697246
1346,6775.19668409,1.34934456166
1347,6775.12388673,1.3481640208
1348,6775.05121666,1.34698534599
1349,6774.97867359,1.34580853333
1350,6774.9062572,1.34463357894
1351,6774.83396717,1.34346047894
1352,6774.76180321,1.34228922947
1353,6774.68976499,1.34111982668
1354,6774.61785222,1.33995226673
1355,6774.54606458,1.33878654578
1356,6774.47440177,1.33762266001
1357,6774.40286349,1.33646060561
1358,6774.33144943,1.33530037877
1359,6774.26015929,1.33414197571
1360,6774.18899276,1.33298539265
1361,6774.11794955,1.33183062581
1362,6774.04702935,1.33067767144
1363,6773.97623187,1.32952652578
1364,6773.90555681,1.32837718508
1365,6773.83500386,1.32722964563
1366,6773.76457274,1.32608390369
1367,6773.69426314,1.32493995557
1368,6773.62407478,1.32379779754
1369,6773.55400735,1.32265742593
1370,6773.48406057,1.32151883705
1371,6773.41423414,1.32038202723
1372,6773.34452777,1.31924699281
1373,6773.27494117,1.31811373013
1374,6773.20547405,1.31698223555
1375,6773.13612613,1.31585250543
1376,6773.06689711,1.31472453616
1377,6772.9977867,1.31359832412
1378,6772.92879462,1.3124738657
1379,6772.85992059,1.31135115731
1380,6772.79116432,1.31023019537
1381,6772.72252553,1.30911097628
1382,6772.65400393,1.3079934965
1383,6772.58559925,1.30687775245
1384,6772.51731119,1.3057637406
1385,6772.44913949,1.3046514574
1386,6772.38108385,1.30354089932
1387,6772.31314401,1.30243206285
1388,6772.24531968,1.30132494446
1389,6772.17761059,1.30021954067
1390,6772.11001646,1.29911584796
1391,6772.04253702,1.29801386287
1392,6771.97517199,1.29691358192
1393,6771.9079211,1.29581500163
1394,6771.84078407,1.29471811856
1395,6771.77376063,1.29362292925
1396,6771.70685052,1.29252943027
1397,6771.64005345,1.29143761818
1398,6771.57336917,1.29034748957
1399,6771.5067974,1.28925904103
1400,6771.44033787,1.28817226914
1401,6771.37399032,1.28708717051
1402,6771.30775448,1.28600374177
1403,6771.24163008,1.28492197952
1404,6771.17561686,1.28384188041
1405,6771.10971456,1.28276344108
1406,6771.04392291,1.28168665816
1407,6770.97824165,1.28061152833
1408,6770.91267051,1.27953804825
1409,6770.84720924,1.27846621458
1410,6770.78185757,1.27739602402
1411,6770.71661525,1.27632747326
1412,6770.65148202,1.275260559
1413,6770.58645762,1.27419527794
1414,6770.52154178,1.27313162681
1415,6770.45673426,1.27206960232
1416,6770.3920348,1.27100920122
1417,6770.32744315,1.26995042025
1418,6770.26295904,1.26889325615
1419,6770.19858223,1.26783770569
1420,6770.13431246,1.26678376564
1421,6770.07014948,1.26573143276
1422,6770.00609304,1.26468070385
1423,6769.94214289,1.2636315757
1424,6769.87829878,1.2625840451
1425,6769.81456046,1.26153810886
1426,6769.75092767,1.26049376381
1427,6769.68740019,1.25945100676
1428,6769.62397774,1.25840983456
1429,6769.5606601,1.25737024403
1430,6769.49744701,1.25633223203
1431,6769.43433823,1.25529579542
1432,6769.37133351,1.25426093106
1433,6769.30843262,1.25322763582
1434,6769.2456353,1.25219590658
1435,6769.18294132,1.25116574024
1436,6769.12035044,1.25013713369
1437,6769.05786241,1.24911008382
1438,6768.99547699,1.24808458757
1439,6768.93319395,1.24706064184
1440,6768.87101305,1.24603824356
1441,6768.80893404,1.24501738967
1442,6768.74695669,1.24399807711
1443,6768.68508077,1.24298030283
1444,6768.62330604,1.24196406379
1445,6768.56163226,1.24094935696
1446,6768.50005919,1.23993617931
1447,6768.43858662,1.23892452782
1448,6768.37721429,1.23791439948
1449,6768.31594198,1.23690579128
1450,6768.25476946,1.23589870024
1451,6768.1936965,1.23489312336
1452,6768.13272286,1.23388905766
1453,6768.07184832,1.23288650016
1454,6768.01107264,1.23188544791
1455,6767.9503956,1.23088589794
1456,6767.88981697,1.22988784729
1457,6767.82933653,1.22889129304
1458,6767.76895403,1.22789623223
1459,6767.70866927,1.22690266194
1460,6767.64848201,1.22591057925
1461,6767.58839204,1.22491998124
1462,6767.52839911,1.22393086501
1463,6767.46850302,1.22294322765
1464,6767.40870354,1.22195706627
1465,6767.34900045,1.22097237799
1466,6767.28939352,1.21998915992
1467,6767.22988254,1.2190074092
1468,6767.17046728,1.21802712296
1469,6767.11114752,1.21704829833
1470,6767.05192306,1.21607093248
1471,6766.99279365,1.21509502256
1472,6766.9337591,1.21412056572
1473,6766.87481918,1.21314755915
1474,6766.81597368,1.21217600001
1475,6766.75722238,1.2112058855
1476,6766.69856506,1.2102372128
1477,6766.64000151,1.20926997911
1478,6766.58153152,1.20830418164
1479,6766.52315487,1.20733981759
1480,6766.46487134,1.2063768842
1481,6766.40668074,1.20541537868
1482,6766.34858284,1.20445529826
1483,6766.29057743,1.20349664019
1484,6766.23266431,1.2025394017
1485,6766.17484326,1.20158358006
1486,6766.11711408,1.20062917252
1487,6766.05947655,1.19967617635
1488,6766.00193047,1.19872458882
1489,6765.94447563,1.19777440722
1490,6765.88711182,1.19682562881
1491,6765.82983884,1.19587825091
1492,6765.77265648,1.1949322708
1493,6765.71556453,1.19398768579
1494,6765.65856279,1.1930444932
1495,6765.60165106,1.19210269035
1496,6765.54482913,1.19116227455
1497,6765.48809681,1.19022324315
1498,6765.43145387,1.18928559347
1499,6765.37490014,1.18834932287
1500,6765.3184354,1.1874144287
1501,6765.26205945,1.1864809083
1502,6765.2057721,1.18554875906
1503,6765.14957314,1.18461797833
1504,6765.09346237,1.18368856349
1505,6765.0374396,1.18276051193
1506,6764.98150463,1.18183382103
1507,6764.92565725,1.1809084882
1508,6764.86989729,1.17998451083
1509,6764.81422453,1.17906188633
1510,6764.75863878,1.17814061212
1511,6764.70313985,1.17722068561
1512,6764.64772753,1.17630210424
1513,6764.59240165,1.17538486543
1514,6764.537162,1.17446896662
1515,6764.48200839,1.17355440526
1516,6764.42694064,1.17264117881
1517,6764.37195853,1.17172928471
1518,6764.31706189,1.17081872044
1519,6764.26225053,1.16990948345
1520,6764.20752425,1.16900157124
1521,6764.15288286,1.16809498127
1522,6764.09832618,1.16718971104
1523,6764.04385401,1.16628575803
1524,6763.98946617,1.16538311976
1525,6763.93516247,1.16448179372
1526,6763.88094272,1.16358177743
1527,6763.82680674,1.1626830684
1528,6763.77275433,1.16178566416
1529,6763.71878532,1.16088956223
1530,6763.66489951,1.15999476016
1531,6763.61109673,1.15910125548
1532,6763.55737679,1.15820904574
1533,6763.5037395,1.15731812848
1534,6763.45018469,1.15642850128
1535,6763.39671216,1.15554016169
1536,6763.34332174,1.15465310729
1537,6763.29001325,1.15376733564
1538,6763.2367865,1.15288284434
1539,6763.18364132,1.15199963096
1540,6763.13057751,1.1511176931
1541,6763.07759491,1.15023702837
1542,6763.02469334,1.14935763435
1543,6762.97187261,1.14847950867
1544,6762.91913255,1.14760264893
1545,6762.86647297,1.14672705277
1546,6762.81389371,1.1458527178
1547,6762.76139459,1.14497964165
1548,6762.70897542,1.14410782197
1549,6762.65663603,1.1432372564
1550,6762.60437626,1.14236794259
1551,6762.55219591,1.14149987819
1552,6762.50009483,1.14063306086
1553,6762.44807282,1.13976748826
1554,6762.39612973,1.13890315807
1555,6762.34426538,1.13804006797
1556,6762.29247959,1.13717821563
1557,6762.2407722,1.13631759874
1558,6762.18914302,1.13545821499
1559,6762.1375919,1.13460006209
1560,6762.08611866,1.13374313773
1561,6762.03472312,1.13288743962
1562,6761.98340513,1.13203296548
1563,6761.9321645,1.13117971302
1564,6761.88100108,1.13032767998
1565,6761.82991469,1.12947686407
1566,6761.77890517,1.12862726304
1567,6761.72797234,1.12777887463
1568,6761.67711605,1.12693169657
1569,6761.62633611,1.12608572662
1570,6761.57563238,1.12524096255
1571,6761.52500468,1.12439740209
1572,6761.47445284,1.12355504304
1573,6761.42397671,1.12271388315
1574,6761.37357612,1.1218739202
1575,6761.3232509,1.12103515197
1576,6761.27300089,1.12019757625
1577,6761.22282592,1.11936119084
1578,6761.17272585,1.11852599352
1579,6761.12270049,1.11769198211
1580,6761.0727497,1.1168591544
1581,6761.0228733,1.11602750821
1582,6760.97307114,1.11519704136
1583,6760.92334307,1.11436775167
1584,6760.87368891,1.11353963697
1585,6760.82410851,1.11271269509
1586,6760.7746017,1.11188692386
1587,6760.72516834,1.11106232113
1588,6760.67580826,1.11023888474
1589,6760.62652131,1.10941661255
1590,6760.57730732,1.10859550242
1591,6760.52816615,1.1077755522
1592,6760.47909762,1.10695675976
1593,6760.4301016,1.10613912298
1594,6760.38117791,1.10532263972
1595,6760.33232642,1.10450730788
1596,6760.28354695,1.10369312533
1597,6760.23483936,1.10288008998
1598,6760.18620349,1.1020681997
1599,6760.13763919,1.10125745241
1600,6760.0891463,1.10044784601
1601,6760.04072468,1.09963937841
1602,6759.99237417,1.09883204752
1603,6759.94409462,1.09802585127
1604,6759.89588587,1.09722078758
1605,6759.84774778,1.09641685437
1606,6759.79968019,1.09561404958
1607,6759.75168295,1.09481237115
1608,6759.70375592,1.09401181702
1609,6759.65589894,1.09321238513
1610,6759.60811186,1.09241407345
1611,6759.56039454,1.09161687993
1612,6759.51274683,1.09082080253
1613,6759.46516857,1.09002583921
1614,6759.41765963,1.08923198794
1615,6759.37021985,1.08843924671
1616,6759.32284908,1.08764761349
1617,6759.27554719,1.08685708626
1618,6759.22831402,1.08606766302
1619,6759.18114943,1.08527934176
1620,6759.13405327,1.08449212046
1621,6759.0870254,1.08370599715
1622,6759.04006567,1.08292096982
1623,6758.99317393,1.08213703649
1624,6758.94635006,1.08135419516
1625,6758.89959389,1.08057244387
1626,6758.85290529,1.07979178063
1627,6758.80628412,1.07901220348
1628,6758.75973023,1.07823371045
1629,6758.71324348,1.07745629957
1630,6758.66682373,1.0766799689
1631,6758.62047083,1.07590471646
1632,6758.57418466,1.07513054033
1633,6758.52796506,1.07435743854
1634,6758.48181189,1.07358540917
1635,6758.43572502,1.07281445027
1636,6758.38970431,1.07204455991
1637,6758.34374962,1.07127573617
1638,6758.2978608,1.07050797712
1639,6758.25203773,1.06974128085
1640,6758.20628025,1.06897564543
1641,6758.16058824,1.06821106897
1642,6758.11496156,1.06744754954
1643,6758.06940007,1.06668508526
1644,6758.02390364,1.06592367422
1645,6757.97847212,1.06516331453
1646,6757.93310538,1.0644040043
1647,6757.88780329,1.06364574165
1648,6757.84256571,1.06288852469
1649,6757.79739251,1.06213235154
1650,6757.75228355,1.06137722035
1651,6757.70723869,1.06062312922
1652,6757.66225781,1.05987007631
1653,6757.61734077,1.05911805975
1654,6757.57248744,1.05836707769
1655,6757.52769768,1.05761712827
1656,6757.48297137,1.05686820964
1657,6757.43830836,1.05612031997
1658,6757.39370853,1.05537345741
1659,6757.34917175,1.05462762012
1660,6757.30469789,1.05388280628
1661,6757.26028681,1.05313901405
1662,6757.21593839,1.05239624161
1663,6757.17165249,1.05165448715
1664,6757.12742898,1.05091374884
1665,6757.08326775,1.05017402488
1666,6757.03916865,1.04943531345
1667,6756.99513155,1.04869761276
1668,6756.95115634,1.047960921
1669,6756.90724288,1.04722523638
1670,6756.86339104,1.0464905571
1671,6756.8196007,1.04575688137
1672,6756.77587173,1.04502420742
1673,6756.732204,1.04429253346
1674,6756.68859739,1.04356185772
1675,6756.64505176,1.04283217841
1676,6756.60156701,1.04210349378
1677,6756.55814299,1.04137580206
1678,6756.51477958,1.04064910149
1679,6756.47147667,1.03992339031
1680,6756.42823412,1.03919866676
1681,6756.38505181,1.0384749291
1682,6756.34192961,1.03775217558
1683,6756.29886741,1.03703040446
1684,6756.25586508,1.036309614
1685,6756.2129225,1.03558980246
1686,6756.17003954,1.03487096812
1687,6756.12721608,1.03415310925
1688,6756.08445201,1.03343622412
1689,6756.04174719,1.03272031102
1690,6755.99910151,1.03200536823
1691,6755.95651484,1.03129139403
1692,6755.91398708,1.03057838673
1693,6755.87151808,1.0298663446
1694,6755.82910774,1.02915526596
1695,6755.78675594,1.0284451491
1696,6755.74446255,1.02773599233
1697,6755.70222746,1.02702779397
1698,6755.66005055,1.02632055232
1699,6755.61793169,1.0256142657
1700,6755.57587078,1.02490893243
1701,6755.53386768,1.02420455084
1702,6755.4919223,1.02350111925
1703,6755.4500345,1.022798636
1704,6755.40820417,1.02209709942
1705,6755.36643119,1.02139650784
1706,6755.32471546,1.02069685962
1707,6755.28305684,1.0199981531
1708,6755.24145523,1.01930038662
1709,6755.1999105,1.01860355854
1710,6755.15842255,1.01790766722
1711,6755.11699126,1.01721271101
1712,6755.07561652,1.01651868828
1713,6755.0342982,1.0158255974
1714,6754.9930362,1.01513343673
1715,6754.9518304,1.01444220465
1716,6754.91068069,1.01375189954
1717,6754.86958695,1.01306251978
1718,6754.82854908,1.01237406374
1719,6754.78756695,1.01168652983
1720,6754.74664046,1.01099991642
1721,6754.70576949,1.01031422192
1722,6754.66495394,1.00962944472
1723,6754.62419368,1.00894558323
1724,6754.58348862,1.00826263584
1725,6754.54283863,1.00758060097
1726,6754.50224362,1.00689947703
1727,6754.46170345,1.00621926243
1728,6754.42121804,1.00553995558
1729,6754.38078726,1.00486155492
1730,6754.34041101,1.00418405887
1731,6754.30008917,1.00350746585
1732,6754.25982165,1.0028317743
1733,6754.21960832,1.00215698264
1734,6754.17944909,1.00148308933
1735,6754.13934383,1.00081009279
1736,6754.09929245,1.00013799148
1737,6754.05929484,0.99946678384
1738,6754.01935089,0.998796468324
1739,6753.97946049,0.998127043386
1740,6753.93962353,0.997458507483
1741,6753.89983992,0.996790859076
1742,6753.86010953,0.99612409663
1743,6753.82043227,0.995458218612
1744,6753.78080803,0.994793223492
1745,6753.7412367,0.994129109744
1746,6753.70171818,0.993465875845
1747,6753.66225237,0.992803520275
1748,6753.62283915,0.992142041518
1749,6753.58347843,0.99148143806
1750,6753.54417009,0.99082170839
1751,6753.50491405,0.990162851003
1752,6753.46571018,0.989504864393
1753,6753.42655839,0.988847747059
1754,6753.38745858,0.988191497505
1755,6753.34841064,0.987536114236
1756,6753.30941446,0.986881595759
1757,6753.27046995,0.986227940587
1758,6753.23157701,0.985575147234
1759,6753.19273553,0.984923214219
1760,6753.15394541,0.984272140062
1761,6753.11520654,0.983621923286
1762,6753.07651883,0.98297256242
1763,6753.03788218,0.982324055994
1764,6752.99929649,0.981676402539
1765,6752.96076165,0.981029600594
1766,6752.92227756,0.980383648696
1767,6752.88384413,0.979738545389
1768,6752.84546125,0.979094289217
1769,6752.80712882,0.97845087873
1770,6752.76884676,0.977808312477
1771,6752.73061494,0.977166589014
1772,6752.69243329,0.976525706898
1773,6752.65430169,0.97588566469
1774,6752.61622006,0.975246460951
1775,6752.57818828,0.97460809425
1776,6752.54020628,0.973970563155
1777,6752.50227393,0.973333866238
1778,6752.46439116,0.972698002074
1779,6752.42655786,0.972062969242
1780,6752.38877394,0.971428766322
1781,6752.35103929,0.970795391898
1782,6752.31335383,0.970162844558
1783,6752.27571745,0.96953112289
1784,6752.23813006,0.968900225488
1785,6752.20059157,0.968270150947
1786,6752.16310187,0.967640897866
1787,6752.12566088,0.967012464845
1788,6752.08826849,0.96638485049
1789,6752.05092462,0.965758053406
1790,6752.01362917,0.965132072205
1791,6751.97638204,0.964506905498
1792,6751.93918315,0.963882551901
1793,6751.90203239,0.963259010034
1794,6751.86492967,0.962636278516
1795,6751.8278749,0.962014355972
1796,6751.79086799,0.961393241029
1797,6751.75390884,0.960772932317
1798,6751.71699736,0.960153428468
1799,6751.68013346,0.959534728117
1800,6751.64331704,0.958916829903
1801,6751.60654802,0.958299732467
1802,6751.5698263,0.957683434451
1803,6751.53315179,0.957067934503
1804,6751.49652439,0.956453231272
1805,6751.45994403,0.955839323409
1806,6751.4234106,0.955226209569
1807,6751.38692401,0.95461388841
1808,6751.35048418,0.954002358591
1809,6751.31409102,0.953391618776
1810,6751.27774443,0.95278166763
1811,6751.24144432,0.952172503821
1812,6751.20519061,0.951564126021
1813,6751.1689832,0.950956532903
1814,6751.13282201,0.950349723143
1815,6751.09670695,0.949743695421
1816,6751.06063792,0.949138448417
1817,6751.02461485,0.948533980817
1818,6750.98863763,0.947930291308
1819,6750.95270619,0.947327378579
1820,6750.91682044,0.946725241323
1821,6750.88098028,0.946123878235
1822,6750.84518563,0.945523288012
1823,6750.8094364,0.944923469354
1824,6750.77373251,0.944324420965
1825,6750.73807387,0.94372614155
1826,6750.70246039,0.943128629817
1827,6750.66689198,0.942531884477
1828,6750.63136856,0.941935904243
1829,6750.59589005,0.941340687831
1830,6750.56045635,0.94074623396
1831,6750.52506738,0.94015254135
1832,6750.48972306,0.939559608726
1833,6750.4544233,0.938967434814
1834,6750.41916801,0.938376018341
1835,6750.38395712,0.937785358041
1836,6750.34879053,0.937195452646
1837,6750.31366816,0.936606300893
1838,6750.27858993,0.936017901521
1839,6750.24355575,0.935430253271
1840,6750.20856554,0.934843354888
1841,6750.17361922,0.934257205117
1842,6750.1387167,0.933671802709
1843,6750.1038579,0.933087146414
1844,6750.06904273,0.932503234987
1845,6750.03427112,0.931920067183
1846,6749.99954298,0.931337641763
1847,6749.96485822,0.930755957487
1848,6749.93021677,0.93017501312
1849,6749.89561854,0.929594807428
1850,6749.86106346,0.929015339179
1851,6749.82655143,0.928436607146
1852,6749.79208239,0.927858610102
1853,6749.75765624,0.927281346822
1854,6749.7232729,0.926704816087
1855,6749.6889323,0.926129016676
1856,6749.65463436,0.925553947374
1857,6749.62037899,0.924979606967
1858,6749.58616611,0.924405994242
1859,6749.55199565,0.923833107991
1860,6749.51786751,0.923260947006
1861,6749.48378164,0.922689510084
1862,6749.44973793,0.922118796021
1863,6749.41573632,0.92154880362
1864,6749.38177673,0.920979531681
1865,6749.34785907,0.920410979011
1866,6749.31398327,0.919843144417
1867,6749.28014925,0.919276026708
1868,6749.24635693,0.918709624697
1869,6749.21260623,0.918143937198
1870,6749.17889707,0.917578963028
1871,6749.14522939,0.917014701007
1872,6749.11160308,0.916451149956
1873,6749.07801809,0.915888308698
1874,6749.04447434,0.91532617606
1875,6749.01097174,0.914764750871
1876,6748.97751021,0.91420403196
1877,6748.94408969,0.913644018162
1878,6748.9107101,0.913084708312
1879,6748.87737136,0.912526101247
1880,6748.84407338,0.911968195808
1881,6748.81081611,0.911410990836
1882,6748.77759946,0.910854485177
1883,6748.74442335,0.910298677676
1884,6748.71128771,0.909743567184
1885,6748.67819246,0.909189152551
1886,6748.64513754,0.908635432631
1887,6748.61212285,0.90808240628
1888,6748.57914834,0.907530072356
1889,6748.54621392,0.90697842972
1890,6748.51331952,0.906427477233
1891,6748.48046507,0.905877213762
1892,6748.44765049,0.905327638172
1893,6748.4148757,0.904778749333
1894,6748.38214064,0.904230546116
1895,6748.34944523,0.903683027396
1896,6748.31678939,0.903136192047
1897,6748.28417306,0.902590038949
1898,6748.25159616,0.90204456698
1899,6748.21905861,0.901499775025
1900,6748.18656035,0.900955661967
1901,6748.1541013,0.900412226693
1902,6748.12168139,0.899869468092
1903,6748.08930054,0.899327385055
1904,6748.05695869,0.898785976476
1905,6748.02465576,0.89824524125
1906,6747.99239169,0.897705178274
1907,6747.96016639,0.897165786448
1908,6747.9279798,0.896627064675
1909,6747.89583185,0.896089011858
1910,6747.86372246,0.895551626903
1911,6747.83165156,0.895014908719
1912,6747.79961909,0.894478856216
1913,6747.76762498,0.893943468306
1914,6747.73566914,0.893408743905
1915,6747.70375152,0.892874681928
1916,6747.67187204,0.892341281295
1917,6747.64003063,0.891808540926
1918,6747.60822722,0.891276459745
1919,6747.57646174,0.890745036677
1920,6747.54473413,0.890214270648
1921,6747.51304431,0.889684160589
1922,6747.48139222,0.88915470543
1923,6747.44977778,0.888625904105
1924,6747.41820093,0.888097755549
1925,6747.3866616,0.887570258699
1926,6747.35515971,0.887043412497
1927,6747.32369521,0.886517215881
1928,6747.29226802,0.885991667798
1929,6747.26087807,0.885466767191
1930,6747.2295253,0.88494251301
1931,6747.19820964,0.884418904203
1932,6747.16693102,0.883895939722
1933,6747.13568937,0.883373618522
1934,6747.10448463,0.882851939558
1935,6747.07331673,0.882330901787
1936,6747.0421856,0.88181050417
1937,6747.01109118,0.881290745669
1938,6746.9800334,0.880771625246
1939,6746.94901219,0.880253141869
1940,6746.91802748,0.879735294504
1941,6746.88707921,0.879218082122
1942,6746.85616732,0.878701503693
1943,6746.82529174,0.878185558193
1944,6746.79445239,0.877670244597
1945,6746.76364923,0.877155561881
1946,6746.73288217,0.876641509026
1947,6746.70215116,0.876128085014
1948,6746.67145613,0.875615288828
1949,6746.64079702,0.875103119452
1950,6746.61017375,0.874591575876
1951,6746.57958627,0.874080657087
1952,6746.54903452,0.873570362078
1953,6746.51851842,0.873060689841
1954,6746.48803791,0.872551639371
1955,6746.45759293,0.872043209666
1956,6746.42718341,0.871535399724
1957,6746.39680929,0.871028208546
1958,6746.36647052,0.870521635136
1959,6746.33616701,0.870015678496
1960,6746.30589871,0.869510337635
1961,6746.27566556,0.869005611561
1962,6746.24546749,0.868501499283
1963,6746.21530445,0.867997999814
1964,6746.18517636,0.867495112168
1965,6746.15508316,0.866992835362
1966,6746.1250248,0.866491168412
1967,6746.09500121,0.865990110339
1968,6746.06501232,0.865489660163
1969,6746.03505808,0.864989816909
1970,6746.00513842,0.864490579602
1971,6745.97525329,0.863991947269
1972,6745.94540261,0.863493918938
1973,6745.91558633,0.862996493641
1974,6745.88580439,0.86249967041
1975,6745.85605673,0.862003448279
1976,6745.82634327,0.861507826286
1977,6745.79666398,0.861012803467
1978,6745.76701877,0.860518378863
1979,6745.73740759,0.860024551516
1980,6745.70783039,0.859531320469
1981,6745.6782871,0.859038684767
1982,6745.64877765,0.858546643458
1983,6745.619302,0.858055195591
1984,6745.58986008,0.857564340215
1985,6745.56045182,0.857074076385
1986,6745.53107718,0.856584403154
1987,6745.50173608,0.856095319578
1988,6745.47242848,0.855606824716
1989,6745.44315431,0.855118917626
1990,6745.41391351,0.854631597371
1991,6745.38470603,0.854144863013
1992,6745.35553179,0.853658713617
1993,6745.32639076,0.85317314825
1994,6745.29728286,0.852688165982
1995,6745.26820804,0.85220376588
1996,6745.23916623,0.851719947019
1997,6745.21015739,0.851236708471
1998,6745.18118145,0.850754049313
1999,6745.15223836,0.85027196862
2000,6745.12332805,0.849790465472
2001,6745.09445047,0.84930953895
2002,6745.06560557,0.848829188136
2003,6745.03679327,0.848349412114
2004,6745.00801353,0.84787020997
2005,6744.9792663,0.847391580792
2006,6744.9505515,0.846913523668
2007,6744.92186909,0.846436037689
2008,6744.893219,0.845959121949
2009,6744.86460119,0.845482775541
2010,6744.83601559,0.845006997562
2011,6744.80746215,0.844531787109
2012,6744.77894081,0.844057143282
2013,6744.75045152,0.843583065181
2014,6744.72199421,0.843109551909
2015,6744.69356884,0.842636602572
2016,6744.66517535,0.842164216274
2017,6744.63681367,0.841692392124
2018,6744.60848376,0.841221129231
2019,6744.58018556,0.840750426706
2020,6744.55191902,0.840280283661
2021,6744.52368407,0.839810699212
2022,6744.49548067,0.839341672474
2023,6744.46730876,0.838873202566
2024,6744.43916828,0.838405288605
2025,6744.41105918,0.837937929713
2026,6744.38298141,0.837471125013
2027,6744.3549349,0.837004873629
2028,6744.32691961,0.836539174687
2029,6744.29893549,0.836074027314
2030,6744.27098246,0.835609430639
2031,6744.2430605,0.835145383794
2032,6744.21516953,0.834681885909
2033,6744.1873095,0.83421893612
2034,6744.15948037,0.833756533561
2035,6744.13168207,0.833294677371
2036,6744.10391456,0.832833366686
2037,6744.07617778,0.832372600649
2038,6744.04847168,0.8319123784
2039,6744.0207962,0.831452699083
2040,6743.99315129,0.830993561844
2041,6743.9655369,0.830534965829
2042,6743.93795298,0.830076910185
2043,6743.91039947,0.829619394064
2044,6743.88287632,0.829162416616
2045,6743.85538348,0.828705976994
2046,6743.82792089,0.828250074353
2047,6743.80048851,0.827794707848
2048,6743.77308628,0.827339876638
2049,6743.74571414,0.826885579882
2050,6743.71837206,0.826431816739
2051,6743.69105997,0.825978586373
2052,6743.66377782,0.825525887947
2053,6743.63652557,0.825073720627
2054,6743.60930316,0.82462208358
2055,6743.58211054,0.824170975973
2056,6743.55494765,0.823720396977
2057,6743.52781446,0.823270345763
2058,6743.5007109,0.822820821504
2059,6743.47363692,0.822371823375
2060,6743.44659248,0.821923350552
2061,6743.41957753,0.821475402212
2062,6743.39259201,0.821027977534
2063,6743.36563587,0.820581075699
2064,6743.33870906,0.820134695889
2065,6743.31181154,0.819688837287
2066,6743.28494325,0.819243499079
2067,6743.25810414,0.81879868045
2068,6743.23129417,0.818354380589
2069,6743.20451328,0.817910598686
2070,6743.17776142,0.817467333931
2071,6743.15103855,0.817024585517
2072,6743.12434461,0.816582352638
2073,6743.09767955,0.816140634489
2074,6743.07104334,0.815699430268
2075,6743.0444359,0.815258739171
2076,6743.01785721,0.8148185604
2077,6742.9913072,0.814378893155
2078,6742.96478584,0.81393973664
2079,6742.93829306,0.813501090058
2080,6742.91182883,0.813062952615
2081,6742.8853931,0.812625323518
2082,6742.8589858,0.812188201976
2083,6742.83260691,0.811751587198
2084,6742.80625637,0.811315478397
2085,6742.77993412,0.810879874784
2086,6742.75364013,0.810444775574
2087,6742.72737435,0.810010179983
2088,6742.70113672,0.809576087229
2089,6742.67492721,0.809142496528
2090,6742.64874575,0.808709407102
2091,6742.62259232,0.808276818172
2092,6742.59646685,0.807844728961
2093,6742.5703693,0.807413138692
2094,6742.54429962,0.806982046592
2095,6742.51825777,0.806551451888
2096,6742.4922437,0.806121353807
2097,6742.46625736,0.80569175158
2098,6742.44029871,0.805262644439
2099,6742.41436769,0.804834031614
2100,6742.38846427,0.804405912341
2101,6742.3625884,0.803978285856
2102,6742.33674003,0.803551151394
2103,6742.31091911,0.803124508193
2104,6742.28512559,0.802698355495
2105,6742.25935944,0.802272692538
2106,6742.23362061,0.801847518567
2107,6742.20790904,0.801422832823
2108,6742.1822247,0.800998634553
2109,6742.15656753,0.800574923002
2110,6742.1309375,0.800151697419
2111,6742.10533456,0.799728957052
2112,6742.07975866,0.799306701152
2113,6742.05420975,0.798884928971
2114,6742.0286878,0.798463639762
2115,6742.00319275,0.798042832779
2116,6741.97772457,0.797622507278
2117,6741.9522832,0.797202662517
2118,6741.92686861,0.796783297753
2119,6741.90148074,0.796364412247
2120,6741.87611955,0.79594600526
2121,6741.850785,0.795528076055
2122,6741.82547705,0.795110623895
2123,6741.80019565,0.794693648045
2124,6741.77494075,0.794277147773
2125,6741.74971231,0.793861122345
2126,6741.72451029,0.79344557103
2127,6741.69933464,0.7930304931
2128,6741.67418532,0.792615887827
2129,6741.64906229,0.792201754482
2130,6741.6239655,0.79178809234
2131,6741.59889491,0.791374900678
2132,6741.57385048,0.790962178771
2133,6741.54883215,0.790549925899
2134,6741.5238399,0.79013814134
2135,6741.49887366,0.789726824376
2136,6741.47393342,0.789315974289
2137,6741.44901911,0.788905590362
2138,6741.4241307,0.788495671879
2139,6741.39926814,0.788086218127
2140,6741.37443139,0.787677228394
2141,6741.34962041,0.787268701966
2142,6741.32483515,0.786860638135
2143,6741.30007558,0.786453036191
2144,6741.27534165,0.786045895427
2145,6741.25063332,0.785639215136
2146,6741.22595055,0.785232994613
2147,6741.20129329,0.784827233155
2148,6741.1766615,0.784421930057
2149,6741.15205514,0.78401708462
2150,6741.12747417,0.783612696143
2151,6741.10291855,0.783208763926
2152,6741.07838823,0.782805287273
2153,6741.05388317,0.782402265488
2154,6741.02940334,0.781999697873
2155,6741.00494869,0.781597583737
2156,6740.98051918,0.781195922386
2157,6740.95611477,0.780794713129
2158,6740.93173541,0.780393955275
2159,6740.90738107,0.779993648136
2160,6740.88305171,0.779593791023
2161,6740.85874727,0.779194383251
2162,6740.83446774,0.778795424133
2163,6740.81021305,0.778396912986
2164,6740.78598318,0.777998849127
2165,6740.76177808,0.777601231874
2166,6740.73759771,0.777204060546
2167,6740.71344203,0.776807334465
2168,6740.689311,0.776411052952
2169,6740.66520459,0.77601521533
2170,6740.64112274,0.775619820924
2171,6740.61706542,0.775224869059
2172,6740.5930326,0.774830359062
2173,6740.56902422,0.774436290261
2174,6740.54504026,0.774042661985
2175,6740.52108066,0.773649473563
2176,6740.4971454,0.773256724329
2177,6740.47323443,0.772864413614
2178,6740.44934771,0.772472540752
2179,6740.42548521,0.772081105077
2180,6740.40164688,0.771690105928
2181,6740.37783268,0.77129954264
2182,6740.35404258,0.770909414552
2183,6740.33027654,0.770519721004
2184,6740.30653451,0.770130461336
2185,6740.28281646,0.769741634891
2186,6740.25912236,0.769353241013
2187,6740.23545215,0.768965279044
2188,6740.21180581,0.768577748331
2189,6740.18818329,0.768190648221
2190,6740.16458456,0.767803978061
2191,6740.14100957,0.7674177372
2192,6740.11745829,0.767031924988
2193,6740.09393069,0.766646540776
2194,6740.07042671,0.766261583918
2195,6740.04694633,0.765877053765
2196,6740.02348951,0.765492949674
2197,6740.00005621,0.765109270999
2198,6739.97664639,0.764726017098
2199,6739.95326001,0.764343187329
2200,6739.92989703,0.763960781051
2201,6739.90655743,0.763578797623
2202,6739.88324115,0.763197236409
2203,6739.85994817,0.76281609677
2204,6739.83667844,0.762435378069
2205,6739.81343194,0.762055079672
2206,6739.79020861,0.761675200945
2207,6739.76700843,0.761295741254
2208,6739.74383135,0.760916699967
2209,6739.72067734,0.760538076455
2210,6739.69754637,0.760159870086
2211,6739.67443839,0.759782080233
2212,6739.65135338,0.759404706268
2213,6739.62829128,0.759027747565
2214,6739.60525207,0.758651203499
2215,6739.58223572,0.758275073444
2216,6739.55924217,0.757899356779
2217,6739.5362714,0.757524052881
2218,6739.51332338,0.757149161129
2219,6739.49039805,0.756774680904
2220,6739.4674954,0.756400611586
2221,6739.44461538,0.756026952558
2222,6739.42175795,0.755653703203
2223,6739.39892309,0.755280862907
2224,6739.37611075,0.754908431053
2225,6739.3533209,0.75453640703
2226,6739.3305535,0.754164790225
2227,6739.30780852,0.753793580026
2228,6739.28508592,0.753422775823
2229,6739.26238566,0.753052377007
2230,6739.23970772,0.752682382971
2231,6739.21705205,0.752312793107
2232,6739.19441863,0.751943606809
2233,6739.17180741,0.751574823472
2234,6739.14921836,0.751206442493
2235,6739.12665144,0.750838463269
2236,6739.10410663,0.750470885198
2237,6739.08158388,0.750103707679
2238,6739.05908316,0.749736930113
2239,6739.03660443,0.749370551901
2240,6739.01414767,0.749004572445
2241,6738.99171283,0.74863899115
2242,6738.96929989,0.748273807419
2243,6738.9469088,0.747909020658
2244,6738.92453954,0.747544630274
2245,6738.90219206,0.747180635674
2246,6738.87986634,0.746817036267
2247,6738.85756234,0.746453831463
2248,6738.83528002,0.746091020672
2249,6738.81301936,0.745728603306
2250,6738.79078031,0.745366578778
2251,6738.76856285,0.745004946501
2252,6738.74636694,0.74464370589
2253,6738.72419254,0.744282856361
2254,6738.70203963,0.743922397331
2255,6738.67990817,0.743562328218
2256,6738.65779812,0.74320264844
2257,6738.63570945,0.742843357417
2258,6738.61364214,0.74248445457
2259,6738.59159614,0.742125939321
2260,6738.56957142,0.741767811093
2261,6738.54756794,0.741410069308
2262,6738.52558569,0.741052713393
2263,6738.50362461,0.740695742773
2264,6738.48168469,0.740339156875
2265,6738.45976588,0.739982955126
2266,6738.43786816,0.739627136956
2267,6738.41599148,0.739271701793
2268,6738.39413583,0.738916649069
2269,6738.37230116,0.738561978216
2270,6738.35048744,0.738207688665
2271,6738.32869464,0.737853779852
2272,6738.30692273,0.73750025121
2273,6738.28517168,0.737147102174
2274,6738.26344145,0.736794332183
2275,6738.241732,0.736441940672
2276,6738.22004332,0.736089927082
2277,6738.19837536,0.73573829085
2278,6738.1767281,0.735387031418
2279,6738.1551015,0.735036148227
2280,6738.13349552,0.734685640719
2281,6738.11191015,0.734335508338
2282,6738.09034534,0.733985750528
2283,6738.06880107,0.733636366735
2284,6738.0472773,0.733287356403
2285,6738.025774,0.732938718981
2286,6738.00429114,0.732590453917
2287,6737.98282868,0.73224256066
2288,6737.96138661,0.731895038659
2289,6737.93996488,0.731547887366
2290,6737.91856346,0.731201106232
2291,6737.89718232,0.73085469471
2292,6737.87582144,0.730508652255
2293,6737.85448077,0.73016297832
2294,6737.8331603,0.729817672361
2295,6737.81185998,0.729472733835
2296,6737.79057979,0.7291281622
2297,6737.76931969,0.728783956913
2298,6737.74807966,0.728440117434
2299,6737.72685967,0.728096643223
2300,6737.70565968,0.727753533742
2301,6737.68447966,0.727410788453
2302,6737.66331958,0.727068406818
2303,6737.64217942,0.726726388301
2304,6737.62105913,0.726384732368
2305,6737.5999587,0.726043438484
2306,6737.57887809,0.725702506115
2307,6737.55781727,0.72536193473
2308,6737.53677621,0.725021723797
2309,6737.51575488,0.724681872785
2310,6737.49475324,0.724342381165
2311,6737.47377128,0.724003248407
2312,6737.45280896,0.723664473985
2313,6737.43186625,0.72332605737
2314,6737.41094312,0.722987998037
2315,6737.39003953,0.72265029546
2316,6737.36915547,0.722312949116
2317,6737.3482909,0.721975958481
2318,6737.32744579,0.721639323032
2319,6737.30662011,0.721303042248
2320,6737.28581384,0.720967115607
2321,6737.26502693,0.720631542591
2322,6737.24425937,0.72029632268
2323,6737.22351113,0.719961455356
2324,6737.20278216,0.719626940102
2325,6737.18207246,0.719292776402
2326,6737.16138198,0.718958963739
2327,6737.14071069,0.7186255016
2328,6737.12005858,0.718292389471
2329,6737.0994256,0.717959626839
2330,6737.07881173,0.717627213192
2331,6737.05821695,0.717295148018
2332,6737.03764121,0.716963430808
2333,6737.0170845,0.716632061053
2334,6736.99654679,0.716301038243
2335,6736.97602804,0.715970361872
2336,6736.95552823,0.715640031432
2337,6736.93504732,0.715310046417
2338,6736.9145853,0.714980406323
2339,6736.89414213,0.714651110645
2340,6736.87371779,0.71432215888
2341,6736.85331223,0.713993550525
2342,6736.83292545,0.713665285079
2343,6736.81255741,0.713337362041
2344,6736.79220807,0.713009780911
2345,6736.77187742,0.712682541189
2346,6736.75156543,0.712355642378
2347,6736.73127206,0.712029083981
2348,6736.71099729,0.7117028655
2349,6736.69074109,0.711376986439
2350,6736.67050343,0.711051446305
2351,6736.65028429,0.710726244603
2352,6736.63008364,0.710401380839
2353,6736.60990144,0.710076854521
2354,6736.58973768,0.709752665158
2355,6736.56959233,0.709428812259
2356,6736.54946535,0.709105295334
2357,6736.52935672,0.708782113894
2358,6736.50926641,0.70845926745
2359,6736.4891944,0.708136755516
2360,6736.46914066,0.707814577604
2361,6736.44910516,0.707492733229
2362,6736.42908787,0.707171221906
2363,6736.40908877,0.706850043151
2364,6736.38910782,0.70652919648
2365,6736.36914501,0.70620868141
2366,6736.34920031,0.705888497461
2367,6736.32927368,0.70556864415
2368,6736.30936511,0.705249120999
2369,6736.28947456,0.704929927527
2370,6736.269602,0.704611063257
2371,6736.24974742,0.70429252771
2372,6736.22991079,0.703974320409
2373,6736.21009207,0.70365644088
2374,6736.19029124,0.703338888645
2375,6736.17050828,0.703021663231
2376,6736.15074316,0.702704764165
2377,6736.13099585,0.702388190972
2378,6736.11126633,0.702071943182
2379,6736.09155456,0.701756020323
2380,6736.07186053,0.701440421923
2381,6736.05218421,0.701125147515
2382,6736.03252557,0.700810196628
2383,6736.01288458,0.700495568794
2384,6735.99326122,0.700181263546
2385,6735.97365547,0.699867280418
2386,6735.95406729,0.699553618944
2387,6735.93449667,0.699240278658
2388,6735.91494357,0.698927259097
2389,6735.89540797,0.698614559796
2390,6735.87588984,0.698302180294
2391,6735.85638916,0.697990120128
2392,6735.8369059,0.697678378838
2393,6735.81744005,0.697366955962
2394,6735.79799156,0.697055851041
2395,6735.77856042,0.696745063617
2396,6735.7591466,0.696434593231
2397,6735.73975007,0.696124439426
2398,6735.72037082,0.695814601745
2399,6735.70100881,0.695505079733
2400,6735.68166402,0.695195872935
2401,6735.66233642,0.694886980896
2402,6735.64302599,0.694578403163
2403,6735.62373271,0.694270139283
2404,6735.60445654,0.693962188804
2405,6735.58519747,0.693654551275
2406,6735.56595547,0.693347226246
2407,6735.54673052,0.693040213266
2408,6735.52752258,0.692733511887
2409,6735.50833163,0.69242712166
2410,6735.48915766,0.692121042138
2411,6735.47000063,0.691815272875
2412,6735.45086052,0.691509813424
2413,6735.43173731,0.69120466334
2414,6735.41263097,0.690899822178
2415,6735.39354148,0.690595289495
2416,6735.37446881,0.690291064848
2417,6735.35541293,0.689987147794
2418,6735.33637383,0.689683537892
2419,6735.31735148,0.689380234701
2420,6735.29834586,0.689077237781
2421,6735.27935693,0.688774546693
2422,6735.26038468,0.688472160997
2423,6735.24142908,0.688170080256
2424,6735.22249012,0.687868304033
2425,6735.20356775,0.687566831892
2426,6735.18466197,0.687265663396
2427,6735.16577274,0.686964798111
2428,6735.14690005,0.686664235602
2429,6735.12804386,0.686363975436
2430,6735.10920416,0.68606401718
2431,6735.09038092,0.685764360401
2432,6735.07157411,0.68546500467
2433,6735.05278372,0.685165949553
2434,6735.03400972,0.684867194623
2435,6735.01525209,0.684568739449
2436,6734.99651079,0.684270583603
2437,6734.97778582,0.683972726657
2438,6734.95907714,0.683675168185
2439,6734.94038474,0.683377907758
2440,6734.92170859,0.683080944953
2441,6734.90304866,0.682784279343
2442,6734.88440493,0.682487910505
2443,6734.86577738,0.682191838015
2444,6734.84716599,0.681896061449
2445,6734.82857073,0.681600580387
2446,6734.80999158,0.681305394405
2447,6734.79142852,0.681010503084
2448,6734.77288152,0.680715906003
2449,6734.75435056,0.680421602744
2450,6734.73583562,0.680127592886
2451,6734.71733667,0.679833876012
2452,6734.6988537,0.679540451706
2453,6734.68038667,0.679247319549
2454,6734.66193558,0.678954479126
2455,6734.64350038,0.678661930022
2456,6734.62508107,0.678369671823
2457,6734.60667761,0.678077704113
2458,6734.58829,0.677786026481
2459,6734.56991819,0.677494638513
2460,6734.55156218,0.677203539798
2461,6734.53322193,0.676912729924
2462,6734.51489743,0.676622208481
2463,6734.49658865,0.67633197506
2464,6734.47829558,0.67604202925
2465,6734.46001818,0.675752370643
2466,6734.44175644,0.675462998832
2467,6734.42351034,0.67517391341
2468,6734.40527985,0.674885113969
2469,6734.38706494,0.674596600105
2470,6734.36886561,0.674308371411
2471,6734.35068182,0.674020427485
2472,6734.33251356,0.67373276792
2473,6734.3143608,0.673445392316
2474,6734.29622352,0.673158300268
2475,6734.2781017,0.672871491376
2476,6734.25999531,0.672584965238
2477,6734.24190434,0.672298721453
2478,6734.22382876,0.672012759622
2479,6734.20576856,0.671727079346
2480,6734.1877237,0.671441680226
2481,6734.16969417,0.671156561863
2482,6734.15167995,0.670871723862
2483,6734.13368102,0.670587165825
2484,6734.11569734,0.670302887357
2485,6734.09772891,0.670018888061
2486,6734.0797757,0.669735167544
2487,6734.06183769,0.669451725412
2488,6734.04391486,0.669168561271
2489,6734.02600718,0.668885674728
2490,6734.00811464,0.668603065392
2491,6733.99023722,0.668320732871
2492,6733.97237488,0.668038676774
2493,6733.95452762,0.667756896711
2494,6733.93669541,0.667475392293
2495,6733.91887823,0.667194163131
2496,6733.90107606,0.666913208837
2497,6733.88328887,0.666632529022
2498,6733.86551665,0.666352123301
2499,6733.84775938,0.666071991286
2500,6733.83001703,0.665792132593
2501,6733.81228959,0.665512546836
2502,6733.79457703,0.66523323363
2503,6733.77687933,0.664954192592
2504,6733.75919648,0.664675423339
2505,6733.74152845,0.664396925488
2506,6733.72387521,0.664118698658
2507,6733.70623676,0.663840742466
2508,6733.68861306,0.663563056533
2509,6733.67100411,0.663285640478
2510,6733.65340987,0.663008493922
2511,6733.63583033,0.662731616486
2512,6733.61826547,0.662455007792
2513,6733.60071527,0.662178667462
2514,6733.5831797,0.66190259512
2515,6733.56565875,0.661626790388
2516,6733.5481524,0.661351252892
2517,6733.53066062,0.661075982256
2518,6733.5131834,0.660800978106
2519,6733.49572071,0.660526240068
2520,6733.47827254,0.660251767768
2521,6733.46083887,0.659977560834
2522,6733.44341967,0.659703618894
2523,6733.42601493,0.659429941576
2524,6733.40862462,0.659156528509
2525,6733.39124873,0.658883379324
2526,6733.37388723,0.65861049365
2527,6733.35654011,0.658337871119
2528,6733.33920735,0.658065511362
2529,6733.32188892,0.657793414011
2530,6733.30458481,0.6575215787
2531,6733.287295,0.65725000506
2532,6733.27001946,0.656978692727
2533,6733.25275818,0.656707641334
2534,6733.23551114,0.656436850518
2535,6733.21827832,0.656166319913
2536,6733.2010597,0.655896049156
2537,6733.18385526,0.655626037884
2538,6733.16666498,0.655356285735
2539,6733.14948883,0.655086792345
2540,6733.13232681,0.654817557355
2541,6733.1151789,0.654548580404
2542,6733.09804506,0.65427986113
2543,6733.08092529,0.654011399176
2544,6733.06381956,0.653743194181
2545,6733.04672786,0.653475245787
2546,6733.02965016,0.653207553637
2547,6733.01258645,0.652940117372
2548,6732.99553671,0.652672936638
2549,6732.97850091,0.652406011077
2550,6732.96147905,0.652139340333
2551,6732.9444711,0.651872924053
2552,6732.92747704,0.651606761881
2553,6732.91049685,0.651340853464
2554,6732.89353051,0.651075198449
2555,6732.87657801,0.650809796483
2556,6732.85963933,0.650544647213
2557,6732.84271444,0.650279750289
2558,6732.82580333,0.65001510536
2559,6732.80890598,0.649750712074
2560,6732.79202238,0.649486570083
2561,6732.77515249,0.649222679037
2562,6732.75829631,0.648959038587
2563,6732.74145382,0.648695648386
2564,6732.72462499,0.648432508085
2565,6732.70780981,0.648169617338
2566,6732.69100827,0.647906975798
2567,6732.67422033,0.64764458312
2568,6732.65744598,0.647382438958
2569,6732.64068521,0.647120542967
2570,6732.623938,0.646858894803
2571,6732.60720433,0.646597494123
2572,6732.59048417,0.646336340583
2573,6732.57377752,0.646075433842
2574,6732.55708435,0.645814773556
2575,6732.54040464,0.645554359385
2576,6732.52373838,0.645294190987
2577,6732.50708556,0.645034268023
2578,6732.49044614,0.644774590152
2579,6732.47382011,0.644515157036
2580,6732.45720746,0.644255968335
2581,6732.44060817,0.643997023712
2582,6732.42402222,0.643738322829
2583,6732.40744958,0.643479865348
2584,6732.39089025,0.643221650934
2585,6732.37434421,0.642963679251
2586,6732.35781143,0.642705949962
2587,6732.3412919,0.642448462733
2588,6732.32478561,0.64219121723
2589,6732.30829253,0.641934213119
2590,6732.29181264,0.641677450066
2591,6732.27534594,0.64142092774
2592,6732.25889239,0.641164645807
2593,6732.24245199,0.640908603936
2594,6732.22602472,0.640652801796
2595,6732.20961055,0.640397239056
2596,6732.19320948,0.640141915387
2597,6732.17682148,0.639886830458
2598,6732.16044653,0.639631983941
2599,6732.14408463,0.639377375507
2600,6732.12773575,0.639123004828
2601,6732.11139987,0.638868871577
2602,6732.09507697,0.638614975427
2603,6732.07876705,0.638361316051
2604,6732.06247008,0.638107893124
2605,6732.04618604,0.63785470632
2606,6732.02991492,0.637601755315
2607,6732.01365671,0.637349039784
2608,6731.99741137,0.637096559403
2609,6731.98117891,0.63684431385
2610,6731.96495929,0.636592302801
2611,6731.94875251,0.636340525934
2612,6731.93255854,0.636088982928
2613,6731.91637737,0.635837673461
2614,6731.90020898,0.635586597212
2615,6731.88405336,0.635335753862
2616,6731.86791048,0.635085143091
2617,6731.85178033,0.63483476458
2618,6731.8356629,0.634584618009
2619,6731.81955817,0.634334703062
2620,6731.80346612,0.63408501942
2621,6731.78738673,0.633835566766
2622,6731.77131999,0.633586344784
2623,6731.75526588,0.633337353157
2624,6731.73922438,0.633088591571
2625,6731.72319548,0.632840059709
2626,6731.70717916,0.632591757258
2627,6731.69117541,0.632343683903
2628,6731.6751842,0.63209583933
2629,6731.65920553,0.631848223227
2630,6731.64323937,0.631600835282
2631,6731.6272857,0.631353675181
2632,6731.61134452,0.631106742614
2633,6731.59541581,0.630860037269
2634,6731.57949955,0.630613558835
2635,6731.56359571,0.630367307004
2636,6731.5477043,0.630121281464
2637,6731.53182528,0.629875481908
2638,6731.51595865,0.629629908026
2639,6731.50010439,0.62938455951
2640,6731.48426248,0.629139436053
2641,6731.4684329,0.628894537347
2642,6731.45261565,0.628649863087
2643,6731.43681069,0.628405412965
2644,6731.42101803,0.628161186676
2645,6731.40523764,0.627917183915
2646,6731.3894695,0.627673404377
2647,6731.3737136,0.627429847759
2648,6731.35796993,0.627186513755
2649,6731.34223846,0.626943402064
2650,6731.32651918,0.626700512382
2651,6731.31081208,0.626457844407
2652,6731.29511715,0.626215397837
2653,6731.27943435,0.625973172371
2654,6731.26376368,0.625731167709
2655,6731.24810513,0.625489383549
2656,6731.23245867,0.625247819592
2657,6731.2168243,0.625006475538
2658,6731.20120199,0.624765351089
2659,6731.18559173,0.624524445946
2660,6731.16999351,0.624283759811
2661,6731.1544073,0.624043292387
2662,6731.1388331,0.623803043377
2663,6731.12327088,0.623563012483
2664,6731.10772064,0.62332319941
2665,6731.09218236,0.623083603863
2666,6731.07665601,0.622844225546
2667,6731.06114159,0.622605064164
2668,6731.04563909,0.622366119424
2669,6731.03014848,0.622127391031
2670,6731.01466974,0.621888878693
2671,6730.99920288,0.621650582116
2672,6730.98374786,0.621412501008
2673,6730.96830468,0.621174635077
2674,6730.95287331,0.620936984032
2675,6730.93745375,0.620699547582
2676,6730.92204598,0.620462325436
2677,6730.90664998,0.620225317304
2678,6730.89126574,0.619988522898
2679,6730.87589325,0.619751941926
2680,6730.86053248,0.619515574102
2681,6730.84518342,0.619279419136
2682,6730.82984606,0.619043476742
2683,6730.81452039,0.618807746631
2684,6730.79920638,0.618572228516
2685,6730.78390403,0.618336922112
2686,6730.76861332,0.618101827133
2687,6730.75333423,0.617866943293
2688,6730.73806674,0.617632270306
2689,6730.72281086,0.617397807889
2690,6730.70756655,0.617163555758
2691,6730.6923338,0.616929513628
2692,6730.67711261,0.616695681216
2693,6730.66190295,0.616462058239
2694,6730.64670481,0.616228644416
2695,6730.63151817,0.615995439465
2696,6730.61634303,0.615762443103
2697,6730.60117936,0.61552965505
2698,6730.58602715,0.615297075025
2699,6730.57088639,0.615064702749
2700,6730.55575706,0.614832537941
2701,6730.54063915,0.614600580322
2702,6730.52553265,0.614368829614
2703,6730.51043753,0.614137285538
2704,6730.49535379,0.613905947816
2705,6730.48028141,0.613674816171
2706,6730.46522037,0.613443890325
2707,6730.45017067,0.613213170003
2708,6730.43513228,0.612982654927
2709,6730.42010519,0.612752344823
2710,6730.40508939,0.612522239415
2711,6730.39008487,0.612292338427
2712,6730.37509161,0.612062641586
2713,6730.36010959,0.611833148618
2714,6730.34513881,0.611603859249
2715,6730.33017924,0.611374773206
2716,6730.31523087,0.611145890216
2717,6730.30029369,0.610917210007
2718,6730.28536769,0.610688732307
2719,6730.27045285,0.610460456844
2720,6730.25554916,0.610232383348
2721,6730.2406566,0.610004511549
2722,6730.22577516,0.609776841175
2723,6730.21090482,0.609549371957
2724,6730.19604557,0.609322103627
2725,6730.1811974,0.609095035914
2726,6730.1663603,0.608868168551
2727,6730.15153424,0.60864150127
2728,6730.13671922,0.608415033802
2729,6730.12191522,0.608188765881
2730,6730.10712222,0.607962697241
2731,6730.09234022,0.607736827614
2732,6730.07756921,0.607511156734
2733,6730.06280915,0.607285684337
2734,6730.04806005,0.607060410158
2735,6730.03332189,0.60683533393
2736,6730.01859466,0.606610455391
2737,6730.00387833,0.606385774276
2738,6729.98917291,0.606161290322
2739,6729.97447837,0.605937003266
2740,6729.9597947,0.605712912845
2741,6729.94512188,0.605489018797
2742,6729.93045992,0.605265320861
2743,6729.91580878,0.605041818775
2744,6729.90116846,0.604818512277
2745,6729.88653894,0.604595401108
2746,6729.87192021,0.604372485007
2747,6729.85731226,0.604149763715
2748,6729.84271507,0.603927236971
2749,6729.82812863,0.603704904519
2750,6729.81355293,0.603482766097
2751,6729.79898795,0.60326082145
2752,6729.78443368,0.603039070318
2753,6729.76989011,0.602817512445
2754,6729.75535722,0.602596147573
2755,6729.740835,0.602374975447
2756,6729.72632344,0.60215399581
2757,6729.71182252,0.601933208406
2758,6729.69733223,0.60171261298
2759,6729.68285256,0.601492209277
2760,6729.6683835,0.601271997043
2761,6729.65392502,0.601051976023
2762,6729.63947713,0.600832145964
2763,6729.6250398,0.600612506613
2764,6729.61061302,0.600393057716
2765,6729.59619678,0.600173799021
2766,6729.58179106,0.599954730276
2767,6729.56739586,0.59973585123
2768,6729.55301116,0.59951716163
2769,6729.53863695,0.599298661226
2770,6729.52427321,0.599080349767
2771,6729.50991994,0.598862227003
2772,6729.49557711,0.598644292685
2773,6729.48124472,0.598426546563
2774,6729.46692275,0.598208988388
2775,6729.45261119,0.597991617911
2776,6729.43831003,0.597774434884
2777,6729.42401925,0.597557439059
2778,6729.40973885,0.597340630189
2779,6729.3954688,0.597124008027
2780,6729.3812091,0.596907572327
2781,6729.36695974,0.596691322841
2782,6729.3527207,0.596475259323
2783,6729.33849196,0.596259381529
2784,6729.32427352,0.596043689214
2785,6729.31006537,0.595828182132
2786,6729.29586749,0.595612860038
2787,6729.28167986,0.59539772269
2788,6729.26750249,0.595182769843
2789,6729.25333534,0.594968001255
2790,6729.23917842,0.594753416682
2791,6729.2250317,0.594539015881
2792,6729.21089519,0.594324798611
2793,6729.19676885,0.59411076463
2794,6729.18265269,0.593896913697
2795,6729.16854669,0.593683245571
2796,6729.15445083,0.59346976001
2797,6729.14036511,0.593256456775
2798,6729.12628951,0.593043335626
2799,6729.11222402,0.592830396324
2800,6729.09816862,0.592617638628
2801,6729.08412332,0.592405062302
2802,6729.07008808,0.592192667105
2803,6729.05606291,0.591980452801
2804,6729.04204779,0.591768419151
2805,6729.0280427,0.591556565918
2806,6729.01404764,0.591344892866
2807,6729.00006259,0.591133399758
2808,6728.98608754,0.590922086357
2809,6728.97212248,0.590710952428
2810,6728.95816739,0.590499997736
2811,6728.94422227,0.590289222045
2812,6728.93028711,0.59007862512
2813,6728.91636188,0.589868206728
2814,6728.90244658,0.589657966634
2815,6728.8885412,0.589447904605
2816,6728.87464572,0.589238020408
2817,6728.86076013,0.589028313809
2818,6728.84688443,0.588818784576
2819,6728.83301859,0.588609432477
2820,6728.81916261,0.58840025728
2821,6728.80531647,0.588191258753
2822,6728.79148017,0.587982436667
2823,6728.77765369,0.587773790789
2824,6728.76383702,0.587565320889
2825,6728.75003015,0.587357026738
2826,6728.73623306,0.587148908105
2827,6728.72244575,0.586940964762
2828,6728.7086682,0.58673319648
2829,6728.69490041,0.586525603029
2830,6728.68114235,0.586318184182
2831,6728.66739402,0.586110939711
2832,6728.65365541,0.585903869388
2833,6728.6399265,0.585696972985
2834,6728.62620728,0.585490250278
2835,6728.61249775,0.585283701037
2836,6728.59879788,0.585077325038
2837,6728.58510768,0.584871122055
2838,6728.57142712,0.584665091863
2839,6728.55775619,0.584459234235
2840,6728.54409489,0.584253548948
2841,6728.53044321,0.584048035777
2842,6728.51680112,0.583842694498
2843,6728.50316863,0.583637524887
2844,6728.48954571,0.583432526721
2845,6728.47593236,0.583227699778
2846,6728.46232856,0.583023043833
2847,6728.44873431,0.582818558665
2848,6728.4351496,0.582614244053
2849,6728.4215744,0.582410099773
2850,6728.40800872,0.582206125606
2851,6728.39445253,0.582002321329
2852,6728.38090583,0.581798686723
2853,6728.36736861,0.581595221567
2854,6728.35384086,0.581391925642
2855,6728.34032256,0.581188798727
2856,6728.3268137,0.580985840603
2857,6728.31331428,0.580783051052
2858,6728.29982427,0.580580429854
2859,6728.28634368,0.580377976792
2860,6728.27287248,0.580175691648
2861,6728.25941067,0.579973574203
2862,6728.24595824,0.579771624242
2863,6728.23251518,0.579569841546
2864,6728.21908147,0.5793682259
2865,6728.2056571,0.579166777087
2866,6728.19224207,0.578965494891
2867,6728.17883635,0.578764379097
2868,6728.16543995,0.578563429489
2869,6728.15205285,0.578362645852
2870,6728.13867504,0.578162027972
2871,6728.1253065,0.577961575635
2872,6728.11194723,0.577761288626
2873,6728.09859722,0.577561166733
2874,6728.08525645,0.577361209741
2875,6728.07192492,0.577161417438
2876,6728.05860262,0.576961789612
2877,6728.04528952,0.576762326049
2878,6728.03198563,0.576563026538
2879,6728.01869093,0.576363890867
2880,6728.00540541,0.576164918826
2881,6727.99212906,0.575966110203
2882,6727.97886187,0.575767464786
2883,6727.96560383,0.575568982367
2884,6727.95235493,0.575370662735
2885,6727.93911515,0.57517250568
2886,6727.92588449,0.574974510994
2887,6727.91266294,0.574776678466
2888,6727.89945048,0.574579007888
2889,6727.88624711,0.574381499051
2890,6727.87305282,0.574184151749
2891,6727.85986758,0.573986965772
2892,6727.8466914,0.573789940914
2893,6727.83352427,0.573593076967
2894,6727.82036616,0.573396373724
2895,6727.80721708,0.573199830979
2896,6727.79407701,0.573003448526
2897,6727.78094594,0.572807226159
2898,6727.76782386,0.572611163672
2899,6727.75471076,0.57241526086
2900,6727.74160664,0.572219517518
2901,6727.72851147,0.572023933442
2902,6727.71542525,0.571828508426
2903,6727.70234797,0.571633242268
2904,6727.68927962,0.571438134764
2905,6727.67622018,0.57124318571
2906,6727.66316966,0.571048394902
2907,6727.65012803,0.57085376214
2908,6727.63709529,0.570659287219
2909,6727.62407143,0.570464969937
2910,6727.61105643,0.570270810094
2911,6727.59805029,0.570076807487
2912,6727.585053,0.569882961916
2913,6727.57206455,0.569689273179
2914,6727.55908492,0.569495741075
2915,6727.5461141,0.569302365405
2916,6727.5331521,0.569109145969
2917,6727.52019888,0.568916082566
2918,6727.50725446,0.568723174998
2919,6727.49431881,0.568530423065
2920,6727.48139193,0.568337826569
2921,6727.4684738,0.568145385311
2922,6727.45556442,0.567953099093
2923,6727.44266377,0.567760967717
2924,6727.42977185,0.567568990986
2925,6727.41688865,0.567377168703
2926,6727.40401415,0.567185500669
2927,6727.39114834,0.56699398669
2928,6727.37829123,0.566802626568
2929,6727.36544279,0.566611420107
2930,6727.35260301,0.566420367112
2931,6727.33977189,0.566229467388
2932,6727.32694942,0.566038720738
2933,6727.31413559,0.565848126969
2934,6727.30133038,0.565657685885
2935,6727.28853378,0.565467397292
2936,6727.2757458,0.565277260997
2937,6727.26296641,0.565087276806
2938,6727.25019561,0.564897444525
2939,6727.23743339,0.564707763961
2940,6727.22467974,0.564518234922
2941,6727.21193464,0.564328857215
2942,6727.1991981,0.564139630647
2943,6727.18647009,0.563950555028
2944,6727.17375061,0.563761630165
2945,6727.16103965,0.563572855866
2946,6727.14833721,0.563384231942
2947,6727.13564326,0.563195758201
2948,6727.1229578,0.563007434452
2949,6727.11028082,0.562819260506
2950,6727.09761232,0.562631236173
2951,6727.08495228,0.562443361262
2952,6727.07230069,0.562255635586
2953,6727.05965754,0.562068058954
2954,6727.04702283,0.561880631178
2955,6727.03439654,0.56169335207
2956,6727.02177867,0.561506221441
2957,6727.0091692,0.561319239104
2958,6726.99656812,0.561132404871
2959,6726.98397544,0.560945718554
2960,6726.97139112,0.560759179967
2961,6726.95881518,0.560572788923
2962,6726.9462476,0.560386545236
2963,6726.93368836,0.560200448718
2964,6726.92113746,0.560014499185
2965,6726.90859489,0.559828696451
2966,6726.89606064,0.559643040331
2967,6726.88353471,0.559457530639
2968,6726.87101707,0.559272167191
2969,6726.85850773,0.559086949802
2970,6726.84600667,0.558901878287
2971,6726.83351389,0.558716952465
2972,6726.82102937,0.558532172149
2973,6726.8085531,0.558347537158
2974,6726.79608508,0.558163047307
2975,6726.7836253,0.557978702415
2976,6726.77117375,0.557794502299
2977,6726.75873041,0.557610446775
2978,6726.74629529,0.557426535664
2979,6726.73386836,0.557242768782
2980,6726.72144963,0.557059145948
2981,6726.70903908,0.556875666982
2982,6726.6966367,0.556692331702
2983,6726.68424249,0.556509139927
2984,6726.67185643,0.556326091478
2985,6726.65947851,0.556143186174
2986,6726.64710874,0.555960423835
2987,6726.63474709,0.555777804283
2988,6726.62239356,0.555595327337
2989,6726.61004814,0.555412992818
2990,6726.59771082,0.555230800549
2991,6726.58538159,0.555048750351
2992,6726.57306044,0.554866842044
2993,6726.56074737,0.554685075453
2994,6726.54844237,0.554503450398
2995,6726.53614542,0.554321966703
2996,6726.52385651,0.55414062419
2997,6726.51157565,0.553959422682
2998,6726.49930281,0.553778362004
2999,6726.487038,0.553597441978
3000,6726.4747812,0.55341666243
3001,6726.46253239,0.553236023182
3002,6726.45029159,0.553055524059
3003,6726.43805877,0.552875164887
3004,6726.42583392,0.55269494549
3005,6726.41361704,0.552514865694
3006,6726.40140813,0.552334925323
3007,6726.38920716,0.552155124205
3008,6726.37701413,0.551975462164
3009,6726.36482904,0.551795939028
3010,6726.35265187,0.551616554623
3011,6726.34048261,0.551437308776
3012,6726.32832126,0.551258201313
3013,6726.31616781,0.551079232063
3014,6726.30402225,0.550900400853
3015,6726.29188457,0.550721707511
3016,6726.27975476,0.550543151865
3017,6726.26763281,0.550364733744
3018,6726.25551872,0.550186452975
3019,6726.24341248,0.550008309389
3020,6726.23131407,0.549830302814
3021,6726.21922349,0.54965243308
3022,6726.20714073,0.549474700016
3023,6726.19506579,0.549297103453
3024,6726.18299865,0.54911964322
3025,6726.1709393,0.548942319148
3026,6726.15888774,0.548765131069
3027,6726.14684395,0.548588078812
3028,6726.13480794,0.54841116221
3029,6726.12277969,0.548234381092
3030,6726.11075919,0.548057735293
3031,6726.09874643,0.547881224642
3032,6726.08674141,0.547704848974
3033,6726.07474412,0.547528608119
3034,6726.06275454,0.547352501911
3035,6726.05077268,0.547176530183
3036,6726.03879852,0.547000692769
3037,6726.02683205,0.546824989501
3038,6726.01487327,0.546649420213
3039,6726.00292216,0.54647398474
3040,6725.99097872,0.546298682915
3041,6725.97904295,0.546123514573
3042,6725.96711482,0.54594847955
3043,6725.95519435,0.545773577679
3044,6725.9432815,0.545598808797
3045,6725.93137628,0.545424172738
3046,6725.91947869,0.545249669338
3047,6725.9075887,0.545075298434
3048,6725.89570632,0.544901059862
3049,6725.88383153,0.544726953457
3050,6725.87196433,0.544552979058
3051,6725.8601047,0.5443791365
3052,6725.84825265,0.544205425621
3053,6725.83640815,0.544031846258
3054,6725.82457122,0.54385839825
3055,6725.81274182,0.543685081434
3056,6725.80091997,0.543511895648
3057,6725.78910564,0.543338840731
3058,6725.77729884,0.543165916521
3059,6725.76549955,0.542993122857
3060,6725.75370776,0.542820459579
3061,6725.74192347,0.542647926526
3062,6725.73014667,0.542475523537
3063,6725.71837735,0.542303250452
3064,6725.70661551,0.542131107112
3065,6725.69486113,0.541959093356
3066,6725.6831142,0.541787209026
3067,6725.67137473,0.541615453962
3068,6725.6596427,0.541443828005
3069,6725.6479181,0.541272330997
3070,6725.63620092,0.541100962779
3071,6725.62449117,0.540929723192
3072,6725.61278882,0.54075861208
3073,6725.60109388,0.540587629283
3074,6725.58940632,0.540416774646
3075,6725.57772616,0.540246048009
3076,6725.56605337,0.540075449216
3077,6725.55438795,0.539904978112
3078,6725.54272989,0.539734634537
3079,6725.53107919,0.539564418338
3080,6725.51943584,0.539394329356
3081,6725.50779982,0.539224367438
3082,6725.49617114,0.539054532426
3083,6725.48454978,0.538884824165
3084,6725.47293573,0.538715242501
3085,6725.46132899,0.538545787277
3086,6725.44972955,0.538376458341
3087,6725.43813741,0.538207255536
3088,6725.42655254,0.53803817871
3089,6725.41497496,0.537869227707
3090,6725.40340464,0.537700402374
3091,6725.39184159,0.537531702557
3092,6725.38028579,0.537363128103
3093,6725.36873723,0.537194678859
3094,6725.35719592,0.537026354673
3095,6725.34566183,0.53685815539
3096,6725.33413497,0.53669008086
3097,6725.32261532,0.536522130929
3098,6725.31110288,0.536354305446
3099,6725.29959765,0.536186604259
3100,6725.2880996,0.536019027216
3101,6725.27660874,0.535851574166
3102,6725.26512506,0.535684244958
3103,6725.25364854,0.535517039442
3104,6725.24217919,0.535349957466
3105,6725.230717,0.53518299888
3106,6725.21926195,0.535016163534
3107,6725.20781404,0.534849451278
3108,6725.19637327,0.534682861963
3109,6725.18493962,0.534516395438
3110,6725.17351308,0.534350051554
3111,6725.16209366,0.534183830163
3112,6725.15068134,0.534017731115
3113,6725.13927612,0.533851754262
3114,6725.12787798,0.533685899455
3115,6725.11648692,0.533520166547
3116,6725.10510294,0.533354555389
3117,6725.09372602,0.533189065834
3118,6725.08235616,0.533023697733
3119,6725.07099335,0.53285845094
3120,6725.05963759,0.532693325308
3121,6725.04828886,0.532528320689
3122,6725.03694716,0.532363436938
3123,6725.02561248,0.532198673907
3124,6725.01428482,0.53203403145
3125,6725.00296416,0.531869509422
3126,6724.9916505,0.531705107676
3127,6724.98034384,0.531540826067
3128,6724.96904416,0.53137666445
3129,6724.95775145,0.531212622679
3130,6724.94646572,0.53104870061
3131,6724.93518695,0.530884898097
3132,6724.92391514,0.530721214997
3133,6724.91265027,0.530557651165
3134,6724.90139235,0.530394206457
3135,6724.89014136,0.530230880729
3136,6724.8788973,0.530067673837
3137,6724.86766016,0.529904585638
3138,6724.85642994,0.529741615989
3139,6724.84520661,0.529578764747
3140,6724.83399019,0.529416031768
3141,6724.82278066,0.529253416911
3142,6724.81157801,0.529090920033
3143,6724.80038224,0.528928540992
3144,6724.78919334,0.528766279645
3145,6724.77801131,0.528604135852
3146,6724.76683613,0.52844210947
3147,6724.7556678,0.528280200358
3148,6724.74450631,0.528118408375
3149,6724.73335165,0.527956733381
3150,6724.72220383,0.527795175234
3151,6724.71106282,0.527633733793
3152,6724.69992863,0.52747240892
3153,6724.68880124,0.527311200473
3154,6724.67768066,0.527150108312
3155,6724.66656687,0.526989132299
3156,6724.65545986,0.526828272293
3157,6724.64435963,0.526667528155
3158,6724.63326618,0.526506899747
3159,6724.62217949,0.526346386929
3160,6724.61109956,0.526185989563
3161,6724.60002638,0.52602570751
3162,6724.58895994,0.525865540631
3163,6724.57790024,0.52570548879
3164,6724.56684727,0.525545551848
3165,6724.55580103,0.525385729668
3166,6724.5447615,0.525226022112
3167,6724.53372868,0.525066429042
3168,6724.52270256,0.524906950323
3169,6724.51168314,0.524747585816
3170,6724.50067041,0.524588335386
3171,6724.48966437,0.524429198895
3172,6724.478665,0.524270176209
3173,6724.46767229,0.52411126719
3174,6724.45668625,0.523952471703
3175,6724.44570687,0.523793789613
3176,6724.43473413,0.523635220783
3177,6724.42376804,0.523476765079
3178,6724.41280858,0.523318422366
3179,6724.40185575,0.523160192509
3180,6724.39090954,0.523002075372
3181,6724.37996995,0.522844070823
3182,6724.36903696,0.522686178726
3183,6724.35811058,0.522528398947
3184,6724.34719079,0.522370731354
3185,6724.33627759,0.522213175811
3186,6724.32537097,0.522055732186
3187,6724.31447092,0.521898400345
3188,6724.30357745,0.521741180155
3189,6724.29269053,0.521584071484
3190,6724.28181017,0.521427074199
3191,6724.27093636,0.521270188167
3192,6724.26006909,0.521113413256
3193,6724.24920836,0.520956749334
3194,6724.23835415,0.520800196269
3195,6724.22750647,0.52064375393
3196,6724.2166653,0.520487422184
3197,6724.20583064,0.520331200901
3198,6724.19500248,0.520175089949
3199,6724.18418082,0.520019089198
3200,6724.17336565,0.519863198517
3201,6724.16255696,0.519707417775
3202,6724.15175474,0.519551746842
3203,6724.140959,0.519396185588
3204,6724.13016972,0.519240733882
3205,6724.11938689,0.519085391596
3206,6724.10861052,0.518930158599
3207,6724.09784059,0.518775034762
3208,6724.08707709,0.518620019956
3209,6724.07632003,0.518465114052
3210,6724.0655694,0.51831031692
3211,6724.05482518,0.518155628434
3212,6724.04408737,0.518001048463
3213,6724.03335596,0.517846576879
3214,6724.02263096,0.517692213555
3215,6724.01191235,0.517537958363
3216,6724.00120012,0.517383811175
3217,6723.99049428,0.517229771864
3218,6723.9797948,0.517075840301
3219,6723.9691017,0.516922016361
3220,6723.95841495,0.516768299915
3221,6723.94773456,0.516614690838
3222,6723.93706052,0.516461189002
3223,6723.92639282,0.516307794282
3224,6723.91573145,0.516154506551
3225,6723.90507641,0.516001325682
3226,6723.8944277,0.515848251551
3227,6723.8837853,0.515695284032
3228,6723.87314921,0.515542422998
3229,6723.86251943,0.515389668325
3230,6723.85189594,0.515237019888
3231,6723.84127874,0.515084477561
3232,6723.83066783,0.514932041221
3233,6723.8200632,0.514779710741
3234,6723.80946484,0.514627485999
3235,6723.79887275,0.514475366869
3236,6723.78828692,0.514323353228
3237,6723.77770734,0.514171444952
3238,6723.76713401,0.514019641917
3239,6723.75656692,0.513867944
3240,6723.74600607,0.513716351078
3241,6723.73545145,0.513564863026
3242,6723.72490305,0.513413479723
3243,6723.71436087,0.513262201046
3244,6723.70382489,0.513111026871
3245,6723.69329513,0.512959957077
3246,6723.68277156,0.512808991541
3247,6723.67225418,0.512658130142
3248,6723.661743,0.512507372757
3249,6723.65123799,0.512356719265
3250,6723.64073916,0.512206169544
3251,6723.63024649,0.512055723473
3252,6723.61975999,0.51190538093
3253,6723.60927964,0.511755141795
3254,6723.59880544,0.511605005947
3255,6723.58833739,0.511454973265
3256,6723.57787548,0.511305043629
3257,6723.5674197,0.511155216919
3258,6723.55697004,0.511005493013
3259,6723.54652651,0.510855871794
3260,6723.53608909,0.510706353139
3261,6723.52565777,0.510556936931
3262,6723.51523256,0.510407623049
3263,6723.50481345,0.510258411375
3264,6723.49440042,0.510109301789
3265,6723.48399348,0.509960294172
3266,6723.47359262,0.509811388406
3267,6723.46319783,0.509662584373
3268,6723.45280911,0.509513881952
3269,6723.44242645,0.509365281028
3270,6723.43204984,0.50921678148
3271,6723.42167929,0.509068383193
3272,6723.41131477,0.508920086047
3273,6723.40095629,0.508771889925
3274,6723.39060385,0.508623794711
3275,6723.38025743,0.508475800286
3276,6723.36991703,0.508327906534
3277,6723.35958264,0.508180113338
3278,6723.34925426,0.508032420581
3279,6723.33893188,0.507884828147
3280,6723.3286155,0.507737335919
3281,6723.31830511,0.507589943782
3282,6723.3080007,0.507442651618
3283,6723.29770227,0.507295459313
3284,6723.28740982,0.507148366751
3285,6723.27712333,0.507001373816
3286,6723.2668428,0.506854480393
3287,6723.25656823,0.506707686366
3288,6723.24629961,0.506560991621
3289,6723.23603694,0.506414396043
3290,6723.2257802,0.506267899517
3291,6723.21552939,0.506121501929
3292,6723.20528452,0.505975203164
3293,6723.19504556,0.505829003108
3294,6723.18481252,0.505682901647
3295,6723.17458539,0.505536898667
3296,6723.16436416,0.505390994055
3297,6723.15414883,0.505245187697
3298,6723.1439394,0.50509947948
3299,6723.13373585,0.50495386929
3300,6723.12353818,0.504808357015
3301,6723.11334639,0.504662942542
3302,6723.10316047,0.504517625757
3303,6723.09298041,0.504372406549
3304,6723.08280622,0.504227284804
3305,6723.07263787,0.504082260412
3306,6723.06247538,0.503937333259
3307,6723.05231872,0.503792503234
3308,6723.04216791,0.503647770226
3309,6723.03202292,0.503503134122
3310,6723.02188376,0.50335859481
3311,6723.01175042,0.503214152181
3312,6723.00162289,0.503069806123
3313,6722.99150118,0.502925556525
3314,6722.98138526,0.502781403275
3315,6722.97127515,0.502637346264
3316,6722.96117082,0.502493385382
3317,6722.95107228,0.502349520516
3318,6722.94097953,0.502205751559
3319,6722.93089254,0.502062078399
3320,6722.92081133,0.501918500927
3321,6722.91073589,0.501775019034
3322,6722.9006662,0.501631632609
3323,6722.89060226,0.501488341543
3324,6722.88054408,0.501345145728
3325,6722.87049163,0.501202045053
3326,6722.86044493,0.501059039411
3327,6722.85040395,0.500916128692
3328,6722.84036871,0.500773312789
3329,6722.83033918,0.500630591592
3330,6722.82031537,0.500487964993
3331,6722.81029727,0.500345432885
3332,6722.80028487,0.500202995159
3333,6722.79027817,0.500060651707
3334,6722.78027717,0.499918402423
3335,6722.77028185,0.499776247197
3336,6722.76029222,0.499634185924
3337,6722.75030827,0.499492218496
3338,6722.74032999,0.499350344806
3339,6722.73035737,0.499208564747
3340,6722.72039042,0.499066878212
3341,6722.71042912,0.498925285095
3342,6722.70047348,0.49878378529
3343,6722.69052348,0.49864237869
3344,6722.68057912,0.498501065189
3345,6722.67064039,0.498359844681
3346,6722.6607073,0.49821871706
3347,6722.65077983,0.498077682221
3348,6722.64085798,0.497936740059
3349,6722.63094174,0.497795890467
3350,6722.62103111,0.497655133341
3351,6722.61112609,0.497514468576
3352,6722.60122666,0.497373896066
3353,6722.59133283,0.497233415708
3354,6722.58144458,0.497093027396
3355,6722.57156192,0.496952731026
3356,6722.56168483,0.496812526494
3357,6722.55181331,0.496672413696
3358,6722.54194737,0.496532392527
3359,6722.53208698,0.496392462885
3360,6722.52223215,0.496252624664
3361,6722.51238287,0.496112877762
3362,6722.50253913,0.495973222075
3363,6722.49270094,0.4958336575
3364,6722.48286828,0.495694183934
3365,6722.47304116,0.495554801274
3366,6722.46321956,0.495415509417
3367,6722.45340347,0.49527630826
3368,6722.44359291,0.495137197701
3369,6722.43378785,0.494998177638
3370,6722.4239883,0.494859247969
3371,6722.41419425,0.49472040859
3372,6722.40440569,0.494581659401
3373,6722.39462262,0.4944430003
3374,6722.38484503,0.494304431184
3375,6722.37507293,0.494165951953
3376,6722.3653063,0.494027562505
3377,6722.35554513,0.493889262739
3378,6722.34578943,0.493751052554
3379,6722.33603919,0.493612931849
3380,6722.32629441,0.493474900523
3381,6722.31655507,0.493336958476
3382,6722.30682118,0.493199105606
3383,6722.29709272,0.493061341815
3384,6722.2873697,0.492923667001
3385,6722.27765211,0.492786081064
3386,6722.26793994,0.492648583905
3387,6722.25823319,0.492511175424
3388,6722.24853185,0.492373855521
3389,6722.23883592,0.492236624097
3390,6722.22914539,0.492099481052
3391,6722.21946027,0.491962426287
3392,6722.20978053,0.491825459704
3393,6722.20010619,0.491688581202
3394,6722.19043723,0.491551790684
3395,6722.18077364,0.491415088051
3396,6722.17111544,0.491278473204
3397,6722.1614626,0.491141946045
3398,6722.15181512,0.491005506475
3399,6722.142173,0.490869154397
3400,6722.13253624,0.490732889713
3401,6722.12290483,0.490596712325
3402,6722.11327876,0.490460622135
3403,6722.10365802,0.490324619046
3404,6722.09404263,0.49018870296
3405,6722.08443256,0.49005287378
3406,6722.07482782,0.489917131408
3407,6722.0652284,0.489781475749
3408,6722.05563429,0.489645906706
3409,6722.04604549,0.48951042418
3410,6722.036462,0.489375028077
3411,6722.02688381,0.489239718298
3412,6722.01731091,0.48910449475
3413,6722.0077433,0.488969357334
3414,6721.99818098,0.488834305955
3415,6721.98862394,0.488699340517
3416,6721.97907218,0.488564460925
3417,6721.96952569,0.488429667083
3418,6721.95998446,0.488294958895
3419,6721.9504485,0.488160336265
3420,6721.94091779,0.4880257991
3421,6721.93139234,0.487891347304
3422,6721.92187213,0.487756980781
3423,6721.91235716,0.487622699437
3424,6721.90284744,0.487488503178
3425,6721.89334294,0.487354391909
3426,6721.88384368,0.487220365535
3427,6721.87434964,0.487086423962
3428,6721.86486081,0.486952567096
3429,6721.8553772,0.486818794844
3430,6721.8458988,0.48668510711
3431,6721.83642561,0.486551503802
3432,6721.82695761,0.486417984826
3433,6721.81749481,0.486284550089
3434,6721.8080372,0.486151199496
3435,6721.79858478,0.486017932956
3436,6721.78913754,0.485884750374
3437,6721.77969547,0.485751651658
3438,6721.77025858,0.485618636715
3439,6721.76082685,0.485485705453
3440,6721.75140029,0.485352857778
3441,6721.74197888,0.485220093599
3442,6721.73256262,0.485087412823
3443,6721.72315152,0.484954815359
3444,6721.71374556,0.484822301113
3445,6721.70434474,0.484689869994
3446,6721.69494905,0.484557521911
3447,6721.68555849,0.484425256771
3448,6721.67617306,0.484293074484
3449,6721.66679275,0.484160974958
3450,6721.65741755,0.484028958101
3451,6721.64804747,0.483897023822
3452,6721.63868249,0.483765172032
3453,6721.62932261,0.483633402637
3454,6721.61996784,0.483501715549
3455,6721.61061815,0.483370110676
3456,6721.60127356,0.483238587928
3457,6721.59193405,0.483107147214
3458,6721.58259962,0.482975788445
3459,6721.57327026,0.48284451153
3460,6721.56394597,0.482713316378
3461,6721.55462675,0.482582202902
3462,6721.5453126,0.48245117101
3463,6721.53600349,0.482320220613
3464,6721.52669945,0.482189351621
3465,6721.51740044,0.482058563946
3466,6721.50810649,0.481927857498
3467,6721.49881757,0.481797232188
3468,6721.48953368,0.481666687926
3469,6721.48025483,0.481536224625
3470,6721.470981,0.481405842196
3471,6721.46171219,0.481275540549
3472,6721.4524484,0.481145319596
3473,6721.44318962,0.48101517925
3474,6721.43393584,0.480885119422
3475,6721.42468707,0.480755140023
3476,6721.4154433,0.480625240966
3477,6721.40620453,0.480495422163
3478,6721.39697074,0.480365683526
3479,6721.38774194,0.480236024968
3480,6721.37851812,0.4801064464
3481,6721.36929927,0.479976947737
3482,6721.3600854,0.47984752889
3483,6721.35087649,0.479718189773
3484,6721.34167255,0.479588930298
3485,6721.33247357,0.479459750379
3486,6721.32327954,0.479330649929
3487,6721.31409046,0.47920162886
3488,6721.30490633,0.479072687088
3489,6721.29572714,0.478943824525
3490,6721.28655289,0.478815041085
3491,6721.27738357,0.478686336682
3492,6721.26821917,0.47855771123
3493,6721.2590597,0.478429164643
3494,6721.24990516,0.478300696835
3495,6721.24075552,0.478172307721
3496,6721.2316108,0.478043997215
3497,6721.22247098,0.477915765232
3498,6721.21333607,0.477787611686
3499,6721.20420605,0.477659536493
3500,6721.19508093,0.477531539566
3501,6721.1859607,0.477403620822
3502,6721.17684535,0.477275780175
3503,6721.16773488,0.477148017541
3504,6721.15862929,0.477020332835
3505,6721.14952857,0.476892725972
3506,6721.14043272,0.476765196869
3507,6721.13134173,0.476637745441
3508,6721.12225561,0.476510371604
3509,6721.11317434,0.476383075273
3510,6721.10409791,0.476255856366
3511,6721.09502634,0.476128714798
3512,6721.08595961,0.476001650486
3513,6721.07689771,0.475874663346
3514,6721.06784065,0.475747753295
3515,6721.05878842,0.475620920249
3516,6721.04974102,0.475494164126
3517,6721.04069844,0.475367484841
3518,6721.03166067,0.475240882313
3519,6721.02262772,0.475114356458
3520,6721.01359957,0.474987907194
3521,6721.00457623,0.474861534439
3522,6720.99555769,0.474735238108
3523,6720.98654395,0.474609018121
3524,6720.977535,0.474482874395
3525,6720.96853084,0.474356806848
3526,6720.95953146,0.474230815398
3527,6720.95053686,0.474104899963
3528,6720.94154703,0.47397906046
3529,6720.93256198,0.47385329681
3530,6720.92358169,0.473727608929
3531,6720.91460617,0.473601996736
3532,6720.9056354,0.473476460151
3533,6720.89666939,0.473350999091
3534,6720.88770813,0.473225613476
3535,6720.87875162,0.473100303225
3536,6720.86979985,0.472975068256
3537,6720.86085282,0.47284990849
3538,6720.85191052,0.472724823845
3539,6720.84297295,0.472599814241
3540,6720.83404011,0.472474879597
3541,6720.82511199,0.472350019833
3542,6720.81618858,0.472225234869
3543,6720.80726989,0.472100524625
3544,6720.79835591,0.47197588902
3545,6720.78944664,0.471851327975
3546,6720.78054207,0.47172684141
3547,6720.77164219,0.471602429246
3548,6720.76274701,0.471478091402
3549,6720.75385652,0.4713538278
3550,6720.74497071,0.47122963836
3551,6720.73608959,0.471105523002
3552,6720.72721314,0.470981481648
3553,6720.71834137,0.470857514219
3554,6720.70947426,0.470733620636
3555,6720.70061182,0.47060980082
3556,6720.69175404,0.470486054691
3557,6720.68290092,0.470362382173
3558,6720.67405245,0.470238783186
3559,6720.66520864,0.470115257652
3560,6720.65636946,0.469991805492
3561,6720.64753493,0.46986842663
3562,6720.63870504,0.469745120985
3563,6720.62987977,0.469621888481
3564,6720.62105914,0.46949872904
3565,6720.61224314,0.469375642584
3566,6720.60343175,0.469252629036
3567,6720.59462498,0.469129688317
3568,6720.58582283,0.469006820352
3569,6720.57702529,0.468884025061
3570,6720.56823235,0.468761302369
3571,6720.55944401,0.468638652197
3572,6720.55066027,0.46851607447
3573,6720.54188113,0.46839356911
3574,6720.53310657,0.468271136041
3575,6720.52433661,0.468148775186
3576,6720.51557122,0.468026486468
3577,6720.50681041,0.46790426981
3578,6720.49805418,0.467782125138
3579,6720.48930252,0.467660052374
3580,6720.48055542,0.467538051442
3581,6720.47181289,0.467416122267
3582,6720.46307491,0.467294264772
3583,6720.4543415,0.467172478881
3584,6720.44561263,0.46705076452
3585,6720.43688831,0.466929121611
3586,6720.42816853,0.466807550081
3587,6720.41945329,0.466686049853
3588,6720.41074259,0.466564620852
3589,6720.40203642,0.466443263003
3590,6720.39333478,0.466321976231
3591,6720.38463767,0.466200760461
3592,6720.37594507,0.466079615618
3593,6720.36725699,0.465958541628
3594,6720.35857342,0.465837538415
3595,6720.34989436,0.465716605905
3596,6720.34121981,0.465595744024
3597,6720.33254976,0.465474952698
3598,6720.32388421,0.465354231851
3599,6720.31522315,0.46523358141
3600,6720.30656658,0.465113001302
3601,6720.2979145,0.464992491451
3602,6720.2892669,0.464872051784
3603,6720.28062377,0.464751682228
3604,6720.27198513,0.464631382708
3605,6720.26335095,0.464511153152
3606,6720.25472124,0.464390993485
3607,6720.246096,0.464270903635
3608,6720.23747521,0.464150883528
3609,6720.22885889,0.464030933091
3610,6720.22024701,0.463911052251
3611,6720.21163958,0.463791240935
3612,6720.2030366,0.46367149907
3613,6720.19443806,0.463551826584
3614,6720.18584396,0.463432223404
3615,6720.17725429,0.463312689457
3616,6720.16866905,0.463193224671
3617,6720.16008824,0.463073828974
3618,6720.15151185,0.462954502293
3619,6720.14293988,0.462835244556
3620,6720.13437232,0.462716055692
3621,6720.12580918,0.462596935628
3622,6720.11725044,0.462477884292
3623,6720.10869611,0.462358901612
3624,6720.10014618,0.462239987518
3625,6720.09160065,0.462121141937
3626,6720.08305951,0.462002364798
3627,6720.07452276,0.46188365603
3628,6720.06599039,0.461765015562
3629,6720.05746241,0.461646443321
3630,6720.04893881,0.461527939238
3631,6720.04041958,0.461409503241
3632,6720.03190472,0.461291135259
3633,6720.02339424,0.461172835222
3634,6720.01488811,0.461054603059
3635,6720.00638635,0.460936438699
3636,6719.99788894,0.460818342072
3637,6719.98939589,0.460700313108
3638,6719.98090718,0.460582351735
3639,6719.97242282,0.460464457885
3640,6719.96394281,0.460346631487
3641,6719.95546713,0.46022887247
3642,6719.94699579,0.460111180766
3643,6719.93852878,0.459993556304
3644,6719.9300661,0.459875999014
3645,6719.92160774,0.459758508827
3646,6719.91315371,0.459641085674
3647,6719.90470399,0.459523729484
3648,6719.89625858,0.459406440189
3649,6719.88781749,0.459289217719
3650,6719.8793807,0.459172062006
3651,6719.87094822,0.45905497298
3652,6719.86252003,0.458937950571
3653,6719.85409615,0.458820994713
3654,6719.84567655,0.458704105334
3655,6719.83726124,0.458587282368
3656,6719.82885022,0.458470525745
3657,6719.82044348,0.458353835397
3658,6719.81204102,0.458237211255
3659,6719.80364284,0.458120653251
3660,6719.79524893,0.458004161318
3661,6719.78685928,0.457887735386
3662,6719.7784739,0.457771375387
3663,6719.77009278,0.457655081255
3664,6719.76171591,0.457538852921
3665,6719.75334331,0.457422690316
3666,6719.74497495,0.457306593375
3667,6719.73661084,0.457190562028
3668,6719.72825097,0.457074596209
3669,6719.71989534,0.45695869585
3670,6719.71154395,0.456842860884
3671,6719.70319679,0.456727091244
3672,6719.69485386,0.456611386862
3673,6719.68651516,0.456495747672
3674,6719.67818068,0.456380173607
3675,6719.66985042,0.456264664599
3676,6719.66152438,0.456149220582
3677,6719.65320254,0.45603384149
3678,6719.64488492,0.455918527255
3679,6719.6365715,0.455803277812
3680,6719.62826229,0.455688093094
3681,6719.61995727,0.455572973035
3682,6719.61165645,0.455457917568
3683,6719.60335982,0.455342926627
3684,6719.59506738,0.455228000147
3685,6719.58677913,0.455113138061
3686,6719.57849505,0.454998340304
3687,6719.57021516,0.454883606809
3688,6719.56193944,0.454768937512
3689,6719.55366789,0.454654332346
3690,6719.54540051,0.454539791247
3691,6719.53713729,0.454425314148
3692,6719.52887824,0.454310900984
3693,6719.52062334,0.454196551691
3694,6719.5123726,0.454082266202
3695,6719.50412601,0.453968044454
3696,6719.49588356,0.45385388638
3697,6719.48764527,0.453739791917
3698,6719.47941111,0.453625760999
3699,6719.47118109,0.453511793561
3700,6719.4629552,0.45339788954
3701,6719.45473345,0.45328404887
3702,6719.44651583,0.453170271487
3703,6719.43830232,0.453056557327
3704,6719.43009294,0.452942906325
3705,6719.42188768,0.452829318418
3706,6719.41368654,0.45271579354
3707,6719.4054895,0.452602331629
3708,6719.39729657,0.452488932621
3709,6719.38910775,0.45237559645
3710,6719.38092303,0.452262323055
3711,6719.3727424,0.45214911237
3712,6719.36456587,0.452035964333
3713,6719.35639343,0.45192287888
3714,6719.34822508,0.451809855947
3715,6719.34006082,0.451696895471
3716,6719.33190063,0.45158399739
3717,6719.32374453,0.45147116164
3718,6719.3155925,0.451358388157
3719,6719.30744454,0.451245676879
3720,6719.29930065,0.451133027743
3721,6719.29116083,0.451020440686
3722,6719.28302506,0.450907915646
3723,6719.27489336,0.450795452559
3724,6719.26676571,0.450683051364
3725,6719.25864212,0.450570711997
3726,6719.25052257,0.450458434397
3727,6719.24240707,0.450346218501
3728,6719.23429561,0.450234064247
3729,6719.22618819,0.450121971572
3730,6719.21808481,0.450009940415
3731,6719.20998546,0.449897970714
3732,6719.20189014,0.449786062406
3733,6719.19379884,0.449674215431
3734,6719.18571157,0.449562429725
3735,6719.17762832,0.449450705229
3736,6719.16954909,0.449339041879
3737,6719.16147387,0.449227439615
3738,6719.15340266,0.449115898376
3739,6719.14533546,0.449004418099
3740,6719.13727226,0.448892998724
3741,6719.12921306,0.448781640189
3742,6719.12115786,0.448670342434
3743,6719.11310666,0.448559105397
3744,6719.10505945,0.448447929018
3745,6719.09701622,0.448336813236
3746,6719.08897698,0.44822575799
3747,6719.08094172,0.448114763219
3748,6719.07291044,0.448003828864
3749,6719.06488314,0.447892954862
3750,6719.05685981,0.447782141154
3751,6719.04884045,0.44767138768
3752,6719.04082505,0.44756069438
3753,6719.03281362,0.447450061192
3754,6719.02480615,0.447339488058
3755,6719.01680263,0.447228974916
3756,6719.00880307,0.447118521708
3757,6719.00080746,0.447008128373
3758,6718.99281579,0.446897794852
3759,6718.98482807,0.446787521084
3760,6718.97684429,0.446677307011
3761,6718.96886445,0.446567152572
3762,6718.96088855,0.446457057709
3763,6718.95291657,0.446347022361
3764,6718.94494853,0.446237046471
3765,6718.93698441,0.446127129977
3766,6718.92902421,0.446017272822
3767,6718.92106794,0.445907474946
3768,6718.91311558,0.44579773629
3769,6718.90516713,0.445688056796
3770,6718.89722259,0.445578436404
3771,6718.88928196,0.445468875055
3772,6718.88134524,0.445359372692
3773,6718.87341241,0.445249929256
3774,6718.86548349,0.445140544687
3775,6718.85755846,0.445031218928
3776,6718.84963732,0.44492195192
3777,6718.84172007,0.444812743606
3778,6718.8338067,0.444703593926
3779,6718.82589722,0.444594502822
3780,6718.81799162,0.444485470237
3781,6718.8100899,0.444376496113
3782,6718.80219205,0.444267580392
3783,6718.79429807,0.444158723015
3784,6718.78640795,0.444049923926
3785,6718.77852171,0.443941183067
3786,6718.77063932,0.443832500379
3787,6718.76276079,0.443723875806
3788,6718.75488612,0.443615309289
3789,6718.7470153,0.443506800773
3790,6718.73914833,0.443398350199
3791,6718.73128521,0.44328995751
3792,6718.72342593,0.443181622649
3793,6718.71557049,0.44307334556
3794,6718.70771889,0.442965126184
3795,6718.69987113,0.442856964466
3796,6718.69202719,0.442748860348
3797,6718.68418709,0.442640813774
3798,6718.67635081,0.442532824686
3799,6718.66851835,0.442424893029
3800,6718.66068972,0.442317018746
3801,6718.6528649,0.44220920178
3802,6718.64504389,0.442101442075
3803,6718.63722669,0.441993739575
3804,6718.62941331,0.441886094224
3805,6718.62160373,0.441778505964
3806,6718.61379795,0.441670974741
3807,6718.60599597,0.441563500499
3808,6718.59819778,0.441456083181
3809,6718.59040339,0.441348722731
3810,6718.58261279,0.441241419094
3811,6718.57482598,0.441134172214
3812,6718.56704295,0.441026982035
3813,6718.5592637,0.440919848503
3814,6718.55148823,0.440812771561
3815,6718.54371654,0.440705751153
3816,6718.53594862,0.440598787225
3817,6718.52818447,0.440491879722
3818,6718.52042409,0.440385028588
3819,6718.51266747,0.440278233768
3820,6718.50491461,0.440171495207
3821,6718.49716552,0.44006481285
3822,6718.48942017,0.439958186642
3823,6718.48167858,0.439851616528
3824,6718.47394074,0.439745102454
3825,6718.46620665,0.439638644365
3826,6718.4584763,0.439532242206
3827,6718.45074969,0.439425895923
3828,6718.44302682,0.439319605462
3829,6718.43530768,0.439213370767
3830,6718.42759228,0.439107191784
3831,6718.41988061,0.43900106846
3832,6718.41217266,0.43889500074
3833,6718.40446844,0.43878898857
3834,6718.39676794,0.438683031896
3835,6718.38907115,0.438577130664
3836,6718.38137809,0.43847128482
3837,6718.37368873,0.438365494311
3838,6718.36600309,0.438259759082
3839,6718.35832115,0.43815407908
3840,6718.35064291,0.438048454251
3841,6718.34296838,0.437942884542
3842,6718.33529755,0.437837369899
3843,6718.32763041,0.437731910268
3844,6718.31996696,0.437626505598
3845,6718.31230721,0.437521155833
3846,6718.30465114,0.437415860922
3847,6718.29699875,0.43731062081
3848,6718.28935005,0.437205435446
3849,6718.28170502,0.437100304775
3850,6718.27406368,0.436995228745
3851,6718.266426,0.436890207304
3852,6718.258792,0.436785240397
3853,6718.25116166,0.436680327974
3854,6718.24353499,0.43657546998
3855,6718.23591198,0.436470666364
3856,6718.22829262,0.436365917073
3857,6718.22067693,0.436261222054
3858,6718.21306489,0.436156581256
3859,6718.2054565,0.436051994625
3860,6718.19785176,0.43594746211
3861,6718.19025066,0.435842983658
3862,6718.18265321,0.435738559218
3863,6718.17505939,0.435634188738
3864,6718.16746922,0.435529872164
3865,6718.15988267,0.435425609447
3866,6718.15229976,0.435321400533
3867,6718.14472048,0.435217245371
3868,6718.13714482,0.435113143909
3869,6718.12957279,0.435009096096
3870,6718.12200438,0.43490510188
3871,6718.11443959,0.43480116121
3872,6718.10687841,0.434697274034
3873,6718.09932084,0.434593440301
3874,6718.09176689,0.43448965996
3875,6718.08421654,0.434385932959
3876,6718.07666979,0.434282259248
3877,6718.06912665,0.434178638774
3878,6718.0615871,0.434075071488
3879,6718.05405116,0.433971557338
3880,6718.0465188,0.433868096274
3881,6718.03899004,0.433764688244
3882,6718.03146486,0.433661333198
3883,6718.02394327,0.433558031085
3884,6718.01642527,0.433454781855
3885,6718.00891084,0.433351585457
3886,6718.00139999,0.43324844184
3887,6717.99389271,0.433145350954
3888,6717.98638901,0.433042312749
3889,6717.97888888,0.432939327175
3890,6717.97139231,0.432836394181
3891,6717.96389931,0.432733513717
3892,6717.95640986,0.432630685733
3893,6717.94892398,0.432527910179
3894,6717.94144165,0.432425187005
3895,6717.93396288,0.432322516161
3896,6717.92648766,0.432219897598
3897,6717.91901598,0.432117331265
3898,6717.91154785,0.432014817113
3899,6717.90408327,0.431912355093
3900,6717.89662222,0.431809945154
3901,6717.88916471,0.431707587247
3902,6717.88171074,0.431605281323
3903,6717.87426029,0.431503027332
3904,6717.86681338,0.431400825225
3905,6717.85937,0.431298674953
3906,6717.85193014,0.431196576467
3907,6717.8444938,0.431094529717
3908,6717.83706098,0.430992534655
3909,6717.82963167,0.430890591231
3910,6717.82220588,0.430788699397
3911,6717.8147836,0.430686859103
3912,6717.80736483,0.430585070302
3913,6717.79994957,0.430483332943
3914,6717.79253781,0.430381646979
3915,6717.78512955,0.43028001236
3916,6717.77772479,0.430178429039
3917,6717.77032352,0.430076896967
3918,6717.76292575,0.429975416095
3919,6717.75553147,0.429873986375
3920,6717.74814067,0.429772607759
3921,6717.74075336,0.429671280198
3922,6717.73336954,0.429570003644
3923,6717.72598919,0.42946877805
3924,6717.71861232,0.429367603367
3925,6717.71123893,0.429266479547
3926,6717.70386901,0.429165406542
3927,6717.69650256,0.429064384305
3928,6717.68913958,0.428963412787
3929,6717.68178006,0.428862491941
3930,6717.674424,0.428761621719
3931,6717.66707141,0.428660802074
3932,6717.65972227,0.428560032957
3933,6717.65237658,0.428459314322
3934,6717.64503435,0.428358646121
3935,6717.63769557,0.428258028307
3936,6717.63036023,0.428157460832
3937,6717.62302834,0.42805694365
3938,6717.61569989,0.427956476712
3939,6717.60837488,0.427856059972
3940,6717.6010533,0.427755693383
3941,6717.59373517,0.427655376897
3942,6717.58642046,0.427555110468
3943,6717.57910918,0.427454894049
3944,6717.57180133,0.427354727594
3945,6717.5644969,0.427254611054
3946,6717.5571959,0.427154544384
3947,6717.54989831,0.427054527537
3948,6717.54260414,0.426954560467
3949,6717.53531339,0.426854643126
3950,6717.52802605,0.426754775468
3951,6717.52074211,0.426654957448
3952,6717.51346159,0.426555189018
3953,6717.50618446,0.426455470133
3954,6717.49891074,0.426355800745
3955,6717.49164042,0.42625618081
3956,6717.4843735,0.426156610281
3957,6717.47710997,0.426057089111
3958,6717.46984983,0.425957617255
3959,6717.46259308,0.425858194667
3960,6717.45533972,0.425758821301
3961,6717.44808974,0.425659497111
3962,6717.44084315,0.425560222051
3963,6717.43359993,0.425460996076
3964,6717.42636009,0.425361819141
3965,6717.41912363,0.425262691199
3966,6717.41189054,0.425163612205
3967,6717.40466082,0.425064582113
3968,6717.39743446,0.424965600879
3969,6717.39021147,0.424866668456
3970,6717.38299184,0.4247677848
3971,6717.37577558,0.424668949865
3972,6717.36856267,0.424570163606
3973,6717.36135311,0.424471425978
3974,6717.35414691,0.424372736936
3975,6717.34694406,0.424274096435
3976,6717.33974456,0.424175504431
3977,6717.3325484,0.424076960877
3978,6717.32535558,0.423978465729
3979,6717.31816611,0.423880018943
3980,6717.31097997,0.423781620474
3981,6717.30379717,0.423683270277
3982,6717.2966177,0.423584968307
3983,6717.28944157,0.423486714521
3984,6717.28226876,0.423388508873
3985,6717.27509928,0.423290351319
3986,6717.26793312,0.423192241815
3987,6717.26077028,0.423094180316
3988,6717.25361076,0.422996166779
3989,6717.24645456,0.422898201158
3990,6717.23930167,0.422800283411
3991,6717.2321521,0.422702413492
3992,6717.22500583,0.422604591357
3993,6717.21786287,0.422506816964
3994,6717.21072322,0.422409090267
3995,6717.20358687,0.422311411223
3996,6717.19645381,0.422213779788
3997,6717.18932406,0.422116195919
3998,6717.1821976,0.422018659571
3999,6717.17507443,0.421921170702
4000,6717.16795456,0.421823729267
4001,6717.16083797,0.421726335223
4002,6717.15372466,0.421628988526
4003,6717.14661464,0.421531689133
4004,6717.13950791,0.421434437001
4005,6717.13240445,0.421337232087
4006,6717.12530426,0.421240074346
4007,6717.11820735,0.421142963736
4008,6717.11111371,0.421045900215
4009,6717.10402334,0.420948883737
4010,6717.09693624,0.420851914262
4011,6717.08985241,0.420754991745
4012,6717.08277183,0.420658116144
4013,6717.07569451,0.420561287416
4014,6717.06862046,0.420464505518
4015,6717.06154965,0.420367770407
4016,6717.05448211,0.420271082041
4017,6717.04741781,0.420174440376
4018,6717.04035676,0.420077845371
4019,6717.03329895,0.419981296983
4020,6717.02624439,0.419884795169
4021,6717.01919307,0.419788339887
4022,6717.01214499,0.419691931095
4023,6717.00510015,0.419595568749
4024,6716.99805854,0.419499252809
4025,6716.99102016,0.419402983231
4026,6716.98398501,0.419306759974
4027,6716.97695309,0.419210582994
4028,6716.9699244,0.419114452252
4029,6716.96289893,0.419018367703
4030,6716.95587668,0.418922329307
4031,6716.94885764,0.418826337022
4032,6716.94184183,0.418730390804
4033,6716.93482922,0.418634490614
4034,6716.92781983,0.418538636409
4035,6716.92081365,0.418442828147
4036,6716.91381068,0.418347065787
4037,6716.90681091,0.418251349287
4038,6716.89981434,0.418155678605
4039,6716.89282097,0.418060053701
4040,6716.8858308,0.417964474532
4041,6716.87884383,0.417868941057
4042,6716.87186005,0.417773453236
4043,6716.86487946,0.417678011026
4044,6716.85790206,0.417582614387
4045,6716.85092785,0.417487263277
4046,6716.84395682,0.417391957655
4047,6716.83698897,0.41729669748
4048,6716.83002431,0.417201482712
4049,6716.82306282,0.417106313308
4050,6716.8161045,0.417011189229
4051,6716.80914936,0.416916110433
4052,6716.80219739,0.41682107688
4053,6716.79524859,0.416726088528
4054,6716.78830296,0.416631145338
4055,6716.78136049,0.416536247268
4056,6716.77442118,0.416441394278
4057,6716.76748504,0.416346586327
4058,6716.76055205,0.416251823375
4059,6716.75362221,0.416157105382
4060,6716.74669553,0.416062432306
4061,6716.739772,0.415967804108
4062,6716.73285162,0.415873220747
4063,6716.72593438,0.415778682184
4064,6716.71902029,0.415684188377
4065,6716.71210934,0.415589739287
4066,6716.70520153,0.415495334873
4067,6716.69829686,0.415400975096
4068,6716.69139533,0.415306659916
4069,6716.68449693,0.415212389292
4070,6716.67760166,0.415118163185
4071,6716.67070951,0.415023981555
4072,6716.6638205,0.414929844362
4073,6716.65693461,0.414835751567
4074,6716.65005184,0.414741703129
4075,6716.64317219,0.414647699009
4076,6716.63629567,0.414553739167
4077,6716.62942225,0.414459823564
4078,6716.62255195,0.414365952161
4079,6716.61568476,0.414272124918
4080,6716.60882069,0.414178341795
4081,6716.60195971,0.414084602753
4082,6716.59510185,0.413990907753
4083,6716.58824708,0.413897256756
4084,6716.58139542,0.413803649722
4085,6716.57454686,0.413710086613
4086,6716.56770139,0.413616567389
4087,6716.56085902,0.41352309201
4088,6716.55401974,0.413429660439
4089,6716.54718354,0.413336272636
4090,6716.54035044,0.413242928563
4091,6716.53352042,0.413149628179
4092,6716.52669349,0.413056371448
4093,6716.51986964,0.412963158329
4094,6716.51304886,0.412869988784
4095,6716.50623117,0.412776862775
4096,6716.49941655,0.412683780262
4097,6716.492605,0.412590741208
4098,6716.48579652,0.412497745573
4099,6716.47899111,0.41240479332
4100,6716.47218877,0.412311884409
4101,6716.46538949,0.412219018803
4102,6716.45859328,0.412126196463
4103,6716.45180012,0.412033417351
4104,6716.44501002,0.411940681428
4105,6716.43822298,0.411847988657
4106,6716.431439,0.411755338999
4107,6716.42465806,0.411662732416
4108,6716.41788017,0.41157016887
4109,6716.41110534,0.411477648324
4110,6716.40433354,0.411385170739
4111,6716.39756479,0.411292736076
4112,6716.39079908,0.4112003443
4113,6716.38403641,0.411107995371
4114,6716.37727678,0.411015689251
4115,6716.37052019,0.410923425904
4116,6716.36376662,0.410831205292
4117,6716.35701609,0.410739027376
4118,6716.35026858,0.410646892119
4119,6716.3435241,0.410554799485
4120,6716.33678265,0.410462749434
4121,6716.33004422,0.41037074193
4122,6716.32330881,0.410278776936
4123,6716.31657641,0.410186854414
4124,6716.30984704,0.410094974326
4125,6716.30312068,0.410003136636
4126,6716.29639733,0.409911341307
4127,6716.28967699,0.4098195883
4128,6716.28295965,0.40972787758
4129,6716.27624533,0.409636209109
4130,6716.26953401,0.409544582849
4131,6716.26282568,0.409452998765
4132,6716.25612036,0.409361456819
4133,6716.24941804,0.409269956973
4134,6716.24271871,0.409178499193
4135,6716.23602238,0.409087083439
4136,6716.22932904,0.408995709677
4137,6716.22263869,0.408904377869
4138,6716.21595132,0.408813087978
4139,6716.20926694,0.408721839968
4140,6716.20258555,0.408630633802
4141,6716.19590713,0.408539469444
4142,6716.1892317,0.408448346857
4143,6716.18255924,0.408357266005
4144,6716.17588975,0.408266226852
4145,6716.16922325,0.408175229361
4146,6716.16255971,0.408084273495
4147,6716.15589914,0.407993359219
4148,6716.14924154,0.407902486497
4149,6716.1425869,0.407811655291
4150,6716.13593523,0.407720865567
4151,6716.12928651,0.407630117288
4152,6716.12264076,0.407539410418
4153,6716.11599797,0.40744874492
